{
    "column_id": "Lahman-2014/pitchingpost.csvpitchingpost.csv/IPouts",
    "dataset_name": "pitchingpost.csv",
    "dataset_id": "Lahman-2014/pitchingpost.csv",
    "path": "/home/ubuntu/CatDB/Experiments/data/Lahman-2014/pitchingpost.csv",
    "table_name": "pitchingpost.csv",
    "table_id": "Lahman-2014/pitchingpost.csvpitchingpost.csv",
    "column_name": "IPouts",
    "data_source": "Lahman-2014",
    "data_type": "int",
    "total_values_count": 4197,
    "distinct_values_count": 90,
    "missing_values_count": 0,
    "true_ratio": null,
    "min_value": 0.0,
    "max_value": 213.0,
    "mean": 17.137717417202765,
    "median": 12.0,
    "iqr": 17.0,
    "category_values": [
        15,
        3,
        17,
        9,
        18,
        19,
        2,
        81,
        13,
        6,
        4,
        8,
        14,
        11,
        1,
        21,
        10,
        55,
        22,
        31,
        27,
        53,
        61,
        7,
        54,
        24,
        12,
        16,
        20,
        40,
        32,
        39,
        5,
        34,
        49,
        36,
        38,
        45,
        126,
        30,
        58,
        42,
        28,
        46,
        26,
        51,
        56,
        78,
        35,
        37,
        41,
        64,
        47,
        33,
        25,
        23,
        52,
        60,
        0,
        44,
        43,
        59,
        67,
        50,
        57,
        213,
        72,
        132,
        69,
        65,
        48,
        93,
        68,
        99,
        114,
        105,
        63,
        75,
        29,
        87,
        174,
        74,
        86,
        108,
        96,
        62,
        66,
        70,
        111,
        102
    ],
    "embedding": [
        -1.0,
        -1.0,
        -1.0,
        1.0,
        -1.0,
        1.0,
        -1.0,
        -1.0,
        -1.0,
        -1.0,
        1.0,
        -1.0,
        -1.0,
        1.0,
        1.0,
        1.0,
        1.0,
        -1.0,
        1.0,
        -1.0,
        1.0,
        -1.0,
        1.0,
        -1.0,
        1.0,
        -1.0,
        -1.0,
        1.0,
        -1.0,
        -1.0,
        1.0,
        1.0,
        -1.0,
        -1.0,
        -1.0,
        1.0,
        -1.0,
        1.0,
        1.0,
        -1.0,
        -1.0,
        1.0,
        -1.0,
        -1.0,
        -1.0,
        -1.0,
        1.0,
        -1.0,
        -1.0,
        -0.907875657081604,
        -1.0,
        1.0,
        1.0,
        1.0,
        -1.0,
        1.0,
        1.0,
        1.0,
        -1.0,
        0.9420108795166016,
        -1.0,
        -1.0,
        1.0,
        -1.0,
        1.0,
        -1.0,
        1.0,
        -1.0,
        1.0,
        1.0,
        1.0,
        -1.0,
        -1.0,
        -1.0,
        -1.0,
        1.0,
        1.0,
        1.0,
        1.0,
        1.0,
        1.0,
        1.0,
        1.0,
        -1.0,
        -1.0,
        1.0,
        -1.0,
        1.0,
        1.0,
        1.0,
        -1.0,
        1.0,
        1.0,
        -1.0,
        1.0,
        -1.0,
        1.0,
        -1.0,
        -1.0,
        -1.0,
        -0.9899084568023682,
        -1.0,
        1.0,
        -1.0,
        -1.0,
        1.0,
        1.0,
        1.0,
        -1.0,
        -1.0,
        1.0,
        -1.0,
        -1.0,
        1.0,
        1.0,
        1.0,
        1.0,
        1.0,
        1.0,
        -1.0,
        -1.0,
        1.0,
        -1.0,
        -1.0,
        1.0,
        -1.0,
        -1.0,
        -1.0,
        -1.0,
        1.0,
        -1.0,
        1.0,
        -1.0,
        -1.0,
        1.0,
        -1.0,
        -1.0,
        1.0,
        1.0,
        -1.0,
        1.0,
        1.0,
        1.0,
        -1.0,
        1.0,
        -1.0,
        1.0,
        -1.0,
        -1.0,
        -1.0,
        1.0,
        -1.0,
        1.0,
        -1.0,
        1.0,
        -1.0,
        1.0,
        -1.0,
        1.0,
        -1.0,
        -1.0,
        1.0,
        -1.0,
        -1.0,
        1.0,
        -1.0,
        1.0,
        -1.0,
        -1.0,
        -1.0,
        -1.0,
        -1.0,
        1.0,
        1.0,
        -1.0,
        -1.0,
        1.0,
        -1.0,
        -1.0,
        -1.0,
        1.0,
        -1.0,
        -1.0,
        -1.0,
        1.0,
        -1.0,
        1.0,
        -1.0,
        -1.0,
        -1.0,
        1.0,
        1.0,
        1.0,
        1.0,
        -1.0,
        -1.0,
        1.0,
        -1.0,
        -1.0,
        1.0,
        -1.0,
        1.0,
        -1.0,
        -1.0,
        -1.0,
        -1.0,
        1.0,
        1.0,
        -1.0,
        -1.0,
        -1.0,
        1.0,
        -1.0,
        -1.0,
        -1.0,
        1.0,
        -1.0,
        1.0,
        -1.0,
        -1.0,
        1.0,
        -1.0,
        -1.0,
        1.0,
        -1.0,
        -0.8993607759475708,
        1.0,
        -1.0,
        -1.0,
        -1.0,
        1.0,
        -1.0,
        1.0,
        -1.0,
        -1.0,
        1.0,
        -1.0,
        1.0,
        1.0,
        -1.0,
        1.0,
        -0.8940631151199341,
        1.0,
        -1.0,
        1.0,
        1.0,
        -1.0,
        -1.0,
        -1.0,
        1.0,
        1.0,
        1.0,
        -1.0,
        -1.0,
        -1.0,
        1.0,
        1.0,
        -1.0,
        -1.0,
        -1.0,
        1.0,
        1.0,
        1.0,
        -1.0,
        1.0,
        -1.0,
        -1.0,
        -1.0,
        1.0,
        1.0,
        -0.9847365617752075,
        -1.0,
        -1.0,
        1.0,
        -1.0,
        1.0,
        1.0,
        1.0,
        1.0,
        1.0,
        1.0,
        -1.0,
        1.0,
        1.0,
        1.0,
        -1.0,
        -1.0,
        1.0,
        -1.0,
        -1.0,
        -1.0,
        1.0,
        -1.0,
        -1.0,
        -1.0,
        -1.0,
        -1.0,
        1.0,
        1.0,
        1.0
    ],
    "embedding_scaling_factor": 320.6846923828125,
    "samples": [
        6,
        49,
        19,
        30,
        9,
        15,
        37,
        24,
        6,
        16,
        15,
        19,
        75,
        3,
        18,
        9,
        21,
        26,
        20,
        24,
        9,
        44,
        3,
        6,
        6,
        5,
        23,
        47,
        2,
        18,
        31,
        3,
        21,
        5,
        2,
        10,
        1,
        1,
        3,
        7,
        9,
        23,
        6,
        7,
        42,
        1,
        24,
        30,
        21,
        5,
        3,
        7,
        18,
        47,
        27,
        27,
        14,
        14,
        8,
        9,
        13,
        11,
        4,
        8,
        27,
        9,
        34,
        6,
        3,
        3,
        1,
        2,
        38,
        11,
        34,
        6,
        72,
        9,
        3,
        26,
        16,
        5,
        42,
        13,
        6,
        11,
        10,
        9,
        39,
        30,
        21,
        23,
        18,
        36,
        20,
        31,
        12,
        14,
        3,
        35
    ],
    "category_values_ratio": {
        "3": 309,
        "6": 276,
        "9": 231,
        "18": 170,
        "21": 166,
        "4": 161,
        "12": 148,
        "15": 146,
        "1": 140,
        "10": 139,
        "7": 136,
        "8": 134,
        "5": 134,
        "2": 134,
        "27": 133,
        "11": 118,
        "13": 107,
        "14": 104,
        "16": 96,
        "24": 93,
        "17": 80,
        "20": 63,
        "19": 63,
        "23": 51,
        "22": 47,
        "0": 43,
        "54": 37,
        "33": 37,
        "42": 37,
        "36": 36,
        "39": 33,
        "30": 32,
        "45": 31,
        "31": 30,
        "51": 29,
        "35": 28,
        "25": 27,
        "34": 26,
        "32": 26,
        "48": 23,
        "40": 22,
        "28": 22,
        "43": 21,
        "46": 20,
        "26": 20,
        "37": 20,
        "29": 19,
        "38": 19,
        "41": 18,
        "81": 14,
        "44": 12,
        "53": 11,
        "49": 11,
        "78": 11,
        "47": 8,
        "50": 8,
        "57": 7,
        "69": 7,
        "52": 5,
        "60": 5,
        "72": 5,
        "55": 5,
        "61": 4,
        "105": 4,
        "75": 4,
        "58": 4,
        "64": 3,
        "66": 3,
        "63": 3,
        "59": 3,
        "132": 2,
        "93": 2,
        "56": 2,
        "86": 2,
        "87": 2,
        "174": 1,
        "126": 1,
        "213": 1,
        "65": 1,
        "68": 1,
        "99": 1,
        "114": 1,
        "111": 1,
        "67": 1,
        "74": 1,
        "70": 1,
        "108": 1,
        "96": 1,
        "62": 1,
        "102": 1
    },
    "nrows": 4197
}