{
    "column_id": "Lahman-2014/pitchingpost.csvpitchingpost.csv/BFP",
    "dataset_name": "pitchingpost.csv",
    "dataset_id": "Lahman-2014/pitchingpost.csv",
    "path": "/home/ubuntu/CatDB/Experiments/data/Lahman-2014/pitchingpost.csv",
    "table_name": "pitchingpost.csv",
    "table_id": "Lahman-2014/pitchingpost.csvpitchingpost.csv",
    "column_name": "BFP",
    "data_source": "Lahman-2014",
    "data_type": "int",
    "total_values_count": 4197,
    "distinct_values_count": 108,
    "missing_values_count": 50,
    "true_ratio": null,
    "min_value": 1.0,
    "max_value": 178.0,
    "mean": 23.327465637810466,
    "median": 18.0,
    "iqr": 21.0,
    "category_values": [
        20,
        3,
        21,
        25,
        22,
        106,
        5,
        17,
        9,
        13,
        4,
        11,
        16,
        7,
        1,
        19,
        26,
        81,
        36,
        49,
        42,
        69,
        76,
        30,
        8,
        15,
        65,
        33,
        27,
        14,
        10,
        24,
        28,
        12,
        50,
        47,
        46,
        43,
        32,
        23,
        18,
        52,
        6,
        2,
        51,
        58,
        38,
        48,
        54,
        60,
        63,
        41,
        29,
        31,
        73,
        71,
        61,
        35,
        59,
        64,
        67,
        104,
        34,
        75,
        53,
        40,
        84,
        56,
        78,
        72,
        74,
        66,
        39,
        62,
        86,
        93,
        45,
        57,
        95,
        87,
        99,
        55,
        37,
        116,
        97,
        103,
        77,
        134,
        88,
        101,
        83,
        113,
        98,
        70,
        68,
        44,
        92,
        107,
        80,
        91,
        89,
        94,
        115,
        132,
        100,
        82,
        178,
        142
    ],
    "embedding": [
        -1.0,
        -1.0,
        -1.0,
        1.0,
        -1.0,
        1.0,
        -1.0,
        -1.0,
        -1.0,
        -1.0,
        1.0,
        -1.0,
        -1.0,
        1.0,
        1.0,
        1.0,
        1.0,
        -1.0,
        1.0,
        -1.0,
        1.0,
        -1.0,
        1.0,
        -1.0,
        1.0,
        -1.0,
        -1.0,
        1.0,
        -1.0,
        -1.0,
        1.0,
        1.0,
        -1.0,
        -1.0,
        -1.0,
        1.0,
        -1.0,
        1.0,
        1.0,
        -1.0,
        -1.0,
        1.0,
        -1.0,
        -1.0,
        -1.0,
        -1.0,
        1.0,
        -1.0,
        -1.0,
        -0.9597662687301636,
        -1.0,
        1.0,
        1.0,
        1.0,
        -1.0,
        1.0,
        1.0,
        1.0,
        -1.0,
        0.9808124899864197,
        -1.0,
        -1.0,
        1.0,
        -1.0,
        1.0,
        -1.0,
        1.0,
        -1.0,
        1.0,
        1.0,
        1.0,
        -1.0,
        -1.0,
        -1.0,
        -1.0,
        1.0,
        1.0,
        1.0,
        1.0,
        1.0,
        1.0,
        1.0,
        1.0,
        -1.0,
        -1.0,
        1.0,
        -1.0,
        1.0,
        1.0,
        1.0,
        -1.0,
        1.0,
        1.0,
        -1.0,
        1.0,
        -1.0,
        1.0,
        -1.0,
        -1.0,
        -1.0,
        -0.996148943901062,
        -1.0,
        1.0,
        -1.0,
        -1.0,
        1.0,
        1.0,
        1.0,
        -1.0,
        -1.0,
        1.0,
        -1.0,
        -1.0,
        1.0,
        1.0,
        1.0,
        1.0,
        1.0,
        1.0,
        -1.0,
        -1.0,
        1.0,
        -1.0,
        -1.0,
        1.0,
        -1.0,
        -1.0,
        -1.0,
        -1.0,
        1.0,
        -1.0,
        1.0,
        -1.0,
        -1.0,
        1.0,
        -1.0,
        -1.0,
        1.0,
        1.0,
        -1.0,
        1.0,
        1.0,
        1.0,
        -1.0,
        1.0,
        -1.0,
        1.0,
        -1.0,
        -1.0,
        -1.0,
        1.0,
        -1.0,
        1.0,
        -1.0,
        1.0,
        -1.0,
        1.0,
        -1.0,
        1.0,
        -1.0,
        -1.0,
        1.0,
        -1.0,
        -1.0,
        1.0,
        -1.0,
        1.0,
        -1.0,
        -1.0,
        -1.0,
        -1.0,
        -1.0,
        1.0,
        1.0,
        -1.0,
        -1.0,
        1.0,
        -1.0,
        -1.0,
        -1.0,
        1.0,
        -1.0,
        -1.0,
        -1.0,
        1.0,
        -1.0,
        1.0,
        -1.0,
        -1.0,
        -1.0,
        1.0,
        1.0,
        1.0,
        1.0,
        -1.0,
        -1.0,
        1.0,
        -1.0,
        -1.0,
        1.0,
        -1.0,
        1.0,
        -1.0,
        -1.0,
        -1.0,
        -1.0,
        1.0,
        1.0,
        -1.0,
        -1.0,
        -1.0,
        1.0,
        -1.0,
        -1.0,
        -1.0,
        1.0,
        -1.0,
        1.0,
        -1.0,
        -1.0,
        1.0,
        -1.0,
        -1.0,
        1.0,
        -1.0,
        -0.9529047012329102,
        1.0,
        -1.0,
        -1.0,
        -1.0,
        1.0,
        -1.0,
        1.0,
        -1.0,
        -1.0,
        1.0,
        -1.0,
        1.0,
        1.0,
        -1.0,
        1.0,
        -0.9500724077224731,
        1.0,
        -1.0,
        1.0,
        1.0,
        -1.0,
        -1.0,
        -1.0,
        1.0,
        1.0,
        1.0,
        -1.0,
        -1.0,
        -1.0,
        1.0,
        1.0,
        -1.0,
        -1.0,
        -1.0,
        1.0,
        1.0,
        1.0,
        -1.0,
        1.0,
        -1.0,
        -1.0,
        -1.0,
        1.0,
        1.0,
        -0.9945807456970215,
        -1.0,
        -1.0,
        1.0,
        -1.0,
        1.0,
        1.0,
        1.0,
        1.0,
        1.0,
        1.0,
        -1.0,
        1.0,
        1.0,
        1.0,
        -1.0,
        -1.0,
        1.0,
        -1.0,
        -1.0,
        -1.0,
        1.0,
        -1.0,
        -1.0,
        -1.0,
        -1.0,
        -1.0,
        1.0,
        1.0,
        1.0
    ],
    "embedding_scaling_factor": 188.9602813720703,
    "samples": [
        48,
        17,
        27,
        17,
        4,
        37,
        19,
        6,
        3,
        20,
        9,
        25,
        15,
        10,
        10,
        6,
        53,
        4,
        19,
        28,
        72,
        39,
        19,
        52,
        9,
        17,
        37,
        62,
        14,
        11,
        25,
        24,
        21,
        27,
        26,
        23,
        15,
        27,
        4,
        1,
        11,
        27,
        1,
        13,
        3,
        7,
        14,
        15,
        23,
        32,
        17,
        11,
        18,
        11,
        23,
        12,
        10,
        83,
        25,
        21,
        17,
        59,
        23,
        39,
        25,
        2,
        5,
        22,
        19,
        21,
        51,
        34,
        13,
        11,
        3,
        24,
        4,
        28,
        6,
        3,
        29,
        15,
        29,
        15,
        21,
        32,
        30,
        6,
        18,
        7,
        14,
        16,
        14,
        39,
        18,
        6,
        50,
        29,
        19,
        10
    ],
    "category_values_ratio": {
        "4": 162,
        "3": 148,
        "7": 145,
        "8": 136,
        "9": 133,
        "6": 133,
        "5": 133,
        "10": 124,
        "11": 123,
        "12": 121,
        "14": 120,
        "15": 117,
        "13": 109,
        "18": 92,
        "27": 92,
        "16": 91,
        "26": 91,
        "23": 90,
        "25": 89,
        "17": 88,
        "24": 88,
        "28": 87,
        "20": 87,
        "21": 87,
        "19": 81,
        "22": 80,
        "2": 69,
        "29": 68,
        "1": 67,
        "30": 64,
        "32": 53,
        "31": 47,
        "34": 46,
        "33": 44,
        "35": 41,
        "50": 34,
        "36": 29,
        "48": 29,
        "52": 29,
        "51": 27,
        "53": 26,
        "38": 26,
        "40": 25,
        "37": 25,
        "56": 24,
        "60": 24,
        "62": 23,
        "41": 22,
        "59": 22,
        "47": 21,
        "39": 21,
        "66": 20,
        "45": 20,
        "49": 19,
        "61": 18,
        "58": 18,
        "42": 17,
        "55": 17,
        "54": 17,
        "43": 16,
        "64": 15,
        "63": 15,
        "67": 14,
        "65": 14,
        "46": 14,
        "44": 13,
        "57": 12,
        "69": 11,
        "71": 9,
        "73": 8,
        "74": 7,
        "72": 7,
        "76": 6,
        "70": 6,
        "68": 6,
        "75": 6,
        "97": 5,
        "106": 4,
        "83": 4,
        "84": 4,
        "77": 3,
        "107": 3,
        "82": 3,
        "93": 3,
        "104": 3,
        "92": 3,
        "88": 2,
        "78": 2,
        "95": 2,
        "87": 2,
        "81": 2,
        "86": 2,
        "101": 2,
        "98": 2,
        "100": 2,
        "94": 2,
        "113": 2,
        "89": 2,
        "134": 1,
        "103": 1,
        "116": 1,
        "99": 1,
        "80": 1,
        "91": 1,
        "115": 1,
        "132": 1,
        "178": 1,
        "142": 1
    },
    "nrows": 4197
}