dataset,prompt_representation_type,prompt_example_type,prompt_number_example,number_tokens,number_bool,number_int,number_float,number_string
oml_dataset_53_rnc,S,Random,0,944,0,7,1,2
oml_dataset_53_rnc,SDVC,Random,0,1021,0,7,1,2
oml_dataset_53_rnc,SMVF,Random,0,1050,0,7,1,2
oml_dataset_53_rnc,SSN,Random,0,1189,0,7,1,2
oml_dataset_53_rnc,SCV,Random,0,1018,0,7,1,2
oml_dataset_53_rnc,SDVCMVF,Random,0,1141,0,7,1,2
oml_dataset_53_rnc,SDVCSN,Random,0,1270,0,7,1,2
oml_dataset_53_rnc,SMVFSN,Random,0,1298,0,7,1,2
oml_dataset_53_rnc,SMVFCV,Random,0,1127,0,7,1,2
oml_dataset_53_rnc,SSNCV,Random,0,1267,0,7,1,2
oml_dataset_53_rnc,ALL,Random,0,1365,0,7,1,2
