{
    "column_id": "Lahman-2014/fielding.csvfielding.csv/SB",
    "dataset_name": "fielding.csv",
    "dataset_id": "Lahman-2014/fielding.csv",
    "path": "/home/ubuntu/CatDB/Experiments/data/Lahman-2014/fielding.csv",
    "table_name": "fielding.csv",
    "table_id": "Lahman-2014/fielding.csvfielding.csv",
    "column_name": "SB",
    "data_source": "Lahman-2014",
    "data_type": "int",
    "total_values_count": 137975,
    "distinct_values_count": 131,
    "missing_values_count": 131079,
    "true_ratio": null,
    "min_value": 0.0,
    "max_value": 155.0,
    "mean": 17.747534802784223,
    "median": 5.0,
    "iqr": 28.0,
    "category_values": [
        0,
        1,
        2,
        4,
        11,
        19,
        5,
        30,
        46,
        45,
        80,
        7,
        64,
        24,
        76,
        20,
        23,
        55,
        37,
        41,
        22,
        3,
        12,
        77,
        21,
        43,
        36,
        84,
        67,
        27,
        75,
        31,
        13,
        17,
        14,
        8,
        10,
        82,
        50,
        71,
        91,
        62,
        108,
        85,
        58,
        92,
        121,
        15,
        32,
        72,
        54,
        49,
        47,
        56,
        59,
        42,
        65,
        68,
        78,
        39,
        60,
        16,
        18,
        44,
        25,
        29,
        9,
        38,
        40,
        111,
        73,
        53,
        70,
        35,
        28,
        48,
        26,
        93,
        95,
        89,
        51,
        33,
        34,
        57,
        83,
        123,
        63,
        6,
        140,
        117,
        126,
        52,
        94,
        99,
        69,
        122,
        116,
        61,
        103,
        79,
        112,
        101,
        66,
        87,
        90,
        74,
        88,
        102,
        81,
        115,
        125,
        109,
        97,
        86,
        98,
        118,
        114,
        96,
        107,
        136,
        100,
        135,
        105,
        104,
        142,
        155,
        110,
        124,
        120,
        133,
        113
    ],
    "embedding": [
        -1.0,
        -1.0,
        -1.0,
        1.0,
        -1.0,
        1.0,
        -1.0,
        -1.0,
        -1.0,
        -1.0,
        1.0,
        -1.0,
        -1.0,
        1.0,
        1.0,
        1.0,
        1.0,
        -1.0,
        1.0,
        -1.0,
        1.0,
        -1.0,
        1.0,
        -1.0,
        1.0,
        -1.0,
        -1.0,
        1.0,
        -1.0,
        -1.0,
        1.0,
        1.0,
        -1.0,
        -1.0,
        -1.0,
        1.0,
        -1.0,
        1.0,
        1.0,
        -1.0,
        -1.0,
        1.0,
        -1.0,
        -1.0,
        -1.0,
        -1.0,
        1.0,
        -1.0,
        -1.0,
        -0.34658530354499817,
        -1.0,
        1.0,
        1.0,
        1.0,
        -1.0,
        1.0,
        1.0,
        1.0,
        -1.0,
        0.7943068146705627,
        -1.0,
        -1.0,
        1.0,
        -1.0,
        1.0,
        -1.0,
        1.0,
        -1.0,
        1.0,
        1.0,
        1.0,
        -1.0,
        -1.0,
        -1.0,
        -1.0,
        1.0,
        1.0,
        1.0,
        1.0,
        1.0,
        1.0,
        1.0,
        1.0,
        -1.0,
        -1.0,
        1.0,
        -1.0,
        1.0,
        1.0,
        1.0,
        -1.0,
        1.0,
        1.0,
        -1.0,
        1.0,
        -1.0,
        1.0,
        -1.0,
        -1.0,
        -1.0,
        -0.9249848127365112,
        -1.0,
        1.0,
        -1.0,
        -1.0,
        1.0,
        1.0,
        1.0,
        -1.0,
        -1.0,
        1.0,
        -1.0,
        -1.0,
        1.0,
        1.0,
        1.0,
        1.0,
        1.0,
        1.0,
        -1.0,
        -1.0,
        1.0,
        -1.0,
        -1.0,
        1.0,
        -1.0,
        -1.0,
        -1.0,
        -1.0,
        1.0,
        -1.0,
        1.0,
        -1.0,
        -1.0,
        1.0,
        -1.0,
        -1.0,
        1.0,
        1.0,
        -1.0,
        1.0,
        1.0,
        1.0,
        -1.0,
        1.0,
        -1.0,
        1.0,
        -1.0,
        -1.0,
        -1.0,
        1.0,
        -1.0,
        1.0,
        -1.0,
        1.0,
        -1.0,
        1.0,
        -1.0,
        1.0,
        -1.0,
        -1.0,
        1.0,
        -1.0,
        -1.0,
        1.0,
        -1.0,
        1.0,
        -1.0,
        -1.0,
        -1.0,
        -1.0,
        -1.0,
        1.0,
        1.0,
        -1.0,
        -1.0,
        1.0,
        -1.0,
        -1.0,
        -1.0,
        1.0,
        -1.0,
        -1.0,
        -1.0,
        1.0,
        -1.0,
        1.0,
        -1.0,
        -1.0,
        -1.0,
        1.0,
        1.0,
        1.0,
        1.0,
        -1.0,
        -1.0,
        1.0,
        -1.0,
        -1.0,
        1.0,
        -1.0,
        1.0,
        -1.0,
        -1.0,
        -1.0,
        -1.0,
        1.0,
        1.0,
        -1.0,
        -1.0,
        -1.0,
        1.0,
        -1.0,
        -1.0,
        -1.0,
        1.0,
        -1.0,
        1.0,
        -1.0,
        -1.0,
        1.0,
        -1.0,
        -1.0,
        1.0,
        -1.0,
        -0.3480418622493744,
        1.0,
        -1.0,
        -1.0,
        -1.0,
        1.0,
        -1.0,
        1.0,
        -1.0,
        -1.0,
        1.0,
        -1.0,
        1.0,
        1.0,
        -1.0,
        1.0,
        -0.3260526955127716,
        1.0,
        -1.0,
        1.0,
        1.0,
        -1.0,
        -1.0,
        -1.0,
        1.0,
        1.0,
        1.0,
        -1.0,
        -1.0,
        -1.0,
        1.0,
        1.0,
        -1.0,
        -1.0,
        -1.0,
        1.0,
        1.0,
        1.0,
        -1.0,
        1.0,
        -1.0,
        -1.0,
        -1.0,
        1.0,
        1.0,
        -0.9115772843360901,
        -1.0,
        -1.0,
        1.0,
        -1.0,
        1.0,
        1.0,
        1.0,
        1.0,
        1.0,
        1.0,
        -1.0,
        1.0,
        1.0,
        1.0,
        -1.0,
        -1.0,
        1.0,
        -1.0,
        -1.0,
        -1.0,
        1.0,
        -1.0,
        -1.0,
        -1.0,
        -1.0,
        -1.0,
        1.0,
        1.0,
        1.0
    ],
    "embedding_scaling_factor": 203.00160217285156,
    "samples": [
        0,
        0,
        36
    ],
    "category_values_ratio": {
        "0": 2613,
        "1": 247,
        "2": 203,
        "3": 154,
        "4": 148,
        "5": 142,
        "6": 115,
        "8": 108,
        "7": 105,
        "19": 86,
        "15": 85,
        "20": 83,
        "11": 83,
        "13": 81,
        "10": 79,
        "14": 77,
        "16": 71,
        "9": 70,
        "12": 69,
        "23": 67,
        "27": 62,
        "24": 59,
        "21": 58,
        "26": 58,
        "17": 55,
        "36": 54,
        "18": 53,
        "28": 53,
        "22": 53,
        "31": 53,
        "25": 49,
        "29": 49,
        "30": 48,
        "32": 47,
        "39": 46,
        "37": 44,
        "41": 44,
        "34": 43,
        "40": 43,
        "38": 42,
        "44": 41,
        "42": 40,
        "46": 37,
        "48": 37,
        "45": 37,
        "33": 37,
        "51": 36,
        "43": 34,
        "60": 33,
        "52": 33,
        "64": 33,
        "35": 31,
        "53": 28,
        "61": 27,
        "47": 26,
        "55": 26,
        "49": 25,
        "57": 25,
        "68": 25,
        "70": 24,
        "54": 24,
        "67": 24,
        "59": 23,
        "50": 22,
        "76": 21,
        "56": 20,
        "65": 20,
        "58": 20,
        "63": 19,
        "78": 17,
        "62": 16,
        "71": 14,
        "66": 14,
        "72": 14,
        "74": 14,
        "69": 13,
        "73": 13,
        "83": 12,
        "82": 12,
        "90": 11,
        "79": 11,
        "87": 10,
        "75": 10,
        "99": 10,
        "89": 9,
        "77": 9,
        "81": 9,
        "80": 9,
        "84": 8,
        "93": 8,
        "86": 7,
        "100": 7,
        "96": 7,
        "101": 6,
        "88": 6,
        "94": 6,
        "95": 6,
        "97": 5,
        "91": 5,
        "108": 5,
        "98": 5,
        "103": 5,
        "92": 4,
        "85": 4,
        "104": 4,
        "125": 3,
        "115": 3,
        "102": 3,
        "116": 3,
        "114": 2,
        "105": 2,
        "117": 2,
        "112": 2,
        "126": 2,
        "118": 2,
        "121": 2,
        "109": 2,
        "136": 2,
        "111": 2,
        "142": 1,
        "122": 1,
        "107": 1,
        "135": 1,
        "140": 1,
        "124": 1,
        "123": 1,
        "110": 1,
        "120": 1,
        "133": 1,
        "155": 1,
        "113": 1
    },
    "nrows": 137975
}