{
    "column_id": "Lahman-2014/fielding.csvfielding.csv/CS",
    "dataset_name": "fielding.csv",
    "dataset_id": "Lahman-2014/fielding.csv",
    "path": "/home/ubuntu/CatDB/Experiments/data/Lahman-2014/fielding.csv",
    "table_name": "fielding.csv",
    "table_id": "Lahman-2014/fielding.csvfielding.csv",
    "column_name": "CS",
    "data_source": "Lahman-2014",
    "data_type": "int",
    "total_values_count": 137975,
    "distinct_values_count": 69,
    "missing_values_count": 131079,
    "true_ratio": null,
    "min_value": 0.0,
    "max_value": 70.0,
    "mean": 8.72360788863109,
    "median": 2.0,
    "iqr": 14.0,
    "category_values": [
        0,
        2,
        3,
        5,
        6,
        1,
        7,
        27,
        25,
        22,
        9,
        41,
        30,
        16,
        10,
        28,
        4,
        32,
        40,
        12,
        35,
        14,
        38,
        23,
        18,
        36,
        39,
        59,
        31,
        26,
        29,
        21,
        15,
        19,
        46,
        37,
        17,
        24,
        33,
        13,
        8,
        20,
        11,
        34,
        44,
        42,
        45,
        48,
        43,
        55,
        47,
        65,
        54,
        49,
        61,
        64,
        51,
        53,
        57,
        56,
        66,
        50,
        52,
        63,
        62,
        58,
        60,
        70,
        69
    ],
    "embedding": [
        -1.0,
        -1.0,
        -1.0,
        1.0,
        -1.0,
        1.0,
        -1.0,
        -1.0,
        -1.0,
        -1.0,
        1.0,
        -1.0,
        -1.0,
        1.0,
        1.0,
        1.0,
        1.0,
        -1.0,
        1.0,
        -1.0,
        1.0,
        -1.0,
        1.0,
        -1.0,
        1.0,
        -1.0,
        -1.0,
        1.0,
        -1.0,
        -1.0,
        1.0,
        1.0,
        -1.0,
        -1.0,
        -1.0,
        1.0,
        -1.0,
        1.0,
        1.0,
        -1.0,
        -1.0,
        1.0,
        -1.0,
        -1.0,
        -1.0,
        -1.0,
        1.0,
        -1.0,
        -1.0,
        -0.31109240651130676,
        -1.0,
        1.0,
        1.0,
        1.0,
        -1.0,
        1.0,
        1.0,
        1.0,
        -1.0,
        0.7909889817237854,
        -1.0,
        -1.0,
        1.0,
        -1.0,
        1.0,
        -1.0,
        1.0,
        -1.0,
        1.0,
        1.0,
        1.0,
        -1.0,
        -1.0,
        -1.0,
        -1.0,
        1.0,
        1.0,
        1.0,
        1.0,
        1.0,
        1.0,
        1.0,
        1.0,
        -1.0,
        -1.0,
        1.0,
        -1.0,
        1.0,
        1.0,
        1.0,
        -1.0,
        1.0,
        1.0,
        -1.0,
        1.0,
        -1.0,
        1.0,
        -1.0,
        -1.0,
        -1.0,
        -0.9205408692359924,
        -1.0,
        1.0,
        -1.0,
        -1.0,
        1.0,
        1.0,
        1.0,
        -1.0,
        -1.0,
        1.0,
        -1.0,
        -1.0,
        1.0,
        1.0,
        1.0,
        1.0,
        1.0,
        1.0,
        -1.0,
        -1.0,
        1.0,
        -1.0,
        -1.0,
        1.0,
        -1.0,
        -1.0,
        -1.0,
        -1.0,
        1.0,
        -1.0,
        1.0,
        -1.0,
        -1.0,
        1.0,
        -1.0,
        -1.0,
        1.0,
        1.0,
        -1.0,
        1.0,
        1.0,
        1.0,
        -1.0,
        1.0,
        -1.0,
        1.0,
        -1.0,
        -1.0,
        -1.0,
        1.0,
        -1.0,
        1.0,
        -1.0,
        1.0,
        -1.0,
        1.0,
        -1.0,
        1.0,
        -1.0,
        -1.0,
        1.0,
        -1.0,
        -1.0,
        1.0,
        -1.0,
        1.0,
        -1.0,
        -1.0,
        -1.0,
        -1.0,
        -1.0,
        1.0,
        1.0,
        -1.0,
        -1.0,
        1.0,
        -1.0,
        -1.0,
        -1.0,
        1.0,
        -1.0,
        -1.0,
        -1.0,
        1.0,
        -1.0,
        1.0,
        -1.0,
        -1.0,
        -1.0,
        1.0,
        1.0,
        1.0,
        1.0,
        -1.0,
        -1.0,
        1.0,
        -1.0,
        -1.0,
        1.0,
        -1.0,
        1.0,
        -1.0,
        -1.0,
        -1.0,
        -1.0,
        1.0,
        1.0,
        -1.0,
        -1.0,
        -1.0,
        1.0,
        -1.0,
        -1.0,
        -1.0,
        1.0,
        -1.0,
        1.0,
        -1.0,
        -1.0,
        1.0,
        -1.0,
        -1.0,
        1.0,
        -1.0,
        -0.3099125027656555,
        1.0,
        -1.0,
        -1.0,
        -1.0,
        1.0,
        -1.0,
        1.0,
        -1.0,
        -1.0,
        1.0,
        -1.0,
        1.0,
        1.0,
        -1.0,
        1.0,
        -0.2869010269641876,
        1.0,
        -1.0,
        1.0,
        1.0,
        -1.0,
        -1.0,
        -1.0,
        1.0,
        1.0,
        1.0,
        -1.0,
        -1.0,
        -1.0,
        1.0,
        1.0,
        -1.0,
        -1.0,
        -1.0,
        1.0,
        1.0,
        1.0,
        -1.0,
        1.0,
        -1.0,
        -1.0,
        -1.0,
        1.0,
        1.0,
        -0.9073086977005005,
        -1.0,
        -1.0,
        1.0,
        -1.0,
        1.0,
        1.0,
        1.0,
        1.0,
        1.0,
        1.0,
        -1.0,
        1.0,
        1.0,
        1.0,
        -1.0,
        -1.0,
        1.0,
        -1.0,
        -1.0,
        -1.0,
        1.0,
        -1.0,
        -1.0,
        -1.0,
        -1.0,
        -1.0,
        1.0,
        1.0,
        1.0
    ],
    "embedding_scaling_factor": 207.47796630859375,
    "samples": [
        0,
        0,
        0,
        36,
        0,
        0,
        0
    ],
    "category_values_ratio": {
        "0": 2925,
        "1": 368,
        "2": 260,
        "3": 237,
        "4": 189,
        "5": 154,
        "7": 152,
        "6": 141,
        "10": 140,
        "9": 131,
        "12": 122,
        "8": 117,
        "11": 113,
        "13": 103,
        "14": 91,
        "16": 88,
        "18": 87,
        "15": 84,
        "17": 83,
        "19": 83,
        "20": 82,
        "22": 80,
        "21": 76,
        "24": 65,
        "23": 65,
        "28": 62,
        "27": 57,
        "25": 56,
        "30": 47,
        "26": 45,
        "31": 45,
        "29": 42,
        "33": 40,
        "35": 39,
        "36": 37,
        "34": 32,
        "38": 32,
        "39": 30,
        "32": 27,
        "37": 25,
        "42": 24,
        "40": 24,
        "46": 16,
        "43": 15,
        "49": 14,
        "41": 13,
        "47": 13,
        "50": 12,
        "51": 12,
        "44": 11,
        "57": 10,
        "52": 9,
        "45": 9,
        "53": 8,
        "56": 8,
        "48": 8,
        "55": 6,
        "54": 6,
        "65": 4,
        "60": 3,
        "58": 3,
        "70": 3,
        "62": 3,
        "59": 2,
        "63": 2,
        "64": 2,
        "61": 2,
        "66": 1,
        "69": 1
    },
    "nrows": 137975
}