{
    "column_id": "Lahman-2014/battingpost.csvbattingpost.csv/yearID",
    "dataset_name": "battingpost.csv",
    "dataset_id": "Lahman-2014/battingpost.csv",
    "path": "/home/ubuntu/CatDB/Experiments/data/Lahman-2014/battingpost.csv",
    "table_name": "battingpost.csv",
    "table_id": "Lahman-2014/battingpost.csvbattingpost.csv",
    "column_name": "yearID",
    "data_source": "Lahman-2014",
    "data_type": "int",
    "total_values_count": 9798,
    "distinct_values_count": 116,
    "missing_values_count": 0,
    "true_ratio": null,
    "min_value": 1884.0,
    "max_value": 2012.0,
    "mean": 1977.3561951418658,
    "median": 1987.0,
    "iqr": 38.0,
    "category_values": [
        1884,
        1885,
        1886,
        1887,
        1888,
        1889,
        1890,
        1892,
        1903,
        1905,
        1906,
        1907,
        1908,
        1909,
        1910,
        1911,
        1912,
        1913,
        1914,
        1915,
        1916,
        1917,
        1918,
        1919,
        1920,
        1921,
        1922,
        1923,
        1924,
        1925,
        1926,
        1927,
        1928,
        1929,
        1930,
        1931,
        1932,
        1933,
        1934,
        1935,
        1936,
        1937,
        1938,
        1939,
        1940,
        1941,
        1942,
        1943,
        1944,
        1945,
        1946,
        1947,
        1948,
        1949,
        1950,
        1951,
        1952,
        1953,
        1954,
        1955,
        1956,
        1957,
        1958,
        1959,
        1960,
        1961,
        1962,
        1963,
        1964,
        1965,
        1966,
        1967,
        1968,
        1969,
        1970,
        1971,
        1972,
        1973,
        1974,
        1975,
        1976,
        1977,
        1978,
        1979,
        1980,
        1981,
        1982,
        1983,
        1984,
        1985,
        1986,
        1987,
        1988,
        1989,
        1990,
        1991,
        1992,
        1993,
        1995,
        1996,
        1997,
        1998,
        1999,
        2000,
        2001,
        2002,
        2003,
        2004,
        2005,
        2006,
        2007,
        2008,
        2009,
        2010,
        2011,
        2012
    ],
    "embedding": [
        -1.0,
        -1.0,
        -1.0,
        1.0,
        -1.0,
        1.0,
        -1.0,
        -1.0,
        -1.0,
        -1.0,
        1.0,
        -1.0,
        -1.0,
        1.0,
        1.0,
        1.0,
        1.0,
        -1.0,
        1.0,
        -1.0,
        1.0,
        -1.0,
        1.0,
        -1.0,
        1.0,
        -1.0,
        -1.0,
        1.0,
        -1.0,
        -1.0,
        1.0,
        1.0,
        -1.0,
        -1.0,
        -1.0,
        1.0,
        -1.0,
        1.0,
        1.0,
        -1.0,
        -1.0,
        1.0,
        -1.0,
        -1.0,
        -1.0,
        -1.0,
        1.0,
        -1.0,
        -1.0,
        -0.9878796935081482,
        -1.0,
        1.0,
        1.0,
        1.0,
        -1.0,
        1.0,
        1.0,
        1.0,
        -1.0,
        0.9999437928199768,
        -1.0,
        -1.0,
        1.0,
        -1.0,
        1.0,
        -1.0,
        1.0,
        -1.0,
        1.0,
        1.0,
        1.0,
        -1.0,
        -1.0,
        -1.0,
        -1.0,
        1.0,
        1.0,
        1.0,
        1.0,
        1.0,
        1.0,
        1.0,
        1.0,
        -1.0,
        -1.0,
        1.0,
        -1.0,
        1.0,
        1.0,
        1.0,
        -1.0,
        1.0,
        1.0,
        -1.0,
        1.0,
        -1.0,
        1.0,
        -1.0,
        -1.0,
        -1.0,
        -0.9993829727172852,
        -1.0,
        1.0,
        -1.0,
        -1.0,
        1.0,
        1.0,
        1.0,
        -1.0,
        -1.0,
        1.0,
        -1.0,
        -1.0,
        1.0,
        1.0,
        1.0,
        1.0,
        1.0,
        1.0,
        -1.0,
        -1.0,
        1.0,
        -1.0,
        -1.0,
        1.0,
        -1.0,
        -1.0,
        -1.0,
        -1.0,
        1.0,
        -1.0,
        1.0,
        -1.0,
        -1.0,
        1.0,
        -1.0,
        -1.0,
        1.0,
        1.0,
        -1.0,
        1.0,
        1.0,
        1.0,
        -1.0,
        1.0,
        -1.0,
        1.0,
        -1.0,
        -1.0,
        -1.0,
        1.0,
        -1.0,
        1.0,
        -1.0,
        1.0,
        -1.0,
        1.0,
        -1.0,
        1.0,
        -1.0,
        -1.0,
        1.0,
        -1.0,
        -1.0,
        1.0,
        -1.0,
        1.0,
        -1.0,
        -1.0,
        -1.0,
        -1.0,
        -1.0,
        1.0,
        1.0,
        -1.0,
        -1.0,
        1.0,
        -1.0,
        -1.0,
        -1.0,
        1.0,
        -1.0,
        -1.0,
        -1.0,
        1.0,
        -1.0,
        1.0,
        -1.0,
        -1.0,
        -1.0,
        1.0,
        1.0,
        1.0,
        1.0,
        -1.0,
        -1.0,
        1.0,
        -1.0,
        -1.0,
        1.0,
        -1.0,
        1.0,
        -1.0,
        -1.0,
        -1.0,
        -1.0,
        1.0,
        1.0,
        -1.0,
        -1.0,
        -1.0,
        1.0,
        -1.0,
        -1.0,
        -1.0,
        1.0,
        -1.0,
        1.0,
        -1.0,
        -1.0,
        1.0,
        -1.0,
        -1.0,
        1.0,
        -1.0,
        -0.988490641117096,
        1.0,
        -1.0,
        -1.0,
        -1.0,
        1.0,
        -1.0,
        1.0,
        -1.0,
        -1.0,
        1.0,
        -1.0,
        1.0,
        1.0,
        -1.0,
        1.0,
        -0.9751049876213074,
        1.0,
        -1.0,
        1.0,
        1.0,
        -1.0,
        -1.0,
        -1.0,
        1.0,
        1.0,
        1.0,
        -1.0,
        -1.0,
        -1.0,
        1.0,
        1.0,
        -1.0,
        -1.0,
        -1.0,
        1.0,
        1.0,
        1.0,
        -1.0,
        1.0,
        -1.0,
        -1.0,
        -1.0,
        1.0,
        1.0,
        -0.9995492100715637,
        -1.0,
        -1.0,
        1.0,
        -1.0,
        1.0,
        1.0,
        1.0,
        1.0,
        1.0,
        1.0,
        -1.0,
        1.0,
        1.0,
        1.0,
        -1.0,
        -1.0,
        1.0,
        -1.0,
        -1.0,
        -1.0,
        1.0,
        -1.0,
        -1.0,
        -1.0,
        -1.0,
        -1.0,
        1.0,
        1.0,
        1.0
    ],
    "embedding_scaling_factor": 2.3258385226654354e-06,
    "samples": [
        1989,
        1997,
        1965,
        1936,
        1947,
        1920,
        2011,
        1993,
        1986,
        2000,
        1978,
        1981,
        1925,
        2009,
        1971,
        1992,
        1916,
        2002,
        1947,
        1966,
        2007,
        1972,
        1907,
        1903,
        1996,
        1959,
        1999,
        2001,
        1912,
        1969,
        2005,
        1916,
        1975,
        1914,
        1980,
        1908,
        1909,
        2002,
        2012,
        1998,
        1989,
        1997,
        1957,
        1997,
        2002,
        1982,
        1998,
        1998,
        2000,
        1998,
        2006,
        2000,
        1964,
        1996,
        2002,
        1907,
        1913,
        1972,
        1944,
        1889,
        1934,
        1977,
        2001,
        1949,
        1970,
        1984,
        2006,
        2012,
        1968,
        1928,
        1887,
        1999,
        1968,
        1991,
        1999,
        1946,
        1977,
        1927,
        2002,
        2008,
        1972,
        1922,
        1930,
        2000,
        1945,
        2012,
        1930,
        1991,
        1993,
        2005,
        1983,
        2005,
        1969,
        1996,
        1991,
        2007,
        1921,
        1995,
        1912,
        1961
    ],
    "category_values_ratio": {
        "2000": 269,
        "1999": 268,
        "2002": 268,
        "1981": 267,
        "2004": 265,
        "2001": 262,
        "2003": 262,
        "2005": 261,
        "1996": 260,
        "1995": 255,
        "1997": 252,
        "1998": 249,
        "2006": 236,
        "2007": 195,
        "2008": 188,
        "2009": 185,
        "2010": 154,
        "2012": 145,
        "2011": 140,
        "1972": 138,
        "1991": 125,
        "1985": 125,
        "1969": 124,
        "1971": 124,
        "1970": 121,
        "1987": 120,
        "1973": 120,
        "1992": 119,
        "1983": 118,
        "1979": 118,
        "1989": 117,
        "1974": 115,
        "1977": 115,
        "1990": 114,
        "1988": 113,
        "1986": 113,
        "1993": 113,
        "1975": 111,
        "1984": 107,
        "1978": 101,
        "1980": 98,
        "1976": 94,
        "1982": 86,
        "1945": 51,
        "1960": 50,
        "1968": 49,
        "1967": 48,
        "1947": 48,
        "1957": 46,
        "1955": 46,
        "1959": 45,
        "1949": 45,
        "1951": 45,
        "1946": 45,
        "1940": 43,
        "1953": 43,
        "1956": 43,
        "1948": 43,
        "1924": 42,
        "1964": 42,
        "1944": 42,
        "1961": 42,
        "1931": 41,
        "1920": 41,
        "1965": 41,
        "1958": 40,
        "1916": 40,
        "1954": 39,
        "1925": 39,
        "1962": 39,
        "1923": 39,
        "1936": 38,
        "1941": 38,
        "1942": 38,
        "1950": 38,
        "1952": 38,
        "1926": 38,
        "1932": 37,
        "1934": 37,
        "1927": 36,
        "1928": 36,
        "1929": 36,
        "1930": 36,
        "1937": 36,
        "1919": 36,
        "1943": 36,
        "1966": 36,
        "1912": 34,
        "1938": 34,
        "1933": 34,
        "1915": 33,
        "1909": 33,
        "1917": 33,
        "1922": 33,
        "1935": 33,
        "1939": 33,
        "1963": 33,
        "1918": 32,
        "1921": 32,
        "1913": 32,
        "1914": 31,
        "1910": 31,
        "1906": 30,
        "1888": 30,
        "1889": 29,
        "1907": 29,
        "1908": 29,
        "1911": 29,
        "1903": 27,
        "1890": 27,
        "1887": 26,
        "1905": 25,
        "1892": 25,
        "1885": 23,
        "1886": 21,
        "1884": 20
    },
    "nrows": 9798
}