{
    "column_id": "oml_dataset_24_rnc/oml_dataset_24_rnc.csvoml_dataset_24_rnc.csv/c_13",
    "dataset_name": "oml_dataset_24_rnc.csv",
    "dataset_id": "oml_dataset_24_rnc/oml_dataset_24_rnc.csv",
    "path": "/home/ubuntu/CatDB/Experiments/data/oml_dataset_24_rnc/oml_dataset_24_rnc.csv",
    "table_name": "oml_dataset_24_rnc.csv",
    "table_id": "oml_dataset_24_rnc/oml_dataset_24_rnc.csvoml_dataset_24_rnc.csv",
    "column_name": "c_13",
    "data_source": "oml_dataset_24_rnc",
    "data_type": "int",
    "total_values_count": 581835,
    "distinct_values_count": 60,
    "missing_values_count": 0,
    "true_ratio": null,
    "min_value": 0.0,
    "max_value": 59.0,
    "mean": 29.555686749679893,
    "median": 30.0,
    "iqr": 30.0,
    "category_values": [
        52,
        10,
        12,
        29,
        42,
        59,
        0,
        33,
        4,
        16,
        43,
        19,
        56,
        50,
        9,
        34,
        1,
        8,
        40,
        38,
        49,
        5,
        21,
        14,
        58,
        2,
        22,
        27,
        39,
        24,
        47,
        3,
        37,
        51,
        20,
        48,
        15,
        53,
        11,
        7,
        55,
        44,
        30,
        25,
        17,
        45,
        36,
        28,
        57,
        41,
        32,
        35,
        6,
        18,
        13,
        54,
        46,
        23,
        26,
        31
    ],
    "embedding": [
        -1.0,
        -1.0,
        -1.0,
        1.0,
        -1.0,
        1.0,
        -1.0,
        -1.0,
        -1.0,
        -1.0,
        1.0,
        -1.0,
        -1.0,
        1.0,
        1.0,
        1.0,
        1.0,
        -1.0,
        1.0,
        -1.0,
        1.0,
        -1.0,
        1.0,
        -1.0,
        1.0,
        -1.0,
        -1.0,
        1.0,
        -1.0,
        -1.0,
        1.0,
        1.0,
        -1.0,
        -1.0,
        -1.0,
        1.0,
        -1.0,
        1.0,
        1.0,
        -1.0,
        -1.0,
        1.0,
        -1.0,
        -1.0,
        -1.0,
        -1.0,
        1.0,
        -1.0,
        -1.0,
        -0.9151217341423035,
        -1.0,
        1.0,
        1.0,
        1.0,
        -1.0,
        1.0,
        1.0,
        1.0,
        -1.0,
        0.9649103879928589,
        -1.0,
        -1.0,
        1.0,
        -1.0,
        1.0,
        -1.0,
        1.0,
        -1.0,
        1.0,
        1.0,
        1.0,
        -1.0,
        -1.0,
        -1.0,
        -1.0,
        1.0,
        1.0,
        1.0,
        1.0,
        1.0,
        1.0,
        1.0,
        1.0,
        -1.0,
        -1.0,
        1.0,
        -1.0,
        1.0,
        1.0,
        1.0,
        -1.0,
        1.0,
        1.0,
        -1.0,
        1.0,
        -1.0,
        1.0,
        -1.0,
        -1.0,
        -1.0,
        -0.99200838804245,
        -1.0,
        1.0,
        -1.0,
        -1.0,
        1.0,
        1.0,
        1.0,
        -1.0,
        -1.0,
        1.0,
        -1.0,
        -1.0,
        1.0,
        1.0,
        1.0,
        1.0,
        1.0,
        1.0,
        -1.0,
        -1.0,
        1.0,
        -1.0,
        -1.0,
        1.0,
        -1.0,
        -1.0,
        -1.0,
        -1.0,
        1.0,
        -1.0,
        1.0,
        -1.0,
        -1.0,
        1.0,
        -1.0,
        -1.0,
        1.0,
        1.0,
        -1.0,
        1.0,
        1.0,
        1.0,
        -1.0,
        1.0,
        -1.0,
        1.0,
        -1.0,
        -1.0,
        -1.0,
        1.0,
        -1.0,
        1.0,
        -1.0,
        1.0,
        -1.0,
        1.0,
        -1.0,
        1.0,
        -1.0,
        -1.0,
        1.0,
        -1.0,
        -1.0,
        1.0,
        -1.0,
        1.0,
        -1.0,
        -1.0,
        -1.0,
        -1.0,
        -1.0,
        1.0,
        1.0,
        -1.0,
        -1.0,
        1.0,
        -1.0,
        -1.0,
        -1.0,
        1.0,
        -1.0,
        -1.0,
        -1.0,
        1.0,
        -1.0,
        1.0,
        -1.0,
        -1.0,
        -1.0,
        1.0,
        1.0,
        1.0,
        1.0,
        -1.0,
        -1.0,
        1.0,
        -1.0,
        -1.0,
        1.0,
        -1.0,
        1.0,
        -1.0,
        -1.0,
        -1.0,
        -1.0,
        1.0,
        1.0,
        -1.0,
        -1.0,
        -1.0,
        1.0,
        -1.0,
        -1.0,
        -1.0,
        1.0,
        -1.0,
        1.0,
        -1.0,
        -1.0,
        1.0,
        -1.0,
        -1.0,
        1.0,
        -1.0,
        -0.9123791456222534,
        1.0,
        -1.0,
        -1.0,
        -1.0,
        1.0,
        -1.0,
        1.0,
        -1.0,
        -1.0,
        1.0,
        -1.0,
        1.0,
        1.0,
        -1.0,
        1.0,
        -0.9119296073913574,
        1.0,
        -1.0,
        1.0,
        1.0,
        -1.0,
        -1.0,
        -1.0,
        1.0,
        1.0,
        1.0,
        -1.0,
        -1.0,
        -1.0,
        1.0,
        1.0,
        -1.0,
        -1.0,
        -1.0,
        1.0,
        1.0,
        1.0,
        -1.0,
        1.0,
        -1.0,
        -1.0,
        -1.0,
        1.0,
        1.0,
        -0.9891599416732788,
        -1.0,
        -1.0,
        1.0,
        -1.0,
        1.0,
        1.0,
        1.0,
        1.0,
        1.0,
        1.0,
        -1.0,
        1.0,
        1.0,
        1.0,
        -1.0,
        -1.0,
        1.0,
        -1.0,
        -1.0,
        -1.0,
        1.0,
        -1.0,
        -1.0,
        -1.0,
        -1.0,
        -1.0,
        1.0,
        1.0,
        1.0
    ],
    "embedding_scaling_factor": 159.80917358398438,
    "samples": [
        57,
        50,
        44,
        20,
        9,
        55,
        36,
        14,
        34,
        24,
        33,
        29,
        34,
        42,
        49,
        46,
        20,
        52,
        50,
        37,
        31,
        10,
        27,
        1,
        47,
        28,
        10,
        15,
        48,
        55,
        11,
        18,
        2,
        47,
        17,
        58,
        0,
        29,
        30,
        18,
        19,
        29,
        7,
        25,
        23,
        41,
        35,
        11,
        31,
        9,
        5,
        12,
        20,
        42,
        43,
        3,
        0,
        57,
        32,
        45,
        15,
        59,
        41,
        21,
        54,
        26,
        8,
        5,
        59,
        10,
        44,
        24,
        18,
        24,
        3,
        15,
        47,
        40,
        13,
        55,
        17,
        48,
        31,
        17,
        57,
        29,
        8,
        15,
        38,
        45,
        48,
        47,
        10,
        9,
        16,
        12,
        50,
        13,
        37,
        23
    ],
    "category_values_ratio": {
        "10": 9996,
        "39": 9956,
        "34": 9934,
        "45": 9933,
        "33": 9907,
        "38": 9898,
        "35": 9865,
        "29": 9856,
        "9": 9843,
        "44": 9840,
        "37": 9829,
        "12": 9808,
        "40": 9804,
        "36": 9800,
        "7": 9785,
        "42": 9784,
        "56": 9773,
        "52": 9771,
        "54": 9764,
        "43": 9754,
        "28": 9751,
        "19": 9739,
        "47": 9736,
        "50": 9733,
        "26": 9731,
        "53": 9729,
        "59": 9728,
        "16": 9728,
        "5": 9723,
        "57": 9720,
        "8": 9710,
        "49": 9693,
        "31": 9692,
        "32": 9687,
        "21": 9675,
        "48": 9674,
        "6": 9666,
        "11": 9659,
        "0": 9648,
        "41": 9633,
        "1": 9631,
        "30": 9628,
        "3": 9614,
        "46": 9612,
        "13": 9602,
        "24": 9601,
        "58": 9597,
        "18": 9590,
        "14": 9562,
        "15": 9555,
        "27": 9541,
        "51": 9535,
        "2": 9527,
        "20": 9520,
        "55": 9517,
        "4": 9484,
        "17": 9467,
        "22": 9449,
        "23": 9429,
        "25": 9419
    },
    "nrows": 581835
}