{
    "column_id": "oml_dataset_24_rnc/oml_dataset_24_rnc.csvoml_dataset_24_rnc.csv/c_16",
    "dataset_name": "oml_dataset_24_rnc.csv",
    "dataset_id": "oml_dataset_24_rnc/oml_dataset_24_rnc.csv",
    "path": "/home/ubuntu/CatDB/Experiments/data/oml_dataset_24_rnc/oml_dataset_24_rnc.csv",
    "table_name": "oml_dataset_24_rnc.csv",
    "table_id": "oml_dataset_24_rnc/oml_dataset_24_rnc.csvoml_dataset_24_rnc.csv",
    "column_name": "c_16",
    "data_source": "oml_dataset_24_rnc",
    "data_type": "int",
    "total_values_count": 581835,
    "distinct_values_count": 60,
    "missing_values_count": 0,
    "true_ratio": null,
    "min_value": 0.0,
    "max_value": 59.0,
    "mean": 29.534890475822184,
    "median": 30.0,
    "iqr": 31.0,
    "category_values": [
        54,
        14,
        15,
        39,
        52,
        19,
        11,
        2,
        13,
        51,
        10,
        26,
        0,
        30,
        58,
        17,
        38,
        4,
        53,
        43,
        42,
        12,
        24,
        55,
        32,
        1,
        6,
        20,
        44,
        28,
        41,
        25,
        49,
        36,
        23,
        18,
        22,
        7,
        45,
        50,
        48,
        37,
        27,
        40,
        56,
        8,
        34,
        46,
        3,
        35,
        33,
        9,
        47,
        21,
        29,
        16,
        5,
        57,
        31,
        59
    ],
    "embedding": [
        -1.0,
        -1.0,
        -1.0,
        1.0,
        -1.0,
        1.0,
        -1.0,
        -1.0,
        -1.0,
        -1.0,
        1.0,
        -1.0,
        -1.0,
        1.0,
        1.0,
        1.0,
        1.0,
        -1.0,
        1.0,
        -1.0,
        1.0,
        -1.0,
        1.0,
        -1.0,
        1.0,
        -1.0,
        -1.0,
        1.0,
        -1.0,
        -1.0,
        1.0,
        1.0,
        -1.0,
        -1.0,
        -1.0,
        1.0,
        -1.0,
        1.0,
        1.0,
        -1.0,
        -1.0,
        1.0,
        -1.0,
        -1.0,
        -1.0,
        -1.0,
        1.0,
        -1.0,
        -1.0,
        -0.9111899137496948,
        -1.0,
        1.0,
        1.0,
        1.0,
        -1.0,
        1.0,
        1.0,
        1.0,
        -1.0,
        0.9624354243278503,
        -1.0,
        -1.0,
        1.0,
        -1.0,
        1.0,
        -1.0,
        1.0,
        -1.0,
        1.0,
        1.0,
        1.0,
        -1.0,
        -1.0,
        -1.0,
        -1.0,
        1.0,
        1.0,
        1.0,
        1.0,
        1.0,
        1.0,
        1.0,
        1.0,
        -1.0,
        -1.0,
        1.0,
        -1.0,
        1.0,
        1.0,
        1.0,
        -1.0,
        1.0,
        1.0,
        -1.0,
        1.0,
        -1.0,
        1.0,
        -1.0,
        -1.0,
        -1.0,
        -0.9915288686752319,
        -1.0,
        1.0,
        -1.0,
        -1.0,
        1.0,
        1.0,
        1.0,
        -1.0,
        -1.0,
        1.0,
        -1.0,
        -1.0,
        1.0,
        1.0,
        1.0,
        1.0,
        1.0,
        1.0,
        -1.0,
        -1.0,
        1.0,
        -1.0,
        -1.0,
        1.0,
        -1.0,
        -1.0,
        -1.0,
        -1.0,
        1.0,
        -1.0,
        1.0,
        -1.0,
        -1.0,
        1.0,
        -1.0,
        -1.0,
        1.0,
        1.0,
        -1.0,
        1.0,
        1.0,
        1.0,
        -1.0,
        1.0,
        -1.0,
        1.0,
        -1.0,
        -1.0,
        -1.0,
        1.0,
        -1.0,
        1.0,
        -1.0,
        1.0,
        -1.0,
        1.0,
        -1.0,
        1.0,
        -1.0,
        -1.0,
        1.0,
        -1.0,
        -1.0,
        1.0,
        -1.0,
        1.0,
        -1.0,
        -1.0,
        -1.0,
        -1.0,
        -1.0,
        1.0,
        1.0,
        -1.0,
        -1.0,
        1.0,
        -1.0,
        -1.0,
        -1.0,
        1.0,
        -1.0,
        -1.0,
        -1.0,
        1.0,
        -1.0,
        1.0,
        -1.0,
        -1.0,
        -1.0,
        1.0,
        1.0,
        1.0,
        1.0,
        -1.0,
        -1.0,
        1.0,
        -1.0,
        -1.0,
        1.0,
        -1.0,
        1.0,
        -1.0,
        -1.0,
        -1.0,
        -1.0,
        1.0,
        1.0,
        -1.0,
        -1.0,
        -1.0,
        1.0,
        -1.0,
        -1.0,
        -1.0,
        1.0,
        -1.0,
        1.0,
        -1.0,
        -1.0,
        1.0,
        -1.0,
        -1.0,
        1.0,
        -1.0,
        -0.9085885882377625,
        1.0,
        -1.0,
        -1.0,
        -1.0,
        1.0,
        -1.0,
        1.0,
        -1.0,
        -1.0,
        1.0,
        -1.0,
        1.0,
        1.0,
        -1.0,
        1.0,
        -0.908423125743866,
        1.0,
        -1.0,
        1.0,
        1.0,
        -1.0,
        -1.0,
        -1.0,
        1.0,
        1.0,
        1.0,
        -1.0,
        -1.0,
        -1.0,
        1.0,
        1.0,
        -1.0,
        -1.0,
        -1.0,
        1.0,
        1.0,
        1.0,
        -1.0,
        1.0,
        -1.0,
        -1.0,
        -1.0,
        1.0,
        1.0,
        -0.9884665012359619,
        -1.0,
        -1.0,
        1.0,
        -1.0,
        1.0,
        1.0,
        1.0,
        1.0,
        1.0,
        1.0,
        -1.0,
        1.0,
        1.0,
        1.0,
        -1.0,
        -1.0,
        1.0,
        -1.0,
        -1.0,
        -1.0,
        1.0,
        -1.0,
        -1.0,
        -1.0,
        -1.0,
        -1.0,
        1.0,
        1.0,
        1.0
    ],
    "embedding_scaling_factor": 163.68504333496094,
    "samples": [
        59,
        50,
        3,
        44,
        22,
        16,
        44,
        0,
        45,
        33,
        53,
        42,
        59,
        48,
        35,
        51,
        30,
        32,
        13,
        41,
        42,
        24,
        39,
        8,
        56,
        34,
        21,
        30,
        9,
        56,
        17,
        23,
        24,
        59,
        25,
        6,
        5,
        21,
        44,
        18,
        33,
        34,
        10,
        31,
        39,
        2,
        44,
        31,
        14,
        18,
        14,
        31,
        37,
        53,
        49,
        6,
        8,
        14,
        44,
        2,
        34,
        4,
        48,
        32,
        56,
        48,
        20,
        17,
        9,
        24,
        52,
        15,
        26,
        50,
        0,
        23,
        53,
        55,
        33,
        4,
        21,
        8,
        47,
        38,
        2,
        33,
        26,
        22,
        57,
        13,
        59,
        7,
        16,
        12,
        32,
        47,
        11,
        39,
        11,
        29
    ],
    "category_values_ratio": {
        "0": 10609,
        "59": 10068,
        "57": 10051,
        "2": 10045,
        "1": 10039,
        "54": 9983,
        "53": 9980,
        "56": 9941,
        "58": 9929,
        "44": 9920,
        "5": 9918,
        "27": 9896,
        "51": 9888,
        "46": 9882,
        "49": 9852,
        "52": 9831,
        "3": 9804,
        "20": 9784,
        "14": 9782,
        "50": 9764,
        "4": 9758,
        "6": 9746,
        "17": 9737,
        "47": 9734,
        "41": 9710,
        "55": 9709,
        "48": 9705,
        "7": 9705,
        "29": 9694,
        "13": 9665,
        "15": 9655,
        "26": 9652,
        "8": 9639,
        "35": 9630,
        "23": 9598,
        "32": 9593,
        "45": 9591,
        "43": 9589,
        "12": 9583,
        "19": 9569,
        "25": 9569,
        "38": 9564,
        "18": 9536,
        "11": 9531,
        "28": 9527,
        "37": 9521,
        "40": 9520,
        "42": 9516,
        "10": 9515,
        "31": 9500,
        "24": 9497,
        "30": 9496,
        "22": 9490,
        "34": 9483,
        "16": 9463,
        "39": 9456,
        "33": 9443,
        "9": 9369,
        "36": 9307,
        "21": 9304
    },
    "nrows": 581835
}