{
    "column_id": "Traffic/Traffic.csvTraffic.csv/contributed_to_accident",
    "dataset_name": "Traffic.csv",
    "dataset_id": "Traffic/Traffic.csv",
    "path": "/home/ubuntu/CatDB/Experiments/data/Traffic/Traffic.csv",
    "table_name": "Traffic.csv",
    "table_id": "Traffic/Traffic.csvTraffic.csv",
    "column_name": "contributed_to_accident",
    "data_source": "Traffic",
    "data_type": "boolean",
    "total_values_count": 1578154,
    "distinct_values_count": 2,
    "missing_values_count": 0,
    "true_ratio": 0.023977381168124277,
    "min_value": null,
    "max_value": null,
    "mean": null,
    "median": null,
    "iqr": null,
    "category_values": [
        0,
        1
    ],
    "embedding": null,
    "embedding_scaling_factor": null,
    "samples": [
        0,
        0,
        1,
        0,
        0,
        0,
        0,
        1,
        0,
        0,
        0,
        0,
        0,
        0,
        0,
        0,
        0,
        0,
        0,
        0,
        0,
        0,
        0,
        0,
        0,
        0,
        0,
        0,
        0,
        0,
        0,
        0,
        0,
        0,
        0,
        0,
        0,
        0,
        0,
        0,
        0,
        0,
        0,
        0,
        0,
        0,
        0,
        0,
        0,
        0,
        0,
        0,
        0,
        0,
        0,
        0,
        0,
        0,
        0,
        0,
        0,
        0,
        0,
        0,
        0,
        0,
        0,
        0,
        0,
        0,
        0,
        0,
        0,
        0,
        0,
        0,
        0,
        0,
        0,
        0,
        0,
        0,
        0,
        0,
        0,
        0,
        0,
        0,
        0,
        0,
        0,
        0,
        0,
        0,
        0,
        0,
        0,
        0,
        0,
        0
    ],
    "category_values_ratio": {
        "false": 1540314,
        "true": 37840
    },
    "nrows": 1578154
}