{
    "column_id": "IMDB_IJS/movies_directors.csvmovies_directors.csv/movie_id",
    "dataset_name": "movies_directors.csv",
    "dataset_id": "IMDB_IJS/movies_directors.csv",
    "path": "/home/ubuntu/CatDB/Experiments/data/IMDB_IJS/movies_directors.csv",
    "table_name": "movies_directors.csv",
    "table_id": "IMDB_IJS/movies_directors.csvmovies_directors.csv",
    "column_name": "movie_id",
    "data_source": "IMDB_IJS",
    "data_type": "int",
    "total_values_count": 371180,
    "distinct_values_count": 315702,
    "missing_values_count": 0,
    "true_ratio": null,
    "min_value": 0.0,
    "max_value": 412320.0,
    "mean": 219583.43683118702,
    "median": 221686.5,
    "iqr": 218919.5,
    "category_values": null,
    "embedding": [
        -1.0,
        -1.0,
        -1.0,
        1.0,
        -1.0,
        1.0,
        -1.0,
        -1.0,
        -0.9999709725379944,
        -1.0,
        1.0,
        -1.0,
        -1.0,
        1.0,
        1.0,
        1.0,
        1.0,
        -1.0,
        1.0,
        -1.0,
        1.0,
        -1.0,
        1.0,
        -1.0,
        1.0,
        -1.0,
        -1.0,
        1.0,
        -1.0,
        -1.0,
        1.0,
        1.0,
        -1.0,
        -1.0,
        -1.0,
        1.0,
        -1.0,
        1.0,
        1.0,
        -1.0,
        -1.0,
        1.0,
        -1.0,
        -1.0,
        -1.0,
        -1.0,
        1.0,
        -1.0,
        -0.9999993443489075,
        -0.824542760848999,
        -1.0,
        1.0,
        1.0,
        1.0,
        -1.0,
        1.0,
        1.0,
        1.0,
        -1.0,
        0.9940055012702942,
        -1.0,
        -1.0,
        1.0,
        -1.0,
        1.0,
        -1.0,
        1.0,
        -1.0,
        1.0,
        1.0,
        1.0,
        -1.0,
        -1.0,
        -1.0,
        -1.0,
        1.0,
        1.0,
        1.0,
        1.0,
        1.0,
        1.0,
        1.0,
        1.0,
        -1.0,
        -1.0,
        1.0,
        -1.0,
        1.0,
        1.0,
        1.0,
        -1.0,
        1.0,
        1.0,
        -1.0,
        1.0,
        -1.0,
        1.0,
        -1.0,
        -1.0,
        -1.0,
        -0.9924538731575012,
        -1.0,
        1.0,
        -1.0,
        -1.0,
        1.0,
        1.0,
        1.0,
        -1.0,
        -1.0,
        1.0,
        -1.0,
        -1.0,
        1.0,
        1.0,
        1.0,
        1.0,
        1.0,
        1.0,
        -1.0,
        -1.0,
        1.0,
        -1.0,
        -1.0,
        1.0,
        -1.0,
        -1.0,
        -0.9999602437019348,
        -1.0,
        1.0,
        -1.0,
        1.0,
        -1.0,
        -1.0,
        1.0,
        -1.0,
        -1.0,
        1.0,
        1.0,
        -1.0,
        1.0,
        1.0,
        1.0,
        -1.0,
        1.0,
        -1.0,
        1.0,
        -1.0,
        -1.0,
        -1.0,
        0.9999885559082031,
        -1.0,
        1.0,
        -1.0,
        1.0,
        -1.0,
        1.0,
        -1.0,
        1.0,
        -1.0,
        -1.0,
        1.0,
        -1.0,
        -1.0,
        1.0,
        -1.0,
        1.0,
        -1.0,
        -1.0,
        -1.0,
        -1.0,
        -1.0,
        1.0,
        1.0,
        -1.0,
        -1.0,
        1.0,
        -1.0,
        -1.0,
        -1.0,
        1.0,
        -1.0,
        -1.0,
        -1.0,
        1.0,
        -1.0,
        1.0,
        -1.0,
        -1.0,
        -1.0,
        1.0,
        1.0,
        1.0,
        1.0,
        -1.0,
        -1.0,
        1.0,
        -1.0,
        -1.0,
        1.0,
        -1.0,
        1.0,
        -1.0,
        -1.0,
        -1.0,
        -1.0,
        1.0,
        1.0,
        -1.0,
        -1.0,
        -1.0,
        1.0,
        -1.0,
        -1.0,
        -1.0,
        1.0,
        -1.0,
        1.0,
        -1.0,
        -1.0,
        1.0,
        -1.0,
        -1.0,
        1.0,
        -0.9999995827674866,
        -0.8221789002418518,
        1.0,
        -1.0,
        -1.0,
        -1.0,
        1.0,
        -1.0,
        1.0,
        -1.0,
        -1.0,
        1.0,
        -1.0,
        1.0,
        1.0,
        -0.9999901056289673,
        1.0,
        -0.8023377060890198,
        1.0,
        -1.0,
        1.0,
        1.0,
        -1.0,
        -1.0,
        -1.0,
        1.0,
        1.0,
        1.0,
        -1.0,
        -1.0,
        -1.0,
        1.0,
        1.0,
        -1.0,
        -1.0,
        -1.0,
        1.0,
        1.0,
        1.0,
        -1.0,
        1.0,
        -1.0,
        -1.0,
        -0.9999995827674866,
        1.0,
        1.0,
        -0.9922587275505066,
        -1.0,
        -1.0,
        1.0,
        -1.0,
        1.0,
        1.0,
        1.0,
        1.0,
        1.0,
        1.0,
        -1.0,
        1.0,
        1.0,
        1.0,
        -1.0,
        -1.0,
        1.0,
        -1.0,
        -1.0,
        -1.0,
        1.0,
        -1.0,
        -1.0,
        -1.0,
        -1.0,
        -1.0,
        1.0,
        1.0,
        0.999996542930603
    ],
    "embedding_scaling_factor": 45.523189544677734,
    "samples": [
        254795,
        167475,
        378683,
        341648,
        282414,
        12285,
        209641,
        386940,
        342083,
        118685,
        281110,
        274383,
        358353,
        117247,
        320241,
        239526,
        198209,
        217500,
        113389,
        180974,
        104931,
        242708,
        51822,
        274205,
        30611,
        47407,
        248752,
        375702,
        251465,
        242167,
        108366,
        272517,
        306816,
        80753,
        139555,
        407456,
        38210,
        103054,
        334114,
        301346,
        132960,
        77981,
        43202,
        7251,
        238709,
        228128,
        377343,
        301918,
        341026,
        199552,
        91717,
        180611,
        217855,
        129123,
        178473,
        134818,
        78220,
        235793,
        319145,
        272418,
        322607,
        11084,
        57973,
        142376,
        86227,
        76226,
        312199,
        76925,
        163160,
        50483,
        184576,
        286711,
        226782,
        20278,
        86013,
        399478,
        127449,
        178952,
        343784,
        298494,
        386587,
        391267,
        156527,
        391087,
        384165,
        300838,
        405405,
        411955,
        189628,
        350049,
        82009,
        290831,
        267930,
        24080,
        46921,
        302381,
        345360,
        18955,
        398247,
        279337
    ],
    "category_values_ratio": null,
    "nrows": 371180
}