{
    "column_id": "IMDB_IJS/movies_directors.csvmovies_directors.csv/director_id",
    "dataset_name": "movies_directors.csv",
    "dataset_id": "IMDB_IJS/movies_directors.csv",
    "path": "/home/ubuntu/CatDB/Experiments/data/IMDB_IJS/movies_directors.csv",
    "table_name": "movies_directors.csv",
    "table_id": "IMDB_IJS/movies_directors.csvmovies_directors.csv",
    "column_name": "director_id",
    "data_source": "IMDB_IJS",
    "data_type": "int",
    "total_values_count": 371180,
    "distinct_values_count": 85794,
    "missing_values_count": 0,
    "true_ratio": null,
    "min_value": 1.0,
    "max_value": 88801.0,
    "mean": 43885.850304434505,
    "median": 43477.0,
    "iqr": 43959.0,
    "category_values": null,
    "embedding": [
        -1.0,
        -1.0,
        -1.0,
        1.0,
        -1.0,
        1.0,
        -1.0,
        -1.0,
        -0.99994957447052,
        -1.0,
        1.0,
        -1.0,
        -1.0,
        1.0,
        1.0,
        1.0,
        1.0,
        -1.0,
        1.0,
        -1.0,
        1.0,
        -1.0,
        1.0,
        -1.0,
        1.0,
        -1.0,
        -1.0,
        1.0,
        -1.0,
        -1.0,
        1.0,
        1.0,
        -1.0,
        -1.0,
        -1.0,
        1.0,
        -1.0,
        1.0,
        1.0,
        -1.0,
        -1.0,
        1.0,
        -1.0,
        -1.0,
        -1.0,
        -1.0,
        1.0,
        -1.0,
        -0.9999752640724182,
        -0.996483325958252,
        -1.0,
        1.0,
        1.0,
        1.0,
        -1.0,
        1.0,
        1.0,
        1.0,
        -1.0,
        0.9994975924491882,
        -1.0,
        -1.0,
        1.0,
        -1.0,
        1.0,
        -1.0,
        1.0,
        -1.0,
        1.0,
        1.0,
        1.0,
        -1.0,
        -1.0,
        -1.0,
        -1.0,
        1.0,
        1.0,
        1.0,
        1.0,
        1.0,
        1.0,
        1.0,
        1.0,
        -1.0,
        -1.0,
        1.0,
        -1.0,
        1.0,
        1.0,
        1.0,
        -1.0,
        1.0,
        1.0,
        -1.0,
        1.0,
        -1.0,
        1.0,
        -1.0,
        -1.0,
        -1.0,
        -0.9985748529434204,
        -1.0,
        1.0,
        -1.0,
        -1.0,
        1.0,
        1.0,
        1.0,
        -1.0,
        -1.0,
        1.0,
        -1.0,
        -1.0,
        1.0,
        1.0,
        1.0,
        1.0,
        1.0,
        1.0,
        -1.0,
        -1.0,
        1.0,
        -1.0,
        -1.0,
        1.0,
        -1.0,
        -1.0,
        -0.9997520446777344,
        -1.0,
        1.0,
        -1.0,
        1.0,
        -1.0,
        -1.0,
        1.0,
        -1.0,
        -1.0,
        1.0,
        1.0,
        -1.0,
        1.0,
        1.0,
        1.0,
        -1.0,
        1.0,
        -1.0,
        1.0,
        -1.0,
        -1.0,
        -1.0,
        0.9997599720954895,
        -1.0,
        1.0,
        -1.0,
        1.0,
        -1.0,
        1.0,
        -1.0,
        1.0,
        -1.0,
        -1.0,
        1.0,
        -1.0,
        -1.0,
        1.0,
        -1.0,
        1.0,
        -1.0,
        -1.0,
        -1.0,
        -1.0,
        -1.0,
        1.0,
        1.0,
        -1.0,
        -1.0,
        1.0,
        -1.0,
        -1.0,
        -1.0,
        1.0,
        -1.0,
        -1.0,
        -1.0,
        1.0,
        -1.0,
        1.0,
        -1.0,
        -1.0,
        -1.0,
        1.0,
        1.0,
        1.0,
        1.0,
        -1.0,
        -1.0,
        1.0,
        -1.0,
        -1.0,
        1.0,
        -1.0,
        1.0,
        -1.0,
        -1.0,
        -1.0,
        -1.0,
        1.0,
        1.0,
        -1.0,
        -1.0,
        -1.0,
        1.0,
        -1.0,
        -1.0,
        -1.0,
        1.0,
        -1.0,
        1.0,
        -1.0,
        -1.0,
        1.0,
        -1.0,
        -1.0,
        1.0,
        -0.9999565482139587,
        -0.9968273639678955,
        1.0,
        -1.0,
        -1.0,
        -1.0,
        1.0,
        -1.0,
        1.0,
        -1.0,
        -1.0,
        1.0,
        -1.0,
        1.0,
        1.0,
        -0.9999748468399048,
        1.0,
        -0.9949396252632141,
        1.0,
        -1.0,
        1.0,
        1.0,
        -1.0,
        -1.0,
        -1.0,
        1.0,
        1.0,
        1.0,
        -1.0,
        -1.0,
        -1.0,
        1.0,
        1.0,
        -1.0,
        -1.0,
        -1.0,
        1.0,
        1.0,
        1.0,
        -1.0,
        1.0,
        -1.0,
        -1.0,
        -0.9999998807907104,
        1.0,
        1.0,
        -0.9987025260925293,
        -1.0,
        -1.0,
        1.0,
        -1.0,
        1.0,
        1.0,
        1.0,
        1.0,
        1.0,
        1.0,
        -1.0,
        1.0,
        1.0,
        1.0,
        -1.0,
        -1.0,
        1.0,
        -1.0,
        -1.0,
        -1.0,
        1.0,
        -1.0,
        -1.0,
        -1.0,
        -1.0,
        -1.0,
        1.0,
        1.0,
        0.9999712705612183
    ],
    "embedding_scaling_factor": 14.555849075317383,
    "samples": [
        27324,
        4774,
        8011,
        11863,
        25185,
        4357,
        36044,
        44488,
        11625,
        31579,
        78381,
        5597,
        45163,
        54830,
        55144,
        82314,
        87996,
        79979,
        6759,
        40267,
        30135,
        31914,
        60025,
        86316,
        73588,
        74817,
        31825,
        15793,
        2819,
        34505,
        11820,
        82556,
        12838,
        37604,
        84214,
        42709,
        24543,
        11720,
        85544,
        72090,
        63018,
        28485,
        33593,
        23098,
        14988,
        71640,
        54360,
        75668,
        71573,
        49892,
        56350,
        10124,
        32451,
        3273,
        51890,
        72984,
        20580,
        18374,
        36235,
        74017,
        12826,
        29519,
        9547,
        54089,
        60792,
        58827,
        63451,
        22355,
        26043,
        41809,
        46542,
        41429,
        32322,
        72758,
        81632,
        20064,
        10863,
        62293,
        25102,
        59828,
        17181,
        31580,
        72909,
        43883,
        12380,
        67621,
        62642,
        58031,
        19988,
        64271,
        85279,
        53023,
        88616,
        35872,
        14432,
        53707,
        29799,
        63020,
        9896,
        88738
    ],
    "category_values_ratio": null,
    "nrows": 371180
}