{
    "column_id": "Bike-Sharing/Bike-Sharing.csvBike-Sharing.csv/year",
    "dataset_name": "Bike-Sharing.csv",
    "dataset_id": "Bike-Sharing/Bike-Sharing.csv",
    "path": "/home/ubuntu/CatDB/Experiments/data/Bike-Sharing/Bike-Sharing.csv",
    "table_name": "Bike-Sharing.csv",
    "table_id": "Bike-Sharing/Bike-Sharing.csvBike-Sharing.csv",
    "column_name": "year",
    "data_source": "Bike-Sharing",
    "data_type": "boolean",
    "total_values_count": 17379,
    "distinct_values_count": 2,
    "missing_values_count": 0,
    "true_ratio": 0.5025605615973301,
    "min_value": null,
    "max_value": null,
    "mean": null,
    "median": null,
    "iqr": null,
    "category_values": [
        0,
        1
    ],
    "embedding": null,
    "embedding_scaling_factor": null,
    "samples": [
        1,
        0,
        0,
        0,
        1,
        0,
        1,
        0,
        0,
        1,
        0,
        0,
        0,
        1,
        1,
        1,
        1,
        0,
        0,
        1,
        1,
        1,
        0,
        1,
        1,
        1,
        0,
        0,
        1,
        0,
        0,
        0,
        0,
        0,
        1,
        1,
        1,
        1,
        1,
        0,
        1,
        0,
        1,
        0,
        0,
        1,
        0,
        1,
        0,
        1,
        0,
        1,
        1,
        0,
        0,
        0,
        1,
        0,
        1,
        0,
        0,
        1,
        1,
        0,
        0,
        1,
        0,
        0,
        1,
        0,
        0,
        0,
        1,
        1,
        0,
        0,
        0,
        0,
        1,
        1,
        1,
        0,
        1,
        1,
        1,
        0,
        0,
        1,
        0,
        1,
        1,
        0,
        1,
        0,
        1,
        1,
        0,
        0,
        1,
        1
    ],
    "category_values_ratio": {
        "1": 8734,
        "0": 8645
    },
    "nrows": 17379
}