{
    "column_id": "Airline/L_CITY_MARKET_ID.csvL_CITY_MARKET_ID.csv/Code",
    "dataset_name": "L_CITY_MARKET_ID.csv",
    "dataset_id": "Airline/L_CITY_MARKET_ID.csv",
    "path": "/home/ubuntu/CatDB/Experiments/data/Airline/L_CITY_MARKET_ID.csv",
    "table_name": "L_CITY_MARKET_ID.csv",
    "table_id": "Airline/L_CITY_MARKET_ID.csvL_CITY_MARKET_ID.csv",
    "column_name": "Code",
    "data_source": "Airline",
    "data_type": "int",
    "total_values_count": 5762,
    "distinct_values_count": 5762,
    "missing_values_count": 0,
    "true_ratio": null,
    "min_value": 30001.0,
    "max_value": 99999.0,
    "mean": 33301.983339118364,
    "median": 33255.5,
    "iqr": 3387.25,
    "category_values": null,
    "embedding": [
        -1.0,
        -1.0,
        -1.0,
        1.0,
        -1.0,
        1.0,
        -1.0,
        -1.0,
        -1.0,
        -1.0,
        1.0,
        -1.0,
        -1.0,
        1.0,
        1.0,
        1.0,
        1.0,
        -1.0,
        1.0,
        -1.0,
        1.0,
        -1.0,
        1.0,
        -1.0,
        1.0,
        -1.0,
        -1.0,
        1.0,
        -1.0,
        -1.0,
        1.0,
        1.0,
        -1.0,
        -1.0,
        -1.0,
        1.0,
        -1.0,
        1.0,
        1.0,
        -1.0,
        -1.0,
        1.0,
        -1.0,
        -1.0,
        -1.0,
        -1.0,
        1.0,
        -1.0,
        -1.0,
        -0.9982151389122009,
        -1.0,
        1.0,
        1.0,
        1.0,
        -1.0,
        1.0,
        1.0,
        1.0,
        -1.0,
        0.9995759725570679,
        -1.0,
        -1.0,
        1.0,
        -1.0,
        1.0,
        -1.0,
        1.0,
        -1.0,
        1.0,
        1.0,
        1.0,
        -1.0,
        -1.0,
        -1.0,
        -1.0,
        1.0,
        1.0,
        1.0,
        1.0,
        1.0,
        1.0,
        1.0,
        1.0,
        -1.0,
        -1.0,
        1.0,
        -1.0,
        1.0,
        1.0,
        1.0,
        -1.0,
        1.0,
        1.0,
        -1.0,
        1.0,
        -1.0,
        1.0,
        -1.0,
        -1.0,
        -1.0,
        -0.9995730519294739,
        -1.0,
        1.0,
        -1.0,
        -1.0,
        1.0,
        1.0,
        1.0,
        -1.0,
        -1.0,
        1.0,
        -1.0,
        -1.0,
        1.0,
        1.0,
        1.0,
        1.0,
        1.0,
        1.0,
        -1.0,
        -1.0,
        1.0,
        -1.0,
        -1.0,
        1.0,
        -1.0,
        -1.0,
        -1.0,
        -1.0,
        1.0,
        -1.0,
        1.0,
        -1.0,
        -1.0,
        1.0,
        -1.0,
        -1.0,
        1.0,
        1.0,
        -1.0,
        1.0,
        1.0,
        1.0,
        -1.0,
        1.0,
        -1.0,
        1.0,
        -1.0,
        -1.0,
        -1.0,
        1.0,
        -1.0,
        1.0,
        -1.0,
        1.0,
        -1.0,
        1.0,
        -1.0,
        1.0,
        -1.0,
        -1.0,
        1.0,
        -1.0,
        -1.0,
        1.0,
        -1.0,
        1.0,
        -1.0,
        -1.0,
        -1.0,
        -1.0,
        -1.0,
        1.0,
        1.0,
        -1.0,
        -1.0,
        1.0,
        -1.0,
        -1.0,
        -1.0,
        1.0,
        -1.0,
        -1.0,
        -1.0,
        1.0,
        -1.0,
        1.0,
        -1.0,
        -1.0,
        -1.0,
        1.0,
        1.0,
        1.0,
        1.0,
        -1.0,
        -1.0,
        1.0,
        -1.0,
        -1.0,
        1.0,
        -1.0,
        1.0,
        -1.0,
        -1.0,
        -1.0,
        -1.0,
        1.0,
        1.0,
        -1.0,
        -1.0,
        -1.0,
        1.0,
        -1.0,
        -1.0,
        -1.0,
        1.0,
        -1.0,
        1.0,
        -1.0,
        -1.0,
        1.0,
        -1.0,
        -1.0,
        1.0,
        -1.0,
        -0.9990148544311523,
        1.0,
        -1.0,
        -1.0,
        -1.0,
        1.0,
        -1.0,
        1.0,
        -1.0,
        -1.0,
        1.0,
        -1.0,
        1.0,
        1.0,
        -1.0,
        1.0,
        -0.9959055185317993,
        1.0,
        -1.0,
        1.0,
        1.0,
        -1.0,
        -1.0,
        -1.0,
        1.0,
        1.0,
        1.0,
        -1.0,
        -1.0,
        -1.0,
        1.0,
        1.0,
        -1.0,
        -1.0,
        -1.0,
        1.0,
        1.0,
        1.0,
        -1.0,
        1.0,
        -1.0,
        -1.0,
        -1.0,
        1.0,
        1.0,
        -0.999602735042572,
        -1.0,
        -1.0,
        1.0,
        -1.0,
        1.0,
        1.0,
        1.0,
        1.0,
        1.0,
        1.0,
        -1.0,
        1.0,
        1.0,
        1.0,
        -1.0,
        -1.0,
        1.0,
        -1.0,
        -1.0,
        -1.0,
        1.0,
        -1.0,
        -1.0,
        -1.0,
        -1.0,
        -1.0,
        1.0,
        1.0,
        1.0
    ],
    "embedding_scaling_factor": 31.33503532409668,
    "samples": [
        35292,
        32661,
        36089,
        35208,
        30911,
        34158,
        30237,
        31995,
        35928,
        36178,
        30034,
        35516,
        31370,
        34494,
        33571,
        32349,
        36534,
        34734,
        32218,
        31074,
        31967,
        35487,
        36510,
        32190,
        36606,
        30599,
        33569,
        31089,
        31363,
        30251,
        31833,
        32599,
        36152,
        34826,
        33166,
        31938,
        35231,
        36203,
        36286,
        33225,
        32090,
        34915,
        33834,
        30467,
        32468,
        32195,
        30303,
        33859,
        33820,
        35848,
        30457,
        34309,
        30123,
        30455,
        34034,
        30066,
        36253,
        36221,
        33861,
        32585,
        31333,
        31635,
        36171,
        34329,
        31003,
        36053,
        32414,
        33973,
        33149,
        30817,
        36505,
        35309,
        35581,
        33914,
        35033,
        30973,
        30172,
        35583,
        31681,
        31745,
        35539,
        33317,
        31105,
        31175,
        32557,
        35215,
        31216,
        34942,
        30978,
        30848,
        31641,
        33181,
        31049,
        35635,
        33017,
        32059,
        33250,
        31944,
        33578,
        34578
    ],
    "category_values_ratio": null,
    "nrows": 5762
}