{
    "column_id": "Accidents/Accidents.csvAccidents.csv/oseba.st_prebivalcev",
    "dataset_name": "Accidents.csv",
    "dataset_id": "Accidents/Accidents.csv",
    "path": "/home/ubuntu/CatDB/Experiments/data/Accidents/Accidents.csv",
    "table_name": "Accidents.csv",
    "table_id": "Accidents/Accidents.csvAccidents.csv",
    "column_name": "oseba.st_prebivalcev",
    "data_source": "Accidents",
    "data_type": "int",
    "total_values_count": 954036,
    "distinct_values_count": 56,
    "missing_values_count": 0,
    "true_ratio": null,
    "min_value": 0.0,
    "max_value": 326525.0,
    "mean": 61000.85598971108,
    "median": 19558.0,
    "iqr": 61689.0,
    "category_values": [
        8766,
        0,
        16976,
        326525,
        69000,
        15151,
        60000,
        51017,
        33600,
        145678,
        78700,
        23253,
        17000,
        32000,
        13392,
        47539,
        21807,
        23507,
        23538,
        45000,
        10121,
        20700,
        22844,
        35000,
        40644,
        34779,
        20708,
        20500,
        62049,
        18052,
        16155,
        61689,
        23660,
        12300,
        59700,
        19750,
        26509,
        19558,
        21706,
        40000,
        16844,
        14068,
        16552,
        18264,
        20121,
        18000,
        14500,
        18700,
        18347,
        15054,
        8352,
        27992,
        17500,
        17771,
        18290,
        18279
    ],
    "embedding": [
        -1.0,
        -1.0,
        -1.0,
        1.0,
        -1.0,
        1.0,
        -1.0,
        -1.0,
        -1.0,
        -1.0,
        1.0,
        -1.0,
        -1.0,
        1.0,
        1.0,
        1.0,
        1.0,
        -1.0,
        1.0,
        -1.0,
        1.0,
        -1.0,
        1.0,
        -1.0,
        1.0,
        -1.0,
        -1.0,
        1.0,
        -1.0,
        -1.0,
        1.0,
        1.0,
        -1.0,
        -1.0,
        -1.0,
        1.0,
        -1.0,
        1.0,
        1.0,
        -1.0,
        -1.0,
        1.0,
        -1.0,
        -1.0,
        -1.0,
        -1.0,
        1.0,
        -1.0,
        -1.0,
        -0.33295220136642456,
        -1.0,
        1.0,
        1.0,
        1.0,
        -1.0,
        1.0,
        1.0,
        1.0,
        -1.0,
        0.8472899198532104,
        -1.0,
        -1.0,
        1.0,
        -1.0,
        1.0,
        -1.0,
        1.0,
        -1.0,
        1.0,
        1.0,
        1.0,
        -1.0,
        -1.0,
        -1.0,
        -1.0,
        1.0,
        1.0,
        1.0,
        1.0,
        1.0,
        1.0,
        1.0,
        1.0,
        -1.0,
        -1.0,
        1.0,
        -1.0,
        1.0,
        1.0,
        1.0,
        -1.0,
        1.0,
        1.0,
        -1.0,
        1.0,
        -1.0,
        1.0,
        -1.0,
        -1.0,
        -1.0,
        -0.9332175850868225,
        -1.0,
        1.0,
        -1.0,
        -1.0,
        1.0,
        1.0,
        1.0,
        -1.0,
        -1.0,
        1.0,
        -1.0,
        -1.0,
        1.0,
        1.0,
        1.0,
        1.0,
        1.0,
        1.0,
        -1.0,
        -1.0,
        1.0,
        -1.0,
        -1.0,
        1.0,
        -1.0,
        -1.0,
        -1.0,
        -1.0,
        1.0,
        -1.0,
        1.0,
        -1.0,
        -1.0,
        1.0,
        -1.0,
        -1.0,
        1.0,
        1.0,
        -1.0,
        1.0,
        1.0,
        1.0,
        -1.0,
        1.0,
        -1.0,
        1.0,
        -1.0,
        -1.0,
        -1.0,
        1.0,
        -1.0,
        1.0,
        -1.0,
        1.0,
        -1.0,
        1.0,
        -1.0,
        1.0,
        -1.0,
        -1.0,
        1.0,
        -1.0,
        -1.0,
        1.0,
        -1.0,
        1.0,
        -1.0,
        -1.0,
        -1.0,
        -1.0,
        -1.0,
        1.0,
        1.0,
        -1.0,
        -1.0,
        1.0,
        -1.0,
        -1.0,
        -1.0,
        1.0,
        -1.0,
        -1.0,
        -1.0,
        1.0,
        -1.0,
        1.0,
        -1.0,
        -1.0,
        -1.0,
        1.0,
        1.0,
        1.0,
        1.0,
        -1.0,
        -1.0,
        1.0,
        -1.0,
        -1.0,
        1.0,
        -1.0,
        1.0,
        -1.0,
        -1.0,
        -1.0,
        -1.0,
        1.0,
        1.0,
        -1.0,
        -1.0,
        -1.0,
        1.0,
        -1.0,
        -1.0,
        -1.0,
        1.0,
        -1.0,
        1.0,
        -1.0,
        -1.0,
        1.0,
        -1.0,
        -1.0,
        1.0,
        -1.0,
        -0.34428706765174866,
        1.0,
        -1.0,
        -1.0,
        -1.0,
        1.0,
        -1.0,
        1.0,
        -1.0,
        -1.0,
        1.0,
        -1.0,
        1.0,
        1.0,
        -1.0,
        1.0,
        -0.36104705929756165,
        1.0,
        -1.0,
        1.0,
        1.0,
        -1.0,
        -1.0,
        -1.0,
        1.0,
        1.0,
        1.0,
        -1.0,
        -1.0,
        -1.0,
        1.0,
        1.0,
        -1.0,
        -1.0,
        -1.0,
        1.0,
        1.0,
        1.0,
        -1.0,
        1.0,
        -1.0,
        -1.0,
        -1.0,
        1.0,
        1.0,
        -0.9242004752159119,
        -1.0,
        -1.0,
        1.0,
        -1.0,
        1.0,
        1.0,
        1.0,
        1.0,
        1.0,
        1.0,
        -1.0,
        1.0,
        1.0,
        1.0,
        -1.0,
        -1.0,
        1.0,
        -1.0,
        -1.0,
        -1.0,
        1.0,
        -1.0,
        -1.0,
        -1.0,
        -1.0,
        -1.0,
        1.0,
        1.0,
        1.0
    ],
    "embedding_scaling_factor": 39.526634216308594,
    "samples": [
        0,
        0,
        0,
        18279,
        51017,
        78700,
        0,
        0,
        26509,
        0,
        18052,
        18290,
        0,
        0,
        326525,
        0,
        18000,
        0,
        0,
        62049,
        17771,
        0,
        26509,
        61689,
        47539,
        0,
        326525,
        17000,
        0,
        0,
        0,
        40000,
        0,
        145678,
        326525,
        62049,
        326525,
        0,
        45000,
        45000,
        326525,
        0,
        0,
        40000,
        0,
        145678,
        145678,
        21706,
        0,
        0,
        16844,
        17000,
        0,
        21706,
        62049,
        0,
        145678,
        0,
        0,
        326525,
        0,
        61689,
        0,
        145678,
        326525,
        0,
        0,
        60000,
        33600,
        23660,
        0,
        16844,
        0,
        32000,
        326525,
        0,
        0,
        326525,
        69000,
        51017,
        40000,
        0,
        326525,
        0,
        0,
        0,
        0,
        78700,
        0,
        0,
        0,
        145678,
        16552,
        0,
        0,
        19750,
        61689,
        69000,
        0,
        40644
    ],
    "category_values_ratio": {
        "0": 378414,
        "326525": 102951,
        "145678": 62288,
        "62049": 24806,
        "69000": 24380,
        "32000": 23707,
        "78700": 19510,
        "59700": 16454,
        "51017": 15169,
        "47539": 14742,
        "45000": 14660,
        "61689": 13486,
        "40000": 13468,
        "33600": 12167,
        "60000": 12000,
        "17000": 10452,
        "34779": 8513,
        "22844": 8354,
        "40644": 8132,
        "35000": 7807,
        "19558": 6821,
        "26509": 6539,
        "18264": 6349,
        "20500": 6312,
        "19750": 6172,
        "21807": 5823,
        "27992": 5621,
        "21706": 5582,
        "23660": 5574,
        "20708": 5458,
        "23253": 5440,
        "18347": 5292,
        "15054": 5239,
        "23538": 5206,
        "18000": 4995,
        "17771": 4973,
        "18052": 4945,
        "20700": 4588,
        "17500": 4565,
        "16844": 4505,
        "14500": 4409,
        "18700": 4303,
        "23507": 4087,
        "18290": 4058,
        "16552": 3860,
        "18279": 3776,
        "15151": 3454,
        "20121": 3180,
        "14068": 3070,
        "13392": 2972,
        "10121": 2969,
        "16155": 2965,
        "16976": 2746,
        "12300": 2685,
        "8766": 2421,
        "8352": 1622
    },
    "nrows": 954036
}