{
    "column_id": "Accidents/Accidents.csvAccidents.csv/drzavljanstvo",
    "dataset_name": "Accidents.csv",
    "dataset_id": "Accidents/Accidents.csv",
    "path": "/home/ubuntu/CatDB/Experiments/data/Accidents/Accidents.csv",
    "table_name": "Accidents.csv",
    "table_id": "Accidents/Accidents.csvAccidents.csv",
    "column_name": "drzavljanstvo",
    "data_source": "Accidents",
    "data_type": "int",
    "total_values_count": 954036,
    "distinct_values_count": 116,
    "missing_values_count": 0,
    "true_ratio": null,
    "min_value": 0.0,
    "max_value": 999.0,
    "mean": 20.626241567404165,
    "median": 5.0,
    "iqr": 0.0,
    "category_values": [
        5,
        211,
        120,
        3,
        1,
        202,
        223,
        10,
        104,
        999,
        112,
        100,
        221,
        204,
        208,
        215,
        130,
        4,
        131,
        350,
        106,
        206,
        502,
        107,
        116,
        102,
        122,
        628,
        219,
        336,
        203,
        434,
        119,
        114,
        101,
        113,
        220,
        329,
        361,
        312,
        501,
        500,
        401,
        700,
        319,
        447,
        325,
        620,
        111,
        213,
        309,
        351,
        323,
        117,
        424,
        205,
        0,
        207,
        212,
        407,
        438,
        311,
        322,
        428,
        225,
        344,
        315,
        624,
        216,
        333,
        115,
        210,
        416,
        408,
        314,
        313,
        217,
        123,
        321,
        209,
        623,
        121,
        347,
        310,
        306,
        411,
        305,
        414,
        308,
        6,
        630,
        417,
        433,
        218,
        608,
        332,
        605,
        505,
        442,
        626,
        413,
        622,
        326,
        998,
        607,
        320,
        334,
        601,
        405,
        432,
        301,
        330,
        437,
        224,
        2,
        363
    ],
    "embedding": [
        -1.0,
        -1.0,
        -1.0,
        1.0,
        -1.0,
        1.0,
        -1.0,
        -1.0,
        -1.0,
        -1.0,
        1.0,
        -1.0,
        -1.0,
        1.0,
        1.0,
        1.0,
        1.0,
        -1.0,
        1.0,
        -1.0,
        1.0,
        -1.0,
        1.0,
        -1.0,
        1.0,
        -1.0,
        -1.0,
        1.0,
        -1.0,
        -1.0,
        1.0,
        1.0,
        -1.0,
        -1.0,
        -1.0,
        1.0,
        -1.0,
        1.0,
        1.0,
        -1.0,
        -1.0,
        1.0,
        -1.0,
        -1.0,
        -1.0,
        -1.0,
        1.0,
        -1.0,
        -1.0,
        -0.8653362393379211,
        -1.0,
        1.0,
        1.0,
        1.0,
        -1.0,
        1.0,
        1.0,
        1.0,
        -1.0,
        0.9998896718025208,
        -1.0,
        -1.0,
        1.0,
        -1.0,
        1.0,
        -1.0,
        1.0,
        -1.0,
        1.0,
        1.0,
        1.0,
        -1.0,
        -1.0,
        -1.0,
        -1.0,
        1.0,
        1.0,
        1.0,
        1.0,
        1.0,
        1.0,
        1.0,
        1.0,
        -1.0,
        -1.0,
        1.0,
        -1.0,
        1.0,
        1.0,
        1.0,
        -1.0,
        1.0,
        1.0,
        -1.0,
        1.0,
        -1.0,
        1.0,
        -1.0,
        -1.0,
        -1.0,
        -0.9997919797897339,
        -1.0,
        1.0,
        -1.0,
        -1.0,
        1.0,
        1.0,
        1.0,
        -1.0,
        -1.0,
        1.0,
        -1.0,
        -1.0,
        1.0,
        1.0,
        1.0,
        1.0,
        1.0,
        1.0,
        -1.0,
        -1.0,
        1.0,
        -1.0,
        -1.0,
        1.0,
        -1.0,
        -1.0,
        -1.0,
        -1.0,
        1.0,
        -1.0,
        1.0,
        -1.0,
        -1.0,
        1.0,
        -1.0,
        -1.0,
        1.0,
        1.0,
        -1.0,
        1.0,
        1.0,
        1.0,
        -1.0,
        1.0,
        -1.0,
        1.0,
        -1.0,
        -1.0,
        -1.0,
        1.0,
        -1.0,
        1.0,
        -1.0,
        1.0,
        -1.0,
        1.0,
        -1.0,
        1.0,
        -1.0,
        -1.0,
        1.0,
        -1.0,
        -1.0,
        1.0,
        -1.0,
        1.0,
        -1.0,
        -1.0,
        -1.0,
        -1.0,
        -1.0,
        1.0,
        1.0,
        -1.0,
        -1.0,
        1.0,
        -1.0,
        -1.0,
        -1.0,
        1.0,
        -1.0,
        -1.0,
        -1.0,
        1.0,
        -1.0,
        1.0,
        -1.0,
        -1.0,
        -1.0,
        1.0,
        1.0,
        1.0,
        1.0,
        -1.0,
        -1.0,
        1.0,
        -1.0,
        -1.0,
        1.0,
        -1.0,
        1.0,
        -1.0,
        -1.0,
        -1.0,
        -1.0,
        1.0,
        1.0,
        -1.0,
        -1.0,
        -1.0,
        1.0,
        -1.0,
        -1.0,
        -1.0,
        1.0,
        -1.0,
        1.0,
        -1.0,
        -1.0,
        1.0,
        -1.0,
        -1.0,
        1.0,
        -1.0,
        -0.8385544419288635,
        1.0,
        -1.0,
        -1.0,
        -1.0,
        1.0,
        -1.0,
        1.0,
        -1.0,
        -1.0,
        1.0,
        -1.0,
        1.0,
        1.0,
        -1.0,
        1.0,
        -0.8509805798530579,
        1.0,
        -1.0,
        1.0,
        1.0,
        -1.0,
        -1.0,
        -1.0,
        1.0,
        1.0,
        1.0,
        -1.0,
        -1.0,
        -1.0,
        1.0,
        1.0,
        -1.0,
        -1.0,
        -1.0,
        1.0,
        1.0,
        1.0,
        -1.0,
        1.0,
        -1.0,
        -1.0,
        -1.0,
        1.0,
        1.0,
        -0.9998236894607544,
        -1.0,
        -1.0,
        1.0,
        -1.0,
        1.0,
        1.0,
        1.0,
        1.0,
        1.0,
        1.0,
        -1.0,
        1.0,
        1.0,
        1.0,
        -1.0,
        -1.0,
        1.0,
        -1.0,
        -1.0,
        -1.0,
        1.0,
        -1.0,
        -1.0,
        -1.0,
        -1.0,
        -1.0,
        1.0,
        1.0,
        1.0
    ],
    "embedding_scaling_factor": 397.6500549316406,
    "samples": [
        5,
        5,
        5,
        5,
        5,
        5,
        5,
        5,
        5,
        202,
        5,
        5,
        5,
        5,
        5,
        5,
        202,
        5,
        116,
        5,
        5,
        5,
        5,
        5,
        5,
        5,
        5,
        5,
        106,
        5,
        5,
        5,
        5,
        5,
        5,
        5,
        5,
        5,
        5,
        5,
        5,
        5,
        5,
        5,
        336,
        5,
        5,
        5,
        5,
        5,
        5,
        5,
        5,
        5,
        5,
        5,
        5,
        5,
        5,
        5,
        5,
        5,
        5,
        5,
        5,
        5,
        202,
        5,
        5,
        5,
        5,
        5,
        215,
        5,
        5,
        5,
        5,
        5,
        5,
        5,
        5,
        5,
        5,
        5,
        5,
        5,
        5,
        5,
        5,
        1,
        5,
        5,
        5,
        5,
        5,
        5,
        999,
        102,
        5,
        5
    ],
    "category_values_ratio": {
        "5": 876484,
        "3": 17635,
        "1": 12656,
        "999": 9299,
        "211": 6488,
        "202": 5880,
        "215": 5093,
        "10": 4301,
        "4": 2261,
        "104": 2238,
        "130": 1944,
        "131": 1080,
        "107": 980,
        "106": 911,
        "208": 631,
        "112": 600,
        "336": 580,
        "102": 543,
        "206": 475,
        "116": 386,
        "220": 384,
        "100": 330,
        "223": 268,
        "502": 246,
        "0": 205,
        "221": 198,
        "203": 170,
        "319": 168,
        "312": 163,
        "113": 136,
        "101": 105,
        "219": 104,
        "501": 104,
        "6": 97,
        "204": 94,
        "111": 93,
        "350": 85,
        "207": 84,
        "117": 67,
        "114": 40,
        "216": 29,
        "217": 29,
        "620": 24,
        "115": 23,
        "205": 20,
        "438": 19,
        "209": 19,
        "313": 15,
        "321": 13,
        "351": 13,
        "212": 13,
        "213": 12,
        "628": 10,
        "311": 10,
        "428": 10,
        "119": 9,
        "2": 8,
        "622": 7,
        "308": 7,
        "700": 7,
        "347": 6,
        "605": 5,
        "329": 5,
        "624": 5,
        "310": 5,
        "500": 5,
        "344": 5,
        "401": 4,
        "424": 4,
        "323": 4,
        "416": 4,
        "333": 4,
        "608": 4,
        "315": 4,
        "121": 4,
        "326": 3,
        "414": 3,
        "306": 3,
        "432": 3,
        "309": 3,
        "325": 3,
        "210": 3,
        "447": 3,
        "332": 2,
        "505": 2,
        "120": 2,
        "305": 2,
        "607": 2,
        "123": 2,
        "442": 2,
        "434": 2,
        "413": 1,
        "314": 1,
        "411": 1,
        "408": 1,
        "630": 1,
        "417": 1,
        "433": 1,
        "218": 1,
        "361": 1,
        "225": 1,
        "122": 1,
        "626": 1,
        "623": 1,
        "322": 1,
        "998": 1,
        "224": 1,
        "437": 1,
        "407": 1,
        "301": 1,
        "405": 1,
        "330": 1,
        "334": 1,
        "320": 1,
        "601": 1,
        "363": 1
    },
    "nrows": 954036
}