{
    "column_id": "Accidents/Accidents.csvAccidents.csv/nesreca.povrsina",
    "dataset_name": "Accidents.csv",
    "dataset_id": "Accidents/Accidents.csv",
    "path": "/home/ubuntu/CatDB/Experiments/data/Accidents/Accidents.csv",
    "table_name": "Accidents.csv",
    "table_id": "Accidents/Accidents.csvAccidents.csv",
    "column_name": "nesreca.povrsina",
    "data_source": "Accidents",
    "data_type": "int",
    "total_values_count": 954036,
    "distinct_values_count": 59,
    "missing_values_count": 0,
    "true_ratio": null,
    "min_value": 0.0,
    "max_value": 939.0,
    "mean": 484.303892096315,
    "median": 356.0,
    "iqr": 424.0,
    "category_values": [
        356,
        425,
        904,
        155,
        311,
        590,
        453,
        171,
        173,
        268,
        47,
        375,
        400,
        338,
        168,
        353,
        197,
        59,
        367,
        486,
        209,
        321,
        493,
        214,
        692,
        483,
        256,
        760,
        480,
        346,
        645,
        119,
        230,
        660,
        334,
        508,
        175,
        648,
        249,
        239,
        939,
        464,
        105,
        640,
        240,
        109,
        147,
        58,
        224,
        286,
        317,
        345,
        212,
        28,
        512,
        304,
        272,
        289,
        0
    ],
    "embedding": [
        -1.0,
        -1.0,
        -1.0,
        1.0,
        -1.0,
        1.0,
        -1.0,
        -1.0,
        -0.9980011582374573,
        -1.0,
        1.0,
        -1.0,
        -1.0,
        1.0,
        1.0,
        1.0,
        1.0,
        -1.0,
        1.0,
        -1.0,
        1.0,
        -1.0,
        1.0,
        -1.0,
        1.0,
        -1.0,
        -1.0,
        1.0,
        -1.0,
        -1.0,
        1.0,
        1.0,
        -1.0,
        -1.0,
        -1.0,
        1.0,
        -1.0,
        1.0,
        1.0,
        -1.0,
        -1.0,
        1.0,
        -1.0,
        -1.0,
        -1.0,
        -1.0,
        1.0,
        -1.0,
        -0.9991230368614197,
        -0.9996626377105713,
        -1.0,
        1.0,
        1.0,
        1.0,
        -1.0,
        1.0,
        1.0,
        1.0,
        -1.0,
        0.9999134540557861,
        -1.0,
        -1.0,
        1.0,
        -1.0,
        1.0,
        -1.0,
        1.0,
        -1.0,
        1.0,
        1.0,
        1.0,
        -1.0,
        -1.0,
        -1.0,
        -1.0,
        1.0,
        1.0,
        1.0,
        1.0,
        1.0,
        1.0,
        1.0,
        1.0,
        -1.0,
        -1.0,
        1.0,
        -1.0,
        1.0,
        1.0,
        1.0,
        -1.0,
        1.0,
        1.0,
        -1.0,
        1.0,
        -1.0,
        1.0,
        -1.0,
        -1.0,
        -1.0,
        -0.9948362112045288,
        -1.0,
        1.0,
        -1.0,
        -1.0,
        1.0,
        1.0,
        1.0,
        -1.0,
        -1.0,
        1.0,
        -1.0,
        -1.0,
        1.0,
        1.0,
        1.0,
        1.0,
        1.0,
        1.0,
        -1.0,
        -1.0,
        1.0,
        -1.0,
        -1.0,
        1.0,
        -1.0,
        -1.0,
        -0.9914630055427551,
        -1.0,
        1.0,
        -1.0,
        1.0,
        -1.0,
        -1.0,
        1.0,
        -1.0,
        -1.0,
        1.0,
        1.0,
        -1.0,
        1.0,
        1.0,
        1.0,
        -1.0,
        1.0,
        -1.0,
        1.0,
        -1.0,
        -1.0,
        -1.0,
        0.9932975172996521,
        -1.0,
        1.0,
        -1.0,
        1.0,
        -1.0,
        1.0,
        -1.0,
        1.0,
        -1.0,
        -1.0,
        1.0,
        -1.0,
        -1.0,
        1.0,
        -1.0,
        1.0,
        -1.0,
        -1.0,
        -1.0,
        -1.0,
        -1.0,
        1.0,
        1.0,
        -1.0,
        -1.0,
        1.0,
        -1.0,
        -1.0,
        -1.0,
        1.0,
        -1.0,
        -1.0,
        -1.0,
        1.0,
        -1.0,
        1.0,
        -1.0,
        -1.0,
        -1.0,
        1.0,
        1.0,
        1.0,
        1.0,
        -1.0,
        -1.0,
        1.0,
        -1.0,
        -1.0,
        1.0,
        -1.0,
        1.0,
        -1.0,
        -1.0,
        -1.0,
        -1.0,
        1.0,
        1.0,
        -1.0,
        -1.0,
        -1.0,
        1.0,
        -1.0,
        -1.0,
        -1.0,
        1.0,
        -1.0,
        1.0,
        -1.0,
        -1.0,
        1.0,
        -1.0,
        -1.0,
        1.0,
        -0.9977090358734131,
        -0.9997187256813049,
        1.0,
        -1.0,
        -1.0,
        -1.0,
        1.0,
        -1.0,
        1.0,
        -1.0,
        -1.0,
        1.0,
        -1.0,
        1.0,
        1.0,
        -0.9992820024490356,
        1.0,
        -0.9992690682411194,
        1.0,
        -1.0,
        1.0,
        1.0,
        -1.0,
        -1.0,
        -1.0,
        1.0,
        1.0,
        1.0,
        -1.0,
        -1.0,
        -1.0,
        1.0,
        1.0,
        -1.0,
        -1.0,
        -1.0,
        1.0,
        1.0,
        1.0,
        -1.0,
        1.0,
        -1.0,
        -1.0,
        -1.0,
        1.0,
        1.0,
        -0.996471643447876,
        -1.0,
        -1.0,
        1.0,
        -1.0,
        1.0,
        1.0,
        1.0,
        1.0,
        1.0,
        1.0,
        -1.0,
        1.0,
        1.0,
        1.0,
        -1.0,
        -1.0,
        1.0,
        -1.0,
        -1.0,
        -1.0,
        1.0,
        -1.0,
        -1.0,
        -1.0,
        -1.0,
        -1.0,
        1.0,
        1.0,
        0.9999979734420776
    ],
    "embedding_scaling_factor": 114.61119842529297,
    "samples": [
        904,
        904,
        334,
        904,
        375,
        224,
        453,
        904,
        321,
        480,
        119,
        904,
        904,
        356,
        645,
        175,
        692,
        356,
        230,
        904,
        268,
        904,
        356,
        904,
        904,
        904,
        645,
        904,
        311,
        356,
        367,
        645,
        338,
        230,
        224,
        692,
        334,
        230,
        311,
        904,
        239,
        400,
        904,
        356,
        256,
        356,
        904,
        47,
        289,
        692,
        311,
        904,
        345,
        904,
        904,
        904,
        453,
        317,
        904,
        692,
        175,
        464,
        356,
        692,
        400,
        334,
        486,
        334,
        356,
        645,
        760,
        356,
        214,
        119,
        904,
        224,
        904,
        904,
        453,
        508,
        590,
        356,
        367,
        239,
        904,
        590,
        904,
        640,
        904,
        256,
        171,
        334,
        356,
        367,
        212,
        311,
        453,
        692,
        367,
        214
    ],
    "category_values_ratio": {
        "904": 201534,
        "356": 112966,
        "230": 43857,
        "645": 40802,
        "453": 30201,
        "239": 28485,
        "311": 28205,
        "692": 25979,
        "760": 23910,
        "334": 22243,
        "197": 18434,
        "590": 18222,
        "367": 17026,
        "224": 14055,
        "464": 14050,
        "640": 13738,
        "660": 13111,
        "400": 12752,
        "47": 12635,
        "289": 11926,
        "119": 11041,
        "268": 9880,
        "375": 9655,
        "240": 9617,
        "168": 9331,
        "214": 9262,
        "171": 9099,
        "493": 8951,
        "512": 8774,
        "345": 8655,
        "286": 8334,
        "304": 7979,
        "321": 7748,
        "256": 7732,
        "175": 7458,
        "317": 7333,
        "28": 7101,
        "249": 6885,
        "353": 6833,
        "212": 6588,
        "58": 6260,
        "346": 6073,
        "486": 5581,
        "648": 5458,
        "939": 5132,
        "480": 5000,
        "209": 4864,
        "147": 4646,
        "173": 4619,
        "272": 4462,
        "508": 4339,
        "483": 4153,
        "105": 4131,
        "59": 3871,
        "338": 3673,
        "425": 3394,
        "155": 3358,
        "109": 2534,
        "0": 101
    },
    "nrows": 954036
}