{
    "column_id": "Accidents/Accidents.csvAccidents.csv/upravna_enota_y",
    "dataset_name": "Accidents.csv",
    "dataset_id": "Accidents/Accidents.csv",
    "path": "/home/ubuntu/CatDB/Experiments/data/Accidents/Accidents.csv",
    "table_name": "Accidents.csv",
    "table_id": "Accidents/Accidents.csvAccidents.csv",
    "column_name": "upravna_enota_y",
    "data_source": "Accidents",
    "data_type": "int",
    "total_values_count": 954036,
    "distinct_values_count": 59,
    "missing_values_count": 0,
    "true_ratio": null,
    "min_value": 5501.0,
    "max_value": 5599.0,
    "mean": 5534.075563186295,
    "median": 5529.0,
    "iqr": 32.0,
    "category_values": [
        5564,
        5511,
        5524,
        5558,
        5517,
        5537,
        5518,
        5565,
        5530,
        5502,
        5540,
        5514,
        5554,
        5546,
        5560,
        5501,
        5559,
        5510,
        5550,
        5505,
        5568,
        5523,
        5541,
        5508,
        5536,
        5504,
        5522,
        5538,
        5512,
        5543,
        5542,
        5521,
        5503,
        5548,
        5562,
        5535,
        5529,
        5516,
        5520,
        5506,
        5555,
        5509,
        5507,
        5544,
        5552,
        5534,
        5561,
        5556,
        5551,
        5549,
        5557,
        5519,
        5539,
        5513,
        5553,
        5545,
        5547,
        5515,
        5599
    ],
    "embedding": [
        -1.0,
        -1.0,
        -1.0,
        1.0,
        -1.0,
        1.0,
        -1.0,
        -1.0,
        -1.0,
        -1.0,
        1.0,
        -1.0,
        -1.0,
        1.0,
        1.0,
        1.0,
        1.0,
        -1.0,
        1.0,
        -1.0,
        1.0,
        -1.0,
        1.0,
        -1.0,
        1.0,
        -1.0,
        -1.0,
        1.0,
        -1.0,
        -1.0,
        1.0,
        1.0,
        -1.0,
        -1.0,
        -1.0,
        1.0,
        -1.0,
        1.0,
        1.0,
        -1.0,
        -1.0,
        1.0,
        -1.0,
        -1.0,
        -1.0,
        -1.0,
        1.0,
        -1.0,
        -1.0,
        -0.9998964667320251,
        -1.0,
        1.0,
        1.0,
        1.0,
        -1.0,
        1.0,
        1.0,
        1.0,
        -1.0,
        0.9996886849403381,
        -1.0,
        -1.0,
        1.0,
        -1.0,
        1.0,
        -1.0,
        1.0,
        -1.0,
        1.0,
        1.0,
        1.0,
        -1.0,
        -1.0,
        -1.0,
        -1.0,
        1.0,
        1.0,
        1.0,
        1.0,
        1.0,
        1.0,
        1.0,
        1.0,
        -1.0,
        -1.0,
        1.0,
        -1.0,
        1.0,
        1.0,
        1.0,
        -1.0,
        1.0,
        1.0,
        -1.0,
        1.0,
        -1.0,
        1.0,
        -1.0,
        -1.0,
        -1.0,
        -0.994398295879364,
        -1.0,
        1.0,
        -1.0,
        -1.0,
        1.0,
        1.0,
        1.0,
        -1.0,
        -1.0,
        1.0,
        -1.0,
        -1.0,
        1.0,
        1.0,
        1.0,
        1.0,
        1.0,
        1.0,
        -1.0,
        -1.0,
        1.0,
        -1.0,
        -1.0,
        1.0,
        -1.0,
        -1.0,
        -1.0,
        -1.0,
        1.0,
        -1.0,
        1.0,
        -1.0,
        -1.0,
        1.0,
        -1.0,
        -1.0,
        1.0,
        1.0,
        -1.0,
        1.0,
        1.0,
        1.0,
        -1.0,
        1.0,
        -1.0,
        1.0,
        -1.0,
        -1.0,
        -1.0,
        1.0,
        -1.0,
        1.0,
        -1.0,
        1.0,
        -1.0,
        1.0,
        -1.0,
        1.0,
        -1.0,
        -1.0,
        1.0,
        -1.0,
        -1.0,
        1.0,
        -1.0,
        1.0,
        -1.0,
        -1.0,
        -1.0,
        -1.0,
        -1.0,
        1.0,
        1.0,
        -1.0,
        -1.0,
        1.0,
        -1.0,
        -1.0,
        -1.0,
        1.0,
        -1.0,
        -1.0,
        -1.0,
        1.0,
        -1.0,
        1.0,
        -1.0,
        -1.0,
        -1.0,
        1.0,
        1.0,
        1.0,
        1.0,
        -1.0,
        -1.0,
        1.0,
        -1.0,
        -1.0,
        1.0,
        -1.0,
        1.0,
        -1.0,
        -1.0,
        -1.0,
        -1.0,
        1.0,
        1.0,
        -1.0,
        -1.0,
        -1.0,
        1.0,
        -1.0,
        -1.0,
        -1.0,
        1.0,
        -1.0,
        1.0,
        -1.0,
        -1.0,
        1.0,
        -1.0,
        -1.0,
        1.0,
        -1.0,
        -0.9999328255653381,
        1.0,
        -1.0,
        -1.0,
        -1.0,
        1.0,
        -1.0,
        1.0,
        -1.0,
        -1.0,
        1.0,
        -1.0,
        1.0,
        1.0,
        -1.0,
        1.0,
        -0.9997500777244568,
        1.0,
        -1.0,
        1.0,
        1.0,
        -1.0,
        -1.0,
        -1.0,
        1.0,
        1.0,
        1.0,
        -1.0,
        -1.0,
        -1.0,
        1.0,
        1.0,
        -1.0,
        -1.0,
        -1.0,
        1.0,
        1.0,
        1.0,
        -1.0,
        1.0,
        -1.0,
        -1.0,
        -1.0,
        1.0,
        1.0,
        -0.994962751865387,
        -1.0,
        -1.0,
        1.0,
        -1.0,
        1.0,
        1.0,
        1.0,
        1.0,
        1.0,
        1.0,
        -1.0,
        1.0,
        1.0,
        1.0,
        -1.0,
        -1.0,
        1.0,
        -1.0,
        -1.0,
        -1.0,
        1.0,
        -1.0,
        -1.0,
        -1.0,
        -1.0,
        -1.0,
        1.0,
        1.0,
        1.0
    ],
    "embedding_scaling_factor": 2.3258385226654354e-06,
    "samples": [
        5503,
        5502,
        5550,
        5564,
        5536,
        5514,
        5553,
        5557,
        5518,
        5524,
        5524,
        5508,
        5537,
        5550,
        5564,
        5513,
        5524,
        5534,
        5517,
        5542,
        5552,
        5553,
        5562,
        5555,
        5554,
        5536,
        5559,
        5542,
        5559,
        5564,
        5503,
        5524,
        5507,
        5524,
        5562,
        5559,
        5518,
        5552,
        5564,
        5542,
        5524,
        5524,
        5538,
        5564,
        5559,
        5549,
        5554,
        5501,
        5524,
        5559,
        5549,
        5515,
        5562,
        5559,
        5556,
        5524,
        5524,
        5564,
        5546,
        5501,
        5536,
        5540,
        5556,
        5560,
        5564,
        5503,
        5518,
        5555,
        5524,
        5504,
        5557,
        5549,
        5503,
        5510,
        5508,
        5536,
        5524,
        5553,
        5522,
        5519,
        5543,
        5545,
        5562,
        5544,
        5538,
        5524,
        5564,
        5529,
        5564,
        5512,
        5513,
        5524,
        5564,
        5517,
        5565,
        5524,
        5505,
        5545,
        5524,
        5549
    ],
    "category_values_ratio": {
        "5524": 201534,
        "5564": 112966,
        "5503": 43857,
        "5542": 40802,
        "5518": 30201,
        "5506": 28485,
        "5517": 28205,
        "5536": 25979,
        "5538": 23910,
        "5562": 22243,
        "5559": 18434,
        "5537": 18222,
        "5550": 17026,
        "5551": 14055,
        "5509": 14050,
        "5544": 13738,
        "5548": 13111,
        "5554": 12752,
        "5540": 12635,
        "5515": 11926,
        "5521": 11041,
        "5502": 9880,
        "5514": 9655,
        "5552": 9617,
        "5560": 9331,
        "5508": 9262,
        "5565": 9099,
        "5541": 8951,
        "5553": 8774,
        "5519": 8655,
        "5549": 8334,
        "5545": 7979,
        "5523": 7748,
        "5522": 7732,
        "5529": 7458,
        "5557": 7333,
        "5513": 7101,
        "5520": 6885,
        "5501": 6833,
        "5539": 6588,
        "5556": 6260,
        "5543": 6073,
        "5505": 5581,
        "5516": 5458,
        "5555": 5132,
        "5512": 5000,
        "5568": 4864,
        "5561": 4646,
        "5530": 4619,
        "5547": 4462,
        "5535": 4339,
        "5504": 4153,
        "5507": 4131,
        "5510": 3871,
        "5546": 3673,
        "5511": 3394,
        "5558": 3358,
        "5534": 2534,
        "5599": 101
    },
    "nrows": 954036
}