{
    "column_id": "IMDB/movies2actors.csvmovies2actors.csv/actorid",
    "dataset_name": "movies2actors.csv",
    "dataset_id": "IMDB/movies2actors.csv",
    "path": "/home/ubuntu/CatDB/Experiments/data/IMDB/movies2actors.csv",
    "table_name": "movies2actors.csv",
    "table_id": "IMDB/movies2actors.csvmovies2actors.csv",
    "column_name": "actorid",
    "data_source": "IMDB",
    "data_type": "int",
    "total_values_count": 138349,
    "distinct_values_count": 84696,
    "missing_values_count": 0,
    "true_ratio": null,
    "min_value": 4.0,
    "max_value": 2749386.0,
    "mean": 1304539.1412370165,
    "median": 1273571.0,
    "iqr": 1337334.0,
    "category_values": null,
    "embedding": [
        -1.0,
        -1.0,
        -1.0,
        1.0,
        -1.0,
        1.0,
        -1.0,
        -1.0,
        -0.9999969601631165,
        -1.0,
        1.0,
        -1.0,
        -1.0,
        1.0,
        1.0,
        1.0,
        1.0,
        -1.0,
        1.0,
        -1.0,
        1.0,
        -1.0,
        1.0,
        -1.0,
        1.0,
        -1.0,
        -1.0,
        1.0,
        -1.0,
        -1.0,
        1.0,
        1.0,
        -1.0,
        -1.0,
        -1.0,
        1.0,
        -1.0,
        1.0,
        1.0,
        -1.0,
        -1.0,
        1.0,
        -1.0,
        -1.0,
        -1.0,
        -1.0,
        1.0,
        -1.0,
        -0.9999011754989624,
        -0.9232662320137024,
        -1.0,
        1.0,
        1.0,
        1.0,
        -1.0,
        1.0,
        1.0,
        1.0,
        -1.0,
        0.9969900250434875,
        -1.0,
        -1.0,
        1.0,
        -1.0,
        1.0,
        -1.0,
        1.0,
        -1.0,
        1.0,
        1.0,
        1.0,
        -1.0,
        -1.0,
        -1.0,
        -1.0,
        1.0,
        1.0,
        1.0,
        1.0,
        1.0,
        1.0,
        1.0,
        1.0,
        -1.0,
        -1.0,
        1.0,
        -1.0,
        1.0,
        1.0,
        1.0,
        -1.0,
        1.0,
        1.0,
        -1.0,
        1.0,
        -1.0,
        1.0,
        -1.0,
        -1.0,
        -1.0,
        -0.9955211877822876,
        -1.0,
        1.0,
        -1.0,
        -1.0,
        1.0,
        1.0,
        1.0,
        -1.0,
        -1.0,
        1.0,
        -1.0,
        -1.0,
        1.0,
        1.0,
        1.0,
        1.0,
        1.0,
        1.0,
        -1.0,
        -1.0,
        1.0,
        -1.0,
        -1.0,
        1.0,
        -1.0,
        -1.0,
        -0.9998679161071777,
        -1.0,
        1.0,
        -1.0,
        1.0,
        -1.0,
        -1.0,
        1.0,
        -1.0,
        -1.0,
        1.0,
        1.0,
        -1.0,
        1.0,
        1.0,
        1.0,
        -1.0,
        1.0,
        -1.0,
        1.0,
        -1.0,
        -1.0,
        -1.0,
        0.9998891949653625,
        -1.0,
        1.0,
        -1.0,
        1.0,
        -1.0,
        1.0,
        -1.0,
        1.0,
        -1.0,
        -1.0,
        1.0,
        -1.0,
        -1.0,
        1.0,
        -1.0,
        1.0,
        -1.0,
        -1.0,
        -1.0,
        -1.0,
        -1.0,
        1.0,
        1.0,
        -1.0,
        -1.0,
        1.0,
        -1.0,
        -1.0,
        -1.0,
        1.0,
        -1.0,
        -1.0,
        -1.0,
        1.0,
        -1.0,
        1.0,
        -1.0,
        -1.0,
        -1.0,
        1.0,
        1.0,
        1.0,
        1.0,
        -1.0,
        -1.0,
        1.0,
        -1.0,
        -1.0,
        1.0,
        -1.0,
        1.0,
        -1.0,
        -1.0,
        -1.0,
        -1.0,
        1.0,
        1.0,
        -1.0,
        -1.0,
        -1.0,
        1.0,
        -1.0,
        -1.0,
        -1.0,
        1.0,
        -1.0,
        1.0,
        -1.0,
        -1.0,
        1.0,
        -1.0,
        -1.0,
        1.0,
        -0.9999493956565857,
        -0.9245108962059021,
        1.0,
        -1.0,
        -1.0,
        -1.0,
        1.0,
        -1.0,
        1.0,
        -1.0,
        -1.0,
        1.0,
        -1.0,
        1.0,
        1.0,
        -0.9999464750289917,
        1.0,
        -0.9125843644142151,
        1.0,
        -1.0,
        1.0,
        1.0,
        -1.0,
        -1.0,
        -1.0,
        1.0,
        1.0,
        1.0,
        -1.0,
        -1.0,
        -1.0,
        1.0,
        1.0,
        -1.0,
        -1.0,
        -1.0,
        1.0,
        1.0,
        1.0,
        -1.0,
        1.0,
        -1.0,
        -1.0,
        -1.0,
        1.0,
        1.0,
        -0.9957966208457947,
        -1.0,
        -1.0,
        1.0,
        -1.0,
        1.0,
        1.0,
        1.0,
        1.0,
        1.0,
        1.0,
        -1.0,
        1.0,
        1.0,
        1.0,
        -1.0,
        -1.0,
        1.0,
        -1.0,
        -1.0,
        -1.0,
        1.0,
        -1.0,
        -1.0,
        -1.0,
        -1.0,
        -1.0,
        1.0,
        1.0,
        1.0
    ],
    "embedding_scaling_factor": 18.322647094726562,
    "samples": [
        1788656,
        968859,
        2294249,
        2148911,
        655294,
        762487,
        1477491,
        2211735,
        358333,
        176747,
        197255,
        88807,
        2537336,
        2695753,
        2126571,
        1917352,
        1144478,
        176517,
        299865,
        423698,
        1876366,
        1054563,
        2644332,
        1973018,
        1701448,
        1445942,
        770850,
        245367,
        227265,
        444935,
        925026,
        68727,
        481166,
        5380,
        759986,
        1527856,
        1398093,
        1713850,
        87674,
        1657118,
        1257890,
        52137,
        904022,
        1098091,
        195340,
        572861,
        1910395,
        2029116,
        1139031,
        1684046,
        2030622,
        2107677,
        1719059,
        1542315,
        1167672,
        2461583,
        1608939,
        2422806,
        853897,
        97435,
        1093518,
        1019334,
        503921,
        426269,
        2507606,
        1767880,
        115417,
        47291,
        732253,
        2406335,
        510527,
        2413792,
        2219029,
        2128546,
        1302490,
        139678,
        1616562,
        1959410,
        729150,
        2093328,
        1656399,
        1877952,
        1067758,
        2062267,
        1583098,
        2047487,
        1931513,
        1917434,
        442680,
        1750945,
        1170300,
        1167495,
        607048,
        2625086,
        898556,
        2253637,
        1269723,
        1914840,
        512651,
        254035
    ],
    "category_values_ratio": null,
    "nrows": 138349
}