{
    "column_id": "IMDB/movies2actors.csvmovies2actors.csv/leading",
    "dataset_name": "movies2actors.csv",
    "dataset_id": "IMDB/movies2actors.csv",
    "path": "/home/ubuntu/CatDB/Experiments/data/IMDB/movies2actors.csv",
    "table_name": "movies2actors.csv",
    "table_id": "IMDB/movies2actors.csvmovies2actors.csv",
    "column_name": "leading",
    "data_source": "IMDB",
    "data_type": "int",
    "total_values_count": 138349,
    "distinct_values_count": 308,
    "missing_values_count": 0,
    "true_ratio": null,
    "min_value": 0.0,
    "max_value": 307.0,
    "mean": 25.121591048724603,
    "median": 19.0,
    "iqr": 27.0,
    "category_values": [
        20,
        7,
        21,
        41,
        4,
        13,
        22,
        23,
        6,
        11,
        28,
        9,
        30,
        10,
        16,
        31,
        32,
        8,
        12,
        33,
        34,
        35,
        17,
        19,
        36,
        38,
        15,
        14,
        2,
        5,
        3,
        18,
        1,
        24,
        25,
        27,
        29,
        42,
        37,
        39,
        40,
        26,
        46,
        45,
        51,
        56,
        57,
        52,
        50,
        49,
        43,
        47,
        59,
        55,
        44,
        48,
        58,
        53,
        54,
        0,
        77,
        73,
        64,
        76,
        72,
        75,
        66,
        71,
        81,
        62,
        60,
        82,
        61,
        74,
        65,
        68,
        78,
        80,
        79,
        63,
        67,
        69,
        70,
        83,
        89,
        88,
        91,
        84,
        90,
        86,
        85,
        87,
        92,
        93,
        95,
        96,
        97,
        98,
        99,
        100,
        101,
        102,
        103,
        104,
        94,
        105,
        106,
        107,
        108,
        109,
        110,
        111,
        112,
        113,
        114,
        115,
        116,
        117,
        149,
        158,
        151,
        150,
        145,
        155,
        156,
        157,
        152,
        144,
        147,
        146,
        122,
        126,
        134,
        132,
        142,
        130,
        162,
        160,
        121,
        159,
        125,
        138,
        137,
        131,
        128,
        133,
        124,
        135,
        129,
        140,
        120,
        136,
        154,
        139,
        123,
        143,
        161,
        153,
        127,
        141,
        148,
        118,
        164,
        169,
        177,
        119,
        163,
        165,
        166,
        167,
        168,
        170,
        171,
        172,
        173,
        174,
        175,
        176,
        178,
        248,
        195,
        194,
        222,
        245,
        207,
        244,
        304,
        230,
        241,
        237,
        183,
        209,
        298,
        192,
        297,
        227,
        307,
        286,
        251,
        182,
        202,
        253,
        254,
        185,
        258,
        190,
        198,
        239,
        259,
        260,
        231,
        214,
        261,
        224,
        220,
        234,
        235,
        264,
        267,
        196,
        197,
        208,
        213,
        215,
        206,
        290,
        236,
        217,
        191,
        247,
        205,
        305,
        240,
        238,
        291,
        203,
        193,
        306,
        269,
        200,
        295,
        186,
        221,
        189,
        219,
        201,
        232,
        273,
        211,
        184,
        228,
        302,
        274,
        233,
        293,
        187,
        216,
        229,
        218,
        279,
        226,
        299,
        225,
        280,
        181,
        300,
        301,
        281,
        199,
        223,
        283,
        188,
        204,
        242,
        212,
        246,
        210,
        285,
        303,
        249,
        288,
        250,
        252,
        296,
        255,
        256,
        294,
        179,
        289,
        262,
        265,
        266,
        243,
        263,
        268,
        270,
        271,
        272,
        275,
        276,
        277,
        278,
        282,
        287,
        180,
        292,
        284,
        257
    ],
    "embedding": [
        -1.0,
        -1.0,
        -1.0,
        1.0,
        -1.0,
        1.0,
        -1.0,
        -1.0,
        -1.0,
        -1.0,
        1.0,
        -1.0,
        -1.0,
        1.0,
        1.0,
        1.0,
        1.0,
        -1.0,
        1.0,
        -1.0,
        1.0,
        -1.0,
        1.0,
        -1.0,
        1.0,
        -1.0,
        -1.0,
        1.0,
        -1.0,
        -1.0,
        1.0,
        1.0,
        -1.0,
        -1.0,
        -1.0,
        1.0,
        -1.0,
        1.0,
        1.0,
        -1.0,
        -1.0,
        1.0,
        -1.0,
        -1.0,
        -1.0,
        -1.0,
        1.0,
        -1.0,
        -1.0,
        -0.8581989407539368,
        -1.0,
        1.0,
        1.0,
        1.0,
        -1.0,
        1.0,
        1.0,
        1.0,
        -1.0,
        0.9336577653884888,
        -1.0,
        -1.0,
        1.0,
        -1.0,
        1.0,
        -1.0,
        1.0,
        -1.0,
        1.0,
        1.0,
        1.0,
        -1.0,
        -1.0,
        -1.0,
        -1.0,
        1.0,
        1.0,
        1.0,
        1.0,
        1.0,
        1.0,
        1.0,
        1.0,
        -1.0,
        -1.0,
        1.0,
        -1.0,
        1.0,
        1.0,
        1.0,
        -1.0,
        1.0,
        1.0,
        -1.0,
        1.0,
        -1.0,
        1.0,
        -1.0,
        -1.0,
        -1.0,
        -0.9843883514404297,
        -1.0,
        1.0,
        -1.0,
        -1.0,
        1.0,
        1.0,
        1.0,
        -1.0,
        -1.0,
        1.0,
        -1.0,
        -1.0,
        1.0,
        1.0,
        1.0,
        1.0,
        1.0,
        1.0,
        -1.0,
        -1.0,
        1.0,
        -1.0,
        -1.0,
        1.0,
        -1.0,
        -1.0,
        -1.0,
        -1.0,
        1.0,
        -1.0,
        1.0,
        -1.0,
        -1.0,
        1.0,
        -1.0,
        -1.0,
        1.0,
        1.0,
        -1.0,
        1.0,
        1.0,
        1.0,
        -1.0,
        1.0,
        -1.0,
        1.0,
        -1.0,
        -1.0,
        -1.0,
        1.0,
        -1.0,
        1.0,
        -1.0,
        1.0,
        -1.0,
        1.0,
        -1.0,
        1.0,
        -1.0,
        -1.0,
        1.0,
        -1.0,
        -1.0,
        1.0,
        -1.0,
        1.0,
        -1.0,
        -1.0,
        -1.0,
        -1.0,
        -1.0,
        1.0,
        1.0,
        -1.0,
        -1.0,
        1.0,
        -1.0,
        -1.0,
        -1.0,
        1.0,
        -1.0,
        -1.0,
        -1.0,
        1.0,
        -1.0,
        1.0,
        -1.0,
        -1.0,
        -1.0,
        1.0,
        1.0,
        1.0,
        1.0,
        -1.0,
        -1.0,
        1.0,
        -1.0,
        -1.0,
        1.0,
        -1.0,
        1.0,
        -1.0,
        -1.0,
        -1.0,
        -1.0,
        1.0,
        1.0,
        -1.0,
        -1.0,
        -1.0,
        1.0,
        -1.0,
        -1.0,
        -1.0,
        1.0,
        -1.0,
        1.0,
        -1.0,
        -1.0,
        1.0,
        -1.0,
        -1.0,
        1.0,
        -1.0,
        -0.8518433570861816,
        1.0,
        -1.0,
        -1.0,
        -1.0,
        1.0,
        -1.0,
        1.0,
        -1.0,
        -1.0,
        1.0,
        -1.0,
        1.0,
        1.0,
        -1.0,
        1.0,
        -0.8477050065994263,
        1.0,
        -1.0,
        1.0,
        1.0,
        -1.0,
        -1.0,
        -1.0,
        1.0,
        1.0,
        1.0,
        -1.0,
        -1.0,
        -1.0,
        1.0,
        1.0,
        -1.0,
        -1.0,
        -1.0,
        1.0,
        1.0,
        1.0,
        -1.0,
        1.0,
        -1.0,
        -1.0,
        -1.0,
        1.0,
        1.0,
        -0.9790027141571045,
        -1.0,
        -1.0,
        1.0,
        -1.0,
        1.0,
        1.0,
        1.0,
        1.0,
        1.0,
        1.0,
        -1.0,
        1.0,
        1.0,
        1.0,
        -1.0,
        -1.0,
        1.0,
        -1.0,
        -1.0,
        -1.0,
        1.0,
        -1.0,
        -1.0,
        -1.0,
        -1.0,
        -1.0,
        1.0,
        1.0,
        1.0
    ],
    "embedding_scaling_factor": 232.465576171875,
    "samples": [
        4,
        56,
        42,
        2,
        35,
        34,
        32,
        57,
        21,
        2,
        57,
        22,
        27,
        16,
        0,
        27,
        22,
        12,
        31,
        32,
        132,
        22,
        16,
        0,
        53,
        46,
        19,
        14,
        10,
        14,
        8,
        0,
        30,
        48,
        20,
        0,
        25,
        21,
        21,
        27,
        10,
        17,
        111,
        10,
        19,
        45,
        1,
        58,
        20,
        17,
        18,
        37,
        7,
        5,
        24,
        10,
        14,
        32,
        29,
        0,
        14,
        4,
        65,
        15,
        15,
        9,
        24,
        23,
        19,
        51,
        10,
        50,
        24,
        11,
        15,
        50,
        40,
        45,
        10,
        6,
        57,
        0,
        28,
        19,
        50,
        32,
        26,
        7,
        19,
        21,
        98,
        23,
        8,
        27,
        46,
        7,
        4,
        4,
        30,
        12
    ],
    "category_values_ratio": {
        "0": 6354,
        "1": 3705,
        "2": 3685,
        "3": 3654,
        "4": 3642,
        "5": 3615,
        "6": 3593,
        "7": 3574,
        "8": 3529,
        "9": 3474,
        "10": 3413,
        "11": 3329,
        "12": 3270,
        "13": 3185,
        "14": 3132,
        "15": 3052,
        "16": 2996,
        "17": 2943,
        "18": 2860,
        "19": 2773,
        "20": 2707,
        "21": 2662,
        "22": 2567,
        "23": 2507,
        "24": 2468,
        "25": 2339,
        "26": 2260,
        "27": 2194,
        "28": 2135,
        "29": 2069,
        "30": 2010,
        "31": 1937,
        "32": 1863,
        "33": 1790,
        "34": 1729,
        "35": 1669,
        "36": 1628,
        "37": 1565,
        "38": 1477,
        "39": 1437,
        "40": 1368,
        "41": 1311,
        "42": 1242,
        "43": 1188,
        "44": 1127,
        "45": 1072,
        "46": 1025,
        "47": 984,
        "48": 936,
        "49": 892,
        "50": 829,
        "51": 769,
        "52": 730,
        "53": 685,
        "54": 645,
        "55": 608,
        "56": 569,
        "57": 540,
        "58": 516,
        "59": 487,
        "60": 464,
        "61": 437,
        "62": 414,
        "63": 387,
        "64": 369,
        "65": 350,
        "66": 324,
        "67": 310,
        "68": 293,
        "69": 269,
        "70": 262,
        "71": 251,
        "72": 246,
        "73": 233,
        "74": 221,
        "75": 214,
        "76": 201,
        "77": 188,
        "78": 177,
        "80": 169,
        "79": 169,
        "81": 158,
        "82": 151,
        "83": 140,
        "84": 134,
        "85": 129,
        "86": 124,
        "87": 118,
        "88": 111,
        "89": 108,
        "90": 105,
        "91": 100,
        "92": 95,
        "93": 91,
        "94": 90,
        "95": 86,
        "96": 75,
        "99": 73,
        "97": 72,
        "98": 70,
        "100": 62,
        "101": 60,
        "102": 57,
        "103": 53,
        "104": 51,
        "105": 49,
        "108": 48,
        "106": 47,
        "113": 44,
        "107": 44,
        "109": 42,
        "114": 42,
        "110": 42,
        "112": 41,
        "111": 41,
        "115": 38,
        "116": 37,
        "117": 35,
        "118": 33,
        "125": 31,
        "119": 30,
        "124": 30,
        "123": 30,
        "121": 30,
        "120": 30,
        "122": 29,
        "126": 27,
        "127": 25,
        "128": 25,
        "129": 23,
        "130": 22,
        "131": 21,
        "132": 20,
        "135": 19,
        "133": 19,
        "137": 18,
        "136": 18,
        "134": 18,
        "140": 16,
        "138": 16,
        "145": 16,
        "139": 16,
        "141": 15,
        "144": 15,
        "143": 15,
        "142": 15,
        "146": 14,
        "147": 13,
        "150": 12,
        "151": 12,
        "154": 12,
        "155": 12,
        "152": 12,
        "153": 12,
        "159": 11,
        "162": 11,
        "160": 11,
        "156": 11,
        "148": 11,
        "161": 11,
        "149": 11,
        "158": 11,
        "157": 11,
        "164": 10,
        "163": 10,
        "166": 9,
        "167": 9,
        "165": 8,
        "169": 7,
        "168": 7,
        "172": 6,
        "177": 6,
        "171": 6,
        "170": 6,
        "174": 6,
        "175": 6,
        "176": 6,
        "173": 6,
        "178": 5,
        "193": 4,
        "180": 4,
        "195": 4,
        "194": 4,
        "179": 4,
        "196": 4,
        "188": 4,
        "191": 4,
        "183": 4,
        "192": 4,
        "187": 4,
        "182": 4,
        "189": 4,
        "184": 4,
        "185": 4,
        "190": 4,
        "197": 4,
        "186": 4,
        "223": 3,
        "235": 3,
        "231": 3,
        "208": 3,
        "212": 3,
        "233": 3,
        "210": 3,
        "224": 3,
        "230": 3,
        "207": 3,
        "222": 3,
        "209": 3,
        "198": 3,
        "220": 3,
        "234": 3,
        "227": 3,
        "214": 3,
        "204": 3,
        "202": 3,
        "199": 3,
        "213": 3,
        "181": 3,
        "203": 3,
        "200": 3,
        "206": 3,
        "221": 3,
        "215": 3,
        "219": 3,
        "201": 3,
        "217": 3,
        "232": 3,
        "228": 3,
        "216": 3,
        "229": 3,
        "218": 3,
        "226": 3,
        "211": 3,
        "225": 3,
        "260": 2,
        "239": 2,
        "238": 2,
        "261": 2,
        "240": 2,
        "205": 2,
        "247": 2,
        "236": 2,
        "259": 2,
        "248": 2,
        "254": 2,
        "253": 2,
        "264": 2,
        "251": 2,
        "250": 2,
        "258": 2,
        "249": 2,
        "267": 2,
        "255": 2,
        "266": 2,
        "243": 2,
        "263": 2,
        "237": 2,
        "241": 2,
        "265": 2,
        "262": 2,
        "252": 2,
        "244": 2,
        "242": 2,
        "246": 2,
        "245": 2,
        "256": 2,
        "297": 1,
        "269": 1,
        "295": 1,
        "273": 1,
        "302": 1,
        "274": 1,
        "293": 1,
        "307": 1,
        "303": 1,
        "283": 1,
        "279": 1,
        "298": 1,
        "299": 1,
        "280": 1,
        "301": 1,
        "281": 1,
        "291": 1,
        "304": 1,
        "285": 1,
        "306": 1,
        "270": 1,
        "305": 1,
        "290": 1,
        "284": 1,
        "292": 1,
        "296": 1,
        "276": 1,
        "289": 1,
        "294": 1,
        "287": 1,
        "272": 1,
        "282": 1,
        "278": 1,
        "277": 1,
        "268": 1,
        "271": 1,
        "275": 1,
        "300": 1,
        "288": 1,
        "286": 1,
        "257": 1
    },
    "nrows": 138349
}