dataset,col_index,data_type,missing_values_count,total_values_count,distinct_values_count,number_rows
oml_dataset_12_rnc,1,str,0,2215023,10,2215023
oml_dataset_12_rnc,2,float,0,2215023,37402,2215023
oml_dataset_12_rnc,3,float,0,2215023,37380,2215023
oml_dataset_12_rnc,4,str,0,2215023,25147,2215023
oml_dataset_12_rnc,5,str,0,2215023,2,2215023
oml_dataset_12_rnc,6,int,0,2215023,7,2215023
oml_dataset_12_rnc,7,int,0,2215023,12,2215023
oml_dataset_12_rnc,8,int,0,2215023,24,2215023
oml_dataset_12_rnc,9,int,0,2215023,16,2215023
