{
    "column_id": "oml_dataset_3_rnc/oml_dataset_3_rnc.csvoml_dataset_3_rnc.csv/c_5",
    "dataset_name": "oml_dataset_3_rnc.csv",
    "dataset_id": "oml_dataset_3_rnc/oml_dataset_3_rnc.csv",
    "path": "/home/ubuntu/CatDB/Experiments/data/oml_dataset_3_rnc/oml_dataset_3_rnc.csv",
    "table_name": "oml_dataset_3_rnc.csv",
    "table_id": "oml_dataset_3_rnc/oml_dataset_3_rnc.csvoml_dataset_3_rnc.csv",
    "column_name": "c_5",
    "data_source": "oml_dataset_3_rnc",
    "data_type": "boolean",
    "total_values_count": 1473,
    "distinct_values_count": 2,
    "missing_values_count": 0,
    "true_ratio": 0.8506449422946368,
    "min_value": null,
    "max_value": null,
    "mean": null,
    "median": null,
    "iqr": null,
    "category_values": [
        1,
        0
    ],
    "embedding": null,
    "embedding_scaling_factor": null,
    "samples": [
        1,
        1,
        1,
        1,
        1,
        1,
        1,
        1,
        0,
        0,
        0,
        1,
        1,
        1,
        1,
        1,
        1,
        1,
        1,
        0,
        1,
        1,
        0,
        1,
        1,
        1,
        1,
        1,
        1,
        1,
        1,
        1,
        0,
        1,
        1,
        1,
        1,
        1,
        1,
        1,
        1,
        0,
        1,
        1,
        1,
        1,
        0,
        1,
        1,
        1,
        1,
        1,
        1,
        1,
        1,
        1,
        1,
        1,
        1,
        0,
        1,
        1,
        1,
        1,
        1,
        1,
        1,
        1,
        1,
        1,
        1,
        1,
        1,
        1,
        1,
        1,
        0,
        1,
        1,
        1,
        1,
        1,
        1,
        1,
        1,
        1,
        1,
        1,
        1,
        1,
        1,
        1,
        1,
        0,
        0,
        1,
        1,
        1,
        0,
        1
    ],
    "category_values_ratio": {
        "1": 1253,
        "0": 220
    },
    "nrows": 1473
}