dataset,prompt_representation_type,prompt_example_type,prompt_number_example,number_tokens,number_bool,number_int,number_float,number_string
oml_dataset_133_rnc,S,Random,0,1633,0,120,4,1
oml_dataset_133_rnc,SDVC,Random,0,2294,0,120,4,1
oml_dataset_133_rnc,SMVF,Random,0,2774,0,120,4,1
oml_dataset_133_rnc,SSN,Random,0,4927,0,120,4,1
oml_dataset_133_rnc,SCV,Random,0,2521,0,120,4,1
oml_dataset_133_rnc,SDVCMVF,Random,0,3564,0,120,4,1
oml_dataset_133_rnc,SDVCSN,Random,0,5592,0,120,4,1
oml_dataset_133_rnc,SMVFSN,Random,0,6071,0,120,4,1
oml_dataset_133_rnc,SMVFCV,Random,0,3665,0,120,4,1
oml_dataset_133_rnc,SSNCV,Random,0,5819,0,120,4,1
oml_dataset_133_rnc,ALL,Random,0,7028,0,120,4,1
