{
    "column_id": "Midwest-Survey/Midwest-Survey.csvMidwest-Survey.csv/RespondentID",
    "dataset_name": "Midwest-Survey.csv",
    "dataset_id": "Midwest-Survey/Midwest-Survey.csv",
    "path": "/home/ubuntu/CatDB/Experiments/data/Midwest-Survey/Midwest-Survey.csv",
    "table_name": "Midwest-Survey.csv",
    "table_id": "Midwest-Survey/Midwest-Survey.csvMidwest-Survey.csv",
    "column_name": "RespondentID",
    "data_source": "Midwest-Survey",
    "data_type": "int",
    "total_values_count": 2778,
    "distinct_values_count": 2778,
    "missing_values_count": 0,
    "true_ratio": null,
    "min_value": 3120591286.0,
    "max_value": 3126807211.0,
    "mean": 3122898697.201584,
    "median": 3122786517.5,
    "iqr": 1146472.75,
    "category_values": null,
    "embedding": [
        -1.0,
        -1.0,
        -1.0,
        1.0,
        -1.0,
        1.0,
        -1.0,
        -1.0,
        -1.0,
        -1.0,
        1.0,
        -1.0,
        -1.0,
        1.0,
        1.0,
        1.0,
        1.0,
        -1.0,
        1.0,
        -1.0,
        1.0,
        -1.0,
        1.0,
        -1.0,
        1.0,
        -1.0,
        -1.0,
        1.0,
        -1.0,
        -1.0,
        1.0,
        1.0,
        -1.0,
        -1.0,
        -1.0,
        1.0,
        -1.0,
        1.0,
        1.0,
        -1.0,
        -1.0,
        1.0,
        -1.0,
        -1.0,
        -1.0,
        -1.0,
        1.0,
        -1.0,
        -1.0,
        -0.9994117021560669,
        -1.0,
        1.0,
        1.0,
        1.0,
        -1.0,
        1.0,
        1.0,
        1.0,
        -1.0,
        0.9995039701461792,
        -1.0,
        -1.0,
        1.0,
        -1.0,
        1.0,
        -1.0,
        1.0,
        -1.0,
        1.0,
        1.0,
        1.0,
        -1.0,
        -1.0,
        -1.0,
        -1.0,
        1.0,
        1.0,
        1.0,
        1.0,
        1.0,
        1.0,
        1.0,
        1.0,
        -1.0,
        -1.0,
        1.0,
        -1.0,
        1.0,
        1.0,
        1.0,
        -1.0,
        1.0,
        1.0,
        -1.0,
        1.0,
        -1.0,
        1.0,
        -1.0,
        -1.0,
        -1.0,
        -0.9995179176330566,
        -1.0,
        1.0,
        -1.0,
        -1.0,
        1.0,
        1.0,
        1.0,
        -1.0,
        -1.0,
        1.0,
        -1.0,
        -1.0,
        1.0,
        1.0,
        1.0,
        1.0,
        1.0,
        1.0,
        -1.0,
        -1.0,
        1.0,
        -1.0,
        -1.0,
        1.0,
        -1.0,
        -1.0,
        -1.0,
        -1.0,
        1.0,
        -1.0,
        1.0,
        -1.0,
        -1.0,
        1.0,
        -1.0,
        -1.0,
        1.0,
        1.0,
        -1.0,
        1.0,
        1.0,
        1.0,
        -1.0,
        1.0,
        -1.0,
        1.0,
        -1.0,
        -1.0,
        -1.0,
        1.0,
        -1.0,
        1.0,
        -1.0,
        1.0,
        -1.0,
        1.0,
        -1.0,
        1.0,
        -1.0,
        -1.0,
        1.0,
        -1.0,
        -1.0,
        1.0,
        -1.0,
        1.0,
        -1.0,
        -1.0,
        -1.0,
        -1.0,
        -1.0,
        1.0,
        1.0,
        -1.0,
        -1.0,
        1.0,
        -1.0,
        -1.0,
        -1.0,
        1.0,
        -1.0,
        -1.0,
        -1.0,
        1.0,
        -1.0,
        1.0,
        -1.0,
        -1.0,
        -1.0,
        1.0,
        1.0,
        1.0,
        1.0,
        -1.0,
        -1.0,
        1.0,
        -1.0,
        -1.0,
        1.0,
        -1.0,
        1.0,
        -1.0,
        -1.0,
        -1.0,
        -1.0,
        1.0,
        1.0,
        -1.0,
        -1.0,
        -1.0,
        1.0,
        -1.0,
        -1.0,
        -1.0,
        1.0,
        -1.0,
        1.0,
        -1.0,
        -1.0,
        1.0,
        -1.0,
        -1.0,
        1.0,
        -1.0,
        -0.9992772340774536,
        1.0,
        -1.0,
        -1.0,
        -1.0,
        1.0,
        -1.0,
        1.0,
        -1.0,
        -1.0,
        1.0,
        -1.0,
        1.0,
        1.0,
        -1.0,
        1.0,
        -0.9982117414474487,
        1.0,
        -1.0,
        1.0,
        1.0,
        -1.0,
        -1.0,
        -1.0,
        1.0,
        1.0,
        1.0,
        -1.0,
        -1.0,
        -1.0,
        1.0,
        1.0,
        -1.0,
        -1.0,
        -1.0,
        1.0,
        1.0,
        1.0,
        -1.0,
        1.0,
        -1.0,
        -1.0,
        -1.0,
        1.0,
        1.0,
        -0.9995370507240295,
        -1.0,
        -1.0,
        1.0,
        -1.0,
        1.0,
        1.0,
        1.0,
        1.0,
        1.0,
        1.0,
        -1.0,
        1.0,
        1.0,
        1.0,
        -1.0,
        -1.0,
        1.0,
        -1.0,
        -1.0,
        -1.0,
        1.0,
        -1.0,
        -1.0,
        -1.0,
        -1.0,
        -1.0,
        1.0,
        1.0,
        1.0
    ],
    "embedding_scaling_factor": 2.3258385226654354e-06,
    "samples": [
        3120680111,
        3122152852,
        3121512979,
        3123300505,
        3123829192,
        3120825808,
        3120917537,
        3126459253,
        3122806127,
        3124415195,
        3122648591,
        3122352517,
        3122998416,
        3124163694,
        3123341143,
        3122293741,
        3122950607,
        3125096120,
        3122868945,
        3122562147,
        3123231125,
        3123143325,
        3122240033,
        3123025512,
        3122870899,
        3123054308,
        3122925592,
        3123624694,
        3122672236,
        3122759146,
        3125050728,
        3120959194,
        3124964542,
        3122364713,
        3122717494,
        3122732106,
        3123664988,
        3124594389,
        3123505437,
        3122880796,
        3125476241,
        3122152860,
        3122633406,
        3122770376,
        3122450174,
        3123031301,
        3124944360,
        3122016516,
        3122748121,
        3122308841,
        3124643231,
        3124028944,
        3122031955,
        3120657016,
        3122522154,
        3123256960,
        3121843963,
        3122544244,
        3126130130,
        3122397563,
        3123650004,
        3123728130,
        3122476029,
        3122377984,
        3122341384,
        3121723460,
        3126684259,
        3122193541,
        3123923594,
        3121701863,
        3122352621,
        3126508214,
        3124180629,
        3122132229,
        3120724255,
        3123752094,
        3123190454,
        3121767563,
        3120859754,
        3123632306,
        3125440642,
        3120817541,
        3120765407,
        3122569402,
        3122668250,
        3122385504,
        3120877926,
        3122653274,
        3122905284,
        3124516238,
        3122331176,
        3123208283,
        3123204648,
        3122725874,
        3123154772,
        3122997475,
        3122808504,
        3122706700,
        3122638526,
        3121688676
    ],
    "category_values_ratio": null,
    "nrows": 2778
}