id,lgid,teamid,franchid,name,park
1,AA,BL2,BLO,Baltimore Orioles,Newington Park
2,AA,BL2,BLO,Baltimore Orioles,Oriole Park
3,AA,BL3,BLO,Baltimore Orioles,Oriole Park
4,AA,BL3,BLO,Baltimore Orioles,Union Park
5,AA,BR3,LAD,Brooklyn Atlantics,Washington Park I
6,AA,BR3,LAD,Brooklyn Bridegrooms,Washington Park I
7,AA,BR3,LAD,Brooklyn Grays,Washington Park I
8,AA,BR4,BRG,Brooklyn Gladiators,Ridgewood Park
9,AA,BS2,BRS,Boston Reds,Congress Street Grounds
10,AA,CL3,CLV,Cleveland Blues,National League Park II
11,AA,CL5,CBK,Columbus Buckeyes,Recreation Park I
12,AA,CL6,CLS,Columbus Solons,Recreation Park II
13,AA,CN2,CIN,Cincinnati Red Stockings,Bank Street Grounds
14,AA,CN2,CIN,Cincinnati Red Stockings,League Park I in Cincinnati
15,AA,CN3,CKK,Cincinnati Kelly's Killers,East End Park
16,AA,IN2,IHO,Indianapolis Hoosiers,Seventh Street Park
17,AA,KC2,KCC,Kansas City Cowboys,Association Park I
18,AA,KC2,KCC,Kansas City Cowboys,Exposition Park
19,AA,LS2,LOU,Louisville Colonels,Eclipse Park I
20,AA,LS2,LOU,Louisville Eclipse,Eclipse Park I
21,AA,ML3,MLA,Milwaukee Brewers,Athletic Field
22,AA,NY4,NYP,New York Metropolitans,Polo Grounds I West Diamond
23,AA,NY4,NYP,New York Metropolitans,St. George Cricket Grounds
24,AA,PH4,PHA,Philadelphia Athletics,Jefferson Street Grounds
25,AA,PH4,PHA,Philadelphia Athletics,Oakdale Park
26,AA,PH4,PHQ,Philadelphia Athletics,Athletic Park
27,AA,PT1,PIT,Pittsburg Alleghenys,Exposition Park I
28,AA,PT1,PIT,Pittsburg Alleghenys,Recreation Park
29,AA,RC2,ROC,Rochester Broncos,Culver Field I
30,AA,RIC,RIC,Richmond Virginians,Allen Pasture
31,AA,SL4,STL,St. Louis Brown Stockings,Sportsman's Park I
32,AA,SL4,STL,St. Louis Browns,Sportsman's Park I
33,AA,SR2,SYS,Syracuse Stars,Star Park II
34,AA,TL1,TOL,Toledo Blue Stockings,League Park
35,AA,TL2,TLM,Toledo Maumees,Speranza Park
36,AA,WS7,WST,Washington Nationals,Athletic Park
37,AA,WS9,WAS,Washington Statesmen,Boundary Field
38,AL,ANA,ANA,Anaheim Angels,Angels Stadium of Anaheim
39,AL,ANA,ANA,Anaheim Angels,Edison International Field
40,AL,BAL,BAL,Baltimore Orioles,Memorial Stadium
41,AL,BAL,BAL,Baltimore Orioles,Oriole Park at Camden Yards
42,AL,BLA,NYY,Baltimore Orioles,Oriole Park
43,AL,BOS,BOS,Boston Americans,Huntington Avenue Grounds
44,AL,BOS,BOS,Boston Red Sox,Fenway Park I
45,AL,BOS,BOS,Boston Red Sox,Fenway Park II
46,AL,BOS,BOS,Boston Red Sox,Huntington Avenue Grounds
47,AL,CAL,ANA,California Angels,Anaheim Stadium
48,AL,CAL,ANA,California Angels,Dodger Stadium
49,AL,CHA,CHW,Chicago White Sox,Comiskey Park
50,AL,CHA,CHW,Chicago White Sox,Comiskey Park II
51,AL,CHA,CHW,Chicago White Sox,South Side Park II
52,AL,CHA,CHW,Chicago White Sox,South Side Park II/Comiskey Park
53,AL,CHA,CHW,Chicago White Sox,U.S. Cellular Field
54,AL,CLE,CLE,Cleveland Blues,League Park I
55,AL,CLE,CLE,Cleveland Bronchos,League Park I
56,AL,CLE,CLE,Cleveland Indians,Cleveland Stadium
57,AL,CLE,CLE,Cleveland Indians,Jacobs Field
58,AL,CLE,CLE,Cleveland Indians,League Park II
59,AL,CLE,CLE,Cleveland Indians,League Park II/Cleveland Stadium
60,AL,CLE,CLE,Cleveland Indians,Progressive Field
61,AL,CLE,CLE,Cleveland Naps,League Park I
62,AL,CLE,CLE,Cleveland Naps,League Park II
63,AL,DET,DET,Detroit Tigers,Bennett Park
64,AL,DET,DET,Detroit Tigers,Briggs Stadium
65,AL,DET,DET,Detroit Tigers,Comerica Park
66,AL,DET,DET,Detroit Tigers,Navin Field
67,AL,DET,DET,Detroit Tigers,Tiger Stadium
68,AL,KC1,OAK,Kansas City Athletics,Municipal Stadium I
69,AL,KCA,KCR,Kansas City Royals,Kauffman Stadium
70,AL,KCA,KCR,Kansas City Royals,Municipal Stadium II
71,AL,KCA,KCR,Kansas City Royals,Royals Stadium
72,AL,LAA,ANA,Los Angeles Angels,Dodger Stadium
73,AL,LAA,ANA,Los Angeles Angels,Wrigley Field (LA)
74,AL,LAA,ANA,Los Angeles Angels of Anaheim,Angel Stadium
75,AL,LAA,ANA,Los Angeles Angels of Anaheim,Angel Stadium of Anaheim
76,AL,MIN,MIN,Minnesota Twins,Hubert H Humphrey Metrodome
77,AL,MIN,MIN,Minnesota Twins,Metropolitan Stadium
78,AL,MIN,MIN,Minnesota Twins,Target Field
79,AL,ML4,MIL,Milwaukee Brewers,County Stadium
80,AL,MLA,BAL,Milwaukee Brewers,Lloyd Street Grounds
81,AL,NYA,NYY,New York Highlanders,Hilltop Park
82,AL,NYA,NYY,New York Yankees,Polo Grounds IV
83,AL,NYA,NYY,New York Yankees,Shea Stadium
84,AL,NYA,NYY,New York Yankees,Yankee Stadium I
85,AL,NYA,NYY,New York Yankees,Yankee Stadium II
86,AL,NYA,NYY,New York Yankees,Yankee Stadium III
87,AL,OAK,OAK,Oakland Athletics,McAfee Coliseum
88,AL,OAK,OAK,Oakland Athletics,Network Associates Coliseum
89,AL,OAK,OAK,Oakland Athletics,O.co Coliseum
90,AL,OAK,OAK,Oakland Athletics,Oakland Coliseum
91,AL,OAK,OAK,Oakland Athletics,Oakland-Alameda Country Coliseum
92,AL,PHA,OAK,Philadelphia Athletics,Columbia Park
93,AL,PHA,OAK,Philadelphia Athletics,Connie Mack Stadium
94,AL,PHA,OAK,Philadelphia Athletics,Shibe Park
95,AL,SE1,MIL,Seattle Pilots,Sicks Stadium
96,AL,SEA,SEA,Seattle Mariners,Kingdome
97,AL,SEA,SEA,Seattle Mariners,Kingdome / Safeco Field
98,AL,SEA,SEA,Seattle Mariners,Safeco Field
99,AL,SLA,BAL,St. Louis Browns,Sportsman's Park III
100,AL,SLA,BAL,St. Louis Browns,Sportsman's Park IV
101,AL,TBA,TBD,Tampa Bay Devil Rays,Tropicana Field
102,AL,TBA,TBD,Tampa Bay Rays,Tropicana Field
103,AL,TEX,TEX,Texas Rangers,Ameriquest Field
104,AL,TEX,TEX,Texas Rangers,Arlington Stadium
105,AL,TEX,TEX,Texas Rangers,Rangers Ballpark in Arlington
106,AL,TEX,TEX,Texas Rangers,The Ballpark at Arlington
107,AL,TOR,TOR,Toronto Blue Jays,Exhibition Stadium
108,AL,TOR,TOR,Toronto Blue Jays,Exhibition Stadium /Skydome
109,AL,TOR,TOR,Toronto Blue Jays,Rogers Centre
110,AL,TOR,TOR,Toronto Blue Jays,Skydome
111,AL,WS1,MIN,Washington Senators,American League Park I
112,AL,WS1,MIN,Washington Senators,American League Park II
113,AL,WS1,MIN,Washington Senators,Griffith Stadium I
114,AL,WS1,MIN,Washington Senators,Griffith Stadium II
115,AL,WS2,TEX,Washington Senators,Griffith Stadium II
116,AL,WS2,TEX,Washington Senators,R.F.K. Stadium
117,FL,BLF,BLT,Baltimore Terrapins,
118,FL,BRF,BTT,Brooklyn Tip-Tops,
119,FL,BUF,BFL,Buffalo Blues,
120,FL,BUF,BFL,Buffalo Buffeds,
121,FL,CHF,CHH,Chicago Chi-Feds,Wrigley Field
122,FL,CHF,CHH,Chicago Whales,Wrigley Field
123,FL,IND,NEW,Indianapolis Hoosiers,
124,FL,KCF,KCP,Kansas City Packers,
125,FL,NEW,NEW,Newark Pepper,
126,FL,PTF,PBS,Pittsburgh Rebels,
127,FL,SLF,SLI,St. Louis Terriers,
128,NA,BL1,BLC,Baltimore Canaries,Newington Park
129,NA,BL4,MAR,Baltimore Marylands,Newington Park
130,NA,BR1,ECK,Brooklyn Eckfords,Union Grounds
131,NA,BR2,BRA,Brooklyn Atlantics,Capitoline Grounds
132,NA,BR2,BRA,Brooklyn Atlantics,Union Grounds
133,NA,BS1,BNA,Boston Red Stockings,South End Grounds I
134,NA,CH1,CNA,Chicago White Stockings,Union Base-Ball Grounds
135,NA,CH2,CNA,Chicago White Stockings,23rd Street Grounds
136,NA,CL1,CFC,Cleveland Forest Citys,National Association Grounds
137,NA,ELI,RES,Elizabeth Resolutes,Waverly Fairgrounds
138,NA,FW1,KEK,Fort Wayne Kekiongas,Hamilton Field
139,NA,HR1,HNA,Hartford Dark Blues,Hartford Ball Club Grounds
140,NA,KEO,WES,Keokuk Westerns,Perry Park
141,NA,MID,MAN,Middletown Mansfields,Mansfield Club Grounds
142,NA,NH1,NHV,New Haven Elm Citys,Hamilton Park
143,NA,NY2,NNA,New York Mutuals,Union Grounds (Brooklyn)
144,NA,PH1,PNA,Philadelphia Athletics,Jefferson Street Grounds
145,NA,PH2,PWS,Philadelphia Whites,Jefferson Street Grounds
146,NA,PH3,CEN,Philadelphia Centennials,Centennial Grounds
147,NA,RC1,ROK,Rockford Forest Citys,Agricultural Society Fair Grounds
148,NA,SL1,SLR,St. Louis Red Stockings,Red Stocking Baseball Park
149,NA,SL2,SNA,St. Louis Brown Stockings,Grand Avenue Park
150,NA,TRO,TRO,Troy Haymakers,Haymakers' Grounds
151,NA,WS3,OLY,Washington Olympics,Olympics Grounds
152,NA,WS4,NAT,Washington Nationals,Nationals Grounds
153,NA,WS5,WBL,Washington Blue Legs,Olympics Grounds
154,NA,WS6,WNT,Washington Nationals,Olympics Grounds
155,NL,ARI,ARI,Arizona Diamondbacks,Bank One Ballpark
156,NL,ARI,ARI,Arizona Diamondbacks,Chase Field
157,NL,ATL,ATL,Atlanta Braves,Atlanta-Fulton County Stadium
158,NL,ATL,ATL,Atlanta Braves,Turner Field
159,NL,BFN,BUF,Buffalo Bisons,Olympic Park I
160,NL,BFN,BUF,Buffalo Bisons,Riverside Park
161,NL,BLN,BLO,Baltimore Orioles,Union Park
162,NL,BRO,LAD,Brooklyn Bridegrooms,Eastern Park
163,NL,BRO,LAD,Brooklyn Bridegrooms,Washington Park II
164,NL,BRO,LAD,Brooklyn Bridegrooms,Washington Park III
165,NL,BRO,LAD,Brooklyn Dodgers,Ebbets Field
166,NL,BRO,LAD,Brooklyn Dodgers,Washington Park III
167,NL,BRO,LAD,Brooklyn Grooms,Eastern Park
168,NL,BRO,LAD,Brooklyn Robins,Ebbets Field
169,NL,BRO,LAD,Brooklyn Superbas,Ebbets Field
170,NL,BRO,LAD,Brooklyn Superbas,Washington Park III
171,NL,BSN,ATL,Boston Beaneaters,South End Grounds I
172,NL,BSN,ATL,Boston Beaneaters,South End Grounds II
173,NL,BSN,ATL,Boston Beaneaters,South End Grounds II / Congress Street Grounds / South End Grounds III
174,NL,BSN,ATL,Boston Beaneaters,South End Grounds III
175,NL,BSN,ATL,Boston Bees,Braves Field
176,NL,BSN,ATL,Boston Braves,Braves Field
177,NL,BSN,ATL,Boston Braves,Fenway Park I / Braves Field
178,NL,BSN,ATL,Boston Braves,South End Grounds III
179,NL,BSN,ATL,Boston Doves,South End Grounds III
180,NL,BSN,ATL,Boston Red Caps,South End Grounds I
181,NL,BSN,ATL,Boston Rustlers,South End Grounds III
182,NL,CHN,CHC,Chicago Colts,South Side Park I
183,NL,CHN,CHC,Chicago Colts,West Side Park I
184,NL,CHN,CHC,Chicago Colts,West Side Park II
185,NL,CHN,CHC,Chicago Cubs,West Side Park II
186,NL,CHN,CHC,Chicago Cubs,Wrigley Field
187,NL,CHN,CHC,Chicago Orphans,West Side Park II
188,NL,CHN,CHC,Chicago White Stockings,23rd Street Grounds
189,NL,CHN,CHC,Chicago White Stockings,Lake Front Park I
190,NL,CHN,CHC,Chicago White Stockings,Lake Front Park I/Lake Front Park II
191,NL,CHN,CHC,Chicago White Stockings,Lake Front Park II
192,NL,CHN,CHC,Chicago White Stockings,West Side Park I
193,NL,CIN,CIN,Cincinnati Redlegs,Crosley Field
194,NL,CIN,CIN,Cincinnati Reds,Cinergy Field
195,NL,CIN,CIN,Cincinnati Reds,Crosley Field
196,NL,CIN,CIN,Cincinnati Reds,Crosley Field/Riverfront Stadium
197,NL,CIN,CIN,Cincinnati Reds,Great American Ball Park
198,NL,CIN,CIN,Cincinnati Reds,League Park I in Cincinnati
199,NL,CIN,CIN,Cincinnati Reds,League Park II in Cincinnati
200,NL,CIN,CIN,Cincinnati Reds,Palace of the Fans
201,NL,CIN,CIN,Cincinnati Reds,Riverfront Stadium
202,NL,CL2,CBL,Cleveland Blues,Kennard Street Park
203,NL,CL4,CLV,Cleveland Spiders,League Park I
204,NL,CL4,CLV,Cleveland Spiders,National League Park
205,NL,CN1,CNR,Cincinnati Reds,Avenue Grounds
206,NL,CN1,CNR,Cincinnati Reds,Bank Street Grounds
207,NL,COL,COL,Colorado Rockies,Coors Field
208,NL,COL,COL,Colorado Rockies,Mile High Stadium
209,NL,DTN,DTN,Detroit Wolverines,Recreation Park
210,NL,FLO,FLA,Florida Marlins,Dolphin Stadium
211,NL,FLO,FLA,Florida Marlins,Joe Robbie Stadium
212,NL,FLO,FLA,Florida Marlins,Pro Player Stadium
213,NL,FLO,FLA,Florida Marlins,Sun Life Stadium
214,NL,HAR,HAR,Hartford Dark Blues,Hartford Ball Club Grounds
215,NL,HAR,HAR,Hartford Dark Blues,Union Grounds (Brooklyn)
216,NL,HOU,HOU,Houston Astros,Astrodome
217,NL,HOU,HOU,Houston Astros,Enron Field
218,NL,HOU,HOU,Houston Astros,Minute Maid Park
219,NL,HOU,HOU,Houston Colt .45's,Colt Stadium
220,NL,IN1,IBL,Indianapolis Blues,South Street Park
221,NL,IN3,IND,Indianapolis Hoosiers,Athletic Park I
222,NL,IN3,IND,Indianapolis Hoosiers,Athletic Park II
223,NL,KCN,KCN,Kansas City Cowboys,Association Park
224,NL,LAN,LAD,Los Angeles Dodgers,Dodger Stadium
225,NL,LAN,LAD,Los Angeles Dodgers,Los Angeles Memorial Coliseum
226,NL,LS1,LGR,Louisville Grays,Louisville Baseball Park
227,NL,LS3,LOU,Louisville Colonels,Eclipse Park I
228,NL,LS3,LOU,Louisville Colonels,Eclipse Park II
229,NL,MIA,FLA,Miami Marlins,Marlins Park
230,NL,MIL,MIL,Milwaukee Brewers,County Stadium
231,NL,MIL,MIL,Milwaukee Brewers,Miller Park
232,NL,ML1,ATL,Milwaukee Braves,County Stadium
233,NL,ML2,MLG,Milwaukee Grays,Eclipse Park II
234,NL,MON,WSN,Montreal Expos,Jarry Park
235,NL,MON,WSN,Montreal Expos,Stade Olympique
236,NL,MON,WSN,Montreal Expos,Stade Olympique/Hiram Bithorn Stadium
237,NL,NY1,SFG,New York Giants,Polo Grounds I
238,NL,NY1,SFG,New York Giants,Polo Grounds II
239,NL,NY1,SFG,New York Giants,Polo Grounds III
240,NL,NY1,SFG,New York Giants,Polo Grounds III/Polo Grounds IV
241,NL,NY1,SFG,New York Giants,Polo Grounds IV
242,NL,NY1,SFG,New York Gothams,Polo Grounds I
243,NL,NY3,NYU,New York Mutuals,Union Grounds (Brooklyn)
244,NL,NYN,NYM,New York Mets,Citi Field
245,NL,NYN,NYM,New York Mets,Polo Grounds IV
246,NL,NYN,NYM,New York Mets,Shea Stadium
247,NL,PHI,PHI,Philadelphia Blue Jays,Shibe Park
248,NL,PHI,PHI,Philadelphia Phillies,Baker Bowl
249,NL,PHI,PHI,Philadelphia Phillies,Baker Bowl/Shibe Park
250,NL,PHI,PHI,Philadelphia Phillies,Citizens Bank Park
251,NL,PHI,PHI,Philadelphia Phillies,Connie Mack Stadium
252,NL,PHI,PHI,Philadelphia Phillies,Philadelphia Baseball Grounds
253,NL,PHI,PHI,Philadelphia Phillies,Shibe Park
254,NL,PHI,PHI,Philadelphia Phillies,Veterans Stadium
255,NL,PHI,PHI,Philadelphia Quakers,Philadelphia Baseball Grounds
256,NL,PHI,PHI,Philadelphia Quakers,Recreation Park
257,NL,PHN,ATH,Philadelphia Athletics,Jefferson Street Grounds
258,NL,PIT,PIT,Pittsburg Alleghenys,Recreation Park
259,NL,PIT,PIT,Pittsburgh Pirates,Exposition Park
260,NL,PIT,PIT,Pittsburgh Pirates,Exposition Park/Forbes Field
261,NL,PIT,PIT,Pittsburgh Pirates,Forbes Field
262,NL,PIT,PIT,Pittsburgh Pirates,Forbes Field/Three Rivers Stadium
263,NL,PIT,PIT,Pittsburgh Pirates,PNC Park
264,NL,PIT,PIT,Pittsburgh Pirates,Three Rivers Stadium
265,NL,PRO,PRO,Providence Grays,Messer Street Grounds
266,NL,SDN,SDP,San Diego Padres,Jack Murphy Stadium
267,NL,SDN,SDP,San Diego Padres,Petco Park
268,NL,SDN,SDP,San Diego Padres,Qualcomm Stadium
269,NL,SFN,SFG,San Francisco Giants,3Com Park
270,NL,SFN,SFG,San Francisco Giants,AT&T Park
271,NL,SFN,SFG,San Francisco Giants,Candlestick Park
272,NL,SFN,SFG,San Francisco Giants,PacBell Park
273,NL,SFN,SFG,San Francisco Giants,SBC Park
274,NL,SFN,SFG,San Francisco Giants,Seals Stadium
275,NL,SL3,SBS,St. Louis Brown Stockings,Sportsman's Park I
276,NL,SL5,SLM,St. Louis Maroons,Sportsman's Park I
277,NL,SLN,STL,St. Louis Browns,Robison Field
278,NL,SLN,STL,St. Louis Browns,Sportsman's Park I
279,NL,SLN,STL,St. Louis Cardinals,Busch Stadium II
280,NL,SLN,STL,St. Louis Cardinals,Busch Stadium III
281,NL,SLN,STL,St. Louis Cardinals,Robison Field
282,NL,SLN,STL,St. Louis Cardinals,Robison Field/Sportsman's Park IV
283,NL,SLN,STL,St. Louis Cardinals,Sportsman's Park IV
284,NL,SLN,STL,St. Louis Cardinals,Sportsman's Park IV/Busch Stadium II
285,NL,SLN,STL,St. Louis Perfectos,Robison Field
286,NL,SR1,SYR,Syracuse Stars,Newell Park
287,NL,TRN,TRT,Troy Trojans,Haymakers' Grounds
288,NL,TRN,TRT,Troy Trojans,Putnam Grounds
289,NL,TRN,TRT,Troy Trojans,Troy Ball Club Grounds
290,NL,WAS,WAS,Washington Senators,Boundary Field
291,NL,WAS,WSN,Washington Nationals,Nationals Park
292,NL,WAS,WSN,Washington Nationals,R.F.K. Stadium
293,NL,WOR,WOR,Worcester Ruby Legs,Worcester Driving Park Grounds
294,NL,WS8,WNL,Washington Nationals,Swampdoodle Grounds
295,PL,BFP,BFB,Buffalo Bisons,
296,PL,BRP,BWW,Brooklyn Ward's Wonders,
297,PL,BSP,BRS,Boston Reds,
298,PL,CHP,CHP,Chicago Pirates,
299,PL,CLP,CLI,Cleveland Infants,
300,PL,NYP,NYI,New York Giants,
301,PL,PHP,PHQ,Philadelphia Athletics,
302,PL,PTP,PBB,Pittsburgh Burghers,
303,UA,ALT,ALT,Altoona Mountain City,
304,UA,BLU,BLU,Baltimore Monumentals,
305,UA,BSU,BRD,Boston Reds,
306,UA,CHU,CPI,Chicago/Pittsburgh (Union League),
307,UA,CNU,COR,Cincinnati Outlaw Reds,
308,UA,KCU,KCU,Kansas City Cowboys,
309,UA,MLU,MLU,Milwaukee Brewers,
310,UA,PHU,PHK,Philadelphia Keystones,
311,UA,SLU,SLM,St. Louis Maroons,
312,UA,SPU,STP,St. Paul White Caps,
313,UA,WIL,WIL,Wilmington Quicksteps,
314,UA,WSU,WNA,Washington Nationals,
