yearID,teamID,lgID,playerID,salary
1997,SEA,AL,corajo01,1025000
1992,BAL,AL,hoilech01,175000
2004,MIN,AL,santajo01,1600000
2005,WAS,NL,escobal01,326000
1992,SEA,AL,bradlsc01,837500
1999,CIN,NL,whitega01,300000
1988,ATL,NL,hallal02,250000
1995,DET,AL,lirafe01,109000
1986,PHI,NL,carmado01,165000
1997,PIT,NL,kendaja01,235000
2004,PIT,NL,mackoro01,335000
1992,MIN,AL,hilldo01,400000
2012,MIL,NL,estrama01,486000
2001,SFN,NL,felizpe01,201000
2012,TOR,AL,bautijo02,14000000
1995,SEA,AL,belchti01,580000
1997,MIN,AL,swindgr01,750000
1997,PHI,NL,mayde01,300000
2003,NYN,NL,bacsimi02,302500
2006,CLE,AL,michaja01,1500000
1988,MON,NL,galaran01,240000
1994,HOU,NL,drabedo01,4275000
2010,FLO,NL,johnsjo09,3750000
2011,COL,NL,jimenub01,2800000
1995,PHI,NL,jonesdo01,250000
1998,DET,AL,roberbi01,2300000
1996,SLN,NL,bordepa01,375000
1993,MIN,AL,trombmi01,124000
1996,PIT,NL,garcica01,1350000
1994,MIN,AL,mahompa01,126000
1998,MIN,AL,trombmi01,425000
1986,BAL,AL,grosswa01,450000
2006,SFN,NL,cainma01,328000
2012,DET,AL,raburry01,2100000
2008,CHA,AL,doteloc01,5000000
2010,ATL,NL,hernadi01,400000
1992,CHA,AL,saxst01,3575000
2000,MIL,NL,houstty01,835000
1986,MON,NL,raineti01,1515000
1986,BAL,AL,bonilju01,120000
2005,ARI,NL,lyonbr01,330000
1999,NYA,AL,brosisc01,5250000
2000,COL,NL,tavarju01,1200000
2011,NYN,NL,hairssc01,1100000
1985,ML4,AL,fingero01,1065000
1999,CHN,NL,goodwcu01,308000
2003,HOU,NL,doteloc01,1600000
2004,PIT,NL,mondera01,1150000
1994,PIT,NL,micelda01,110000
1998,KCA,AL,martife01,170000
2006,MIN,AL,puntoni01,690000
2010,OAK,AL,davisra01,1350000
2003,COL,NL,neaglde01,9000000
2010,NYA,AL,cervefr01,410800
1998,SDN,NL,hitchst01,2250000
1986,MIN,AL,salasma01,115000
1990,PHI,NL,mulhote01,150000
2012,SDN,NL,blankky01,492400
2008,ARI,NL,owingmi01,402000
1997,PIT,NL,wainhda01,160000
2003,ATL,NL,ortizru01,4662500
2008,ARI,NL,lyonbr01,3125000
2011,CIN,NL,cordefr01,12125000
1996,MON,NL,stankan01,190000
2006,CLE,AL,graveda01,600000
2012,OAK,AL,cookry01,480000
2007,ARI,NL,valvejo01,2000000
1994,CHN,NL,trachst01,112000
2007,TEX,AL,loftoke01,6000000
1999,ARI,NL,foxan01,350000
2001,TEX,AL,venafmi01,310000
1985,ATL,NL,hornebo01,1500000
2000,NYN,NL,rodriri02,600000
1999,PIT,NL,nunezab01,210000
2012,LAN,NL,gordode01,485000
1996,SFN,NL,dunstsh01,1460941
1994,ML4,AL,diazal01,112000
1992,CHN,NL,harkemi01,230000
1987,SFN,NL,mintogr01,750000
1998,CLE,AL,wilsoen01,175000
1998,NYN,NL,rojasme01,4583333
2000,TOR,AL,wellsda01,5500000
2008,CHA,AL,swishni01,3600000
2001,ARI,NL,womacto01,4000000
1996,SEA,AL,jacksmi02,1200000
2010,MIN,AL,nathajo01,11250000
2008,CHN,NL,soriaal01,14000000
1987,DET,AL,herndla01,225000
2010,PIT,NL,mccutda01,401500
1995,MIN,AL,munozpe01,725000
2002,FLO,NL,beckejo02,2156250
2007,SDN,NL,camerke01,380000
1994,FLO,NL,mormaru01,125000
2003,MIN,AL,gomezch02,500000
2005,PHI,NL,lidleco01,3000000
1994,LAN,NL,snydeco02,1500000
2006,SDN,NL,piazzmi01,1250000
2008,SDN,NL,iguchta01,3850000
1989,HOU,NL,rhoderi01,900000
2004,SEA,AL,frankry01,1800000
1987,LAN,NL,penaal01,280000
1999,PIT,NL,martial03,2700000
1995,FLO,NL,powelja04,109000
1986,TOR,AL,lampde01,566667
1985,KCA,AL,sheripa01,175000
2011,TEX,AL,wilsocj01,7000000
2012,BAL,AL,reimono01,490500
2009,TBA,AL,percitr01,4445000
1998,FLO,NL,fernaal01,7000000
1989,HOU,NL,darwida01,855000
2001,BOS,AL,lewisda01,2500000
2011,FLO,NL,helmswe01,1000000
2005,PHI,NL,floydga01,316000
1998,MON,NL,mayde01,250000
2009,SDN,NL,morened01,400000
1996,SFN,NL,jonesda05,109000
2002,SDN,NL,fikacje01,210000
1996,SEA,AL,corajo01,850000
1997,KCA,AL,ruschgl01,150000
2001,SFN,NL,santibe01,500000
1987,BAL,AL,sheetla01,145000
1990,MIN,AL,castica01,550000
1990,NYN,NL,violafr01,1966667
2009,TEX,AL,mccarbr01,650000
1985,ML4,AL,higuete01,60000
1997,ATL,NL,bellira01,250000
1986,MON,NL,fitzgmi02,147000
2010,BAL,AL,matusbr01,1300000
2005,COL,NL,dohmasc01,319000
2009,ARI,NL,uptonju01,412000
2009,WAS,NL,tavarju01,500000
2002,ARI,NL,bautida01,2000000
1986,OAK,AL,griffal01,577589
2006,PIT,NL,bullibr01,327000
1997,SDN,NL,cianfar01,400000
2010,ATL,NL,saitota01,3200000
1995,NYN,NL,castial01,109000
1999,FLO,NL,garcigu01,200000
2010,ATL,NL,escobyu01,435000
1994,BAL,AL,hoilech01,2000000
2005,LAN,NL,ericksc01,525000
1997,HOU,NL,limajo01,170000
2001,FLO,NL,johnsch04,5000000
1997,CLE,AL,colonba01,150000
2004,BAL,AL,juliojo01,385000
1994,COL,NL,jonesch05,175000
1996,MON,NL,perezca01,165000
1997,SDN,NL,flahejo01,900000
2007,NYA,AL,cabreme01,432400
1993,SLN,NL,villahe01,225000
1994,SLN,NL,watsoal01,130000
1994,DET,AL,bautida01,125000
1999,SDN,NL,hernaca01,1250000
1995,COL,NL,britojo01,109000
1985,CHA,AL,kittlro01,300000
2005,PHI,NL,burrepa01,7250000
2003,TBA,AL,baldero01,300000
2006,COL,NL,ojedami01,350000
1996,SEA,AL,diazal01,350000
1993,BOS,AL,violafr01,4833333
2011,TEX,AL,bushda01,1000000
2010,DET,AL,minerza01,950000
1986,HOU,NL,doranbi02,550000
2001,PIT,NL,arroybr01,225000
1986,ML4,AL,molitpa01,1160000
1998,SEA,AL,fossato01,650000
1985,CIN,NL,pastofr01,350000
1996,BOS,AL,naehrti01,1200000
2007,NYN,NL,wagnebi02,10500000
1996,FLO,NL,milleku01,118000
2012,SEA,AL,liddial01,481300
1986,TEX,AL,wardga01,865000
1997,NYA,AL,whitema01,1000000
2004,CLE,AL,betanra01,305200
1993,SDN,NL,clarkph02,122500
1986,MIN,AL,hatchmi01,666667
1990,BAL,AL,millira01,155000
1993,SLN,NL,smithle02,2691667
2012,SDN,NL,bartlja01,5500000
2008,SLN,NL,frankry01,2250000
1999,KCA,AL,barbebr02,210000
1996,CLE,AL,mcdowja01,4800000
1998,LAN,NL,parkch01,700000
1997,CLE,AL,klinest02,150000
1990,HOU,NL,masonro01,100000
2001,MIL,NL,moutoja01,300000
1998,SLN,NL,gantro01,5500000
2003,KCA,AL,wilsokr01,311000
1997,NYA,AL,oneilpa01,5500000
2005,ATL,NL,furcara01,5600000
2001,ANA,AL,anderga01,4500000
1989,ATL,NL,smoltjo01,86000
2002,COL,NL,speieju01,310000
2004,CLE,AL,martivi01,304500
2003,BAL,AL,ericksc01,7030000
1998,DET,AL,worreti01,1000000
1995,OAK,AL,helfaer01,112000
1985,SDN,NL,stoddti01,556250
2006,PIT,NL,maholpa01,328000
1990,MIN,AL,candejo01,500000
1990,ATL,NL,davisjo02,800000
2012,SEA,AL,gutiefr01,5812500
1990,PHI,NL,parreje01,650000
1987,KCA,AL,blackbu02,600000
1997,CLE,AL,lopezal02,176000
1995,LAN,NL,wallati01,2002200
1986,BOS,AL,evansdw01,1017757
2000,NYN,NL,hamptmi01,5750000
1986,TEX,AL,parrila01,560619
1990,MIN,AL,anderal02,300000
1992,TOR,AL,weathda01,121000
2000,BOS,AL,martira02,6320000
1993,FLO,NL,chiamsc01,126000
2005,SFN,NL,benitar01,4966667
2010,WAS,NL,kennead01,1250000
1999,TBA,AL,rupery01,200000
1995,TOR,AL,williwo02,175000
1993,CAL,AL,butchmi01,115000
2002,MIN,AL,romerjc01,215000
2005,COL,NL,bakerje03,316000
1995,ATL,NL,borbope02,111500
1997,PIT,NL,chrisja01,195000
1998,FLO,NL,darenvi01,170000
2010,HOU,NL,gervasa01,402500
2009,SFN,NL,winnra01,9600000
1990,CIN,NL,rodriro02,100000
2007,CLE,AL,westbja01,6100000
1985,SDN,NL,shower01,537500
1998,MIN,AL,merceor01,800000
2012,ARI,NL,drewst01,7750000
2005,BAL,AL,majewva01,316000
1987,SFN,NL,uribejo01,195000
1987,CAL,AL,bucknbi01,62500
1985,CIN,NL,redusga01,227500
2006,ARI,NL,aquingr01,342000
2009,ARI,NL,bucknbi02,403000
1991,SLN,NL,magrajo01,1025000
1992,LAN,NL,daviser01,3600000
2011,CHN,NL,zambrca01,18875000
1994,CIN,NL,sandere02,925000
1986,PIT,NL,walkbo01,175000
2005,CHN,NL,blanche01,1200000
2004,SLN,NL,anderma02,600000
1994,PIT,NL,vanslan01,3550000
2012,WAS,NL,derosma01,800000
1997,TEX,AL,diazal01,250000
2003,KCA,AL,ibanera01,3000000
1991,CAL,AL,finlech01,2500000
1994,HOU,NL,eusebto01,121500
2004,FLO,NL,redmomi01,840000
1999,LAN,NL,mlickda01,2250000
2009,ARI,NL,youngch04,1950000
2012,MIL,NL,dillati01,482000
1991,CAL,AL,bannifl01,250000
2004,NYA,AL,liebejo01,2700000
2007,BAL,AL,paytoja01,4500000
1990,HOU,NL,hernaxa01,102000
2009,HOU,NL,matsuka01,5500000
1986,PIT,NL,penato01,1225000
1998,NYA,AL,girarjo01,2850000
2005,TBA,AL,cantujo01,316900
1990,CIN,NL,brownke02,100000
2005,MIL,NL,bottari01,800000
1991,CAL,AL,valenfe01,300000
1999,TEX,AL,zaungr01,450000
1990,LAN,NL,samueju01,1350000
1999,DET,AL,anderma01,240000
1997,PHI,NL,jordake01,175000
1996,CAL,AL,sprinde01,150000
2009,ATL,NL,glavito02,1000000
2001,TOR,AL,escobke01,1500000
1991,LAN,NL,ojedabo01,1633333
2004,PIT,NL,davisjj01,300000
1990,NYA,AL,lapoida01,850000
2001,TOR,AL,quantpa01,1800000
2006,NYA,AL,posadjo01,12000000
2004,KCA,AL,reyesde01,550000
1996,LAN,NL,blowemi01,2300000
1985,OAK,AL,birtsti01,60000
2005,OAK,AL,byrneer01,2200000
2011,SFN,NL,garcija01,1300000
1994,FLO,NL,hernaje02,185000
1997,PIT,NL,martial03,2266667
2004,CHN,NL,clemema01,6000000
2008,MIN,AL,sloweke01,395000
1993,SFN,NL,lewisda01,172500
2004,CHN,NL,borowjo01,2000000
2001,BOS,AL,garceri01,1375000
2004,LAN,NL,shueypa01,3916667
1998,SDN,NL,micelda01,750000
2012,SFN,NL,sanchfr01,6000000
1989,SDN,NL,benesan01,68000
2001,TBA,AL,juddmi01,208000
2008,DET,AL,sheffga01,13326306
2001,TOR,AL,borbope02,1500000
1990,TEX,AL,kunkeje01,140000
2009,ARI,NL,davisdo02,8750000
2005,HOU,NL,scottlu01,316000
1993,FLO,NL,brilegr01,109000
1998,TEX,AL,helliri01,216500
1994,FLO,NL,diazma01,150000
1997,ML4,AL,mcdonbe01,5000000
2009,SFN,NL,sandopa01,401750
2006,ARI,NL,grimsja01,825000
2001,SFN,NL,estessh01,4725000
1999,TEX,AL,kolbda01,200000
1995,OAK,AL,aldremi01,430000
2007,LAA,AL,figgich01,3500000
1995,CHA,AL,mccaski01,940000
1997,CIN,NL,graveda01,160000
1988,PIT,NL,breamsi01,360000
1997,CIN,NL,eischjo01,215000
2008,NYN,NL,wisema01,1200000
1999,LAN,NL,juddmi01,205000
1993,ATL,NL,kleskry01,109000
1998,KCA,AL,servisc01,230000
1999,HOU,NL,melusmi01,200000
1998,MIL,NL,smithtr01,170000
2008,SDN,NL,edmonji01,8000000
1985,ATL,NL,oberkke01,616667
1995,MON,NL,floydcl01,145000
1993,ATL,NL,smoltjo01,2700000
1994,NYA,AL,howest01,2100000
2001,ATL,NL,marquja01,205000
1988,BOS,AL,riceji01,2214865
2011,CLE,AL,talbomi01,431700
2008,OAK,AL,foulkke01,700000
2009,WAS,NL,johnsni01,5500000
2007,MIL,NL,vargacl01,2500000
2005,BOS,AL,damonjo01,8250000
2008,KCA,AL,dejesda01,2500000
2007,SEA,AL,whitese02,380000
2006,TEX,AL,koronjo01,329000
1994,COL,NL,paintla01,120000
1990,TOR,AL,wilsomo01,1125000
1994,SDN,NL,davisma01,400000
1997,NYA,AL,boggswa01,2000000
1996,PIT,NL,ruebema01,109000
1999,CHA,AL,carusmi01,275000
1993,TOR,AL,greensh01,109000
1985,BOS,AL,ojedabo01,240000
1999,SLN,NL,mcewijo01,200000
1998,DET,AL,thompju02,400000
2001,SLN,NL,chrisja01,1600000
2009,LAA,AL,arredjo01,410000
1986,SDN,NL,templga01,1103018
2011,MIN,AL,bakersc02,5000000
1998,PHI,NL,leitema01,2000000
1999,BAL,AL,deshide01,3719758
2003,FLO,NL,nunezab02,300000
2004,TBA,AL,sosajo02,312500
1995,HOU,NL,powelro01,115000
2007,CLE,AL,nixontr01,3000000
1992,SEA,AL,lennopa01,109000
2010,NYA,AL,johnsni01,5500000
1991,DET,AL,salasma01,450000
1994,MIN,AL,trombmi01,175000
1995,MON,NL,santafp01,109000
1999,BOS,AL,gordoto01,3750000
1992,CAL,AL,fitzgmi02,350000
2002,BOS,AL,garceri01,2200000
2009,NYN,NL,murphda08,401000
2001,SLN,NL,hackmlu01,200000
1986,BAL,AL,youngmi01,387500
1985,KCA,AL,mcraeha01,800000
2000,TBA,AL,martida01,2000000
2010,DET,AL,ingebr01,6600000
1993,DET,AL,fieldce01,4262500
1994,CHA,AL,bereja01,170000
1995,PHI,NL,willimi03,130000
1989,MON,NL,heskejo01,417000
1985,TOR,AL,mullira01,325000
2002,PHI,NL,mabryjo01,500000
1991,BAL,AL,seguida01,106000
1992,BOS,AL,marzajo01,350000
1989,KCA,AL,seitzke01,340000
1995,OAK,AL,johnsdo04,109000
2007,PIT,NL,perezju01,380000
2010,SFN,NL,sandopa01,465000
1990,SLN,NL,wilsocr01,100000
2003,ARI,NL,womacto01,6000000
2007,BOS,AL,pedrodu01,380000
2012,MIL,NL,gonzaal02,3500000
1999,HOU,NL,johnsru01,205000
2012,SFN,NL,garcija01,2200000
1996,ML4,AL,stinnke01,147500
2002,NYA,AL,hernaor01,3200000
2003,DET,AL,santira01,307000
1995,NYN,NL,orsuljo01,894445
2012,TBA,AL,johnsel02,486100
1990,LAN,NL,crewsti01,215000
1994,PHI,NL,judenje01,109000
1999,CHA,AL,durhara01,3400000
2002,COL,NL,littlma01,250000
1990,SFN,NL,anderda02,500000
1996,CAL,AL,langsma01,5000000
2003,MIL,NL,leskacu01,3700000
2006,LAA,AL,carrahe01,2600000
1997,SDN,NL,livinsc01,600000
1995,KCA,AL,rasmude01,185000
2000,SDN,NL,gonzawi01,208000
1996,OAK,AL,telghda01,147500
1985,BOS,AL,kisonbr01,370000
1998,MIL,NL,vinafe01,1100000
1993,PIT,NL,neaglde01,140000
1993,KCA,AL,howarda02,193000
1987,NYN,NL,backmwa01,550000
2008,FLO,NL,deazaal01,390000
2004,ATL,NL,almanar01,500000
2009,WAS,NL,gonzaal03,400000
1988,LAN,NL,stubbfr01,235000
1999,BAL,AL,ryanbj01,200000
1993,MIN,AL,aguilri01,2433333
1998,MON,NL,perezca01,1500000
2002,NYA,AL,choatra01,223350
1989,LAN,NL,penaal01,875000
2012,SEA,AL,beavabl01,486500
2012,LAA,AL,harenda01,12750000
2008,BOS,AL,papeljo01,775000
1993,LAN,NL,ashlebi01,124000
1985,CAL,AL,boonebo01,883000
1995,OAK,AL,leipeda01,195000
1994,LAN,NL,hernaca01,265000
2004,PIT,NL,wilsoja02,1850000
1988,PIT,NL,ortizju01,250000
1999,CLE,AL,jacksmi02,2100000
1999,PHI,NL,anderma02,200000
1989,BOS,AL,riverlu01,105000
2008,DET,AL,thomacl02,390000
1990,MIN,AL,casiala01,100000
1999,SEA,AL,willito02,201500
1995,NYN,NL,floredo01,109000
1991,MIN,AL,ericksc01,143500
1988,SFN,NL,melvibo01,145000
2002,ATL,NL,mossda01,215000
1986,LAN,NL,cabelen01,450000
1988,DET,AL,bergmda01,360000
2008,PIT,NL,snellia01,435000
2008,SEA,AL,oflaher01,400000
1999,SDN,NL,boehrbr01,275000
2008,BOS,AL,drewjd01,14000000
2007,MIN,AL,bartlja01,405000
1998,CHN,NL,woodke02,170000
1993,CLE,AL,youngcl01,125000
2005,NYA,AL,rodrial01,26000000
1989,SDN,NL,parenma01,100000
1994,NYN,NL,seguida01,550000
1991,HOU,NL,scottmi03,2412500
1985,TEX,AL,wrighge03,400000
2007,TBA,AL,jacksed01,392300
1990,TEX,AL,rogerke01,140000
2011,NYA,AL,jonesan01,1500000
1996,MON,NL,seguida01,1550000
1992,PHI,NL,searcst01,175000
2001,FLO,NL,millake01,700000
2001,CHA,AL,glovega01,200000
2005,TOR,AL,zaungr01,950000
1998,PHI,NL,jordake01,230000
2000,LAN,NL,hollato01,1450000
2011,SLN,NL,frankry01,3250000
2006,TOR,AL,riosal01,354000
1991,OAK,AL,burnsto02,325000
1990,KCA,AL,gordoto01,185000
1997,ATL,NL,clontbr01,245000
1997,CHA,AL,eyresc01,150000
1993,SEA,AL,cummijo01,109000
2002,MIL,NL,queveru01,252500
1993,FLO,NL,renteri01,109000
2001,KCA,AL,coganto01,200000
2012,CIN,NL,smithjo06,480000
2002,SLN,NL,timlimi01,5250000
1999,CLE,AL,goodedw01,2637500
1993,SLN,NL,perezmi01,175000
2001,ANA,AL,kennead01,280000
1993,ATL,NL,howelja01,1000000
1988,SDN,NL,hawkian01,453000
1992,SEA,AL,cochrda01,162000
2006,COL,NL,carroja01,700000
2009,SEA,AL,balenwl01,405000
2002,NYN,NL,weathda01,1833333
2012,BOS,AL,sweenry01,1750000
2000,SLN,NL,mohlemi01,690000
2005,TBA,AL,leetr01,1300000
2006,HOU,NL,laneja01,450000
2001,FLO,NL,burneaj01,250000
1987,PIT,NL,fishebr01,180000
1995,CAL,AL,leftwph01,135000
2002,CIN,NL,booneaa01,2100000
1997,CIN,NL,bonesri01,350000
1998,ARI,NL,stinnke01,275000
2002,MON,NL,mordemi01,500000
1988,SEA,AL,wilsogl01,850000
1987,MIN,AL,gaettga01,950000
1988,PHI,NL,tekulke01,850000
1989,CIN,NL,mahleri01,790000
1987,ATL,NL,nettlgr01,219500
2006,TEX,AL,wilkebr01,3900000
2007,KCA,AL,greinza01,407000
2002,PHI,NL,ledeeri01,750000
2009,MIL,NL,suppaje01,12750000
2008,ATL,NL,glavito02,8000000
2005,HOU,NL,wheelda01,365000
1995,NYN,NL,brognri01,125000
2011,MIL,NL,hawkila01,4250000
2009,NYA,AL,molinjo01,2125000
1992,OAK,AL,mooremi01,3500000
1999,FLO,NL,fernaal01,7000000
1996,ML4,AL,eldreca01,712000
1996,PHI,NL,eisenji01,1200000
1999,MON,NL,widgech01,900000
1992,DET,AL,livinsc01,120000
2002,KCA,AL,grimsja01,1900000
2008,FLO,NL,mitrese01,1200000
1990,DET,AL,hennemi01,335000
1993,CLE,AL,mlickda01,109000
2001,SFN,NL,hernali01,3025000
1986,ML4,AL,sveumda01,60000
2003,DET,AL,marotmi01,309000
2007,CHN,NL,leede02,13250000
1997,CIN,NL,rijojo01,6150000
1996,PHI,NL,beechma01,109000
2010,BOS,AL,bardda01,415500
2002,PHI,NL,bottari01,1500000
1995,SDN,NL,hamiljo02,170000
1985,BOS,AL,easlemi01,650000
1997,ANA,AL,langsma01,4000000
2010,ATL,NL,chaveje01,415000
1996,COL,NL,thompma01,145000
1995,SFN,NL,hillgl01,800000
2009,KCA,AL,olivomi01,2700000
1987,LAN,NL,landrke01,737500
1999,NYA,AL,davisch01,4333333
1986,BAL,AL,shelbjo01,240000
1991,CHN,NL,vizcajo01,114000
2006,BOS,AL,tavarju01,3350000
2010,SDN,NL,gonzaad01,4875000
2012,MIA,NL,bonifem01,2200000
2009,CIN,NL,cordefr01,12125000
2007,CIN,NL,moellch01,700000
1986,MIN,AL,espinal01,60000
1995,NYN,NL,bogarti01,165000
1995,PIT,NL,hopejo01,109000
2009,ATL,NL,jonesch06,10000000
2006,NYN,NL,wagnebi02,10500000
1996,SFN,NL,delucri01,475000
2012,CIN,NL,lecursa01,487500
2001,CLE,AL,finlech01,9666667
2003,CHN,NL,gonzaal01,5750000
1990,SLN,NL,pendlte01,1850000
2005,SFN,NL,schmija01,8187500
2006,MIN,AL,whitero02,2500000
1998,BOS,AL,jeffere01,3200000
2011,OAK,AL,bartoda02,425000
1991,OAK,AL,weisswa01,780000
1986,CHA,AL,bostoda01,68000
2003,PHI,NL,myersbr01,300000
1990,CHN,NL,sandbry01,1550000
1995,CLE,AL,winfida01,600000
2003,SLN,NL,martiti02,7500000
2003,MON,NL,carroja01,300000
1998,KCA,AL,belchti01,2300000
1994,CLE,AL,vizquom01,2350000
2006,KCA,AL,bakopa01,700000
2010,WAS,NL,dunnad01,12000000
1988,ATL,NL,roeniga01,380000
1986,TEX,AL,buechst01,85000
2000,SLN,NL,lankfra01,7600000
2000,CHA,AL,wellsbo01,210000
2011,LAN,NL,gibboja01,650000
2001,BAL,AL,kohlmry01,230000
2004,ANA,AL,guilljo01,2200000
2003,PIT,NL,bensokr01,4300000
2007,COL,NL,hirshja01,381000
1993,ML4,AL,lloydgr01,109000
1995,CAL,AL,bielemi01,160000
1990,CAL,AL,ortonjo01,100000
2002,NYA,AL,soriaal01,630000
2003,MIL,NL,delosva01,925000
1990,MON,NL,santone01,205000
2007,CIN,NL,stantmi02,2000000
1994,NYN,NL,vizcajo01,850000
2001,PIT,NL,mearepa01,3790000
1995,SEA,AL,martied01,3591367
1993,CLE,AL,bielemi01,500000
2003,TBA,AL,shumpte01,300000
1997,SLN,NL,gantro01,4500000
1987,MON,NL,wallati01,765000
1987,CIN,NL,stillku01,80000
1985,SEA,AL,bonneba01,437500
2002,PIT,NL,lincomi01,267500
2003,ARI,NL,kimby01,3250000
2004,FLO,NL,lowelmi01,6500000
2008,TBA,AL,howeljp01,397400
2006,PIT,NL,torresa01,1525000
2011,MIN,AL,blackni01,3000000
2009,MIL,NL,bushda01,4000000
2004,CIN,NL,castrju01,1000000
1986,ATL,NL,olwined01,60000
1993,ATL,NL,justida01,1875000
1986,OAK,AL,codirch01,270000
1989,PHI,NL,mcwilla01,68000
1999,NYA,AL,clemero02,8250000
2008,COL,NL,jimenub01,392000
1998,TOR,AL,crespfe01,185000
1994,SFN,NL,philljr01,115000
1997,ANA,AL,mayda02,150000
2009,NYA,AL,marteda01,3750000
2003,ANA,AL,wisema01,302500
2000,SLN,NL,mathemi01,750000
1991,TEX,AL,bohanbr01,105000
2008,KCA,AL,teahema01,2337500
2003,NYA,AL,hammoch01,2200000
2000,MIL,NL,lopezlu02,775000
2007,DET,AL,ordonma01,13200000
1994,OAK,AL,aldremi01,430000
1995,PHI,NL,longmto01,109000
2007,MIN,AL,kubelja01,387500
2006,BOS,AL,foulkke01,7750000
2000,NYA,AL,bellicl01,206650
2007,LAA,AL,colonba01,16000000
1985,PHI,NL,grosske01,140000
2009,NYN,NL,odayda01,406000
1999,CIN,NL,johnsbr01,775000
1996,HOU,NL,wilkiri01,1550000
1994,KCA,AL,milleke01,700000
1998,BAL,AL,charlno01,650000
1993,DET,AL,munozmi01,180000
1993,ML4,AL,valenjo03,109000
1991,ML4,AL,gantnji01,1000000
2005,TBA,AL,brazede01,1124000
2007,LAA,AL,rodrifr03,7000000
2002,SLN,NL,williwo02,7300000
2008,WAS,NL,booneaa01,1000000
1990,SEA,AL,goffje01,100000
1999,MON,NL,mooretr01,207500
1993,SEA,AL,sassema01,475000
1999,BOS,AL,lewisda01,2100000
2009,OAK,AL,anderbr04,400000
1994,TEX,AL,hurstja01,109000
1992,BAL,AL,flanami01,600000
1986,CIN,NL,willica01,70000
2004,ANA,AL,erstada01,7750000
2008,TOR,AL,coatsbu01,392100
1996,MIN,AL,stahosc01,140000
1996,DET,AL,olivaom01,505000
1994,CHN,NL,veresra01,160000
2003,BOS,AL,ramirma02,20000000
2003,MON,NL,stewasc01,327000
1992,BOS,AL,hoype01,109000
1996,HOU,NL,hudekjo01,210000
2003,TBA,AL,harpetr01,300000
1986,SDN,NL,garvest01,1250000
1987,SLN,NL,tunnele01,62500
2006,ARI,NL,byrneer01,2250000
2010,SEA,AL,langery01,525000
1993,NYA,AL,keyji01,4900000
2001,LAN,NL,loducpa01,230000
2010,NYA,AL,rodrial01,33000000
1995,SLN,NL,coopesc01,1525000
2007,ATL,NL,soriara01,1200000
2007,OAK,AL,streehu01,380000
1997,HOU,NL,abreubo01,150000
1995,SLN,NL,henketo01,2325000
1991,BOS,AL,kieckda01,167500
2005,TBA,AL,seaybo01,325000
2005,OAK,AL,streehu01,316000
2011,MIL,NL,weeksri01,4500000
2011,OAK,AL,breslcr01,1400000
2002,SDN,NL,gonzawi01,350000
2007,HOU,NL,quinthu01,385000
1993,HOU,NL,caminke01,3150000
1995,ML4,AL,wegmabi01,2375000
2010,LAA,AL,ortegan01,400000
1988,ATL,NL,coffmke01,65000
1996,NYN,NL,isrinja01,169000
1985,ATL,NL,chambch01,800000
2007,SLN,NL,spiezsc01,2100000
2000,BAL,AL,mcelrch01,1450000
2005,LAA,AL,henslma01,317500
1995,CHN,NL,castifr01,250000
1988,TOR,AL,starkma01,66500
2002,NYA,AL,tessmja01,210000
1997,ML4,AL,fettemi01,1725000
1995,MIN,AL,munozos01,109000
2002,KCA,AL,ibanera01,800000
1998,BOS,AL,buforda01,460000
1997,DET,AL,johnsbr01,600000
1991,MIN,AL,leachte01,530000
2000,ARI,NL,willima04,8500000
1995,NYN,NL,cornere01,109000
1986,HOU,NL,anderla02,60000
1990,PIT,NL,bellira01,380000
1994,NYN,NL,jonesbo03,130000
1987,ATL,NL,barkele01,890000
2009,TEX,AL,bensokr01,750000
1986,MIN,AL,butchjo01,385000
1995,MIN,AL,schuler01,113000
1996,NYA,AL,strawda01,300000
1998,CIN,NL,harnipe01,300000
1997,MIN,AL,radkebr01,450000
1990,TOR,AL,liriane01,255000
1986,OAK,AL,bochtbr01,572500
2000,MIL,NL,moutoja01,260000
1999,CIN,NL,lewisma01,500000
2003,SLN,NL,paintla01,575000
1986,SLN,NL,smithoz01,1940000
2003,MIN,AL,pierzaj01,365000
1995,ATL,NL,bedrost01,750000
2010,CHN,NL,ramirar01,16750000
1998,ARI,NL,milleda02,177500
1999,SLN,NL,mcgeewi01,1000000
1987,BAL,AL,dixonke01,155000
1990,SLN,NL,wallide01,500000
1999,COL,NL,shumpte01,220000
2003,TBA,AL,huffau01,325000
1996,MIN,AL,rodrifr02,137500
1998,CHA,AL,frazilo01,170000
2006,ATL,NL,mcbrima01,332000
2000,FLO,NL,floydcl01,4500000
2002,ARI,NL,anderbr02,5375000
1994,PHI,NL,slocuhe01,185000
1994,PHI,NL,moranmi01,750000
2001,NYN,NL,appieke01,8500000
1987,HOU,NL,scottmi03,691667
2010,ARI,NL,montemi01,2000000
1990,SEA,AL,youngma01,587000
2012,ATL,NL,oflaher01,2490000
2007,CHN,NL,guzmaan01,384000
1986,CAL,AL,romanro01,425000
1992,SLN,NL,oquenjo01,2050000
1987,HOU,NL,wallide01,595000
1985,CAL,AL,jacksre01,1058894
2008,LAA,AL,rodrifr03,10000000
1999,TOR,AL,escobke01,350000
2010,SLN,NL,schumsk01,2000000
1986,MON,NL,lawva01,450000
1995,BAL,AL,moyerja01,1100000
1994,ATL,NL,hillmi01,158000
1994,PIT,NL,deweyma01,140000
1997,KCA,AL,roberbi01,1950000
2007,COL,NL,kimby01,2500000
2008,TOR,AL,thomafr04,12560000
1996,FLO,NL,whitede03,3000000
2002,PIT,NL,lowese01,950000
2007,CLE,AL,sabatcc01,8750000
2008,KCA,AL,ramirra02,397000
1995,BAL,AL,mussimi01,2925000
1989,BAL,AL,tibbsja01,175000
1997,ML4,AL,cirilje01,350000
1997,CHA,AL,baineha01,1925000
2005,KCA,AL,pickeca01,323500
1998,MON,NL,stovada01,170000
1986,HOU,NL,hatchbi01,80000
1999,TBA,AL,santaju01,272500
1994,NYA,AL,abbotji01,2775000
1993,OAK,AL,henderi01,3550000
1990,LAN,NL,hamilje01,465000
2012,OAK,AL,balfogr01,4000000
1999,DET,AL,nitkocj01,300000
1987,PIT,NL,bellira01,130000
2012,NYA,AL,nunezed02,523800
2010,OAK,AL,duchsju01,1750000
1998,NYA,AL,martiti02,4300000
2005,ARI,NL,valvejo01,335000
1994,OAK,AL,mohlemi01,115000
2007,CHN,NL,hillri01,400000
1986,MIN,AL,hrbekke01,1060000
2002,HOU,NL,wardda01,375000
2002,CLE,AL,perezed02,500000
1995,KCA,AL,bordepa01,310000
1988,KCA,AL,saberbr01,1100000
2003,NYN,NL,cerdaja01,300000
1989,SFN,NL,clarkwi02,1125000
2006,LAN,NL,martira03,600000
2012,WAS,NL,stammcr01,485000
2005,WAS,NL,guzmacr01,4200000
1988,TOR,AL,bordepa01,62500
1999,NYA,AL,nelsoje01,1816666
2003,MIL,NL,vizcalu01,370000
2011,SLN,NL,westbja01,8000000
1990,DET,AL,aldresc01,100000
2007,HOU,NL,oswalro01,13000000
1986,CHA,AL,allenne01,900000
1998,MIL,NL,hamelbo01,450000
1996,MIN,AL,aguilri01,3500000
2007,MIN,AL,reyesde01,1000000
1999,OAK,AL,mcdonja02,222500
2002,SFN,NL,felizpe01,222000
1995,OAK,AL,harkemi01,325000
1986,CIN,NL,powerte01,500000
1994,ML4,AL,fettemi01,400000
1999,LAN,NL,dreifda01,1900000
1988,NYA,AL,allenne01,250000
1986,MIN,AL,smithmi03,450000
2011,CHN,NL,colvity01,440000
2009,FLO,NL,nolasri01,2400000
1994,MIN,AL,coleal01,375000
1991,TOR,AL,leema02,712500
2002,KCA,AL,steinbl01,1350000
2000,ANA,AL,turnbde01,200000
2001,TOR,AL,parrist01,2275000
1998,SEA,AL,seguida01,2350000
2011,CLE,AL,perezra01,1330000
1987,MON,NL,johnswa03,62500
2006,NYN,NL,glavito02,9993640
1986,OAK,AL,ontivst02,88000
2000,CHN,NL,molinjo01,205000
2003,SEA,AL,frankry01,425000
2001,TOR,AL,thompan02,200000
1991,PHI,NL,thondi01,1250000
1991,NYA,AL,meulehe01,120000
1991,CHN,NL,smithda02,1900000
1991,OAK,AL,mcgwima01,2850000
2011,KCA,AL,tejedro01,1550000
2002,CIN,NL,taylore01,200000
1987,LAN,NL,duncama01,150000
2006,LAA,AL,cabreor01,7500000
2009,WAS,NL,belliro01,1900000
2002,FLO,NL,owenser01,2166667
1996,HOU,NL,milleor01,205000
2008,CIN,NL,belisma01,1250000
1988,TOR,AL,mosebll01,857500
2012,CIN,NL,madsory01,5897691
1988,ATL,NL,rungepa01,107500
2000,FLO,NL,martisa01,318000
2009,PHI,NL,felizpe01,5000000
2010,CIN,NL,milesaa01,2700000
2000,ATL,NL,mcmicgr01,350000
2012,ARI,NL,goldspa01,482000
2004,TEX,AL,ramirer01,303750
2000,COL,NL,aybarma01,270000
2007,TEX,AL,wilsocj01,391043
2004,LAN,NL,coraal01,1300000
2005,TBA,AL,phelpjo01,800000
1991,NYN,NL,darliro01,1966667
2002,COL,NL,hollato01,2750000
1999,BOS,AL,hattesc01,350000
2005,BAL,AL,juliojo01,2500000
1986,BAL,AL,boddimi01,837500
1986,SLN,NL,hortori01,275000
2012,WAS,NL,desmoia01,512500
1994,TOR,AL,williwo02,150000
2006,SFN,NL,benitar01,6271206
1997,LAN,NL,karroer01,4500000
2004,PHI,NL,michaja01,335000
1999,BOS,AL,garcino01,1400000
1989,MON,NL,raineti01,2104889
1990,BOS,AL,kieckda01,100000
2009,MIL,NL,juliojo01,950000
2001,ANA,AL,wootesh01,200500
2004,SLN,NL,morrima01,12500000
2000,TEX,AL,curtich01,2000000
2010,FLO,NL,rossco01,4450000
2008,CHN,NL,sotoge01,401000
2002,TEX,AL,rodrial01,22000000
2006,CHN,NL,maddugr01,9000000
1989,SEA,AL,waltege01,120000
2009,SDN,NL,kouzmke01,432400
1987,ML4,AL,crimch01,62500
2009,OAK,AL,outmajo01,400000
1986,CIN,NL,jonestr01,60000
1994,SEA,AL,buhneja01,4350000
2011,CHN,NL,castrst01,440000
1986,LAN,NL,bailobo01,375000
1993,PHI,NL,schilcu01,1025000
1996,CAL,AL,dicksja01,109000
1986,SFN,NL,thompro01,60000
2004,BOS,AL,arroybr01,332500
1995,LAN,NL,seaneru01,350000
1999,MIL,NL,jenkige01,216000
2011,HOU,NL,fulchje01,467000
2006,MIL,NL,capeljo01,330000
1997,ATL,NL,glavito02,5050000
2002,OAK,AL,lidleco01,2550000
1994,SLN,NL,perezmi01,200000
1999,CHN,NL,tapanke01,3500000
1988,SEA,AL,langsma01,820000
1994,BAL,AL,smithle02,2025000
1986,SEA,AL,beattji01,575000
1995,ATL,NL,stantmi02,1500000
2008,LAN,NL,broxtjo01,454000
1985,TOR,AL,burroje01,350000
2003,LAN,NL,nomohi01,7750000
1989,BOS,AL,hetzeer01,68000
1999,ARI,NL,milleda02,240000
1999,SLN,NL,osbordo01,5080000
2009,SFN,NL,martijo07,400000
2005,CHA,AL,konerpa01,8750000
2004,COL,NL,walkela01,12666667
1996,CIN,NL,perezed01,140000
2000,SDN,NL,walldo01,700000
1992,ML4,AL,mcintti01,109000
1989,CAL,AL,schrobi01,372500
1991,CIN,NL,saboch01,1250500
1995,MON,NL,fasseje01,1500000
1997,SDN,NL,joynewa01,3800000
1995,MON,NL,cordewi01,315000
1991,PHI,NL,bookero01,140000
2007,SEA,AL,batismi01,6000000
2001,ATL,NL,seelbch02,200000
2004,BAL,AL,osikke01,500000
2009,SLN,NL,mccleky01,411000
2004,CHN,NL,sosasa01,16000000
1995,MON,NL,heredgi01,210000
2005,SEA,AL,mechegi01,2535000
1999,MON,NL,andresh01,1250000
1996,CIN,NL,taubeed01,625000
1985,CHA,AL,nelsoge01,110000
2006,BOS,AL,seaneru01,1900000
1994,BOS,AL,ryanke01,180000
1996,PHI,NL,fernasi01,650000
2002,CLE,AL,burksel01,6666667
1993,ML4,AL,surhobj01,2530000
1992,SFN,NL,claytro01,109000
1999,HOU,NL,willibr01,375000
2000,HOU,NL,barkegl01,255000
1996,MIN,AL,knoblch01,4670000
2006,TOR,AL,tallebr01,327000
1989,CHA,AL,hibbagr01,68000
1995,COL,NL,burksel01,3333333
2012,MIN,AL,cappsma01,4500000
1992,DET,AL,rowlari01,120000
1995,COL,NL,niedda01,275000
1989,MON,NL,martida01,185000
2009,NYA,AL,cabreme01,1400000
1998,KCA,AL,rapppa01,800000
2008,TEX,AL,wilsocj01,417460
1989,DET,AL,morelke01,1483333
1989,BOS,AL,boydoi01,550000
2000,CLE,AL,alomaro01,7196656
2012,TOR,AL,vizquom01,750000
2006,ARI,NL,valvejo01,359000
2002,COL,NL,hamptmi01,9503543
1995,KCA,AL,hiattph01,150000
1990,TEX,AL,stanlmi02,115000
2006,OAK,AL,chaveer01,9500000
2011,MIL,NL,gomezca01,1500000
2012,SDN,NL,alonsyo01,1400000
2007,ARI,NL,nippedu01,380000
1995,CHA,AL,martida01,650000
2007,NYA,AL,pettian01,16000000
2007,TEX,AL,blaloha01,4800000
1999,FLO,NL,mantema01,735000
2006,CHN,NL,woodke02,12000000
1994,CAL,AL,turnech01,125000
1997,CLE,AL,mesajo01,1947223
1986,CHA,AL,guilloz01,150000
1991,ATL,NL,parreje01,855000
2003,OAK,AL,bowiemi01,304000
1999,COL,NL,clemeed02,202000
1993,NYN,NL,hundlto01,195000
1993,CLE,AL,sorrepa01,350000
2001,NYN,NL,reedri01,6750000
1996,SDN,NL,reedjo01,1000000
1993,BAL,AL,seguida01,237500
1998,LAN,NL,vizcajo01,3000000
1996,NYN,NL,byrdpa01,123000
2002,SLN,NL,mathemi01,2500000
1992,BOS,AL,plantph01,200000
1992,ATL,NL,blausje01,940000
2002,CHN,NL,patteco01,227500
1998,BAL,AL,millsal01,1000000
2009,TEX,AL,wilsocj01,1850000
1999,LAN,NL,mondera01,9000000
1987,LAN,NL,hillesh01,62500
2006,SFN,NL,sweenma01,850000
2007,DET,AL,rodriiv01,10567639
2007,CHA,AL,dyeje01,7500000
2010,CHN,NL,marmoca01,2125000
1998,FLO,NL,knorrra01,250000
2008,ARI,NL,harenda01,4050000
1996,BOS,AL,wakefti01,450000
1989,HOU,NL,reynocr01,600000
1999,TEX,AL,palmera01,8849931
1997,COL,NL,burksel01,4000000
1995,CAL,AL,perezed01,135000
2003,OAK,AL,zitoba01,1000000
1995,COL,NL,reedst01,265000
1995,NYN,NL,byrdpa01,109000
2005,NYA,AL,sturtta01,850000
1989,ATL,NL,jamesdi01,400000
1987,ML4,AL,molitpa01,1260000
1998,COL,NL,reedje02,1500000
2005,SDN,NL,hammoch01,750000
1991,SEA,AL,jacksmi02,700000
1997,MON,NL,daalom01,550000
1994,LAN,NL,butlebr01,3500000
2002,CLE,AL,vizquom01,4500000
1999,ARI,NL,willima04,8100000
2003,SEA,AL,garcifr02,6875000
2004,ATL,NL,larocad01,300000
2000,HOU,NL,spierbi01,1700000
2009,CLE,AL,delluda01,4000000
1996,CHA,AL,karkoro01,2225000
1993,NYN,NL,bonilbo01,6200000
1995,CAL,AL,anderga01,114000
1993,BOS,AL,quintca01,340000
1985,PIT,NL,orsuljo01,60000
1999,FLO,NL,castrra01,200000
2002,FLO,NL,tejermi01,201000
2011,CIN,NL,cuetojo01,3400000
2004,MIL,NL,overbly01,326000
2004,ATL,NL,hamptmi01,14625000
1988,CLE,AL,hallme01,725000
2004,KCA,AL,sullisc01,2100000
1995,OAK,AL,eckerde01,2861113
1989,PHI,NL,jeltzst01,260000
1996,OAK,AL,brosisc01,970000
2012,ATL,NL,hudsoti01,9000000
2007,OAK,AL,piazzmi01,8500000
1990,NYA,AL,hallme01,1100000
1990,SDN,NL,cartejo01,1866667
1992,SFN,NL,basske01,2000000
1998,BOS,AL,oleartr01,2400000
1987,LAN,NL,reussje01,1100000
1999,CIN,NL,neaglde01,4750000
1993,DET,AL,groombu01,120000
2003,BAL,AL,matthga02,900000
1999,PIT,NL,phillja03,200000
2001,NYN,NL,cookde01,2400000
1986,TEX,AL,porteda02,162500
2002,CHN,NL,hundlto01,6500000
1990,CAL,AL,mintogr01,850000
1986,SEA,AL,reedje01,81500
1996,TEX,AL,mclemma01,1225000
2002,BOS,AL,mirabdo01,650000
2006,ARI,NL,greenan01,330000
2011,DET,AL,ingebr01,5500000
2007,FLO,NL,johnsjo09,382000
1996,TEX,AL,hennemi01,1519681
1989,TEX,AL,daughja01,68000
1988,NYA,AL,washicl01,480000
2000,CLE,AL,wittbo01,550000
2000,CHN,NL,lorraan01,245000
2009,KCA,AL,costash01,411000
1992,CLE,AL,ottoda01,300000
1995,COL,NL,ruffibr01,1000000
1997,NYN,NL,lidleco01,150000
2000,ANA,AL,molinbe01,210000
1994,NYN,NL,telghda01,135000
1996,ATL,NL,mordemi01,135000
2010,DET,AL,damonjo01,8000000
1999,FLO,NL,hernali01,1875000
1998,KCA,AL,coninje01,2240000
1996,TEX,AL,newsowa01,250000
1997,CHN,NL,piscima01,150000
1999,CHN,NL,hernajo01,2400000
1985,NYN,NL,knighra01,560000
2011,COL,NL,giambja01,1000000
1991,MIN,AL,gladdda01,1100000
2009,NYA,AL,penara02,400000
1992,TOR,AL,tablepa01,900000
1990,SDN,NL,hernaje02,100000
1993,HOU,NL,portuma01,2095000
1995,FLO,NL,diazma01,225000
2010,KCA,AL,podsesc01,1650000
1995,SFN,NL,portuma01,3377778
1990,TEX,AL,manonra01,100000
1992,CHA,AL,guilloz01,1900000
1997,LAN,NL,valdeis01,900000
1985,ML4,AL,mcclubo01,480000
2010,TBA,AL,balfogr01,2050000
1998,TEX,AL,hernaxa01,1000000
1987,PIT,NL,robinje01,180000
1988,CHA,AL,redusga01,460000
2003,CHA,AL,colonba01,8250000
2008,HOU,NL,wrighwe01,390000
1999,PHI,NL,byrdpa01,297500
1990,PIT,NL,garcica01,100000
1998,SDN,NL,ashbyan01,4125000
1993,SFN,NL,claytro01,155000
2005,ARI,NL,webbbr01,715000
1986,HOU,NL,ryanno01,1125000
2003,NYN,NL,shinjts01,600000
2000,PHI,NL,schrest01,210000
2003,SLN,NL,rolensc01,7625000
2008,DET,AL,rodriiv01,12379883
1988,LAN,NL,havenbr01,185000
1997,PHI,NL,blaziro01,150000
2007,LAA,AL,speieju01,3750000
2002,BAL,AL,riverlu02,205000
2006,SFN,NL,aloumo01,5827974
1986,NYN,NL,corcoti01,220000
1994,TEX,AL,brownke01,4225000
1998,NYA,AL,pettian01,3800000
2008,DET,AL,seaybo01,780000
2005,SEA,AL,thornma01,323000
2001,ATL,NL,maddugr01,12500000
1994,MIN,AL,guthrma01,875000
1990,NYN,NL,penaal01,975000
1994,BAL,AL,klingsc01,109000
1988,DET,AL,lemonch01,828571
2007,OAK,AL,kieltbo01,2100000
1996,CAL,AL,holzema01,117500
1987,OAK,AL,cansejo01,180000
2005,TBA,AL,perezed01,950000
1995,TOR,AL,cedendo01,140000
2001,CIN,NL,riedljo01,214000
2011,WAS,NL,zimmery01,9025000
1991,BOS,AL,reardje01,2533333
2003,HOU,NL,huntebr02,1200000
1998,CLE,AL,loftoke01,7550000
1998,MON,NL,mcguiry01,185000
1995,FLO,NL,gardnma01,375000
1986,ML4,AL,oglivbe01,766593
1997,HOU,NL,wagnebi02,185000
1990,HOU,NL,simmsmi01,100000
2011,ATL,NL,oflaher01,895000
2001,CIN,NL,winchsc01,202000
1990,CLE,AL,jamesdi01,650000
1992,BOS,AL,coopesc01,145000
1988,PHI,NL,youngmi01,395000
1989,LAN,NL,tudorjo01,1300000
1993,SFN,NL,carrema01,300000
1995,NYA,AL,macdobo01,260000
1991,TOR,AL,gonzare01,306250
1999,ANA,AL,levinal01,208000
2001,TBA,AL,rupery01,242500
2006,HOU,NL,munsoer01,350000
1985,MIN,AL,davisro02,650000
2000,LAN,NL,olsongr01,1250000
2008,COL,NL,iannech01,396000
1989,LAN,NL,sciosmi01,1100000
2003,PIT,NL,mackoro01,322000
2004,CHA,AL,jacksmi02,500000
2008,CIN,NL,haranaa01,6750000
2000,NYN,NL,venturo01,8000000
2008,NYA,AL,hawkila01,3750000
1988,NYN,NL,darliro01,1000000
2005,TEX,AL,mahayro01,775000
2001,BOS,AL,oleartr01,4600000
1998,COL,NL,jonesbo04,170000
2001,MIN,AL,allench01,240000
2002,ANA,AL,ortizra01,575000
1998,PHI,NL,beechma01,185000
2004,TBA,AL,huffau01,2666667
1997,ANA,AL,erstada01,175000
2009,TOR,AL,barajro01,2500000
1997,KCA,AL,coopesc01,375000
1992,OAK,AL,hendeda01,2600000
2006,CHN,NL,zambrca01,6500000
1994,OAK,AL,nunezed01,430000
2003,ATL,NL,bongju01,300000
1996,CIN,NL,schoupe01,3300000
1990,ML4,AL,obriech01,150000
2002,MIN,AL,buchabr01,225000
2005,CHN,NL,walketo04,2500000
2012,SFN,NL,beltbr01,481000
1988,BOS,AL,smithle02,850000
1994,SLN,NL,perryge01,650000
2007,BOS,AL,beckejo02,6666667
2010,LAN,NL,broxtjo01,4000000
2010,SEA,AL,hannaja01,416500
2011,OAK,AL,anderbr04,1250000
2001,TOR,AL,stewash01,2183333
1987,BOS,AL,benzito01,62500
2011,SLN,NL,lohseky01,12187500
1986,CAL,AL,johnto01,440000
2004,COL,NL,hockide01,650000
1993,PIT,NL,clarkda05,180000
2005,PHI,NL,perezto03,650000
1988,ML4,AL,nieveju01,195000
2002,NYA,AL,coomero01,750000
1994,NYA,AL,leyriji01,742500
1994,MON,NL,fasseje01,315000
2007,DET,AL,roberna01,3260000
1985,MON,NL,brookhu01,550000
2010,LAA,AL,aybarer01,2050000
1995,SEA,AL,widgech01,109000
2004,TBA,AL,hallto02,320000
1993,NYN,NL,telghda01,109000
2011,HOU,NL,happja01,474000
1986,CLE,AL,candito01,80000
1997,CIN,NL,greenwi01,300000
1993,SLN,NL,crometr01,109000
2007,WAS,NL,bowiemi01,435000
2005,ARI,NL,hillko01,318000
2003,TBA,AL,zambrvi01,300000
1995,DET,AL,bohanbr01,185000
1996,TOR,AL,flenehu01,109000
2004,ATL,NL,smoltjo01,11666667
1990,MON,NL,boydoi01,400000
2008,TEX,AL,padilvi01,11000000
2000,SFN,NL,burksel01,5500000
2002,ARI,NL,donnech01,350000
1985,OAK,AL,kingmda01,1087500
1998,DET,AL,incavpe01,300000
1988,ATL,NL,olwined01,79000
2003,LAN,NL,hermach01,312500
2003,BAL,AL,hentgpa01,1200000
2005,OAK,AL,kieltbo01,875000
1989,TOR,AL,bellge02,1900000
2003,TOR,AL,filebo01,310000
2005,BOS,AL,paytoja01,3500000
1997,NYA,AL,coneda01,6666667
1998,NYA,AL,tessmja01,170000
1996,CIN,NL,kellymi02,125000
1990,OAK,AL,henderi01,2350000
1992,ML4,AL,bosioch01,2387000
2007,LAN,NL,brazoyh01,395000
2009,LAN,NL,dewitbl01,405000
2009,KCA,AL,waechdo01,640000
2010,CHN,NL,byrdma01,3000000
2000,NYN,NL,jonesbo03,5366667
2006,COL,NL,cookaa01,1250000
2005,SFN,NL,grissma02,2750000
1990,SFN,NL,garresc01,1400000
2002,ANA,AL,spiezsc01,2275000
1998,COL,NL,castivi02,5025000
2009,HOU,NL,erstada01,1750000
1992,CHN,NL,scottga01,116000
2003,KCA,AL,bergebr01,304000
2004,SLN,NL,pujolal01,7000000
2003,OAK,AL,ellisma01,307500
1988,CHN,NL,schirca01,207500
2009,SLN,NL,lohseky01,7437500
1988,DET,AL,terrewa01,665000
2001,FLO,NL,alfonan01,2450000
2001,COL,NL,karlsc01,625000
1990,MON,NL,martide01,1400000
1990,CHN,NL,dunstsh01,1250000
2009,DET,AL,treanma01,750000
1998,ANA,AL,glaustr01,170000
2000,MON,NL,joneste02,225000
2005,CHN,NL,leede02,7666667
2005,CIN,NL,weberbe01,600000
1996,CIN,NL,colemvi01,500000
1992,SEA,AL,schoomi01,800000
1985,PIT,NL,almonbi01,255000
2010,MIN,AL,hudsoor01,5000000
2002,BOS,AL,nixontr01,2700000
2009,SEA,AL,feierry01,405000
2012,COL,NL,gomezhe01,480000
2011,FLO,NL,vazquja01,7000000
1992,BOS,AL,clemero02,4705250
1993,HOU,NL,drabedo01,4250000
1993,HOU,NL,gonzalu01,360000
2005,CHA,AL,iguchta01,2300000
1994,HOU,NL,finlest01,3050000
2004,CIN,NL,kearnau01,400000
1989,BAL,AL,hickeke01,180000
1985,SDN,NL,bumbral01,160000
1985,CIN,NL,brownto05,60000
1996,SEA,AL,wellsbo01,155000
2001,TEX,AL,greerru01,4600000
1998,NYN,NL,isrinja01,220000
1991,CLE,AL,candito01,2500000
1999,CHA,AL,abbotje01,255000
1993,BOS,AL,rileser01,400000
1992,BAL,AL,ripkeca01,2100000
1998,DET,AL,jonesto02,2250000
2001,FLO,NL,pennybr01,260000
1990,PHI,NL,jeltzst01,410000
2009,KCA,AL,bloomwi01,1400000
1986,NYN,NL,johnsho01,227500
1985,HOU,NL,dawlebi01,295000
2005,FLO,NL,castilu01,5166667
2002,ATL,NL,glavito02,8623700
2005,KCA,AL,affelje01,950000
1987,KCA,AL,jonesro01,65000
2012,LAN,NL,elbersc01,488500
1986,CIN,NL,bellbu01,870000
1993,CAL,AL,sprinru01,112500
2003,SFN,NL,rueteki01,5866667
1996,KCA,AL,huismri01,118000
2011,LAN,NL,lillyte01,8166666
1999,TBA,AL,winnra01,205000
2011,LAA,AL,pettich01,414000
2010,SEA,AL,johnsro07,412500
1991,CHA,AL,thigpbo01,2418667
2005,SEA,AL,snellch02,316000
1992,NYN,NL,whitewa02,235000
2009,ARI,NL,tracych01,5000000
1998,OAK,AL,steinbl01,170000
1989,CHN,NL,ramosdo01,130000
1993,SFN,NL,scarsst01,115000
2007,BAL,AL,guthrje01,380000
2008,TOR,AL,litscje01,395800
1991,MON,NL,rojasme01,115000
1998,KCA,AL,walkeja01,205000
2011,CLE,AL,donalja01,423200
1986,OAK,AL,phillto02,300950
1991,BOS,AL,reedjo01,850000
1995,PIT,NL,loaizes01,109000
1998,CHN,NL,valdepe01,170000
2009,WAS,NL,bardjo01,1600000
1998,BOS,AL,saberbr01,3800000
2001,ATL,NL,sobkosc01,200000
1987,PHI,NL,hayesvo01,1300000
2007,SDN,NL,youngch03,600000
1989,TOR,AL,liriane01,112500
2001,NYN,NL,zeileto01,6833333
1997,NYA,AL,raineti01,1703644
1991,LAN,NL,smithgr01,125667
1993,MIN,AL,munozpe01,253600
1991,SLN,NL,clarkma01,100000
1992,SLN,NL,smithbr01,2233334
1995,SDN,NL,elliodo01,135000
2003,CHA,AL,jimenda01,345000
2008,BAL,AL,morame01,7826914
2002,CIN,NL,encarju01,1550000
2003,KCA,AL,lopezme01,300000
1985,ML4,AL,moorech02,365000
1998,OAK,AL,woodja02,170000
1993,CAL,AL,gaettga01,3000000
1990,TOR,AL,grubeke01,1150000
2002,TOR,AL,cruzjo02,3950000
1995,KCA,AL,groteje02,109000
2002,OAK,AL,longte01,675000
1994,ATL,NL,mordemi01,109000
2005,HOU,NL,palmeor01,800000
1990,LAN,NL,wettejo01,142500
2000,SDN,NL,clemema01,600000
2010,COL,NL,hawpebr01,7500000
1990,ATL,NL,henrydw01,120000
1991,MON,NL,fitzgmi02,700000
1998,PHI,NL,rolensc01,750000
1995,CHA,AL,newsowa01,200000
2005,CIN,NL,valenja01,450000
2012,CHA,AL,deazaal01,495000
2007,LAN,NL,tomkobr01,4100000
1995,NYA,AL,hitchst01,125000
1998,CLE,AL,martito02,190000
1987,CHN,NL,sundbji01,791667
1986,SDN,NL,kennete02,920000
2012,OAK,AL,weeksje01,482500
1996,KCA,AL,montgje01,2150000
2000,HOU,NL,cedenro01,2400000
1999,PHI,NL,montgst01,200000
2003,PIT,NL,wilsocr03,327000
2011,WAS,NL,lannajo01,2750000
1995,MIN,AL,mearepa01,165000
1992,SDN,NL,hernaje02,109000
2000,CLE,AL,sexsori01,247000
2007,PHI,NL,alfonan01,380000
2003,NYA,AL,liebejo01,550000
1990,BOS,AL,barrema02,1000000
1993,DET,AL,kielyjo01,140000
1998,BOS,AL,mitchke02,170000
1989,SDN,NL,rasmude01,802500
1986,BAL,AL,gutieja01,167500
2011,LAN,NL,macdomi01,500000
2006,MIL,NL,lehrju01,337000
1999,TEX,AL,kellyro01,2225000
2000,FLO,NL,almanar01,203000
1999,TBA,AL,whiteri01,255000
2011,NYA,AL,garcifr02,1500000
2004,OAK,AL,zitoba01,3000000
1995,CHN,NL,adamste01,109000
1994,FLO,NL,houghch01,800000
1989,SFN,NL,hammaat01,983334
1996,TOR,AL,greensh01,287500
1986,OAK,AL,hendest01,200000
1989,CIN,NL,griffke01,320000
2004,CHN,NL,merckke01,1200000
1992,SEA,AL,beattji01,575000
1998,KCA,AL,suttola01,172500
1997,SFN,NL,lewisma01,1664000
1987,SLN,NL,dawlebi01,275000
1996,SLN,NL,mcgeewi01,600000
2008,MIL,NL,turnbde01,3370666
1994,SEA,AL,haselbi01,175000
2005,PHI,NL,cormirh01,2250000
1998,ANA,AL,walbema01,700000
2002,SFN,NL,witasja01,1250000
2008,BAL,AL,loewead01,816000
1999,KCA,AL,febleca01,200000
1990,SFN,NL,bathebi01,120000
1999,SEA,AL,davisru01,2350000
2005,LAA,AL,prinzbr01,342322
1990,NYA,AL,eilanda01,103500
1988,SEA,AL,kingemi01,112500
2005,BOS,AL,wakefti01,4670000
1994,PHI,NL,chambwe01,350000
1991,PHI,NL,akerfda01,165000
2006,ATL,NL,betemwi01,345000
2010,SLN,NL,boggsmi01,402000
2005,MIN,AL,jonesja04,5000000
2005,HOU,NL,bagweje01,18000000
2008,PIT,NL,gorzeto01,419000
2000,TOR,AL,stewash01,683333
2007,FLO,NL,willido03,6450000
2006,DET,AL,percitr01,6000000
1986,HOU,NL,basske01,310000
2004,DET,AL,rodriiv01,7000000
2000,TOR,AL,borbope02,800000
2006,TOR,AL,glaustr01,10000000
2005,LAA,AL,anderga01,9600000
1990,ATL,NL,thomaan01,550000
2000,HOU,NL,maddumi01,350000
1994,CLE,AL,plunker01,625000
1986,MON,NL,riverlu01,60000
1998,HOU,NL,henrydo01,725000
1986,CHA,AL,dotsori01,975000
2011,PIT,NL,maholpa01,6250000
2003,SDN,NL,kotsama01,4450000
2005,SEA,AL,dobbsgr01,316000
2004,SEA,AL,boonebr01,8000000
2001,CHA,AL,thomafr04,9927000
1993,TOR,AL,spraged02,182500
1999,ATL,NL,rockejo01,217500
2000,DET,AL,cruzde01,1975000
2012,LAN,NL,ellisaj01,490000
2010,CHA,AL,jonesan01,500000
2009,BOS,AL,bayja01,7800000
1989,SDN,NL,salazlu01,400000
1997,ATL,NL,blausje01,4020000
1987,CAL,AL,buicede01,62500
2010,MIN,AL,youngde03,2600000
2003,NYN,NL,sanchre01,1300000
2011,CHN,NL,soriaal01,19000000
1995,OAK,AL,karsast01,135000
2004,TOR,AL,bergda01,800000
1997,NYN,NL,francma01,160000
1998,PHI,NL,gracemi02,225000
1997,SLN,NL,honeyri01,500000
1991,ML4,AL,knudsma01,485000
2001,SEA,AL,lampkto01,1100000
2009,SLN,NL,reyesde01,1000000
1993,ML4,AL,listapa01,350000
1988,OAK,AL,honeyri01,855000
2003,LAN,NL,ishiika01,2575000
2005,LAA,AL,merlolo01,500000
1997,TOR,AL,stewash01,154000
1999,MIL,NL,barkeke01,200000
2007,SDN,NL,bardjo01,1050000
1999,BAL,AL,fettemi01,750000
2008,NYA,AL,ohlenro01,391425
1989,DET,AL,searcst01,69000
1992,PHI,NL,howelke01,2000000
2010,CHA,AL,ramiral03,1225000
1998,CHA,AL,bereja01,700000
2004,MON,NL,evereca01,3000000
2010,CHN,NL,carides01,403000
1999,MIN,AL,maysjo01,200000
1992,SLN,NL,terrysc01,300000
1996,NYN,NL,jonesbo03,405000
1990,SEA,AL,holmabr01,193000
1992,SEA,AL,vizquom01,360000
2008,BAL,AL,pattotr01,390000
1994,MON,NL,walkela01,4025000
2007,NYN,NL,motagu01,1800000
1987,PIT,NL,washiul01,80000
2005,CLE,AL,stanfja01,316500
2008,FLO,NL,owenshe01,390000
1994,BOS,AL,naehrti01,300000
1990,SEA,AL,bankhsc01,755000
1986,MIN,AL,gagnegr01,100000
1985,ATL,NL,bedrost01,550000
1993,TEX,AL,russejo02,170000
2001,FLO,NL,castrra01,214000
2002,SDN,NL,hubbatr01,300000
2002,DET,AL,farnsje01,200000
2001,CLE,AL,colonba01,2625000
1998,MIL,NL,woodabr01,172000
2007,CLE,AL,rousemi01,380100
1998,BAL,AL,rhodear01,2850000
1992,LAN,NL,ojedabo01,1600000
2009,SEA,AL,johnsro07,400000
2005,SDN,NL,loretma01,2750000
2007,FLO,NL,borchjo01,380000
1990,SEA,AL,hansoer01,150000
1991,BAL,AL,anderbr01,165000
2000,BAL,AL,rapppa01,750000
1997,MIN,AL,olsongr01,400000
1985,CAL,AL,lacorfr01,346667
1991,BAL,AL,devermi01,210000
2009,ARI,NL,webbbr01,6500000
1985,SLN,NL,hortori01,110000
1989,LAN,NL,hatchmi01,450000
1985,ATL,NL,hubbagl01,455000
1991,MON,NL,gardnma01,185000
2009,ATL,NL,benneje01,437500
1999,TBA,AL,smithbo06,235000
2012,SFN,NL,cainma01,15333333
1997,TEX,AL,vosbeed01,450000
2010,SFN,NL,cainma01,4583333
1989,ATL,NL,hallal02,250000
2008,FLO,NL,tanketa01,392500
1986,ATL,NL,motleda01,257500
2003,ANA,AL,percitr01,7833333
1995,KCA,AL,cooksbr01,109000
1997,MIN,AL,colbrgr01,750000
2006,COL,NL,francje01,336000
2006,NYA,AL,chacosh01,3600000
1998,TBA,AL,smithbo06,170000
2009,TOR,AL,carlsje01,408700
1987,NYA,AL,henderi01,1670000
1998,ANA,AL,schmije01,170000
2011,BOS,AL,scutama01,5500000
2005,TEX,AL,cordefr01,3875000
2006,LAN,NL,lowede01,9500000
1997,MON,NL,perezca01,210000
2009,TEX,AL,murphda07,414820
2008,MIL,NL,weeksri01,1056000
2008,SDN,NL,henslcl01,410000
2009,CHA,AL,pierzaj01,6250000
2000,MIN,AL,cummimi01,300000
2000,PIT,NL,loiseri01,400000
2012,COL,NL,rogeres01,481000
2002,TBA,AL,winnra01,960000
2002,DET,AL,paniajo01,1325000
1996,TOR,AL,samueju01,325000
1995,BAL,AL,goodwcu01,109000
2005,CHN,NL,hawkila01,4500000
2007,TBA,AL,zobribe01,383400
1996,MIN,AL,walketo04,109000
2002,MIL,NL,sanchal03,202000
1993,TEX,AL,fryeje01,115000
1998,TOR,AL,stewash01,192500
2009,SEA,AL,kellesh01,400000
2012,HOU,NL,schafjo02,489000
1991,ATL,NL,esaskni01,2100000
2003,TEX,AL,greento02,750000
1985,TOR,AL,mosebll01,587500
2007,PHI,NL,smithma04,380000
2007,MIL,NL,cordefr01,5425000
2007,LAN,NL,liebemi01,1150000
2007,BOS,AL,coraal01,2000000
2005,TEX,AL,regilni01,316500
2003,ATL,NL,francma01,800000
1995,ML4,AL,lloydgr01,155000
2011,SDN,NL,richacl01,468800
2001,PIT,NL,bellde01,5000000
1996,ML4,AL,valenjo03,300000
2003,TBA,AL,venafmi01,300000
1996,TOR,AL,johnsda05,125000
1986,DET,AL,spilmha01,60000
1988,CHA,AL,salasma01,185000
1996,NYA,AL,sierrru01,6200000
2009,DET,AL,bonined01,400000
2000,TEX,AL,seguida01,4325000
2009,KCA,AL,penato02,425000
2001,PIT,NL,hernaal01,205000
2012,TOR,AL,carrejo01,481700
2012,CLE,AL,carraca01,488500
2007,NYA,AL,proctsc01,455923
1993,CLE,AL,thomeji01,135000
1986,CLE,AL,thornan01,1100000
1996,NYN,NL,minorbl01,198000
2003,HOU,NL,munrope01,305000
1994,NYA,AL,elsteke01,200000
1995,MIN,AL,clarkje01,400000
2005,BOS,AL,halamjo01,850000
2008,MIL,NL,counscr01,2800000
1986,CLE,AL,bernato01,580000
1985,PIT,NL,penato01,1075000
2012,LAN,NL,kempma01,10250000
2004,MON,NL,foxan01,450000
2004,TOR,AL,ligteke01,2000000
2000,LAN,NL,hershor01,2000000
1994,HOU,NL,gonzalu01,1630000
1995,CAL,AL,smithle02,2561113
1991,CHA,AL,fiskca01,1250000
1985,HOU,NL,thondi01,675000
2004,OAK,AL,menecfr01,400000
2003,TOR,AL,walkepe01,425000
2007,LAN,NL,pierrju01,7500000
1999,TEX,AL,gundeer01,450000
2000,FLO,NL,burneaj01,204000
1986,ML4,AL,ceronri01,675000
1991,SDN,NL,stephph01,130000
2010,NYA,AL,thamema01,900000
2000,ARI,NL,ordazlu01,215000
1994,SEA,AL,blowemi01,300000
2006,MIL,NL,capuach01,450000
2008,BAL,AL,aquingr01,500000
2001,TOR,AL,batisto01,3300000
2009,PIT,NL,cappsma01,2425000
1990,CIN,NL,jeffere01,102500
2004,SFN,NL,torreyo01,334000
1994,TOR,AL,bordepa01,2500000
1990,MIN,AL,gaettga01,500000
1992,PHI,NL,stephra01,179000
1993,PIT,NL,mcclell01,650000
1993,BOS,AL,flahejo01,125000
1998,ANA,AL,mcdowja01,1500000
2005,LAA,AL,pauljo01,450000
1997,SDN,NL,cunnawi01,150000
1986,SLN,NL,lawleto01,100000
1995,LAN,NL,webstmi01,250000
1992,LAN,NL,javiest01,715000
1990,ML4,AL,feldemi01,260000
2005,SLN,NL,florera01,320000
2001,BOS,AL,castifr01,2250000
1994,CIN,NL,peguest01,109000
2007,TBA,AL,fossuca01,2725000
2001,DET,AL,jonesto02,3975000
1995,BOS,AL,smithza01,1525000
1998,COL,NL,kileda01,5492981
1999,KCA,AL,posesc01,225000
1992,DET,AL,gladdda01,1050000
2009,TEX,AL,saltaja01,410890
2000,FLO,NL,redmomi01,245000
1997,ANA,AL,murraed02,750000
2003,ATL,NL,derosma01,340000
1990,DET,AL,bergmda01,525000
1994,SFN,NL,wilsotr01,1000000
2010,SEA,AL,wilsoja02,5000000
1999,SLN,NL,busbymi01,220000
2006,PIT,NL,wilsocr03,3300000
2001,CHN,NL,matthga02,225000
1989,SDN,NL,shower01,1450000
2003,MIN,AL,koskico01,3400000
2004,FLO,NL,bumpna01,305000
1997,COL,NL,thomsjo01,150000
2000,SEA,AL,wilsoda01,4000000
1989,BAL,AL,melvibo01,230000
1997,ML4,AL,voigtja01,150000
2007,SDN,NL,brocado01,500000
1993,CLE,AL,mesajo01,325000
2001,ANA,AL,holtzmi01,705000
2008,COL,NL,bowiemi01,650000
1989,BAL,AL,finlest01,68000
1993,HOU,NL,biggicr01,3050000
2007,TOR,AL,overbly01,1350000
2009,KCA,AL,avilemi01,424500
2011,HOU,NL,lopezwi01,442000
