{
    "column_id": "oml_dataset_15_rnc/oml_dataset_15_rnc.csvoml_dataset_15_rnc.csv/c_9",
    "dataset_name": "oml_dataset_15_rnc.csv",
    "dataset_id": "oml_dataset_15_rnc/oml_dataset_15_rnc.csv",
    "path": "/home/ubuntu/CatDB/Experiments/data/oml_dataset_15_rnc/oml_dataset_15_rnc.csv",
    "table_name": "oml_dataset_15_rnc.csv",
    "table_id": "oml_dataset_15_rnc/oml_dataset_15_rnc.csvoml_dataset_15_rnc.csv",
    "column_name": "c_9",
    "data_source": "oml_dataset_15_rnc",
    "data_type": "boolean",
    "total_values_count": 1000000,
    "distinct_values_count": 2,
    "missing_values_count": 0,
    "true_ratio": 0.333335,
    "min_value": null,
    "max_value": null,
    "mean": null,
    "median": null,
    "iqr": null,
    "category_values": [
        0,
        1
    ],
    "embedding": null,
    "embedding_scaling_factor": null,
    "samples": [
        1,
        1,
        0,
        0,
        0,
        0,
        0,
        0,
        0,
        1,
        0,
        0,
        1,
        0,
        0,
        0,
        0,
        0,
        0,
        0,
        0,
        0,
        1,
        1,
        0,
        0,
        1,
        0,
        0,
        0,
        0,
        0,
        1,
        0,
        0,
        0,
        1,
        0,
        1,
        0,
        0,
        0,
        0,
        1,
        1,
        0,
        0,
        0,
        1,
        0,
        0,
        0,
        0,
        0,
        1,
        1,
        0,
        0,
        0,
        1,
        1,
        0,
        0,
        1,
        0,
        0,
        1,
        0,
        1,
        1,
        1,
        0,
        1,
        1,
        1,
        0,
        0,
        1,
        0,
        1,
        0,
        1,
        0,
        0,
        1,
        0,
        1,
        0,
        0,
        0,
        0,
        1,
        0,
        0,
        0,
        0,
        1,
        0,
        1,
        1
    ],
    "category_values_ratio": {
        "0": 666665,
        "1": 333335
    },
    "nrows": 1000000
}