{
    "column_id": "Lahman-2014/managers.csvmanagers.csv/L",
    "dataset_name": "managers.csv",
    "dataset_id": "Lahman-2014/managers.csv",
    "path": "/home/ubuntu/CatDB/Experiments/data/Lahman-2014/managers.csv",
    "table_name": "managers.csv",
    "table_id": "Lahman-2014/managers.csvmanagers.csv",
    "column_name": "L",
    "data_source": "Lahman-2014",
    "data_type": "int",
    "total_values_count": 3292,
    "distinct_values_count": 118,
    "missing_values_count": 0,
    "true_ratio": null,
    "min_value": 0.0,
    "max_value": 120.0,
    "mean": 61.266099635479954,
    "median": 67.0,
    "iqr": 36.0,
    "category_values": [
        10,
        9,
        19,
        3,
        17,
        7,
        21,
        12,
        15,
        13,
        6,
        11,
        28,
        8,
        14,
        2,
        5,
        37,
        16,
        23,
        31,
        38,
        33,
        18,
        29,
        40,
        27,
        4,
        56,
        36,
        35,
        45,
        25,
        32,
        30,
        55,
        26,
        1,
        34,
        22,
        58,
        44,
        59,
        42,
        43,
        41,
        39,
        54,
        48,
        68,
        24,
        65,
        50,
        20,
        47,
        64,
        51,
        77,
        84,
        60,
        46,
        73,
        57,
        66,
        49,
        83,
        61,
        91,
        70,
        79,
        67,
        74,
        92,
        69,
        76,
        80,
        52,
        85,
        72,
        78,
        63,
        82,
        53,
        62,
        113,
        81,
        71,
        75,
        94,
        96,
        0,
        111,
        104,
        86,
        87,
        89,
        97,
        98,
        100,
        103,
        99,
        102,
        95,
        90,
        101,
        105,
        110,
        107,
        109,
        117,
        93,
        106,
        88,
        115,
        112,
        120,
        108,
        119
    ],
    "embedding": [
        -1.0,
        -1.0,
        -1.0,
        1.0,
        -1.0,
        1.0,
        -1.0,
        -1.0,
        -1.0,
        -1.0,
        1.0,
        -1.0,
        -1.0,
        1.0,
        1.0,
        1.0,
        1.0,
        -1.0,
        1.0,
        -1.0,
        1.0,
        -1.0,
        1.0,
        -1.0,
        1.0,
        -1.0,
        -1.0,
        1.0,
        -1.0,
        -1.0,
        1.0,
        1.0,
        -1.0,
        -1.0,
        -1.0,
        1.0,
        -1.0,
        1.0,
        1.0,
        -1.0,
        -1.0,
        1.0,
        -1.0,
        -1.0,
        -1.0,
        -1.0,
        1.0,
        -1.0,
        -1.0,
        -0.968595027923584,
        -1.0,
        1.0,
        1.0,
        1.0,
        -1.0,
        1.0,
        1.0,
        1.0,
        -1.0,
        0.9885752201080322,
        -1.0,
        -1.0,
        1.0,
        -1.0,
        1.0,
        -1.0,
        1.0,
        -1.0,
        1.0,
        1.0,
        1.0,
        -1.0,
        -1.0,
        -1.0,
        -1.0,
        1.0,
        1.0,
        1.0,
        1.0,
        1.0,
        1.0,
        1.0,
        1.0,
        -1.0,
        -1.0,
        1.0,
        -1.0,
        1.0,
        1.0,
        1.0,
        -1.0,
        1.0,
        1.0,
        -1.0,
        1.0,
        -1.0,
        1.0,
        -1.0,
        -1.0,
        -1.0,
        -0.9973483681678772,
        -1.0,
        1.0,
        -1.0,
        -1.0,
        1.0,
        1.0,
        1.0,
        -1.0,
        -1.0,
        1.0,
        -1.0,
        -1.0,
        1.0,
        1.0,
        1.0,
        1.0,
        1.0,
        1.0,
        -1.0,
        -1.0,
        1.0,
        -1.0,
        -1.0,
        1.0,
        -1.0,
        -1.0,
        -1.0,
        -1.0,
        1.0,
        -1.0,
        1.0,
        -1.0,
        -1.0,
        1.0,
        -1.0,
        -1.0,
        1.0,
        1.0,
        -1.0,
        1.0,
        1.0,
        1.0,
        -1.0,
        1.0,
        -1.0,
        1.0,
        -1.0,
        -1.0,
        -1.0,
        1.0,
        -1.0,
        1.0,
        -1.0,
        1.0,
        -1.0,
        1.0,
        -1.0,
        1.0,
        -1.0,
        -1.0,
        1.0,
        -1.0,
        -1.0,
        1.0,
        -1.0,
        1.0,
        -1.0,
        -1.0,
        -1.0,
        -1.0,
        -1.0,
        1.0,
        1.0,
        -1.0,
        -1.0,
        1.0,
        -1.0,
        -1.0,
        -1.0,
        1.0,
        -1.0,
        -1.0,
        -1.0,
        1.0,
        -1.0,
        1.0,
        -1.0,
        -1.0,
        -1.0,
        1.0,
        1.0,
        1.0,
        1.0,
        -1.0,
        -1.0,
        1.0,
        -1.0,
        -1.0,
        1.0,
        -1.0,
        1.0,
        -1.0,
        -1.0,
        -1.0,
        -1.0,
        1.0,
        1.0,
        -1.0,
        -1.0,
        -1.0,
        1.0,
        -1.0,
        -1.0,
        -1.0,
        1.0,
        -1.0,
        1.0,
        -1.0,
        -1.0,
        1.0,
        -1.0,
        -1.0,
        1.0,
        -1.0,
        -0.9681049585342407,
        1.0,
        -1.0,
        -1.0,
        -1.0,
        1.0,
        -1.0,
        1.0,
        -1.0,
        -1.0,
        1.0,
        -1.0,
        1.0,
        1.0,
        -1.0,
        1.0,
        -0.9681763648986816,
        1.0,
        -1.0,
        1.0,
        1.0,
        -1.0,
        -1.0,
        -1.0,
        1.0,
        1.0,
        1.0,
        -1.0,
        -1.0,
        -1.0,
        1.0,
        1.0,
        -1.0,
        -1.0,
        -1.0,
        1.0,
        1.0,
        1.0,
        -1.0,
        1.0,
        -1.0,
        -1.0,
        -1.0,
        1.0,
        1.0,
        -0.9964954853057861,
        -1.0,
        -1.0,
        1.0,
        -1.0,
        1.0,
        1.0,
        1.0,
        1.0,
        1.0,
        1.0,
        -1.0,
        1.0,
        1.0,
        1.0,
        -1.0,
        -1.0,
        1.0,
        -1.0,
        -1.0,
        -1.0,
        1.0,
        -1.0,
        -1.0,
        -1.0,
        -1.0,
        -1.0,
        1.0,
        1.0,
        1.0
    ],
    "embedding_scaling_factor": 60.473594665527344,
    "samples": [
        75,
        82,
        77,
        68,
        79,
        53,
        71,
        107,
        40,
        75,
        57,
        71,
        26,
        48,
        3,
        31,
        95,
        67,
        77,
        61,
        90,
        97,
        73,
        67,
        78,
        35,
        82,
        76,
        119,
        75,
        30,
        16,
        71,
        65,
        76,
        98,
        85,
        85,
        77,
        65,
        83,
        83,
        93,
        66,
        31,
        60,
        75,
        63,
        79,
        43,
        27,
        73,
        62,
        65,
        69,
        99,
        0,
        37,
        44,
        10,
        88,
        49,
        109,
        56,
        79,
        28,
        64,
        19,
        76,
        79,
        72,
        22,
        73,
        86,
        77,
        84,
        96,
        38,
        80,
        82,
        68,
        87,
        60,
        0,
        88,
        60,
        88,
        66,
        91,
        87,
        18,
        58,
        26,
        75,
        72,
        86,
        77,
        24,
        88,
        82
    ],
    "category_values_ratio": {
        "76": 77,
        "79": 73,
        "74": 72,
        "67": 71,
        "73": 70,
        "71": 67,
        "83": 66,
        "72": 63,
        "75": 62,
        "81": 61,
        "77": 60,
        "65": 60,
        "78": 56,
        "85": 56,
        "69": 56,
        "70": 55,
        "64": 55,
        "86": 54,
        "82": 52,
        "68": 52,
        "60": 52,
        "61": 50,
        "62": 48,
        "87": 47,
        "80": 45,
        "63": 44,
        "57": 43,
        "90": 43,
        "84": 42,
        "66": 42,
        "88": 40,
        "59": 40,
        "91": 38,
        "89": 38,
        "58": 38,
        "94": 32,
        "56": 31,
        "0": 30,
        "95": 30,
        "92": 29,
        "54": 29,
        "1": 28,
        "45": 28,
        "93": 27,
        "49": 26,
        "53": 25,
        "47": 25,
        "43": 25,
        "48": 25,
        "46": 24,
        "25": 24,
        "55": 24,
        "97": 23,
        "33": 23,
        "32": 23,
        "44": 23,
        "40": 22,
        "51": 22,
        "27": 22,
        "42": 21,
        "11": 21,
        "96": 20,
        "52": 20,
        "6": 20,
        "50": 20,
        "17": 20,
        "18": 19,
        "8": 19,
        "36": 19,
        "100": 19,
        "14": 19,
        "39": 18,
        "38": 18,
        "13": 18,
        "12": 18,
        "7": 18,
        "31": 18,
        "98": 18,
        "37": 18,
        "30": 17,
        "34": 17,
        "4": 17,
        "24": 17,
        "102": 17,
        "10": 16,
        "28": 16,
        "21": 16,
        "2": 15,
        "3": 15,
        "22": 15,
        "20": 15,
        "16": 14,
        "26": 14,
        "99": 14,
        "15": 13,
        "9": 13,
        "23": 13,
        "35": 13,
        "19": 13,
        "29": 13,
        "5": 12,
        "41": 12,
        "101": 12,
        "104": 9,
        "103": 8,
        "107": 7,
        "109": 6,
        "105": 5,
        "106": 4,
        "111": 4,
        "110": 3,
        "108": 2,
        "112": 1,
        "120": 1,
        "113": 1,
        "115": 1,
        "117": 1,
        "119": 1
    },
    "nrows": 3292
}