{
    "column_id": "Lahman-2014/managers.csvmanagers.csv/yearID",
    "dataset_name": "managers.csv",
    "dataset_id": "Lahman-2014/managers.csv",
    "path": "/home/ubuntu/CatDB/Experiments/data/Lahman-2014/managers.csv",
    "table_name": "managers.csv",
    "table_id": "Lahman-2014/managers.csvmanagers.csv",
    "column_name": "yearID",
    "data_source": "Lahman-2014",
    "data_type": "int",
    "total_values_count": 3292,
    "distinct_values_count": 142,
    "missing_values_count": 0,
    "true_ratio": null,
    "min_value": 1871.0,
    "max_value": 2012.0,
    "mean": 1952.0920413122722,
    "median": 1960.0,
    "iqr": 72.0,
    "category_values": [
        1871,
        1872,
        1873,
        1874,
        1875,
        1876,
        1877,
        1878,
        1879,
        1880,
        1881,
        1882,
        1883,
        1884,
        1885,
        1886,
        1887,
        1888,
        1889,
        1890,
        1891,
        1892,
        1893,
        1894,
        1895,
        1896,
        1897,
        1898,
        1899,
        1900,
        1901,
        1902,
        1903,
        1904,
        1905,
        1906,
        1907,
        1908,
        1909,
        1910,
        1911,
        1912,
        1913,
        1914,
        1915,
        1916,
        1917,
        1918,
        1919,
        1920,
        1921,
        1922,
        1923,
        1924,
        1925,
        1926,
        1927,
        1928,
        1929,
        1930,
        1931,
        1932,
        1933,
        1934,
        1935,
        1936,
        1937,
        1938,
        1939,
        1940,
        1941,
        1942,
        1943,
        1944,
        1945,
        1946,
        1947,
        1948,
        1949,
        1950,
        1951,
        1952,
        1953,
        1954,
        1955,
        1956,
        1957,
        1958,
        1959,
        1960,
        1961,
        1962,
        1963,
        1964,
        1965,
        1966,
        1967,
        1968,
        1969,
        1970,
        1971,
        1972,
        1973,
        1974,
        1975,
        1976,
        1977,
        1978,
        1979,
        1980,
        1981,
        1982,
        1983,
        1984,
        1985,
        1986,
        1987,
        1988,
        1989,
        1990,
        1991,
        1992,
        1993,
        1994,
        1995,
        1996,
        1997,
        1998,
        1999,
        2000,
        2001,
        2002,
        2003,
        2004,
        2005,
        2006,
        2007,
        2008,
        2009,
        2010,
        2011,
        2012
    ],
    "embedding": [
        -1.0,
        -1.0,
        -1.0,
        1.0,
        -1.0,
        1.0,
        -1.0,
        -1.0,
        -1.0,
        -1.0,
        1.0,
        -1.0,
        -1.0,
        1.0,
        1.0,
        1.0,
        1.0,
        -1.0,
        1.0,
        -1.0,
        1.0,
        -1.0,
        1.0,
        -1.0,
        1.0,
        -1.0,
        -1.0,
        1.0,
        -1.0,
        -1.0,
        1.0,
        1.0,
        -1.0,
        -1.0,
        -1.0,
        1.0,
        -1.0,
        1.0,
        1.0,
        -1.0,
        -1.0,
        1.0,
        -1.0,
        -1.0,
        -1.0,
        -1.0,
        1.0,
        -1.0,
        -1.0,
        -0.9941334128379822,
        -1.0,
        1.0,
        1.0,
        1.0,
        -1.0,
        1.0,
        1.0,
        1.0,
        -1.0,
        0.9999170899391174,
        -1.0,
        -1.0,
        1.0,
        -1.0,
        1.0,
        -1.0,
        1.0,
        -1.0,
        1.0,
        1.0,
        1.0,
        -1.0,
        -1.0,
        -1.0,
        -1.0,
        1.0,
        1.0,
        1.0,
        1.0,
        1.0,
        1.0,
        1.0,
        1.0,
        -1.0,
        -1.0,
        1.0,
        -1.0,
        1.0,
        1.0,
        1.0,
        -1.0,
        1.0,
        1.0,
        -1.0,
        1.0,
        -1.0,
        1.0,
        -1.0,
        -1.0,
        -1.0,
        -0.9980754256248474,
        -1.0,
        1.0,
        -1.0,
        -1.0,
        1.0,
        1.0,
        1.0,
        -1.0,
        -1.0,
        1.0,
        -1.0,
        -1.0,
        1.0,
        1.0,
        1.0,
        1.0,
        1.0,
        1.0,
        -1.0,
        -1.0,
        1.0,
        -1.0,
        -1.0,
        1.0,
        -1.0,
        -1.0,
        -1.0,
        -1.0,
        1.0,
        -1.0,
        1.0,
        -1.0,
        -1.0,
        1.0,
        -1.0,
        -1.0,
        1.0,
        1.0,
        -1.0,
        1.0,
        1.0,
        1.0,
        -1.0,
        1.0,
        -1.0,
        1.0,
        -1.0,
        -1.0,
        -1.0,
        1.0,
        -1.0,
        1.0,
        -1.0,
        1.0,
        -1.0,
        1.0,
        -1.0,
        1.0,
        -1.0,
        -1.0,
        1.0,
        -1.0,
        -1.0,
        1.0,
        -1.0,
        1.0,
        -1.0,
        -1.0,
        -1.0,
        -1.0,
        -1.0,
        1.0,
        1.0,
        -1.0,
        -1.0,
        1.0,
        -1.0,
        -1.0,
        -1.0,
        1.0,
        -1.0,
        -1.0,
        -1.0,
        1.0,
        -1.0,
        1.0,
        -1.0,
        -1.0,
        -1.0,
        1.0,
        1.0,
        1.0,
        1.0,
        -1.0,
        -1.0,
        1.0,
        -1.0,
        -1.0,
        1.0,
        -1.0,
        1.0,
        -1.0,
        -1.0,
        -1.0,
        -1.0,
        1.0,
        1.0,
        -1.0,
        -1.0,
        -1.0,
        1.0,
        -1.0,
        -1.0,
        -1.0,
        1.0,
        -1.0,
        1.0,
        -1.0,
        -1.0,
        1.0,
        -1.0,
        -1.0,
        1.0,
        -1.0,
        -0.9944464564323425,
        1.0,
        -1.0,
        -1.0,
        -1.0,
        1.0,
        -1.0,
        1.0,
        -1.0,
        -1.0,
        1.0,
        -1.0,
        1.0,
        1.0,
        -1.0,
        1.0,
        -0.9872675538063049,
        1.0,
        -1.0,
        1.0,
        1.0,
        -1.0,
        -1.0,
        -1.0,
        1.0,
        1.0,
        1.0,
        -1.0,
        -1.0,
        -1.0,
        1.0,
        1.0,
        -1.0,
        -1.0,
        -1.0,
        1.0,
        1.0,
        1.0,
        -1.0,
        1.0,
        -1.0,
        -1.0,
        -1.0,
        1.0,
        1.0,
        -0.9986986517906189,
        -1.0,
        -1.0,
        1.0,
        -1.0,
        1.0,
        1.0,
        1.0,
        1.0,
        1.0,
        1.0,
        -1.0,
        1.0,
        1.0,
        1.0,
        -1.0,
        -1.0,
        1.0,
        -1.0,
        -1.0,
        -1.0,
        1.0,
        -1.0,
        -1.0,
        -1.0,
        -1.0,
        -1.0,
        1.0,
        1.0,
        1.0
    ],
    "embedding_scaling_factor": 2.3258385226654354e-06,
    "samples": [
        1977,
        2011,
        1897,
        1904,
        1985,
        1988,
        2000,
        1890,
        1891,
        1944,
        1919,
        1909,
        1943,
        1914,
        1877,
        1989,
        1911,
        1946,
        1991,
        1961,
        1969,
        2008,
        1980,
        1954,
        1972,
        1986,
        1927,
        1906,
        1917,
        1998,
        1972,
        1908,
        2002,
        1962,
        1884,
        1966,
        1926,
        1910,
        1989,
        1972,
        1901,
        1976,
        1983,
        1970,
        2010,
        1931,
        1913,
        1980,
        1889,
        1912,
        1940,
        2005,
        1979,
        1913,
        1984,
        2011,
        1971,
        1977,
        1960,
        1973,
        1947,
        1948,
        1905,
        1906,
        2006,
        1886,
        1965,
        1904,
        2007,
        1907,
        1895,
        2005,
        1953,
        1993,
        1934,
        1948,
        1988,
        1991,
        1993,
        1895,
        2007,
        1928,
        1888,
        2004,
        2012,
        1877,
        1925,
        1975,
        1932,
        1883,
        1940,
        1913,
        2002,
        1971,
        2007,
        1892,
        1987,
        1970,
        1985,
        1979
    ],
    "category_values_ratio": {
        "1884": 48,
        "1890": 43,
        "2002": 39,
        "1977": 38,
        "1991": 38,
        "1986": 37,
        "2010": 37,
        "2011": 36,
        "1988": 36,
        "1980": 35,
        "2001": 35,
        "2005": 35,
        "1999": 34,
        "2009": 34,
        "1979": 34,
        "2008": 34,
        "1978": 34,
        "1996": 34,
        "2004": 34,
        "2007": 34,
        "1961": 34,
        "1972": 33,
        "2003": 33,
        "1985": 33,
        "1981": 32,
        "1990": 32,
        "1982": 32,
        "2012": 32,
        "1998": 32,
        "1975": 31,
        "1997": 31,
        "1983": 31,
        "1984": 31,
        "1992": 31,
        "1995": 30,
        "2000": 30,
        "2006": 30,
        "1969": 30,
        "1989": 30,
        "1987": 30,
        "1993": 30,
        "1973": 29,
        "1994": 29,
        "1915": 29,
        "1974": 29,
        "1976": 28,
        "1970": 28,
        "1968": 28,
        "1966": 27,
        "1914": 27,
        "1964": 27,
        "1960": 26,
        "1971": 25,
        "1967": 25,
        "1888": 24,
        "1965": 24,
        "1962": 23,
        "1889": 23,
        "1891": 23,
        "1937": 23,
        "1963": 23,
        "1946": 22,
        "1948": 22,
        "1933": 22,
        "1952": 22,
        "1887": 22,
        "1905": 21,
        "1883": 21,
        "1885": 21,
        "1924": 21,
        "1925": 21,
        "1938": 21,
        "1958": 21,
        "1902": 21,
        "1934": 20,
        "1892": 20,
        "1959": 20,
        "1929": 20,
        "1918": 19,
        "1957": 19,
        "1875": 19,
        "1913": 19,
        "1886": 19,
        "1907": 19,
        "1932": 19,
        "1949": 19,
        "1904": 19,
        "1940": 18,
        "1954": 18,
        "1951": 18,
        "1950": 18,
        "1912": 18,
        "1947": 18,
        "1945": 18,
        "1908": 18,
        "1921": 18,
        "1916": 18,
        "1936": 18,
        "1917": 18,
        "1919": 18,
        "1928": 18,
        "1944": 18,
        "1943": 18,
        "1909": 18,
        "1906": 17,
        "1930": 17,
        "1953": 17,
        "1910": 17,
        "1941": 17,
        "1939": 17,
        "1955": 17,
        "1911": 17,
        "1896": 17,
        "1935": 17,
        "1956": 17,
        "1922": 17,
        "1882": 17,
        "1923": 17,
        "1927": 17,
        "1942": 16,
        "1926": 16,
        "1920": 16,
        "1903": 16,
        "1901": 16,
        "1898": 16,
        "1895": 16,
        "1931": 16,
        "1897": 15,
        "1872": 15,
        "1899": 14,
        "1879": 13,
        "1873": 12,
        "1894": 12,
        "1881": 11,
        "1893": 11,
        "1871": 11,
        "1880": 10,
        "1874": 10,
        "1900": 10,
        "1876": 9,
        "1877": 8,
        "1878": 6
    },
    "nrows": 3292
}