{
    "column_id": "Accidents/oseba.csvoseba.csv/alkotest",
    "dataset_name": "oseba.csv",
    "dataset_id": "Accidents/oseba.csv",
    "path": "/home/ubuntu/CatDB/Experiments/data/Accidents/oseba.csv",
    "table_name": "oseba.csv",
    "table_id": "Accidents/oseba.csvoseba.csv",
    "column_name": "alkotest",
    "data_source": "Accidents",
    "data_type": "float",
    "total_values_count": 954036,
    "distinct_values_count": 436,
    "missing_values_count": 409980,
    "true_ratio": null,
    "min_value": 0.0,
    "max_value": 9.83,
    "mean": 0.1154671577925809,
    "median": 0.0,
    "iqr": 0.0,
    "category_values": [
        0.11,
        0.0,
        0.94,
        0.86,
        0.69,
        0.61,
        1.0,
        0.3,
        1.45,
        0.05,
        1.25,
        1.52,
        1.05,
        1.9,
        1.21,
        1.26,
        1.61,
        0.4,
        0.1,
        2.19,
        1.12,
        2.22,
        0.88,
        1.35,
        0.39,
        0.18,
        0.95,
        0.5,
        0.25,
        0.93,
        1.71,
        1.2,
        0.91,
        0.31,
        0.67,
        1.68,
        0.34,
        0.08,
        1.01,
        0.89,
        0.13,
        1.24,
        0.12,
        1.1,
        0.16,
        1.5,
        0.14,
        2.6,
        1.47,
        1.92,
        1.67,
        1.87,
        0.6,
        0.92,
        1.86,
        1.39,
        2.29,
        1.81,
        0.21,
        1.7,
        1.8,
        0.45,
        0.8,
        2.24,
        0.48,
        1.48,
        3.09,
        1.91,
        2.37,
        1.57,
        1.28,
        2.1,
        0.72,
        0.07,
        1.06,
        1.64,
        1.09,
        1.62,
        2.06,
        2.87,
        2.33,
        2.51,
        0.42,
        0.64,
        2.04,
        1.07,
        0.19,
        1.34,
        0.46,
        0.9,
        2.5,
        0.79,
        1.27,
        0.81,
        2.49,
        1.6,
        0.17,
        1.72,
        0.51,
        1.29,
        0.97,
        1.55,
        2.2,
        0.02,
        0.01,
        1.08,
        0.7,
        0.28,
        2.05,
        1.63,
        1.54,
        1.76,
        0.55,
        1.95,
        1.66,
        0.68,
        1.4,
        3.39,
        2.69,
        0.35,
        1.56,
        1.11,
        1.82,
        1.88,
        0.58,
        1.38,
        0.22,
        0.2,
        1.93,
        1.3,
        2.23,
        2.28,
        1.31,
        1.03,
        1.32,
        1.65,
        2.8,
        3.41,
        2.75,
        1.15,
        2.56,
        0.57,
        1.19,
        0.38,
        0.09,
        1.73,
        1.14,
        0.65,
        2.07,
        2.82,
        2.57,
        1.69,
        2.01,
        1.78,
        0.63,
        2.39,
        0.56,
        0.59,
        2.0,
        1.22,
        0.76,
        0.49,
        2.43,
        1.02,
        2.16,
        0.41,
        0.27,
        2.55,
        0.54,
        1.53,
        0.43,
        1.97,
        1.84,
        1.04,
        2.7,
        2.02,
        0.36,
        2.15,
        1.75,
        0.87,
        1.79,
        0.82,
        0.96,
        0.74,
        2.31,
        0.71,
        3.2,
        1.36,
        2.38,
        1.74,
        2.42,
        2.41,
        2.4,
        1.16,
        1.58,
        1.41,
        2.35,
        2.45,
        3.4,
        2.3,
        0.47,
        0.66,
        1.59,
        2.12,
        1.33,
        1.89,
        0.85,
        1.49,
        1.42,
        2.13,
        2.27,
        2.18,
        0.06,
        0.98,
        1.51,
        1.96,
        3.07,
        2.66,
        2.08,
        2.26,
        4.1,
        2.32,
        0.15,
        2.72,
        1.43,
        1.18,
        0.24,
        1.83,
        2.11,
        2.92,
        2.95,
        3.58,
        3.13,
        2.47,
        2.81,
        1.94,
        2.62,
        0.83,
        2.86,
        2.99,
        1.37,
        1.44,
        0.77,
        0.53,
        0.26,
        2.03,
        2.79,
        0.52,
        0.78,
        2.89,
        2.74,
        2.59,
        0.23,
        2.58,
        1.23,
        2.14,
        0.03,
        2.9,
        3.34,
        2.25,
        0.84,
        3.9,
        0.62,
        1.99,
        0.33,
        2.76,
        0.99,
        1.46,
        1.17,
        3.0,
        4.3,
        2.78,
        0.44,
        3.17,
        2.09,
        1.98,
        3.33,
        2.36,
        3.3,
        1.85,
        0.29,
        3.04,
        2.97,
        2.46,
        3.1,
        0.32,
        0.37,
        3.8,
        1.77,
        2.17,
        2.44,
        0.75,
        2.21,
        1.13,
        4.4,
        3.29,
        3.59,
        2.71,
        2.96,
        0.73,
        3.06,
        3.27,
        3.5,
        2.65,
        4.27,
        0.04,
        3.49,
        2.48,
        4.2,
        2.77,
        2.84,
        3.46,
        3.89,
        2.54,
        2.61,
        3.94,
        2.67,
        3.25,
        3.01,
        2.34,
        2.88,
        2.73,
        2.85,
        2.63,
        3.14,
        3.19,
        2.52,
        3.56,
        2.53,
        2.94,
        7.0,
        3.32,
        2.83,
        3.57,
        3.15,
        3.22,
        3.67,
        3.42,
        3.02,
        4.0,
        4.57,
        2.93,
        3.72,
        2.68,
        3.71,
        3.35,
        3.16,
        3.52,
        3.65,
        3.03,
        2.91,
        3.23,
        2.64,
        3.05,
        3.24,
        3.7,
        3.08,
        3.21,
        3.31,
        3.28,
        4.04,
        3.54,
        3.26,
        3.36,
        3.61,
        3.53,
        4.9,
        3.11,
        4.01,
        3.44,
        3.47,
        3.63,
        4.68,
        3.43,
        4.16,
        3.75,
        3.92,
        3.68,
        3.6,
        3.48,
        3.77,
        6.0,
        3.45,
        3.51,
        9.0,
        3.64,
        3.12,
        2.98,
        3.38,
        3.85,
        3.66,
        3.37,
        3.97,
        4.33,
        4.19,
        4.51,
        4.5,
        3.18,
        4.39,
        3.86,
        3.74,
        3.84,
        3.62,
        3.83,
        4.35,
        4.05,
        3.87,
        4.23,
        4.36,
        3.91,
        4.17,
        3.81,
        3.73,
        3.88,
        4.14,
        3.93,
        3.55,
        4.29,
        4.15,
        4.03,
        3.78,
        3.76,
        9.83,
        4.12,
        3.82,
        3.69,
        4.28,
        5.18,
        3.79,
        4.56,
        3.95,
        4.44,
        4.37,
        3.96,
        9.02,
        3.99
    ],
    "embedding": [
        -0.06965567916631699,
        -0.11881265044212341,
        0.14064240455627441,
        0.0012990705436095595,
        0.03951485455036163,
        0.1032462790608406,
        0.08686018735170364,
        0.2121562957763672,
        0.22611911594867706,
        0.16370847821235657,
        -0.159133180975914,
        0.008373372256755829,
        0.06425268203020096,
        -0.19550049304962158,
        0.05552317947149277,
        -0.1523527204990387,
        0.18112044036388397,
        0.15880754590034485,
        0.06502294540405273,
        -0.02739640325307846,
        0.07169726490974426,
        -0.10472901910543442,
        0.08240480720996857,
        0.15993838012218475,
        -0.09656839072704315,
        -0.12909169495105743,
        -0.1042245477437973,
        -0.15798319876194,
        0.12033647298812866,
        -0.2608325183391571,
        -0.1250443011522293,
        -0.03449469059705734,
        0.02074449509382248,
        -0.1706974059343338,
        0.18190068006515503,
        0.12143700569868088,
        0.04484892636537552,
        -0.099723219871521,
        -0.01539112813770771,
        0.020853010937571526,
        -0.19324226677417755,
        0.058877699077129364,
        -0.08400111645460129,
        0.007154326420277357,
        -0.1374920904636383,
        0.14937283098697662,
        -0.11492063850164413,
        -0.03133556991815567,
        0.11597073078155518,
        0.1020771786570549,
        -0.038180168718099594,
        -0.1452004462480545,
        0.12709574401378632,
        -0.048775266855955124,
        0.03948013111948967,
        -0.07017844170331955,
        0.03247394412755966,
        0.13993723690509796,
        -0.07770595699548721,
        -0.08968893438577652,
        0.10930626094341278,
        0.05040507763624191,
        -0.02610807679593563,
        -0.018894081935286522,
        -0.05701981112360954,
        -0.18353332579135895,
        0.26404133439064026,
        0.20613177120685577,
        -0.13302776217460632,
        -0.1459907591342926,
        0.1098523661494255,
        0.05025781691074371,
        -0.16989897191524506,
        0.19006462395191193,
        -0.09961855411529541,
        -0.027917969971895218,
        0.15882708132266998,
        0.013482782989740372,
        0.08581897616386414,
        0.038226641714572906,
        -0.021175406873226166,
        0.011910178698599339,
        -0.014111689291894436,
        0.13565611839294434,
        -0.025711704045534134,
        0.045223746448755264,
        0.0069011119194328785,
        -0.21143901348114014,
        0.19306617975234985,
        0.13355238735675812,
        -0.05271312966942787,
        0.006354301702231169,
        0.10970675945281982,
        0.12252261489629745,
        -0.03527771309018135,
        -0.026468653231859207,
        0.003908389713615179,
        -0.07483617961406708,
        -0.03613686189055443,
        -0.13488921523094177,
        0.044154319912195206,
        0.13927504420280457,
        0.023953087627887726,
        -0.03775196522474289,
        -0.1071942076086998,
        0.028658214956521988,
        -0.02160491794347763,
        0.09616873413324356,
        0.0427863709628582,
        -0.049387164413928986,
        -0.16322171688079834,
        0.19323745369911194,
        0.04685172066092491,
        -0.007762298919260502,
        -0.1270366609096527,
        -0.07679799944162369,
        0.03328392282128334,
        0.06310492753982544,
        0.028439221903681755,
        -0.046076755970716476,
        0.06649048626422882,
        0.16340403258800507,
        0.14249569177627563,
        -0.005846001207828522,
        -0.03514072671532631,
        0.08067071437835693,
        0.10685954242944717,
        0.056659992784261703,
        0.027456121519207954,
        -0.17298933863639832,
        0.08975488692522049,
        -0.015112817287445068,
        -0.03182295709848404,
        -0.055618856102228165,
        -0.057532817125320435,
        -0.05113443732261658,
        0.08151332288980484,
        0.03837379440665245,
        -0.1649911254644394,
        0.07228391617536545,
        0.06748077273368835,
        -0.06257566064596176,
        0.09158842265605927,
        -0.13571259379386902,
        -0.16008497774600983,
        -0.00021599185129161924,
        -0.048334795981645584,
        0.08346053212881088,
        0.22100408375263214,
        -0.092380091547966,
        0.12555809319019318,
        -0.1799851655960083,
        -0.17383058369159698,
        0.17389146983623505,
        -0.03614646941423416,
        -0.10983534157276154,
        -0.08568307012319565,
        -0.01964772492647171,
        0.07938893139362335,
        -0.16057439148426056,
        -0.05366915836930275,
        0.048174187541007996,
        -0.021012134850025177,
        0.004730301909148693,
        -0.010174645110964775,
        -0.05693000927567482,
        -0.045750170946121216,
        0.1331465095281601,
        0.04780230671167374,
        0.07126948237419128,
        -0.023001043125987053,
        0.02028646133840084,
        -0.23834611475467682,
        0.15371309220790863,
        -0.03883646801114082,
        0.017362378537654877,
        -0.20289814472198486,
        -0.007093627471476793,
        -0.012880041263997555,
        0.05707847699522972,
        0.11609996855258942,
        -0.12121457606554031,
        0.048026420176029205,
        -0.043674830347299576,
        -0.07546734064817429,
        -0.032017774879932404,
        -0.15170104801654816,
        -0.08200785517692566,
        -0.03497258201241493,
        0.002288081683218479,
        0.11523653566837311,
        -0.005889048334211111,
        -0.07217525690793991,
        -0.11074592918157578,
        -0.0328095480799675,
        -0.03163367882370949,
        -0.0682695060968399,
        0.010012009181082249,
        0.19014586508274078,
        0.16734738647937775,
        0.17743898928165436,
        -0.028347697108983994,
        -0.027641791850328445,
        0.14712251722812653,
        -0.028732793405652046,
        0.09339901059865952,
        0.05701465159654617,
        0.037675801664590836,
        0.02550940401852131,
        -0.13913895189762115,
        0.06591479480266571,
        -0.012157064862549305,
        0.17396023869514465,
        0.10234085470438004,
        -0.17546366155147552,
        0.051316484808921814,
        -0.17978815734386444,
        0.2680402994155884,
        0.011544434353709221,
        -0.04283934086561203,
        0.19063206017017365,
        -0.15802951157093048,
        0.11713617295026779,
        0.007279817946255207,
        0.13457442820072174,
        -0.005175245925784111,
        -0.06580127030611038,
        -0.20486825704574585,
        0.021093592047691345,
        0.058143001049757004,
        0.13840597867965698,
        0.023423530161380768,
        -0.03234981372952461,
        0.03579862788319588,
        -0.03762555122375488,
        0.07456445693969727,
        0.00238007097505033,
        0.06287521123886108,
        0.012237763963639736,
        -0.07529724389314651,
        0.16244331002235413,
        -0.1879672408103943,
        0.030156919732689857,
        -0.08223269879817963,
        -0.028403615579009056,
        0.16899260878562927,
        0.06279133260250092,
        0.02685164101421833,
        -0.01275018323212862,
        0.1370297372341156,
        0.07170318067073822,
        -0.19500324130058289,
        -0.016053393483161926,
        0.09981034696102142,
        0.06692802906036377,
        0.18025511503219604,
        0.12125943601131439,
        -0.016511909663677216,
        0.14377368986606598,
        0.0366520993411541,
        0.03609633818268776,
        0.023207079619169235,
        -0.019685965031385422,
        0.09779320657253265,
        -0.11305525153875351,
        -0.010101785883307457,
        0.023946745321154594,
        -0.1665530502796173,
        -0.03163234889507294,
        0.09345070272684097,
        -0.043777793645858765,
        -0.020155437290668488,
        0.003483726177364588,
        0.026135558262467384,
        -0.27208954095840454,
        0.08246339112520218,
        -0.03403729200363159,
        0.1048460453748703,
        0.00603831373155117,
        -0.024230659008026123,
        -0.0037081215996295214,
        0.13266682624816895,
        0.16254490613937378,
        0.09238932281732559,
        0.12143270671367645,
        0.2715425193309784,
        0.1753017157316208,
        0.1794441044330597,
        -0.007230612449347973,
        -0.009334348142147064,
        0.13332854211330414,
        0.19846901297569275,
        -0.027868546545505524,
        -0.11597546190023422,
        -0.02817319706082344,
        -0.017714733257889748,
        0.028841594234108925,
        0.12574580311775208,
        -0.13713489472866058,
        -0.029606938362121582
    ],
    "embedding_scaling_factor": 0.07718712091445923,
    "samples": [
        0.0,
        0.0,
        0.0,
        0.0,
        0.0,
        0.4,
        0.0,
        0.0,
        1.32,
        0.0,
        0.15,
        0.64,
        0.0,
        0.0,
        0.0,
        0.0,
        0.0,
        0.0,
        0.0,
        0.0,
        0.0,
        1.02,
        0.0,
        0.0,
        0.0,
        0.0,
        0.0,
        0.0,
        0.0,
        0.0,
        0.0,
        0.0,
        0.0,
        0.0,
        0.0,
        0.0,
        0.0,
        0.0,
        0.0,
        0.0,
        0.0,
        0.0,
        1.97,
        1.59,
        0.0,
        0.0,
        0.0,
        0.0,
        0.0,
        0.0,
        0.0,
        0.0,
        0.0,
        0.0,
        0.0,
        0.0
    ],
    "category_values_ratio": {
        "0.0": 487343,
        "0.05": 681,
        "0.06": 621,
        "0.08": 602,
        "0.07": 574,
        "0.1": 557,
        "0.12": 511,
        "0.09": 507,
        "0.11": 495,
        "0.13": 476,
        "0.15": 441,
        "0.14": 428,
        "0.18": 405,
        "0.16": 392,
        "0.21": 390,
        "0.17": 382,
        "0.19": 370,
        "0.23": 344,
        "0.25": 331,
        "0.22": 326,
        "0.28": 314,
        "0.24": 313,
        "0.45": 308,
        "0.42": 303,
        "0.27": 301,
        "0.46": 300,
        "0.41": 299,
        "0.26": 299,
        "0.47": 290,
        "0.48": 287,
        "0.35": 286,
        "0.2": 285,
        "0.38": 276,
        "0.74": 276,
        "0.03": 274,
        "0.33": 272,
        "0.43": 271,
        "0.49": 270,
        "0.95": 268,
        "0.31": 265,
        "0.34": 264,
        "0.92": 264,
        "0.39": 261,
        "0.94": 260,
        "0.37": 259,
        "1.0": 259,
        "0.29": 258,
        "0.44": 256,
        "0.04": 254,
        "0.55": 253,
        "0.51": 253,
        "0.91": 253,
        "0.86": 253,
        "0.36": 252,
        "0.75": 252,
        "0.71": 252,
        "0.3": 251,
        "0.69": 250,
        "0.56": 250,
        "0.93": 245,
        "0.32": 245,
        "0.85": 245,
        "0.57": 244,
        "0.89": 243,
        "0.76": 242,
        "0.61": 240,
        "0.72": 240,
        "0.68": 238,
        "0.99": 238,
        "0.53": 237,
        "0.52": 237,
        "0.88": 236,
        "0.66": 235,
        "1.1": 233,
        "0.83": 233,
        "1.45": 232,
        "0.58": 232,
        "0.77": 229,
        "1.03": 229,
        "1.05": 229,
        "1.02": 229,
        "0.81": 228,
        "0.87": 228,
        "0.67": 228,
        "0.65": 228,
        "0.73": 228,
        "0.79": 227,
        "1.04": 226,
        "0.62": 225,
        "0.78": 224,
        "1.3": 224,
        "0.64": 224,
        "1.47": 224,
        "1.83": 223,
        "1.01": 223,
        "0.63": 223,
        "1.86": 223,
        "1.41": 222,
        "1.48": 222,
        "0.96": 221,
        "0.54": 221,
        "0.59": 221,
        "1.65": 220,
        "1.5": 220,
        "1.54": 218,
        "0.84": 217,
        "1.36": 217,
        "1.61": 216,
        "1.32": 214,
        "1.22": 214,
        "1.75": 212,
        "1.07": 212,
        "1.4": 211,
        "1.28": 211,
        "1.82": 210,
        "0.7": 210,
        "1.51": 208,
        "0.82": 208,
        "1.31": 207,
        "1.09": 207,
        "1.88": 206,
        "1.85": 205,
        "0.9": 205,
        "1.76": 204,
        "1.11": 204,
        "1.49": 204,
        "1.84": 204,
        "1.37": 203,
        "0.8": 203,
        "1.17": 203,
        "1.46": 202,
        "1.27": 201,
        "1.14": 199,
        "0.97": 199,
        "0.98": 198,
        "1.12": 198,
        "1.08": 198,
        "1.15": 198,
        "1.63": 198,
        "1.55": 197,
        "0.5": 196,
        "1.56": 195,
        "1.7": 195,
        "1.18": 195,
        "1.29": 195,
        "1.16": 195,
        "1.67": 193,
        "1.69": 193,
        "1.57": 192,
        "1.2": 192,
        "0.4": 192,
        "1.73": 192,
        "1.87": 192,
        "1.21": 192,
        "1.81": 192,
        "1.52": 192,
        "1.6": 191,
        "1.39": 190,
        "1.38": 189,
        "1.23": 189,
        "1.68": 188,
        "1.74": 188,
        "0.01": 188,
        "1.26": 188,
        "1.59": 187,
        "1.35": 187,
        "1.78": 186,
        "1.25": 186,
        "1.8": 186,
        "1.53": 186,
        "1.66": 186,
        "1.19": 186,
        "1.44": 185,
        "1.77": 184,
        "1.42": 184,
        "1.24": 184,
        "0.6": 184,
        "1.64": 182,
        "1.34": 182,
        "1.62": 182,
        "1.33": 181,
        "0.02": 178,
        "1.89": 174,
        "1.13": 174,
        "1.43": 173,
        "1.06": 173,
        "1.71": 171,
        "1.58": 171,
        "1.98": 168,
        "2.02": 164,
        "1.97": 164,
        "1.99": 164,
        "2.03": 162,
        "1.79": 161,
        "1.91": 158,
        "2.05": 156,
        "1.72": 155,
        "2.08": 154,
        "1.92": 154,
        "1.93": 153,
        "1.94": 152,
        "2.12": 150,
        "1.9": 149,
        "2.1": 146,
        "1.96": 142,
        "2.06": 134,
        "2.0": 131,
        "2.01": 131,
        "2.11": 130,
        "2.04": 129,
        "2.31": 124,
        "2.09": 123,
        "1.95": 123,
        "2.07": 120,
        "2.13": 119,
        "2.16": 117,
        "2.15": 116,
        "2.14": 115,
        "2.29": 113,
        "2.25": 113,
        "2.19": 111,
        "2.17": 110,
        "2.28": 109,
        "2.21": 109,
        "2.18": 108,
        "2.34": 108,
        "2.2": 104,
        "2.23": 102,
        "2.35": 99,
        "2.24": 94,
        "2.45": 93,
        "2.44": 92,
        "2.26": 89,
        "2.3": 87,
        "2.37": 87,
        "2.46": 87,
        "2.32": 87,
        "2.22": 87,
        "2.27": 86,
        "2.33": 86,
        "2.43": 85,
        "2.4": 85,
        "2.48": 82,
        "2.5": 81,
        "2.42": 79,
        "2.39": 76,
        "2.36": 76,
        "2.49": 75,
        "2.41": 75,
        "2.47": 74,
        "2.54": 71,
        "2.38": 69,
        "2.58": 68,
        "2.63": 65,
        "2.62": 65,
        "2.64": 65,
        "2.52": 64,
        "2.51": 62,
        "2.59": 61,
        "2.55": 61,
        "2.6": 60,
        "2.65": 59,
        "2.57": 54,
        "2.61": 53,
        "2.68": 52,
        "2.71": 52,
        "2.56": 52,
        "2.75": 51,
        "2.53": 50,
        "2.66": 50,
        "2.86": 49,
        "2.74": 49,
        "2.85": 48,
        "2.8": 48,
        "2.79": 46,
        "2.76": 45,
        "2.81": 44,
        "2.67": 43,
        "2.77": 43,
        "2.7": 43,
        "2.72": 43,
        "3.0": 42,
        "2.73": 42,
        "2.69": 42,
        "2.83": 41,
        "2.84": 38,
        "2.88": 37,
        "2.82": 37,
        "2.89": 36,
        "2.78": 36,
        "2.9": 35,
        "2.87": 31,
        "2.93": 30,
        "2.92": 30,
        "3.09": 29,
        "2.94": 28,
        "3.07": 28,
        "3.02": 27,
        "3.01": 27,
        "3.03": 25,
        "2.97": 25,
        "2.98": 25,
        "2.95": 25,
        "2.91": 25,
        "3.04": 24,
        "3.13": 23,
        "3.2": 23,
        "2.96": 22,
        "3.26": 20,
        "3.06": 20,
        "3.1": 20,
        "3.18": 19,
        "3.16": 19,
        "3.15": 18,
        "2.99": 18,
        "3.28": 17,
        "3.11": 17,
        "3.33": 17,
        "3.08": 17,
        "3.27": 16,
        "3.17": 16,
        "3.22": 16,
        "3.29": 15,
        "3.05": 14,
        "3.4": 14,
        "3.36": 13,
        "3.12": 13,
        "3.34": 12,
        "3.25": 12,
        "3.24": 12,
        "3.21": 12,
        "3.14": 11,
        "3.59": 11,
        "3.41": 11,
        "3.5": 11,
        "3.19": 11,
        "3.57": 11,
        "3.3": 11,
        "3.58": 10,
        "3.35": 10,
        "3.61": 9,
        "3.39": 9,
        "3.23": 9,
        "3.48": 8,
        "3.44": 8,
        "3.42": 8,
        "3.52": 8,
        "3.45": 8,
        "3.8": 8,
        "3.51": 7,
        "3.89": 7,
        "3.56": 7,
        "3.71": 7,
        "4.1": 7,
        "3.53": 7,
        "4.4": 7,
        "3.43": 7,
        "3.69": 6,
        "3.65": 6,
        "3.92": 6,
        "3.38": 6,
        "3.47": 6,
        "3.46": 6,
        "3.32": 6,
        "3.64": 6,
        "3.54": 5,
        "3.77": 5,
        "3.67": 5,
        "3.49": 5,
        "3.37": 5,
        "3.9": 4,
        "3.6": 4,
        "3.31": 4,
        "4.2": 4,
        "3.62": 4,
        "4.04": 4,
        "3.76": 4,
        "4.3": 3,
        "3.7": 3,
        "3.72": 3,
        "3.94": 3,
        "3.63": 3,
        "4.16": 3,
        "3.84": 3,
        "3.74": 3,
        "3.88": 3,
        "3.81": 3,
        "3.86": 3,
        "3.78": 3,
        "3.83": 3,
        "4.03": 2,
        "3.97": 2,
        "3.66": 2,
        "3.85": 2,
        "4.68": 2,
        "3.68": 2,
        "4.39": 2,
        "3.75": 2,
        "4.27": 2,
        "4.57": 2,
        "3.73": 2,
        "4.14": 2,
        "3.93": 2,
        "3.55": 2,
        "3.82": 2,
        "9.0": 2,
        "4.17": 1,
        "4.01": 1,
        "6.0": 1,
        "4.33": 1,
        "4.19": 1,
        "4.5": 1,
        "3.87": 1,
        "4.35": 1,
        "4.05": 1,
        "4.23": 1,
        "4.36": 1,
        "3.91": 1,
        "4.0": 1,
        "4.9": 1,
        "4.37": 1,
        "4.51": 1,
        "4.29": 1,
        "7.0": 1,
        "3.96": 1,
        "4.44": 1,
        "5.18": 1,
        "4.28": 1,
        "3.79": 1,
        "4.56": 1,
        "4.12": 1,
        "9.83": 1,
        "9.02": 1,
        "4.15": 1,
        "3.95": 1,
        "3.99": 1
    },
    "nrows": 954036
}