{
    "column_id": "Accidents/oseba.csvoseba.csv/strokovni_pregled",
    "dataset_name": "oseba.csv",
    "dataset_id": "Accidents/oseba.csv",
    "path": "/home/ubuntu/CatDB/Experiments/data/Accidents/oseba.csv",
    "table_name": "oseba.csv",
    "table_id": "Accidents/oseba.csvoseba.csv",
    "column_name": "strokovni_pregled",
    "data_source": "Accidents",
    "data_type": "float",
    "total_values_count": 954036,
    "distinct_values_count": 383,
    "missing_values_count": 407796,
    "true_ratio": null,
    "min_value": 0.0,
    "max_value": 9.1,
    "mean": 0.03531500805506776,
    "median": 0.0,
    "iqr": 0.0,
    "category_values": [
        0.08,
        0.0,
        0.04,
        1.54,
        2.49,
        1.07,
        0.45,
        0.9,
        0.87,
        0.01,
        0.02,
        0.75,
        0.62,
        1.25,
        1.27,
        2.54,
        1.17,
        3.18,
        1.65,
        0.1,
        0.55,
        0.86,
        0.05,
        2.46,
        0.28,
        1.66,
        0.66,
        1.43,
        1.63,
        0.38,
        2.06,
        2.11,
        2.22,
        2.63,
        0.03,
        0.78,
        2.84,
        2.24,
        2.23,
        2.18,
        0.3,
        2.61,
        1.72,
        1.61,
        0.06,
        1.0,
        1.19,
        3.16,
        1.93,
        2.44,
        1.69,
        2.83,
        1.67,
        0.34,
        0.09,
        2.25,
        0.61,
        0.94,
        1.59,
        1.39,
        2.0,
        0.63,
        1.56,
        1.79,
        0.99,
        1.64,
        0.43,
        2.08,
        2.38,
        0.11,
        1.28,
        1.13,
        1.55,
        0.52,
        1.76,
        1.14,
        0.32,
        2.29,
        1.21,
        2.36,
        0.07,
        1.94,
        1.41,
        1.26,
        0.98,
        1.3,
        2.7,
        1.58,
        1.48,
        2.55,
        2.4,
        0.13,
        1.38,
        1.34,
        0.95,
        1.78,
        1.02,
        2.68,
        0.4,
        2.1,
        1.99,
        1.53,
        1.36,
        1.84,
        1.62,
        0.24,
        1.88,
        2.2,
        2.94,
        1.71,
        2.47,
        3.6,
        2.19,
        1.04,
        0.76,
        0.58,
        2.05,
        3.03,
        1.16,
        0.51,
        1.23,
        1.75,
        1.49,
        0.82,
        1.96,
        2.09,
        0.21,
        2.45,
        2.35,
        2.74,
        0.7,
        1.57,
        3.08,
        2.89,
        1.95,
        2.3,
        1.4,
        2.16,
        0.69,
        2.27,
        1.98,
        2.66,
        0.17,
        2.42,
        1.42,
        1.86,
        1.85,
        1.77,
        1.7,
        2.14,
        1.68,
        0.36,
        2.15,
        2.57,
        2.86,
        2.32,
        0.85,
        0.5,
        1.32,
        1.5,
        1.31,
        1.92,
        2.17,
        0.42,
        3.07,
        0.97,
        0.16,
        1.6,
        0.71,
        1.97,
        0.48,
        0.18,
        2.03,
        2.58,
        0.8,
        1.44,
        2.64,
        0.68,
        1.01,
        2.53,
        2.5,
        0.31,
        0.53,
        2.28,
        2.41,
        0.12,
        2.12,
        1.9,
        2.21,
        1.15,
        2.37,
        1.11,
        0.84,
        1.06,
        1.09,
        2.85,
        1.82,
        0.79,
        0.37,
        0.72,
        0.83,
        0.67,
        2.78,
        0.54,
        1.22,
        2.13,
        2.02,
        0.96,
        1.37,
        1.2,
        2.88,
        1.47,
        1.8,
        1.35,
        1.08,
        1.33,
        1.73,
        2.8,
        2.62,
        0.89,
        0.35,
        3.65,
        2.6,
        2.43,
        1.74,
        1.05,
        0.93,
        0.26,
        0.56,
        3.25,
        0.77,
        2.72,
        0.15,
        0.39,
        2.07,
        1.1,
        1.12,
        1.81,
        0.33,
        2.01,
        0.2,
        1.51,
        0.14,
        2.56,
        2.73,
        2.31,
        0.81,
        2.91,
        1.18,
        2.69,
        2.04,
        1.83,
        2.98,
        0.88,
        0.6,
        0.65,
        1.24,
        0.25,
        3.04,
        1.45,
        1.29,
        0.41,
        2.75,
        3.22,
        0.74,
        1.89,
        1.52,
        2.93,
        2.48,
        1.91,
        3.0,
        0.29,
        1.87,
        2.96,
        3.67,
        1.46,
        3.31,
        1.03,
        2.51,
        3.35,
        2.67,
        3.02,
        2.59,
        0.47,
        0.91,
        3.05,
        0.27,
        0.44,
        2.81,
        2.33,
        0.49,
        0.22,
        0.73,
        3.19,
        0.23,
        2.77,
        3.95,
        0.59,
        2.82,
        0.64,
        0.92,
        2.95,
        2.26,
        0.19,
        3.62,
        2.9,
        3.55,
        0.46,
        3.34,
        2.34,
        2.39,
        3.32,
        2.65,
        3.09,
        3.41,
        3.51,
        3.68,
        3.01,
        3.52,
        3.23,
        2.92,
        3.21,
        2.52,
        3.37,
        0.57,
        3.38,
        2.87,
        3.46,
        2.71,
        3.5,
        3.06,
        3.59,
        3.87,
        3.17,
        3.78,
        3.61,
        2.76,
        3.39,
        2.79,
        3.4,
        3.44,
        2.97,
        3.27,
        3.3,
        3.33,
        3.66,
        3.28,
        3.45,
        3.89,
        3.2,
        2.99,
        3.12,
        4.16,
        3.29,
        4.15,
        4.6,
        3.58,
        3.13,
        3.36,
        3.76,
        3.14,
        3.8,
        3.24,
        3.26,
        3.64,
        3.72,
        6.66,
        3.96,
        3.1,
        3.57,
        9.1,
        3.42,
        3.15,
        3.11,
        3.43,
        3.49,
        3.47,
        4.05,
        5.15,
        3.53,
        5.34,
        4.01,
        3.54
    ],
    "embedding": [
        -0.061474815011024475,
        -0.12739600241184235,
        0.14487358927726746,
        -0.002971562324091792,
        0.04188971221446991,
        0.10166312754154205,
        0.09516935050487518,
        0.21719223260879517,
        0.23299247026443481,
        0.1591644138097763,
        -0.16211701929569244,
        0.01185656525194645,
        0.06315284967422485,
        -0.20432519912719727,
        0.04953046143054962,
        -0.15741027891635895,
        0.18853457272052765,
        0.16670672595500946,
        0.05722806230187416,
        -0.030647356063127518,
        0.0626460388302803,
        -0.09842084348201752,
        0.07882481813430786,
        0.1654401570558548,
        -0.09371519833803177,
        -0.12946872413158417,
        -0.10182733088731766,
        -0.1638193279504776,
        0.12084295600652695,
        -0.2666144371032715,
        -0.13116887211799622,
        -0.026656901463866234,
        0.012738811783492565,
        -0.17232249677181244,
        0.19250744581222534,
        0.12133488804101944,
        0.04574689269065857,
        -0.10126800835132599,
        -0.004872439429163933,
        0.031179355457425117,
        -0.1998269259929657,
        0.050622791051864624,
        -0.07825154811143875,
        -0.0017366453539580107,
        -0.14046914875507355,
        0.15581561625003815,
        -0.11397488415241241,
        -0.03757018223404884,
        0.1252690553665161,
        0.1061704233288765,
        -0.04278259724378586,
        -0.15153077244758606,
        0.12400182336568832,
        -0.04157077893614769,
        0.040910813957452774,
        -0.061023008078336716,
        0.03240516781806946,
        0.14012858271598816,
        -0.0708567276597023,
        -0.08463707566261292,
        0.10636710375547409,
        0.04288068413734436,
        -0.016906708478927612,
        -0.026710771024227142,
        -0.04752177745103836,
        -0.18794074654579163,
        0.2724721431732178,
        0.21159717440605164,
        -0.14117535948753357,
        -0.1529504954814911,
        0.10754251480102539,
        0.04395618289709091,
        -0.17352935671806335,
        0.19798298180103302,
        -0.10873650014400482,
        -0.03725321590900421,
        0.15880748629570007,
        0.023160787299275398,
        0.08046792447566986,
        0.040250979363918304,
        -0.030072705820202827,
        0.003747265785932541,
        -0.009776291437447071,
        0.14390972256660461,
        -0.019240673631429672,
        0.0425146147608757,
        0.0004908731789328158,
        -0.2148226946592331,
        0.1969597190618515,
        0.13546901941299438,
        -0.04833805561065674,
        0.0015649347333237529,
        0.10632629692554474,
        0.12268746644258499,
        -0.03996887803077698,
        -0.029161466285586357,
        -0.005428730975836515,
        -0.08097293227910995,
        -0.03171370550990105,
        -0.13000717759132385,
        0.04681389778852463,
        0.14872944355010986,
        0.015461106784641743,
        -0.03786087781190872,
        -0.10562080144882202,
        0.036122195422649384,
        -0.01350818295031786,
        0.0977926254272461,
        0.039995502680540085,
        -0.04852961748838425,
        -0.16513527929782867,
        0.20189981162548065,
        0.05405135452747345,
        -0.0010015862062573433,
        -0.1251441389322281,
        -0.07737204432487488,
        0.03961534425616264,
        0.06832848489284515,
        0.03752778843045235,
        -0.04295347258448601,
        0.05850420519709587,
        0.16567464172840118,
        0.15317067503929138,
        0.0038236479740589857,
        -0.04034493491053581,
        0.07925868779420853,
        0.09971973299980164,
        0.05121640861034393,
        0.03208927437663078,
        -0.17693457007408142,
        0.09929059445858002,
        -0.006666672881692648,
        -0.03565538674592972,
        -0.05161033943295479,
        -0.05389760807156563,
        -0.052532490342855453,
        0.08348707109689713,
        0.034457966685295105,
        -0.1658782660961151,
        0.07439716160297394,
        0.07163731008768082,
        -0.05498741939663887,
        0.09097369015216827,
        -0.14189234375953674,
        -0.1659577339887619,
        -0.007683614734560251,
        -0.040552955120801926,
        0.08095065504312515,
        0.22769415378570557,
        -0.10317900776863098,
        0.12702859938144684,
        -0.18883644044399261,
        -0.16862088441848755,
        0.17874278128147125,
        -0.02783007174730301,
        -0.11772826313972473,
        -0.08794480562210083,
        -0.024198701605200768,
        0.07874791324138641,
        -0.1611771136522293,
        -0.04631521925330162,
        0.0399005189538002,
        -0.01658775471150875,
        0.011380372568964958,
        -0.014270037412643433,
        -0.05728571489453316,
        -0.04073391109704971,
        0.13297666609287262,
        0.044183626770973206,
        0.073615662753582,
        -0.031836818903684616,
        0.0196192916482687,
        -0.2409663200378418,
        0.16246692836284637,
        -0.0346626378595829,
        0.009537044912576675,
        -0.2091251164674759,
        0.0018011193023994565,
        -0.015390433371067047,
        0.04723094031214714,
        0.12271095812320709,
        -0.1312827616930008,
        0.05350258946418762,
        -0.035028573125600815,
        -0.07566890865564346,
        -0.03271061182022095,
        -0.15159842371940613,
        -0.07982271164655685,
        -0.035153210163116455,
        0.0006554339779540896,
        0.12281592935323715,
        -0.008838771842420101,
        -0.07053361088037491,
        -0.11586213111877441,
        -0.02931460551917553,
        -0.02648916468024254,
        -0.06453607231378555,
        0.002311451593413949,
        0.191228985786438,
        0.1728534698486328,
        0.1811334490776062,
        -0.02214093878865242,
        -0.03105226345360279,
        0.1532438099384308,
        -0.024172015488147736,
        0.0946180671453476,
        0.04954681172966957,
        0.0474337562918663,
        0.02360343374311924,
        -0.14726707339286804,
        0.06578674167394638,
        -0.017094707116484642,
        0.18189091980457306,
        0.10331705212593079,
        -0.17665015161037445,
        0.04587714001536369,
        -0.18477845191955566,
        0.27601829171180725,
        0.0033162597101181746,
        -0.039374206215143204,
        0.1943403035402298,
        -0.16640417277812958,
        0.11614448577165604,
        0.002744516124948859,
        0.1311696171760559,
        -0.013721887022256851,
        -0.0603182427585125,
        -0.21051989495754242,
        0.01398880872875452,
        0.05832049995660782,
        0.14711348712444305,
        0.020512627437710762,
        -0.02663109079003334,
        0.04098904877901077,
        -0.04589509963989258,
        0.0768023356795311,
        0.00567860109731555,
        0.0681057944893837,
        0.002161659300327301,
        -0.08485978096723557,
        0.1726328730583191,
        -0.19508975744247437,
        0.03352445736527443,
        -0.0756613090634346,
        -0.02057221531867981,
        0.16764524579048157,
        0.06084640696644783,
        0.02011844329535961,
        -0.00918764341622591,
        0.14370927214622498,
        0.0645756721496582,
        -0.19368518888950348,
        -0.009433789178729057,
        0.10725044459104538,
        0.07644239813089371,
        0.19038143754005432,
        0.12875208258628845,
        -0.025117745622992516,
        0.146661639213562,
        0.032167740166187286,
        0.038335464894771576,
        0.01789766363799572,
        -0.013963118195533752,
        0.10255717486143112,
        -0.11028263717889786,
        -0.00180316052865237,
        0.02649417147040367,
        -0.1697428822517395,
        -0.024008970707654953,
        0.0958917960524559,
        -0.035272207111120224,
        -0.011442105285823345,
        -0.003368280827999115,
        0.01964164525270462,
        -0.27887606620788574,
        0.09180223196744919,
        -0.025406748056411743,
        0.1081560030579567,
        0.01702800765633583,
        -0.016433032229542732,
        -0.013094461522996426,
        0.1420915573835373,
        0.17069242894649506,
        0.08492760360240936,
        0.13065849244594574,
        0.28049665689468384,
        0.17357657849788666,
        0.18837298452854156,
        -0.004012767691165209,
        -0.00487150764092803,
        0.13812986016273499,
        0.20693744719028473,
        -0.03326652944087982,
        -0.11602920293807983,
        -0.02020188979804516,
        -0.016975248232483864,
        0.022736243903636932,
        0.1243044063448906,
        -0.1354878693819046,
        -0.021288754418492317
    ],
    "embedding_scaling_factor": 0.08314847946166992,
    "samples": [
        0.0,
        0.0,
        0.0,
        0.0,
        0.0,
        0.0,
        0.0,
        0.0,
        0.0,
        0.0,
        0.0,
        0.0,
        0.0,
        0.0,
        0.0,
        0.0,
        0.0,
        0.0,
        0.0,
        0.0,
        0.0,
        0.0,
        0.75,
        0.0,
        0.0,
        0.0,
        0.0,
        0.0,
        0.0,
        0.0,
        0.0,
        0.0,
        0.0,
        0.0,
        0.0,
        0.0,
        0.0,
        0.0,
        0.0,
        0.0,
        0.0,
        0.0,
        0.0,
        0.0,
        0.0,
        0.0,
        0.0,
        0.0,
        0.0,
        0.0,
        0.0,
        0.0,
        0.0,
        0.0,
        0.0,
        0.0,
        0.0,
        0.0,
        0.0,
        0.0
    ],
    "category_values_ratio": {
        "0.0": 530213,
        "0.01": 1192,
        "0.02": 454,
        "0.03": 222,
        "0.04": 157,
        "0.05": 138,
        "0.06": 107,
        "1.51": 93,
        "0.07": 90,
        "1.27": 86,
        "1.62": 85,
        "1.42": 82,
        "1.44": 80,
        "1.43": 80,
        "1.65": 79,
        "1.64": 79,
        "1.85": 78,
        "1.25": 77,
        "1.36": 77,
        "1.52": 77,
        "1.72": 76,
        "1.05": 76,
        "1.33": 76,
        "1.66": 75,
        "1.75": 75,
        "1.76": 75,
        "1.22": 75,
        "1.69": 75,
        "1.88": 75,
        "1.18": 74,
        "1.47": 74,
        "1.49": 74,
        "1.45": 73,
        "1.54": 73,
        "0.08": 72,
        "1.24": 72,
        "1.55": 72,
        "0.94": 72,
        "1.39": 72,
        "1.56": 72,
        "1.74": 71,
        "1.84": 71,
        "1.46": 71,
        "1.67": 71,
        "1.23": 70,
        "1.57": 70,
        "1.32": 70,
        "1.35": 70,
        "1.17": 69,
        "1.41": 69,
        "1.19": 69,
        "1.89": 69,
        "1.07": 68,
        "1.58": 68,
        "1.34": 67,
        "1.15": 67,
        "1.04": 67,
        "1.14": 66,
        "1.79": 66,
        "1.06": 66,
        "1.63": 66,
        "1.81": 65,
        "1.77": 65,
        "1.92": 65,
        "1.82": 64,
        "1.78": 64,
        "1.61": 63,
        "1.68": 63,
        "0.93": 62,
        "2.14": 62,
        "1.13": 62,
        "1.38": 62,
        "1.48": 62,
        "1.12": 62,
        "1.31": 62,
        "1.73": 61,
        "0.13": 61,
        "1.71": 61,
        "0.12": 61,
        "1.59": 61,
        "0.99": 60,
        "0.83": 60,
        "1.91": 60,
        "1.94": 60,
        "1.99": 59,
        "1.16": 59,
        "1.53": 59,
        "0.95": 59,
        "0.82": 59,
        "0.75": 59,
        "0.97": 58,
        "0.76": 58,
        "0.89": 57,
        "2.02": 57,
        "0.77": 56,
        "0.87": 56,
        "2.12": 56,
        "1.21": 56,
        "1.08": 56,
        "0.51": 56,
        "1.86": 56,
        "0.91": 56,
        "1.02": 56,
        "0.54": 55,
        "2.01": 55,
        "0.72": 55,
        "1.11": 55,
        "1.0": 55,
        "0.52": 54,
        "0.23": 54,
        "1.96": 54,
        "1.28": 54,
        "1.93": 53,
        "1.37": 53,
        "0.11": 53,
        "1.98": 53,
        "1.4": 53,
        "0.84": 53,
        "0.09": 52,
        "0.68": 52,
        "0.55": 51,
        "2.25": 51,
        "0.15": 51,
        "1.01": 51,
        "2.06": 51,
        "0.49": 51,
        "2.28": 51,
        "0.78": 51,
        "0.63": 51,
        "0.38": 50,
        "2.03": 50,
        "0.34": 50,
        "1.87": 50,
        "0.85": 50,
        "2.07": 50,
        "0.59": 50,
        "0.96": 50,
        "1.09": 49,
        "0.19": 49,
        "1.97": 49,
        "1.95": 49,
        "0.56": 49,
        "0.62": 49,
        "1.5": 49,
        "2.05": 48,
        "0.21": 48,
        "0.39": 48,
        "0.58": 48,
        "0.22": 48,
        "0.61": 48,
        "0.36": 48,
        "0.71": 48,
        "0.45": 48,
        "0.79": 48,
        "1.26": 47,
        "2.13": 47,
        "0.74": 47,
        "2.08": 47,
        "0.86": 47,
        "1.29": 47,
        "0.98": 47,
        "2.15": 47,
        "2.45": 46,
        "0.53": 46,
        "2.0": 46,
        "2.11": 46,
        "0.33": 46,
        "1.2": 46,
        "0.92": 46,
        "0.18": 45,
        "2.29": 45,
        "1.6": 45,
        "0.41": 45,
        "1.3": 44,
        "2.09": 44,
        "0.29": 44,
        "2.24": 44,
        "0.16": 44,
        "0.73": 44,
        "0.25": 43,
        "1.7": 43,
        "0.69": 43,
        "1.83": 43,
        "0.88": 43,
        "2.04": 42,
        "0.9": 42,
        "2.23": 42,
        "2.19": 42,
        "0.64": 41,
        "0.48": 41,
        "0.14": 41,
        "0.28": 41,
        "0.81": 41,
        "1.1": 41,
        "0.31": 40,
        "0.24": 40,
        "0.32": 39,
        "2.18": 39,
        "2.34": 39,
        "0.17": 39,
        "0.27": 39,
        "2.21": 39,
        "0.65": 39,
        "1.8": 39,
        "1.03": 38,
        "0.26": 38,
        "0.47": 38,
        "2.38": 37,
        "0.8": 37,
        "0.1": 37,
        "0.66": 37,
        "0.67": 36,
        "2.41": 36,
        "0.37": 36,
        "0.57": 36,
        "0.43": 36,
        "0.42": 36,
        "2.36": 36,
        "0.6": 36,
        "2.35": 34,
        "2.32": 34,
        "1.9": 34,
        "2.42": 34,
        "2.27": 34,
        "2.31": 33,
        "2.17": 33,
        "0.35": 33,
        "2.22": 33,
        "2.37": 33,
        "2.39": 33,
        "2.46": 32,
        "0.7": 31,
        "0.3": 31,
        "2.1": 31,
        "0.44": 30,
        "2.55": 30,
        "0.46": 30,
        "2.16": 30,
        "2.48": 29,
        "0.4": 29,
        "2.33": 29,
        "2.56": 28,
        "2.67": 27,
        "2.2": 27,
        "2.49": 26,
        "2.47": 26,
        "0.2": 25,
        "2.26": 25,
        "2.69": 23,
        "2.58": 22,
        "2.72": 22,
        "2.3": 22,
        "2.44": 21,
        "2.51": 21,
        "2.57": 21,
        "2.53": 20,
        "2.65": 20,
        "2.62": 20,
        "2.54": 20,
        "2.7": 20,
        "2.61": 19,
        "2.4": 19,
        "2.63": 19,
        "2.64": 19,
        "2.68": 18,
        "2.5": 18,
        "2.78": 17,
        "0.5": 17,
        "2.83": 17,
        "2.77": 16,
        "2.88": 16,
        "2.43": 16,
        "2.52": 16,
        "2.75": 16,
        "2.81": 16,
        "2.66": 15,
        "2.85": 15,
        "2.74": 15,
        "2.73": 14,
        "2.91": 13,
        "3.07": 13,
        "2.59": 13,
        "3.06": 13,
        "2.96": 12,
        "2.8": 12,
        "2.92": 12,
        "2.6": 12,
        "2.89": 12,
        "2.82": 12,
        "2.95": 11,
        "2.86": 11,
        "2.94": 10,
        "2.84": 10,
        "2.76": 10,
        "2.87": 10,
        "2.71": 9,
        "2.93": 9,
        "2.79": 9,
        "3.04": 9,
        "2.99": 9,
        "3.14": 8,
        "3.03": 8,
        "2.9": 8,
        "2.98": 8,
        "3.01": 7,
        "2.97": 7,
        "3.09": 7,
        "3.02": 7,
        "3.08": 7,
        "3.05": 7,
        "3.16": 6,
        "3.35": 6,
        "3.12": 6,
        "3.15": 5,
        "3.33": 5,
        "3.26": 5,
        "3.27": 5,
        "3.17": 5,
        "3.23": 5,
        "3.0": 5,
        "3.25": 5,
        "3.32": 5,
        "3.52": 4,
        "3.11": 4,
        "3.41": 4,
        "3.19": 4,
        "3.31": 4,
        "3.13": 4,
        "3.18": 4,
        "3.2": 4,
        "3.28": 4,
        "3.5": 3,
        "3.51": 3,
        "3.66": 3,
        "3.46": 3,
        "3.21": 3,
        "3.6": 3,
        "3.45": 3,
        "3.55": 3,
        "3.34": 3,
        "3.22": 3,
        "3.65": 3,
        "3.29": 3,
        "3.43": 3,
        "3.44": 2,
        "3.3": 2,
        "3.61": 2,
        "3.67": 2,
        "3.38": 2,
        "3.8": 2,
        "3.36": 2,
        "3.37": 2,
        "3.24": 2,
        "3.96": 2,
        "3.62": 2,
        "3.49": 2,
        "3.58": 2,
        "3.4": 2,
        "3.64": 2,
        "3.59": 1,
        "3.78": 1,
        "6.66": 1,
        "3.72": 1,
        "3.87": 1,
        "3.76": 1,
        "3.89": 1,
        "3.68": 1,
        "4.16": 1,
        "3.57": 1,
        "4.6": 1,
        "9.1": 1,
        "3.1": 1,
        "3.42": 1,
        "3.95": 1,
        "3.39": 1,
        "3.47": 1,
        "4.05": 1,
        "5.15": 1,
        "3.53": 1,
        "5.34": 1,
        "4.01": 1,
        "4.15": 1,
        "3.54": 1
    },
    "nrows": 954036
}