{
    "column_id": "Walmart/train.csvtrain.csv/date",
    "dataset_name": "train.csv",
    "dataset_id": "Walmart/train.csv",
    "path": "/home/ubuntu/CatDB/Experiments/data/Walmart/train.csv",
    "table_name": "train.csv",
    "table_id": "Walmart/train.csvtrain.csv",
    "column_name": "date",
    "data_source": "Walmart",
    "data_type": "date",
    "total_values_count": 4617600,
    "distinct_values_count": 1034,
    "missing_values_count": 0,
    "true_ratio": null,
    "min_value": null,
    "max_value": null,
    "mean": null,
    "median": null,
    "iqr": null,
    "category_values": [
        "2012-01-01",
        "2012-01-02",
        "2012-01-03",
        "2012-01-04",
        "2012-01-05",
        "2012-01-06",
        "2012-01-07",
        "2012-01-08",
        "2012-01-09",
        "2012-01-10",
        "2012-01-11",
        "2012-01-12",
        "2012-01-13",
        "2012-01-14",
        "2012-01-15",
        "2012-01-16",
        "2012-01-17",
        "2012-01-18",
        "2012-01-19",
        "2012-01-20",
        "2012-01-21",
        "2012-01-22",
        "2012-01-23",
        "2012-01-24",
        "2012-01-25",
        "2012-01-26",
        "2012-01-27",
        "2012-01-28",
        "2012-01-29",
        "2012-01-30",
        "2012-01-31",
        "2012-02-01",
        "2012-02-02",
        "2012-02-03",
        "2012-02-04",
        "2012-02-05",
        "2012-02-06",
        "2012-02-07",
        "2012-02-08",
        "2012-02-09",
        "2012-02-10",
        "2012-02-11",
        "2012-02-12",
        "2012-02-13",
        "2012-02-14",
        "2012-02-15",
        "2012-02-16",
        "2012-02-17",
        "2012-02-18",
        "2012-02-19",
        "2012-02-20",
        "2012-02-21",
        "2012-02-22",
        "2012-02-23",
        "2012-02-24",
        "2012-02-25",
        "2012-02-26",
        "2012-02-27",
        "2012-02-28",
        "2012-02-29",
        "2012-03-01",
        "2012-03-02",
        "2012-03-03",
        "2012-03-04",
        "2012-03-05",
        "2012-03-06",
        "2012-03-07",
        "2012-03-08",
        "2012-03-09",
        "2012-03-10",
        "2012-03-11",
        "2012-03-12",
        "2012-03-13",
        "2012-03-14",
        "2012-03-15",
        "2012-03-16",
        "2012-03-17",
        "2012-03-18",
        "2012-03-19",
        "2012-03-20",
        "2012-03-21",
        "2012-03-22",
        "2012-03-23",
        "2012-03-24",
        "2012-03-25",
        "2012-03-26",
        "2012-03-27",
        "2012-03-28",
        "2012-03-29",
        "2012-03-30",
        "2012-03-31",
        "2012-04-01",
        "2012-04-02",
        "2012-04-03",
        "2012-04-04",
        "2012-04-05",
        "2012-04-06",
        "2012-04-07",
        "2012-04-08",
        "2012-04-09",
        "2012-04-10",
        "2012-04-11",
        "2012-04-12",
        "2012-04-13",
        "2012-04-14",
        "2012-04-15",
        "2012-04-16",
        "2012-04-17",
        "2012-04-18",
        "2012-04-19",
        "2012-04-20",
        "2012-04-21",
        "2012-04-22",
        "2012-04-23",
        "2012-04-24",
        "2012-04-25",
        "2012-04-26",
        "2012-04-27",
        "2012-04-28",
        "2012-04-29",
        "2012-04-30",
        "2012-05-01",
        "2012-05-02",
        "2012-05-03",
        "2012-05-04",
        "2012-05-05",
        "2012-05-06",
        "2012-05-07",
        "2012-05-08",
        "2012-05-09",
        "2012-05-10",
        "2012-05-11",
        "2012-05-12",
        "2012-05-13",
        "2012-05-14",
        "2012-05-15",
        "2012-05-16",
        "2012-05-17",
        "2012-05-18",
        "2012-05-19",
        "2012-05-20",
        "2012-05-21",
        "2012-05-22",
        "2012-05-23",
        "2012-05-24",
        "2012-05-25",
        "2012-05-26",
        "2012-05-27",
        "2012-05-28",
        "2012-05-29",
        "2012-05-30",
        "2012-05-31",
        "2012-06-01",
        "2012-06-02",
        "2012-06-03",
        "2012-06-04",
        "2012-06-05",
        "2012-06-06",
        "2012-06-07",
        "2012-06-08",
        "2012-06-09",
        "2012-06-10",
        "2012-06-11",
        "2012-06-12",
        "2012-06-13",
        "2012-06-14",
        "2012-06-15",
        "2012-06-16",
        "2012-06-17",
        "2012-06-18",
        "2012-06-19",
        "2012-06-20",
        "2012-06-21",
        "2012-06-22",
        "2012-06-23",
        "2012-06-24",
        "2012-06-25",
        "2012-06-26",
        "2012-06-27",
        "2012-06-28",
        "2012-06-29",
        "2012-06-30",
        "2012-07-01",
        "2012-07-02",
        "2012-07-03",
        "2012-07-04",
        "2012-07-05",
        "2012-07-06",
        "2012-07-07",
        "2012-07-08",
        "2012-07-09",
        "2012-07-10",
        "2012-07-11",
        "2012-07-12",
        "2012-07-13",
        "2012-07-14",
        "2012-07-15",
        "2012-07-16",
        "2012-07-17",
        "2012-07-18",
        "2012-07-19",
        "2012-07-20",
        "2012-07-21",
        "2012-07-22",
        "2012-07-23",
        "2012-07-24",
        "2012-07-25",
        "2012-07-26",
        "2012-07-27",
        "2012-07-28",
        "2012-07-29",
        "2012-07-30",
        "2012-07-31",
        "2012-08-01",
        "2012-08-02",
        "2012-08-03",
        "2012-08-04",
        "2012-08-05",
        "2012-08-06",
        "2012-08-07",
        "2012-08-08",
        "2012-08-09",
        "2012-08-10",
        "2012-08-11",
        "2012-08-12",
        "2012-08-13",
        "2012-08-14",
        "2012-08-15",
        "2012-08-16",
        "2012-08-17",
        "2012-08-18",
        "2012-08-19",
        "2012-08-20",
        "2012-08-21",
        "2012-08-22",
        "2012-08-23",
        "2012-08-24",
        "2012-08-25",
        "2012-08-26",
        "2012-08-27",
        "2012-08-28",
        "2012-08-29",
        "2012-08-30",
        "2012-08-31",
        "2012-09-01",
        "2012-09-02",
        "2012-09-03",
        "2012-09-04",
        "2012-09-05",
        "2012-09-06",
        "2012-09-07",
        "2012-09-08",
        "2012-09-09",
        "2012-09-10",
        "2012-09-11",
        "2012-09-12",
        "2012-09-13",
        "2012-09-14",
        "2012-09-15",
        "2012-09-16",
        "2012-09-17",
        "2012-09-18",
        "2012-09-19",
        "2012-09-20",
        "2012-09-21",
        "2012-09-22",
        "2012-09-23",
        "2012-09-24",
        "2012-09-25",
        "2012-09-26",
        "2012-09-27",
        "2012-09-28",
        "2012-09-29",
        "2012-09-30",
        "2012-10-01",
        "2012-10-02",
        "2012-10-03",
        "2012-10-04",
        "2012-10-05",
        "2012-10-06",
        "2012-10-07",
        "2012-10-08",
        "2012-10-09",
        "2012-10-10",
        "2012-10-11",
        "2012-10-12",
        "2012-10-13",
        "2012-10-14",
        "2012-10-15",
        "2012-10-16",
        "2012-10-17",
        "2012-10-18",
        "2012-10-19",
        "2012-10-20",
        "2012-10-21",
        "2012-10-22",
        "2012-10-23",
        "2012-10-24",
        "2012-10-25",
        "2012-10-26",
        "2012-10-27",
        "2012-10-28",
        "2012-10-29",
        "2012-10-30",
        "2012-10-31",
        "2012-11-01",
        "2012-11-02",
        "2012-11-03",
        "2012-11-04",
        "2012-11-05",
        "2012-11-06",
        "2012-11-07",
        "2012-11-08",
        "2012-11-09",
        "2012-11-10",
        "2012-11-11",
        "2012-11-12",
        "2012-11-13",
        "2012-11-14",
        "2012-11-15",
        "2012-11-16",
        "2012-11-17",
        "2012-11-18",
        "2012-11-19",
        "2012-11-20",
        "2012-11-21",
        "2012-11-22",
        "2012-11-23",
        "2012-11-24",
        "2012-11-25",
        "2012-11-26",
        "2012-11-27",
        "2012-11-28",
        "2012-11-29",
        "2012-11-30",
        "2012-12-01",
        "2012-12-02",
        "2012-12-03",
        "2012-12-04",
        "2012-12-05",
        "2012-12-06",
        "2012-12-07",
        "2012-12-08",
        "2012-12-09",
        "2012-12-10",
        "2012-12-11",
        "2012-12-12",
        "2012-12-13",
        "2012-12-14",
        "2012-12-15",
        "2012-12-16",
        "2012-12-17",
        "2012-12-18",
        "2012-12-19",
        "2012-12-20",
        "2012-12-21",
        "2012-12-22",
        "2012-12-23",
        "2012-12-24",
        "2012-12-26",
        "2012-12-27",
        "2012-12-28",
        "2012-12-29",
        "2012-12-30",
        "2012-12-31",
        "2013-01-01",
        "2013-01-02",
        "2013-01-03",
        "2013-01-04",
        "2013-01-05",
        "2013-01-06",
        "2013-01-07",
        "2013-01-08",
        "2013-01-09",
        "2013-01-10",
        "2013-01-11",
        "2013-01-12",
        "2013-01-13",
        "2013-01-14",
        "2013-01-15",
        "2013-01-16",
        "2013-01-17",
        "2013-01-18",
        "2013-01-19",
        "2013-01-20",
        "2013-01-21",
        "2013-01-22",
        "2013-01-23",
        "2013-01-24",
        "2013-01-25",
        "2013-01-26",
        "2013-01-27",
        "2013-01-28",
        "2013-01-29",
        "2013-01-30",
        "2013-01-31",
        "2013-02-01",
        "2013-02-02",
        "2013-02-03",
        "2013-02-04",
        "2013-02-05",
        "2013-02-06",
        "2013-02-07",
        "2013-02-08",
        "2013-02-09",
        "2013-02-10",
        "2013-02-11",
        "2013-02-12",
        "2013-02-13",
        "2013-02-14",
        "2013-02-15",
        "2013-02-16",
        "2013-02-17",
        "2013-02-18",
        "2013-02-19",
        "2013-02-20",
        "2013-02-21",
        "2013-02-22",
        "2013-02-23",
        "2013-02-24",
        "2013-02-25",
        "2013-02-26",
        "2013-02-27",
        "2013-02-28",
        "2013-03-01",
        "2013-03-02",
        "2013-03-03",
        "2013-03-04",
        "2013-03-05",
        "2013-03-06",
        "2013-03-07",
        "2013-03-08",
        "2013-03-09",
        "2013-03-10",
        "2013-03-11",
        "2013-03-12",
        "2013-03-13",
        "2013-03-14",
        "2013-03-15",
        "2013-03-16",
        "2013-03-17",
        "2013-03-18",
        "2013-03-19",
        "2013-03-20",
        "2013-03-21",
        "2013-03-22",
        "2013-03-23",
        "2013-03-24",
        "2013-03-25",
        "2013-03-26",
        "2013-03-27",
        "2013-03-28",
        "2013-03-29",
        "2013-03-30",
        "2013-03-31",
        "2013-04-01",
        "2013-04-02",
        "2013-04-03",
        "2013-04-04",
        "2013-04-05",
        "2013-04-06",
        "2013-04-07",
        "2013-04-08",
        "2013-04-09",
        "2013-04-10",
        "2013-04-11",
        "2013-04-12",
        "2013-04-13",
        "2013-04-14",
        "2013-04-15",
        "2013-04-16",
        "2013-04-17",
        "2013-04-18",
        "2013-04-19",
        "2013-04-20",
        "2013-04-21",
        "2013-04-22",
        "2013-04-23",
        "2013-04-24",
        "2013-04-25",
        "2013-04-26",
        "2013-04-27",
        "2013-04-28",
        "2013-04-29",
        "2013-04-30",
        "2013-05-01",
        "2013-05-02",
        "2013-05-03",
        "2013-05-04",
        "2013-05-05",
        "2013-05-06",
        "2013-05-07",
        "2013-05-08",
        "2013-05-09",
        "2013-05-10",
        "2013-05-11",
        "2013-05-12",
        "2013-05-13",
        "2013-05-14",
        "2013-05-15",
        "2013-05-16",
        "2013-05-17",
        "2013-05-18",
        "2013-05-19",
        "2013-05-20",
        "2013-05-21",
        "2013-05-22",
        "2013-05-23",
        "2013-05-24",
        "2013-05-25",
        "2013-05-26",
        "2013-05-27",
        "2013-05-28",
        "2013-05-29",
        "2013-05-30",
        "2013-05-31",
        "2013-06-01",
        "2013-06-02",
        "2013-06-03",
        "2013-06-11",
        "2013-06-12",
        "2013-06-13",
        "2013-06-14",
        "2013-06-15",
        "2013-06-16",
        "2013-06-17",
        "2013-06-18",
        "2013-06-19",
        "2013-06-20",
        "2013-06-21",
        "2013-06-22",
        "2013-06-23",
        "2013-06-24",
        "2013-06-25",
        "2013-06-26",
        "2013-06-27",
        "2013-07-05",
        "2013-07-06",
        "2013-07-07",
        "2013-07-08",
        "2013-07-09",
        "2013-07-10",
        "2013-07-11",
        "2013-07-12",
        "2013-07-13",
        "2013-07-14",
        "2013-07-15",
        "2013-07-16",
        "2013-07-17",
        "2013-07-18",
        "2013-07-19",
        "2013-07-27",
        "2013-07-28",
        "2013-07-29",
        "2013-08-13",
        "2013-08-14",
        "2013-08-15",
        "2013-08-16",
        "2013-08-17",
        "2013-08-18",
        "2013-08-19",
        "2013-08-20",
        "2013-08-21",
        "2013-08-22",
        "2013-08-23",
        "2013-08-24",
        "2013-08-25",
        "2013-08-26",
        "2013-08-27",
        "2013-08-28",
        "2013-08-29",
        "2013-08-30",
        "2013-08-31",
        "2013-09-01",
        "2013-09-02",
        "2013-09-03",
        "2013-09-04",
        "2013-09-05",
        "2013-09-06",
        "2013-09-07",
        "2013-09-08",
        "2013-09-16",
        "2013-09-17",
        "2013-09-18",
        "2013-09-19",
        "2013-09-20",
        "2013-09-21",
        "2013-09-22",
        "2013-09-23",
        "2013-09-24",
        "2013-09-25",
        "2013-09-26",
        "2013-09-27",
        "2013-09-28",
        "2013-09-29",
        "2013-09-30",
        "2013-10-01",
        "2013-10-02",
        "2013-10-03",
        "2013-10-04",
        "2013-10-05",
        "2013-10-06",
        "2013-10-07",
        "2013-10-08",
        "2013-10-09",
        "2013-10-10",
        "2013-10-11",
        "2013-10-12",
        "2013-10-13",
        "2013-10-14",
        "2013-10-15",
        "2013-10-16",
        "2013-10-17",
        "2013-10-18",
        "2013-10-19",
        "2013-10-20",
        "2013-10-21",
        "2013-10-22",
        "2013-10-23",
        "2013-10-24",
        "2013-10-25",
        "2013-10-26",
        "2013-10-27",
        "2013-10-28",
        "2013-10-29",
        "2013-10-30",
        "2013-10-31",
        "2013-11-01",
        "2013-11-02",
        "2013-11-03",
        "2013-11-04",
        "2013-11-05",
        "2013-11-06",
        "2013-11-07",
        "2013-11-08",
        "2013-11-09",
        "2013-11-10",
        "2013-11-11",
        "2013-11-12",
        "2013-11-13",
        "2013-11-14",
        "2013-11-22",
        "2013-11-23",
        "2013-12-01",
        "2013-12-02",
        "2013-12-03",
        "2013-12-04",
        "2013-12-05",
        "2013-12-06",
        "2013-12-07",
        "2013-12-08",
        "2013-12-09",
        "2013-12-10",
        "2013-12-11",
        "2013-12-12",
        "2013-12-13",
        "2013-12-14",
        "2013-12-15",
        "2013-12-16",
        "2013-12-17",
        "2013-12-18",
        "2013-12-19",
        "2013-12-20",
        "2013-12-21",
        "2013-12-22",
        "2013-12-23",
        "2013-12-24",
        "2013-12-25",
        "2014-01-02",
        "2014-01-03",
        "2014-01-04",
        "2014-01-05",
        "2014-01-06",
        "2014-01-07",
        "2014-01-08",
        "2014-01-09",
        "2014-01-10",
        "2014-01-11",
        "2014-01-12",
        "2014-01-13",
        "2014-01-14",
        "2014-01-15",
        "2014-01-16",
        "2014-01-17",
        "2014-01-18",
        "2014-01-19",
        "2014-01-20",
        "2014-01-21",
        "2014-01-22",
        "2014-01-23",
        "2014-01-24",
        "2014-01-25",
        "2014-01-26",
        "2014-01-27",
        "2014-01-28",
        "2014-01-29",
        "2014-01-30",
        "2014-01-31",
        "2014-02-01",
        "2014-02-02",
        "2014-02-03",
        "2014-02-04",
        "2014-02-05",
        "2014-02-06",
        "2014-02-07",
        "2014-02-08",
        "2014-02-09",
        "2014-02-10",
        "2014-02-11",
        "2014-02-12",
        "2014-02-13",
        "2014-02-14",
        "2014-02-15",
        "2014-02-16",
        "2014-02-17",
        "2014-02-18",
        "2014-02-19",
        "2014-02-20",
        "2014-02-21",
        "2014-02-22",
        "2014-02-23",
        "2014-02-24",
        "2014-02-25",
        "2014-02-26",
        "2014-02-27",
        "2014-02-28",
        "2014-03-01",
        "2014-03-02",
        "2014-03-03",
        "2014-03-04",
        "2014-03-05",
        "2014-03-06",
        "2014-03-07",
        "2014-03-08",
        "2014-03-09",
        "2014-03-10",
        "2014-03-11",
        "2014-03-12",
        "2014-03-13",
        "2014-03-14",
        "2014-03-15",
        "2014-03-16",
        "2014-03-17",
        "2014-03-18",
        "2014-03-19",
        "2014-03-20",
        "2014-03-21",
        "2014-03-22",
        "2014-03-23",
        "2014-03-24",
        "2014-03-25",
        "2014-03-26",
        "2014-04-03",
        "2014-04-04",
        "2014-04-05",
        "2014-04-06",
        "2014-04-07",
        "2014-04-08",
        "2014-04-09",
        "2014-04-10",
        "2014-04-11",
        "2014-04-12",
        "2014-04-13",
        "2014-04-14",
        "2014-04-15",
        "2014-04-16",
        "2014-04-17",
        "2014-04-18",
        "2014-04-19",
        "2014-04-20",
        "2014-04-21",
        "2014-04-22",
        "2014-04-23",
        "2014-04-24",
        "2014-04-25",
        "2014-04-26",
        "2014-04-27",
        "2014-04-28",
        "2014-04-29",
        "2014-04-30",
        "2014-05-01",
        "2014-05-02",
        "2014-05-03",
        "2014-05-04",
        "2014-05-05",
        "2014-05-06",
        "2014-05-07",
        "2014-05-08",
        "2014-05-09",
        "2014-05-10",
        "2014-05-11",
        "2014-05-12",
        "2014-05-13",
        "2014-05-14",
        "2014-05-15",
        "2014-05-16",
        "2014-05-17",
        "2014-05-18",
        "2014-05-19",
        "2014-05-20",
        "2014-05-21",
        "2014-05-22",
        "2014-05-23",
        "2014-05-24",
        "2014-05-25",
        "2014-05-26",
        "2014-05-27",
        "2014-05-28",
        "2014-05-29",
        "2014-05-30",
        "2014-05-31",
        "2014-06-01",
        "2014-06-02",
        "2014-06-03",
        "2014-06-04",
        "2014-06-05",
        "2014-06-06",
        "2014-06-07",
        "2014-06-08",
        "2014-06-09",
        "2014-06-10",
        "2014-06-11",
        "2014-06-12",
        "2014-06-13",
        "2014-06-14",
        "2014-06-15",
        "2014-06-16",
        "2014-06-17",
        "2014-06-18",
        "2014-06-19",
        "2014-06-20",
        "2014-06-21",
        "2014-06-22",
        "2014-06-23",
        "2014-06-24",
        "2014-06-25",
        "2014-06-26",
        "2014-06-27",
        "2014-06-28",
        "2014-06-29",
        "2014-06-30",
        "2014-07-08",
        "2014-07-09",
        "2014-07-10",
        "2014-07-11",
        "2014-07-19",
        "2014-07-20",
        "2014-07-21",
        "2014-07-22",
        "2014-07-23",
        "2014-07-24",
        "2014-08-01",
        "2014-08-02",
        "2014-08-03",
        "2014-08-04",
        "2014-08-05",
        "2014-08-06",
        "2014-08-07",
        "2014-08-08",
        "2014-08-09",
        "2014-08-17",
        "2014-08-18",
        "2014-08-19",
        "2014-08-20",
        "2014-08-21",
        "2014-08-22",
        "2014-08-23",
        "2014-08-24",
        "2014-08-25",
        "2014-08-26",
        "2014-08-27",
        "2014-08-28",
        "2014-08-29",
        "2014-08-30",
        "2014-08-31",
        "2014-09-01",
        "2014-09-02",
        "2014-09-03",
        "2014-09-04",
        "2014-09-05",
        "2014-09-06",
        "2014-09-07",
        "2014-09-08",
        "2014-09-09",
        "2014-09-10",
        "2014-09-11",
        "2014-09-12",
        "2014-09-13",
        "2014-09-14",
        "2014-09-15",
        "2014-09-16",
        "2014-09-17",
        "2014-09-18",
        "2014-09-19",
        "2014-09-20",
        "2014-09-21",
        "2014-09-22",
        "2014-09-23",
        "2014-09-24",
        "2014-09-25",
        "2014-09-26",
        "2014-09-27",
        "2014-09-28",
        "2014-09-29",
        "2014-09-30",
        "2014-10-01",
        "2014-10-02",
        "2014-10-03",
        "2014-10-04",
        "2014-10-05",
        "2014-10-06",
        "2014-10-07",
        "2014-10-08",
        "2014-10-09",
        "2014-10-10",
        "2014-10-11",
        "2014-10-12",
        "2014-10-13",
        "2014-10-14",
        "2014-10-15",
        "2014-10-16",
        "2014-10-17",
        "2014-10-18",
        "2014-10-19",
        "2014-10-27",
        "2014-10-28",
        "2014-10-29",
        "2014-10-30",
        "2014-10-31",
        "2013-06-05",
        "2013-06-06",
        "2013-06-07",
        "2013-06-08",
        "2013-06-09",
        "2013-06-10",
        "2013-06-28",
        "2013-06-29",
        "2013-06-30",
        "2013-07-01",
        "2013-07-02",
        "2013-07-03",
        "2013-07-04",
        "2013-07-20",
        "2013-07-21",
        "2013-07-22",
        "2013-08-03",
        "2013-08-04",
        "2013-08-12",
        "2013-09-09",
        "2013-09-10",
        "2013-09-11",
        "2013-09-12",
        "2013-09-13",
        "2013-09-14",
        "2013-09-15",
        "2013-11-15",
        "2013-11-16",
        "2013-11-17",
        "2013-11-18",
        "2013-11-19",
        "2013-11-20",
        "2013-11-21",
        "2013-11-24",
        "2013-11-25",
        "2013-11-26",
        "2013-11-27",
        "2013-11-28",
        "2013-11-29",
        "2013-11-30",
        "2013-12-26",
        "2013-12-27",
        "2013-12-28",
        "2013-12-29",
        "2013-12-30",
        "2013-12-31",
        "2014-01-01",
        "2014-03-27",
        "2014-03-28",
        "2014-03-29",
        "2014-03-30",
        "2014-03-31",
        "2014-04-01",
        "2014-04-02",
        "2014-07-01",
        "2014-07-02",
        "2014-07-03",
        "2014-07-04",
        "2014-07-05",
        "2014-07-13",
        "2014-07-25",
        "2014-07-26",
        "2014-08-10",
        "2014-08-11",
        "2014-08-12",
        "2014-08-13",
        "2014-08-14",
        "2014-08-15",
        "2014-08-16",
        "2014-10-20",
        "2014-10-21",
        "2014-10-22",
        "2014-10-23",
        "2014-10-24",
        "2014-10-25",
        "2014-10-26",
        "2013-07-30",
        "2013-07-31",
        "2013-08-01",
        "2013-08-02",
        "2014-07-27",
        "2014-07-28",
        "2014-07-29",
        "2014-07-30",
        "2014-07-31",
        "2013-06-04",
        "2013-07-23",
        "2013-07-24",
        "2013-07-25",
        "2013-07-26",
        "2013-08-05",
        "2013-08-06",
        "2013-08-07",
        "2013-08-08",
        "2013-08-09",
        "2013-08-10",
        "2013-08-11",
        "2014-07-06",
        "2014-07-07",
        "2014-07-15",
        "2014-07-16",
        "2014-07-17",
        "2014-07-18",
        "2014-07-12",
        "2014-07-14"
    ],
    "embedding": [
        -0.9999995231628418,
        0.9999995231628418,
        0.9999995827674866,
        0.9999995827674866,
        0.9999996423721313,
        0.9999995827674866,
        0.999999463558197,
        -0.3543339967727661,
        -0.9999995231628418,
        -0.9999998807907104,
        -0.9999995827674866,
        -0.9999995827674866,
        0.9999995827674866,
        -0.9999997019767761,
        0.9999995827674866,
        0.9999995827674866,
        0.9999995231628418,
        0.9999995231628418,
        0.9999991655349731,
        -0.9999995231628418,
        0.9999996423721313,
        0.9999995827674866,
        -0.9999995231628418,
        0.9999995827674866,
        0.9999996423721313,
        0.9999995827674866,
        -0.9999998807907104,
        0.9999995827674866,
        0.9999997019767761,
        0.9999995827674866,
        -0.9999995827674866,
        0.9999995827674866,
        0.9999996423721313,
        -0.9999995827674866,
        -0.9999995827674866,
        0.9999995827674866,
        0.9999995827674866,
        -0.9999995231628418,
        -0.9999997019767761,
        0.9999996423721313,
        0.9999995827674866,
        0.9999995827674866,
        0.9469876885414124,
        0.9999995231628418,
        0.9999995827674866,
        0.999999463558197,
        0.9999995827674866,
        0.999999463558197,
        0.9999997019767761,
        0.9999995827674866,
        -0.9999995231628418,
        -0.9999995827674866,
        -0.9999995231628418,
        0.9999995827674866,
        0.9999995231628418,
        0.9999995231628418,
        -0.9999996423721313,
        0.9999995827674866,
        0.999999463558197,
        0.9999995231628418,
        0.9999995827674866,
        -0.9999995231628418,
        0.9999995827674866,
        -0.9999995827674866,
        -0.9999998807907104,
        0.9999995231628418,
        0.9999995827674866,
        0.9999995231628418,
        -0.9999995827674866,
        -0.9999995827674866,
        0.9999995827674866,
        0.9999995231628418,
        0.9999995231628418,
        0.999999463558197,
        0.9999995827674866,
        0.9999995231628418,
        0.9999995231628418,
        0.999999463558197,
        0.9999995231628418,
        -0.9999995827674866,
        -0.9999995231628418,
        0.9983773231506348,
        -0.9999995827674866,
        0.9999995231628418,
        0.9999995231628418,
        0.9999998211860657,
        -0.9999995827674866,
        -0.9999995231628418,
        0.9999995827674866,
        -0.999999463558197,
        -0.9999995231628418,
        -0.9999995827674866,
        -0.9999995827674866,
        -0.9999995827674866,
        0.999999463558197,
        0.9999995827674866,
        0.9999995827674866,
        -0.9999995231628418,
        -0.9999994039535522,
        0.9999995231628418,
        -0.9469778537750244,
        -0.9999995827674866,
        0.9999995827674866,
        -0.9999998807907104,
        0.9999995827674866,
        0.9999995231628418,
        -0.9999995827674866,
        -0.9999995231628418,
        0.9999995231628418,
        0.9999995827674866,
        -0.999999463558197,
        0.9999999403953552,
        0.9999995827674866,
        0.9999998211860657,
        0.9999998211860657,
        -0.999999463558197,
        0.9999998807907104,
        -0.9999995231628418,
        0.9999995231628418,
        -0.9999995231628418,
        0.9999995231628418,
        -0.9999995827674866,
        0.9999995827674866,
        0.9999995827674866,
        -0.9999995827674866,
        0.9999995231628418,
        -0.9999995231628418,
        -0.9999995231628418,
        0.9999995231628418,
        0.3300984501838684,
        -0.9999995231628418,
        0.9999995827674866,
        -0.9999995827674866,
        -0.9469833374023438,
        0.9999995827674866,
        -0.9999995827674866,
        0.9999997019767761,
        -0.9999995827674866,
        -0.9999995231628418,
        0.9999997019767761,
        -0.9999995827674866,
        -0.9999995231628418,
        0.999999463558197,
        -0.9999995827674866,
        0.9999995231628418,
        0.9999995231628418,
        -0.9999995827674866,
        0.9999993443489075,
        0.9999995231628418,
        0.9999995827674866,
        0.999999463558197,
        0.999999463558197,
        -0.9999995231628418,
        0.999999463558197,
        -0.9469714164733887,
        0.9999995827674866,
        0.9999995827674866,
        -0.9999991059303284,
        -0.9999995231628418,
        0.9999998807907104,
        0.9999995231628418,
        0.999999463558197,
        0.9999995827674866,
        0.999999463558197,
        0.9999995827674866,
        0.9999995827674866,
        -0.9999995231628418,
        -0.9999995827674866,
        0.9999995231628418,
        -0.9999996423721313,
        0.9999995827674866,
        0.9999995827674866,
        -0.9999998807907104,
        -0.9999995231628418,
        -0.9999983906745911,
        0.999999463558197,
        -0.9999995827674866,
        0.9999995827674866,
        -0.9999998211860657,
        0.9999995827674866,
        -0.9999995827674866,
        -0.999999463558197,
        0.9999995827674866,
        0.9999996423721313,
        0.9999995827674866,
        -0.9999995231628418,
        -0.9999995231628418,
        0.999999463558197,
        0.9999998211860657,
        -0.9999995231628418,
        0.9999995231628418,
        -0.9999998807907104,
        0.9999995827674866,
        -0.9999995827674866,
        -0.9999995827674866,
        0.9999995231628418,
        -0.999999463558197,
        -0.9999995231628418,
        0.9999998807907104,
        -0.9999998807907104,
        0.9999995231628418,
        0.9999995231628418,
        0.999999463558197,
        -0.9999998211860657,
        0.9999995827674866,
        -0.9999998211860657,
        -0.9999995231628418,
        0.31430673599243164,
        0.9999995231628418,
        -0.9999995827674866,
        -0.9999995827674866,
        -0.9999995827674866,
        0.9999995231628418,
        0.999999463558197,
        -0.9999995231628418,
        0.9999995827674866,
        -0.9999995827674866,
        0.9999997019767761,
        0.9999995827674866,
        -0.9999995827674866,
        -0.999999463558197,
        0.9999995231628418,
        0.9999995231628418,
        0.9999995231628418,
        -0.9999995231628418,
        -0.9999995827674866,
        0.9999995827674866,
        -0.9999997019767761,
        -0.9999995827674866,
        -0.9999995231628418,
        0.999999463558197,
        -0.9999995231628418,
        -0.9999995231628418,
        0.9999995827674866,
        0.9999995827674866,
        0.9999995231628418,
        0.9999995231628418,
        0.999999463558197,
        -0.9999995231628418,
        0.9999998211860657,
        0.3007345199584961,
        0.9999995827674866,
        0.9999995827674866,
        -0.9999995827674866,
        0.3120068907737732,
        0.9469854235649109,
        -0.9999995827674866,
        -0.9999995827674866,
        -0.9999995231628418,
        -0.9999998211860657,
        0.9999995231628418,
        0.9999995827674866,
        0.9999998807907104,
        -0.9999995827674866,
        -0.9999995827674866,
        0.9999995827674866,
        0.9999995231628418,
        0.9999995231628418,
        0.9469836950302124,
        0.9999995827674866,
        -0.9999995827674866,
        0.9999998807907104,
        0.999999463558197,
        -0.9999995827674866,
        0.32806074619293213,
        0.9999995827674866,
        -0.999999463558197,
        -0.9999995231628418,
        -0.9999995231628418,
        -0.9999995231628418,
        0.9999995231628418,
        -0.999999463558197,
        0.9999995231628418,
        -0.9999997019767761,
        0.9999995827674866,
        0.9999997019767761,
        -0.9999995231628418,
        -0.9999996423721313,
        0.3300958275794983,
        0.9999995827674866,
        -0.9999996423721313,
        -0.9999995827674866,
        -0.9999995231628418,
        -0.9999995827674866,
        0.9999995231628418,
        0.9999995827674866,
        0.9999996423721313,
        0.9999995827674866,
        0.9999986290931702,
        -0.9999986290931702,
        -0.9999986290931702,
        -0.9999985694885254,
        0.9999986290931702,
        0.9999983310699463,
        -0.9999985694885254,
        -0.9999982118606567,
        -0.9999986290931702,
        -0.9999985694885254,
        0.9999986290931702,
        -0.9999985098838806
    ],
    "embedding_scaling_factor": 0.10911887884140015,
    "samples": [
        "2014-03-26",
        "2013-12-01",
        "2013-03-06",
        "2013-03-02",
        "2014-08-22",
        "2013-06-04",
        "2012-05-21",
        "2014-07-09",
        "2014-10-15",
        "2012-10-10",
        "2014-09-19",
        "2012-10-10",
        "2012-03-29",
        "2012-01-22",
        "2014-10-14",
        "2013-06-10",
        "2014-03-03",
        "2012-09-16",
        "2012-09-23",
        "2013-02-07",
        "2013-09-06",
        "2012-12-08",
        "2012-05-01",
        "2012-08-28",
        "2012-08-23",
        "2013-11-13",
        "2013-05-02",
        "2013-10-27",
        "2013-07-11",
        "2012-12-03",
        "2012-03-29",
        "2012-12-03",
        "2012-05-05",
        "2013-10-11",
        "2013-09-16",
        "2013-06-01",
        "2014-07-25",
        "2013-01-09",
        "2012-12-10",
        "2014-09-13",
        "2014-06-06",
        "2013-11-12",
        "2012-05-31",
        "2014-02-20",
        "2012-10-31",
        "2013-12-30",
        "2013-06-14",
        "2012-09-03",
        "2014-09-14",
        "2012-07-17",
        "2014-01-31",
        "2013-07-11",
        "2013-07-26",
        "2014-02-09",
        "2012-10-16",
        "2014-03-06",
        "2013-01-17",
        "2014-10-19",
        "2012-09-08",
        "2013-02-26",
        "2014-10-24",
        "2013-06-11",
        "2012-04-08",
        "2012-11-02",
        "2013-10-23",
        "2012-10-02",
        "2012-12-02",
        "2013-07-30",
        "2013-07-24",
        "2013-12-22",
        "2013-12-04",
        "2012-03-08",
        "2012-03-18",
        "2014-07-16",
        "2012-01-28",
        "2013-05-29",
        "2012-04-19",
        "2012-07-08",
        "2013-07-05",
        "2013-05-02",
        "2014-06-19",
        "2013-02-05",
        "2012-03-08",
        "2013-10-10",
        "2013-07-18",
        "2013-12-26",
        "2013-05-11",
        "2012-12-13",
        "2013-08-27",
        "2013-11-23",
        "2014-06-18",
        "2014-04-22",
        "2012-08-16",
        "2012-03-20",
        "2012-10-01",
        "2012-05-10",
        "2012-02-14",
        "2013-01-13",
        "2012-02-28",
        "2014-02-01"
    ],
    "category_values_ratio": {
        "2012-12-12": 4995,
        "2013-03-31": 4995,
        "2013-10-22": 4995,
        "2013-10-21": 4995,
        "2013-10-20": 4995,
        "2013-10-19": 4995,
        "2014-03-24": 4995,
        "2014-03-25": 4995,
        "2014-04-04": 4995,
        "2013-02-21": 4995,
        "2013-03-29": 4995,
        "2014-09-25": 4995,
        "2012-07-03": 4995,
        "2013-03-08": 4995,
        "2013-03-07": 4995,
        "2013-03-06": 4995,
        "2013-03-05": 4995,
        "2013-03-04": 4995,
        "2013-03-03": 4995,
        "2013-03-01": 4995,
        "2013-11-09": 4995,
        "2013-11-10": 4995,
        "2013-11-11": 4995,
        "2013-11-12": 4995,
        "2014-10-27": 4995,
        "2014-10-28": 4995,
        "2014-10-29": 4995,
        "2014-10-30": 4995,
        "2014-10-31": 4995,
        "2013-04-25": 4995,
        "2013-04-24": 4995,
        "2013-04-23": 4995,
        "2014-04-20": 4995,
        "2013-04-22": 4995,
        "2014-04-19": 4995,
        "2014-04-03": 4995,
        "2014-01-22": 4995,
        "2014-02-25": 4995,
        "2013-12-02": 4995,
        "2013-12-01": 4995,
        "2013-11-13": 4995,
        "2013-02-28": 4995,
        "2013-02-27": 4995,
        "2013-02-26": 4995,
        "2013-03-15": 4995,
        "2013-03-12": 4995,
        "2012-07-04": 4995,
        "2012-07-05": 4995,
        "2012-07-06": 4995,
        "2012-11-01": 4995,
        "2012-11-02": 4995,
        "2012-11-03": 4995,
        "2012-11-04": 4995,
        "2012-11-05": 4995,
        "2012-11-06": 4995,
        "2012-11-07": 4995,
        "2012-11-08": 4995,
        "2012-11-09": 4995,
        "2012-11-10": 4995,
        "2012-11-11": 4995,
        "2012-11-12": 4995,
        "2012-11-13": 4995,
        "2013-03-14": 4995,
        "2013-03-16": 4995,
        "2013-02-25": 4995,
        "2013-03-17": 4995,
        "2013-02-24": 4995,
        "2013-02-23": 4995,
        "2013-03-10": 4995,
        "2013-03-30": 4995,
        "2013-03-11": 4995,
        "2013-03-13": 4995,
        "2013-03-28": 4995,
        "2013-03-27": 4995,
        "2013-03-26": 4995,
        "2013-03-25": 4995,
        "2013-03-24": 4995,
        "2013-03-23": 4995,
        "2013-03-22": 4995,
        "2013-03-21": 4995,
        "2013-03-20": 4995,
        "2013-03-19": 4995,
        "2013-03-18": 4995,
        "2014-10-06": 4995,
        "2014-09-12": 4995,
        "2012-11-15": 4995,
        "2013-01-15": 4995,
        "2013-02-12": 4995,
        "2013-02-11": 4995,
        "2013-02-10": 4995,
        "2013-01-28": 4995,
        "2013-02-09": 4995,
        "2013-02-07": 4995,
        "2013-02-06": 4995,
        "2013-02-05": 4995,
        "2013-02-03": 4995,
        "2014-08-03": 4995,
        "2013-02-02": 4995,
        "2013-02-01": 4995,
        "2013-01-31": 4995,
        "2013-01-30": 4995,
        "2013-02-08": 4995,
        "2013-01-14": 4995,
        "2013-01-07": 4995,
        "2013-01-12": 4995,
        "2013-02-13": 4995,
        "2013-02-14": 4995,
        "2013-02-15": 4995,
        "2013-02-16": 4995,
        "2012-09-02": 4995,
        "2013-01-16": 4995,
        "2013-01-27": 4995,
        "2013-01-23": 4995,
        "2013-01-17": 4995,
        "2013-01-18": 4995,
        "2013-01-19": 4995,
        "2013-01-25": 4995,
        "2013-01-20": 4995,
        "2013-01-21": 4995,
        "2013-01-22": 4995,
        "2013-01-24": 4995,
        "2013-01-26": 4995,
        "2013-02-04": 4995,
        "2013-01-29": 4995,
        "2013-02-18": 4995,
        "2013-02-17": 4995,
        "2012-06-18": 4995,
        "2012-06-19": 4995,
        "2012-06-20": 4995,
        "2012-06-03": 4995,
        "2012-06-05": 4995,
        "2013-01-13": 4995,
        "2012-06-06": 4995,
        "2012-06-08": 4995,
        "2012-06-09": 4995,
        "2013-02-19": 4995,
        "2012-06-10": 4995,
        "2012-06-11": 4995,
        "2012-06-12": 4995,
        "2012-06-13": 4995,
        "2012-06-07": 4995,
        "2013-02-20": 4995,
        "2013-03-09": 4995,
        "2013-02-22": 4995,
        "2014-04-21": 4995,
        "2014-04-22": 4995,
        "2014-04-23": 4995,
        "2012-06-04": 4995,
        "2012-06-02": 4995,
        "2012-06-21": 4995,
        "2012-06-01": 4995,
        "2012-06-22": 4995,
        "2012-06-23": 4995,
        "2012-06-24": 4995,
        "2012-06-25": 4995,
        "2012-06-26": 4995,
        "2012-06-27": 4995,
        "2012-06-28": 4995,
        "2012-06-29": 4995,
        "2012-06-30": 4995,
        "2012-07-01": 4995,
        "2012-07-02": 4995,
        "2012-06-17": 4995,
        "2012-06-16": 4995,
        "2012-06-15": 4995,
        "2012-06-14": 4995,
        "2013-01-11": 4995,
        "2013-01-10": 4995,
        "2012-11-14": 4995,
        "2013-03-02": 4995,
        "2012-11-16": 4995,
        "2012-07-21": 4995,
        "2012-07-13": 4995,
        "2012-07-14": 4995,
        "2012-07-15": 4995,
        "2012-08-19": 4995,
        "2012-07-16": 4995,
        "2012-07-18": 4995,
        "2012-07-19": 4995,
        "2012-07-20": 4995,
        "2012-07-22": 4995,
        "2012-09-17": 4995,
        "2012-07-23": 4995,
        "2012-07-24": 4995,
        "2012-07-25": 4995,
        "2012-07-26": 4995,
        "2012-07-17": 4995,
        "2013-01-08": 4995,
        "2012-08-20": 4995,
        "2012-08-22": 4995,
        "2012-07-12": 4995,
        "2012-07-11": 4995,
        "2012-07-10": 4995,
        "2012-07-09": 4995,
        "2012-08-08": 4995,
        "2012-08-09": 4995,
        "2012-08-10": 4995,
        "2012-08-11": 4995,
        "2012-08-12": 4995,
        "2012-08-13": 4995,
        "2012-08-14": 4995,
        "2012-08-15": 4995,
        "2012-08-16": 4995,
        "2012-08-17": 4995,
        "2012-08-18": 4995,
        "2012-07-30": 4995,
        "2012-07-29": 4995,
        "2012-07-28": 4995,
        "2012-07-27": 4995,
        "2012-07-07": 4995,
        "2012-07-08": 4995,
        "2012-09-16": 4995,
        "2012-09-18": 4995,
        "2012-08-06": 4995,
        "2012-09-01": 4995,
        "2012-08-25": 4995,
        "2012-08-26": 4995,
        "2012-08-27": 4995,
        "2012-08-28": 4995,
        "2012-08-29": 4995,
        "2012-08-30": 4995,
        "2012-08-31": 4995,
        "2012-08-21": 4995,
        "2012-09-03": 4995,
        "2012-09-19": 4995,
        "2012-09-04": 4995,
        "2012-09-05": 4995,
        "2012-09-06": 4995,
        "2012-09-07": 4995,
        "2012-09-08": 4995,
        "2012-09-09": 4995,
        "2012-09-10": 4995,
        "2012-09-11": 4995,
        "2012-08-24": 4995,
        "2012-08-23": 4995,
        "2012-09-12": 4995,
        "2012-09-13": 4995,
        "2012-11-17": 4995,
        "2012-09-21": 4995,
        "2012-09-22": 4995,
        "2012-09-23": 4995,
        "2012-09-24": 4995,
        "2012-09-25": 4995,
        "2012-09-26": 4995,
        "2012-09-27": 4995,
        "2012-09-28": 4995,
        "2012-09-29": 4995,
        "2012-09-30": 4995,
        "2012-10-01": 4995,
        "2012-10-02": 4995,
        "2012-10-03": 4995,
        "2012-10-04": 4995,
        "2012-09-15": 4995,
        "2012-09-14": 4995,
        "2012-08-07": 4995,
        "2012-09-20": 4995,
        "2012-08-05": 4995,
        "2012-12-18": 4995,
        "2012-10-24": 4995,
        "2012-10-25": 4995,
        "2012-10-26": 4995,
        "2012-10-27": 4995,
        "2012-10-29": 4995,
        "2012-11-21": 4995,
        "2012-11-22": 4995,
        "2012-11-23": 4995,
        "2012-12-19": 4995,
        "2012-12-30": 4995,
        "2012-12-20": 4995,
        "2012-12-21": 4995,
        "2012-12-22": 4995,
        "2012-12-23": 4995,
        "2012-12-24": 4995,
        "2012-12-26": 4995,
        "2012-12-27": 4995,
        "2012-12-28": 4995,
        "2012-10-23": 4995,
        "2012-10-22": 4995,
        "2012-10-20": 4995,
        "2012-10-19": 4995,
        "2012-11-18": 4995,
        "2012-08-04": 4995,
        "2012-11-19": 4995,
        "2012-10-31": 4995,
        "2012-11-20": 4995,
        "2012-10-30": 4995,
        "2012-10-28": 4995,
        "2012-10-09": 4995,
        "2012-10-10": 4995,
        "2012-10-11": 4995,
        "2012-10-12": 4995,
        "2012-10-13": 4995,
        "2012-10-14": 4995,
        "2012-10-15": 4995,
        "2012-10-16": 4995,
        "2012-10-17": 4995,
        "2012-10-18": 4995,
        "2012-12-29": 4995,
        "2012-10-21": 4995,
        "2012-12-31": 4995,
        "2012-10-08": 4995,
        "2012-12-05": 4995,
        "2012-12-06": 4995,
        "2012-12-07": 4995,
        "2012-12-08": 4995,
        "2012-12-09": 4995,
        "2012-12-10": 4995,
        "2013-01-09": 4995,
        "2012-12-13": 4995,
        "2012-12-04": 4995,
        "2012-10-07": 4995,
        "2012-10-06": 4995,
        "2012-10-05": 4995,
        "2012-07-31": 4995,
        "2012-08-01": 4995,
        "2013-01-01": 4995,
        "2012-08-02": 4995,
        "2012-08-03": 4995,
        "2012-12-03": 4995,
        "2012-12-11": 4995,
        "2012-12-17": 4995,
        "2012-11-24": 4995,
        "2012-12-02": 4995,
        "2013-01-04": 4995,
        "2013-01-05": 4995,
        "2013-01-06": 4995,
        "2012-12-16": 4995,
        "2012-12-15": 4995,
        "2013-01-02": 4995,
        "2012-12-14": 4995,
        "2012-11-25": 4995,
        "2012-11-26": 4995,
        "2012-11-27": 4995,
        "2012-11-28": 4995,
        "2012-11-29": 4995,
        "2012-11-30": 4995,
        "2012-12-01": 4995,
        "2013-01-03": 4995,
        "2012-04-17": 4884,
        "2012-04-18": 4884,
        "2012-04-19": 4884,
        "2012-04-20": 4884,
        "2012-04-07": 4884,
        "2012-04-21": 4884,
        "2012-04-22": 4884,
        "2012-04-23": 4884,
        "2012-03-19": 4884,
        "2012-04-24": 4884,
        "2012-04-16": 4884,
        "2012-04-10": 4884,
        "2012-04-15": 4884,
        "2012-04-14": 4884,
        "2012-04-13": 4884,
        "2012-04-06": 4884,
        "2012-04-12": 4884,
        "2012-04-11": 4884,
        "2012-04-09": 4884,
        "2012-04-08": 4884,
        "2012-04-26": 4884,
        "2012-04-25": 4884,
        "2012-02-01": 4884,
        "2012-04-27": 4884,
        "2012-01-27": 4884,
        "2012-02-05": 4884,
        "2012-04-04": 4884,
        "2012-02-04": 4884,
        "2012-02-03": 4884,
        "2012-02-02": 4884,
        "2012-01-31": 4884,
        "2012-01-30": 4884,
        "2012-01-29": 4884,
        "2012-01-28": 4884,
        "2012-01-26": 4884,
        "2012-04-28": 4884,
        "2012-01-25": 4884,
        "2012-01-24": 4884,
        "2012-01-23": 4884,
        "2012-01-22": 4884,
        "2012-03-16": 4884,
        "2012-02-23": 4884,
        "2012-03-18": 4884,
        "2012-05-01": 4884,
        "2012-04-29": 4884,
        "2012-04-05": 4884,
        "2012-03-24": 4884,
        "2012-04-30": 4884,
        "2012-03-31": 4884,
        "2012-05-09": 4884,
        "2012-05-08": 4884,
        "2012-05-07": 4884,
        "2012-05-06": 4884,
        "2012-05-05": 4884,
        "2012-05-04": 4884,
        "2012-04-03": 4884,
        "2014-01-26": 4884,
        "2012-04-01": 4884,
        "2012-03-25": 4884,
        "2012-05-02": 4884,
        "2012-03-26": 4884,
        "2012-03-27": 4884,
        "2012-03-29": 4884,
        "2012-03-30": 4884,
        "2012-03-23": 4884,
        "2012-03-20": 4884,
        "2012-03-21": 4884,
        "2012-03-22": 4884,
        "2012-02-06": 4884,
        "2012-05-10": 4884,
        "2012-05-11": 4884,
        "2012-05-12": 4884,
        "2012-05-13": 4884,
        "2012-04-02": 4884,
        "2012-05-03": 4884,
        "2012-05-30": 4884,
        "2012-05-29": 4884,
        "2012-05-28": 4884,
        "2012-05-27": 4884,
        "2012-05-26": 4884,
        "2012-05-25": 4884,
        "2012-05-24": 4884,
        "2012-05-23": 4884,
        "2012-05-22": 4884,
        "2012-05-21": 4884,
        "2012-05-20": 4884,
        "2012-05-19": 4884,
        "2012-05-18": 4884,
        "2012-05-17": 4884,
        "2012-05-16": 4884,
        "2012-05-15": 4884,
        "2012-05-14": 4884,
        "2012-01-21": 4884,
        "2012-03-28": 4884,
        "2012-01-20": 4884,
        "2014-08-28": 4884,
        "2014-05-02": 4884,
        "2014-03-22": 4884,
        "2014-03-21": 4884,
        "2013-10-18": 4884,
        "2014-08-29": 4884,
        "2012-01-02": 4884,
        "2014-09-24": 4884,
        "2013-10-23": 4884,
        "2013-10-24": 4884,
        "2012-01-01": 4884,
        "2014-03-26": 4884,
        "2014-01-27": 4884,
        "2012-02-18": 4884,
        "2012-02-25": 4884,
        "2012-02-24": 4884,
        "2012-05-31": 4884,
        "2012-02-22": 4884,
        "2012-02-21": 4884,
        "2012-02-20": 4884,
        "2012-02-19": 4884,
        "2014-03-23": 4884,
        "2013-06-25": 4884,
        "2012-03-17": 4884,
        "2014-01-24": 4884,
        "2013-12-25": 4884,
        "2013-12-10": 4884,
        "2014-01-07": 4884,
        "2014-01-29": 4884,
        "2014-02-26": 4884,
        "2014-01-28": 4884,
        "2013-11-22": 4884,
        "2013-11-14": 4884,
        "2014-01-23": 4884,
        "2014-01-25": 4884,
        "2013-06-26": 4884,
        "2014-05-03": 4884,
        "2013-10-25": 4884,
        "2013-10-26": 4884,
        "2014-08-27": 4884,
        "2014-05-01": 4884,
        "2013-08-28": 4884,
        "2013-08-27": 4884,
        "2013-08-26": 4884,
        "2013-06-27": 4884,
        "2012-02-17": 4884,
        "2012-01-18": 4884,
        "2012-02-16": 4884,
        "2012-01-13": 4884,
        "2012-03-01": 4884,
        "2012-02-09": 4884,
        "2012-02-08": 4884,
        "2012-02-07": 4884,
        "2012-01-19": 4884,
        "2012-01-17": 4884,
        "2012-01-16": 4884,
        "2012-01-15": 4884,
        "2012-01-14": 4884,
        "2012-01-12": 4884,
        "2012-03-03": 4884,
        "2012-01-11": 4884,
        "2012-01-10": 4884,
        "2012-01-08": 4884,
        "2012-01-07": 4884,
        "2012-01-06": 4884,
        "2012-01-05": 4884,
        "2012-01-04": 4884,
        "2012-01-03": 4884,
        "2012-02-15": 4884,
        "2012-03-02": 4884,
        "2012-01-09": 4884,
        "2012-03-04": 4884,
        "2012-03-15": 4884,
        "2012-03-05": 4884,
        "2012-02-14": 4884,
        "2012-02-13": 4884,
        "2012-02-12": 4884,
        "2012-02-10": 4884,
        "2012-02-26": 4884,
        "2012-02-27": 4884,
        "2012-02-28": 4884,
        "2012-02-29": 4884,
        "2012-02-11": 4884,
        "2012-03-14": 4884,
        "2012-03-12": 4884,
        "2012-03-11": 4884,
        "2012-03-10": 4884,
        "2012-03-09": 4884,
        "2012-03-08": 4884,
        "2012-03-07": 4884,
        "2012-03-13": 4884,
        "2012-03-06": 4884,
        "2013-05-15": 4773,
        "2013-07-07": 4773,
        "2013-07-08": 4773,
        "2013-07-09": 4773,
        "2014-08-23": 4773,
        "2013-08-24": 4773,
        "2014-04-07": 4773,
        "2013-12-12": 4773,
        "2014-03-11": 4773,
        "2013-08-25": 4773,
        "2013-12-13": 4773,
        "2013-12-14": 4773,
        "2014-05-19": 4773,
        "2013-12-15": 4773,
        "2014-05-20": 4773,
        "2013-08-23": 4773,
        "2013-07-06": 4773,
        "2013-07-05": 4773,
        "2013-08-19": 4773,
        "2014-08-21": 4773,
        "2014-08-22": 4773,
        "2014-07-24": 4773,
        "2014-08-26": 4773,
        "2013-08-21": 4773,
        "2013-08-20": 4773,
        "2014-09-11": 4773,
        "2013-08-22": 4773,
        "2014-10-17": 4773,
        "2014-10-18": 4773,
        "2013-12-17": 4773,
        "2013-12-16": 4773,
        "2014-08-25": 4773,
        "2013-10-27": 4773,
        "2014-04-09": 4773,
        "2013-09-05": 4773,
        "2013-04-26": 4773,
        "2013-04-27": 4773,
        "2013-04-28": 4773,
        "2014-02-13": 4773,
        "2013-05-14": 4773,
        "2013-11-17": 4773,
        "2014-04-25": 4773,
        "2013-11-16": 4773,
        "2013-11-15": 4773,
        "2014-04-05": 4773,
        "2014-04-06": 4773,
        "2013-09-06": 4773,
        "2013-11-18": 4773,
        "2013-09-24": 4773,
        "2014-01-19": 4773,
        "2014-04-24": 4773,
        "2014-02-11": 4773,
        "2014-01-06": 4773,
        "2014-01-10": 4773,
        "2014-02-10": 4773,
        "2014-01-18": 4773,
        "2014-04-26": 4773,
        "2014-01-21": 4773,
        "2014-02-12": 4773,
        "2013-11-21": 4773,
        "2014-03-10": 4773,
        "2014-04-08": 4773,
        "2014-01-20": 4773,
        "2013-12-23": 4662,
        "2013-08-31": 4662,
        "2013-12-24": 4662,
        "2014-02-14": 4662,
        "2014-01-08": 4662,
        "2014-02-16": 4662,
        "2014-03-09": 4662,
        "2014-04-10": 4662,
        "2014-06-18": 4662,
        "2013-08-29": 4662,
        "2014-04-28": 4662,
        "2014-04-30": 4662,
        "2014-04-29": 4662,
        "2014-04-27": 4662,
        "2014-04-18": 4662,
        "2014-06-16": 4662,
        "2014-06-17": 4662,
        "2013-11-19": 4662,
        "2013-11-20": 4662,
        "2013-08-30": 4662,
        "2013-12-22": 4662,
        "2014-01-09": 4662,
        "2013-04-21": 4662,
        "2013-12-21": 4662,
        "2013-11-08": 4662,
        "2014-03-08": 4662,
        "2013-11-07": 4662,
        "2013-11-06": 4662,
        "2014-07-26": 4662,
        "2014-03-12": 4662,
        "2014-03-13": 4662,
        "2014-07-25": 4662,
        "2014-02-17": 4662,
        "2014-08-19": 4662,
        "2014-08-24": 4662,
        "2014-02-15": 4662,
        "2014-08-20": 4662,
        "2014-06-30": 4662,
        "2014-08-18": 4662,
        "2013-06-24": 4662,
        "2013-12-11": 4662,
        "2014-09-13": 4551,
        "2013-05-16": 4551,
        "2013-10-03": 4551,
        "2013-12-18": 4551,
        "2014-03-06": 4551,
        "2014-03-07": 4551,
        "2014-02-27": 4551,
        "2014-02-28": 4551,
        "2014-07-04": 4551,
        "2014-07-05": 4551,
        "2014-03-01": 4551,
        "2014-03-02": 4551,
        "2014-07-03": 4551,
        "2013-10-29": 4551,
        "2014-07-02": 4551,
        "2014-01-30": 4551,
        "2014-10-19": 4551,
        "2014-02-09": 4551,
        "2013-05-08": 4551,
        "2014-05-18": 4551,
        "2013-05-10": 4551,
        "2013-10-02": 4551,
        "2013-10-28": 4551,
        "2014-06-19": 4551,
        "2013-07-19": 4551,
        "2013-05-09": 4551,
        "2013-09-01": 4551,
        "2014-05-17": 4551,
        "2013-08-18": 4551,
        "2013-09-04": 4551,
        "2013-05-11": 4551,
        "2013-10-04": 4551,
        "2013-09-03": 4551,
        "2013-09-02": 4551,
        "2013-06-29": 4440,
        "2013-11-30": 4440,
        "2014-10-20": 4440,
        "2014-03-27": 4440,
        "2014-06-27": 4440,
        "2013-07-02": 4440,
        "2013-07-03": 4440,
        "2013-07-04": 4440,
        "2013-12-19": 4440,
        "2014-07-23": 4440,
        "2014-07-22": 4440,
        "2014-10-25": 4440,
        "2013-06-21": 4440,
        "2013-10-09": 4440,
        "2014-10-26": 4440,
        "2014-04-01": 4440,
        "2013-12-20": 4440,
        "2014-04-02": 4440,
        "2014-03-28": 4440,
        "2014-10-21": 4440,
        "2014-06-29": 4440,
        "2014-03-31": 4440,
        "2014-02-01": 4440,
        "2014-01-31": 4440,
        "2014-10-23": 4440,
        "2014-09-23": 4440,
        "2014-06-28": 4440,
        "2013-06-30": 4440,
        "2014-10-22": 4440,
        "2014-10-24": 4440,
        "2014-09-22": 4440,
        "2014-05-21": 4440,
        "2014-03-30": 4440,
        "2013-07-01": 4440,
        "2014-03-29": 4440,
        "2014-09-14": 4440,
        "2014-08-17": 4329,
        "2014-08-09": 4329,
        "2014-04-17": 4329,
        "2014-04-11": 4329,
        "2014-02-02": 4329,
        "2013-06-23": 4329,
        "2013-06-22": 4329,
        "2013-11-23": 4329,
        "2013-12-28": 4329,
        "2014-08-07": 4329,
        "2014-08-08": 4329,
        "2014-08-04": 4329,
        "2014-08-06": 4329,
        "2014-07-21": 4329,
        "2013-06-10": 4329,
        "2013-06-28": 4329,
        "2014-07-01": 4329,
        "2013-05-13": 4329,
        "2013-05-12": 4329,
        "2013-12-26": 4329,
        "2013-12-27": 4329,
        "2013-05-19": 4329,
        "2014-08-05": 4329,
        "2013-12-04": 4218,
        "2014-03-05": 4218,
        "2014-04-16": 4218,
        "2014-02-24": 4218,
        "2014-06-21": 4218,
        "2014-02-06": 4218,
        "2013-12-03": 4218,
        "2014-03-03": 4218,
        "2014-02-23": 4218,
        "2014-02-08": 4218,
        "2014-02-07": 4218,
        "2014-04-15": 4218,
        "2013-08-17": 4218,
        "2014-04-14": 4218,
        "2014-03-04": 4218,
        "2014-04-13": 4218,
        "2013-09-07": 4218,
        "2013-09-08": 4218,
        "2014-05-16": 4218,
        "2014-05-04": 4218,
        "2013-12-29": 4218,
        "2013-10-10": 4218,
        "2013-07-20": 4218,
        "2014-04-12": 4218,
        "2013-12-06": 4107,
        "2014-05-22": 4107,
        "2013-05-18": 4107,
        "2014-09-16": 4107,
        "2013-10-08": 4107,
        "2013-12-09": 4107,
        "2013-12-07": 4107,
        "2013-10-06": 4107,
        "2013-10-17": 4107,
        "2013-12-05": 4107,
        "2013-12-08": 4107,
        "2013-10-07": 4107,
        "2014-06-23": 4107,
        "2013-10-05": 4107,
        "2014-06-22": 4107,
        "2014-05-12": 4107,
        "2014-05-15": 4107,
        "2013-09-23": 4107,
        "2014-05-14": 4107,
        "2013-04-08": 4107,
        "2013-05-17": 4107,
        "2013-04-07": 4107,
        "2013-06-11": 4107,
        "2014-09-17": 4107,
        "2013-04-09": 4107,
        "2014-06-20": 4107,
        "2013-07-17": 4107,
        "2013-04-10": 4107,
        "2014-06-24": 4107,
        "2014-09-15": 4107,
        "2014-05-13": 4107,
        "2013-07-10": 3996,
        "2014-09-26": 3996,
        "2014-09-28": 3996,
        "2013-05-03": 3996,
        "2014-10-03": 3996,
        "2013-06-12": 3996,
        "2014-10-04": 3996,
        "2014-10-05": 3996,
        "2014-10-07": 3996,
        "2014-05-05": 3996,
        "2013-05-04": 3996,
        "2013-07-21": 3996,
        "2014-08-11": 3996,
        "2014-05-07": 3996,
        "2014-08-13": 3996,
        "2014-05-06": 3996,
        "2014-05-11": 3996,
        "2014-09-20": 3996,
        "2014-09-21": 3996,
        "2014-08-12": 3996,
        "2014-09-19": 3996,
        "2013-05-05": 3996,
        "2014-09-18": 3996,
        "2014-06-11": 3996,
        "2014-06-12": 3996,
        "2013-09-12": 3996,
        "2014-02-22": 3996,
        "2013-07-22": 3996,
        "2014-06-26": 3996,
        "2013-09-13": 3996,
        "2013-09-11": 3996,
        "2013-05-06": 3996,
        "2013-09-14": 3996,
        "2014-06-13": 3996,
        "2013-05-20": 3996,
        "2014-02-21": 3996,
        "2014-09-27": 3996,
        "2013-05-07": 3996,
        "2014-09-10": 3996,
        "2014-09-01": 3885,
        "2014-06-14": 3885,
        "2014-01-14": 3885,
        "2013-04-20": 3885,
        "2013-04-18": 3885,
        "2013-11-04": 3885,
        "2013-10-31": 3885,
        "2014-08-31": 3885,
        "2013-11-01": 3885,
        "2013-11-26": 3885,
        "2013-04-06": 3885,
        "2014-08-30": 3885,
        "2014-08-15": 3885,
        "2014-03-20": 3885,
        "2014-01-12": 3885,
        "2013-11-05": 3885,
        "2014-01-11": 3885,
        "2014-06-15": 3885,
        "2014-06-25": 3885,
        "2014-02-20": 3885,
        "2014-02-05": 3885,
        "2013-04-19": 3885,
        "2013-11-28": 3885,
        "2013-10-30": 3885,
        "2014-08-14": 3885,
        "2014-03-19": 3885,
        "2014-02-19": 3885,
        "2013-11-29": 3885,
        "2013-11-27": 3885,
        "2013-05-24": 3885,
        "2014-01-13": 3885,
        "2013-05-23": 3885,
        "2014-02-03": 3885,
        "2014-02-04": 3885,
        "2014-02-18": 3885,
        "2013-11-24": 3774,
        "2014-06-07": 3774,
        "2014-06-08": 3774,
        "2013-08-04": 3774,
        "2014-06-10": 3774,
        "2014-03-17": 3774,
        "2013-11-25": 3774,
        "2014-08-10": 3774,
        "2014-03-18": 3774,
        "2013-05-01": 3774,
        "2014-05-08": 3774,
        "2013-09-09": 3774,
        "2014-06-06": 3774,
        "2013-04-30": 3774,
        "2013-09-10": 3774,
        "2013-10-13": 3774,
        "2013-04-29": 3774,
        "2013-10-16": 3774,
        "2013-10-15": 3774,
        "2013-05-25": 3774,
        "2013-10-14": 3774,
        "2013-10-12": 3774,
        "2014-07-06": 3774,
        "2013-05-02": 3774,
        "2013-07-18": 3774,
        "2014-08-16": 3774,
        "2014-01-02": 3663,
        "2014-01-05": 3663,
        "2014-01-04": 3663,
        "2014-01-03": 3663,
        "2013-06-20": 3663,
        "2014-09-02": 3663,
        "2014-07-20": 3663,
        "2014-07-19": 3663,
        "2014-03-14": 3663,
        "2014-03-15": 3663,
        "2014-03-16": 3663,
        "2014-01-15": 3663,
        "2013-07-30": 3663,
        "2014-01-16": 3663,
        "2013-04-02": 3663,
        "2013-04-01": 3663,
        "2013-04-04": 3663,
        "2013-04-05": 3663,
        "2013-05-22": 3663,
        "2013-05-21": 3663,
        "2014-10-09": 3663,
        "2014-10-08": 3663,
        "2013-05-26": 3663,
        "2013-04-03": 3663,
        "2014-01-17": 3663,
        "2013-11-02": 3552,
        "2013-11-03": 3552,
        "2013-07-23": 3552,
        "2013-08-16": 3552,
        "2013-07-28": 3441,
        "2013-06-13": 3441,
        "2013-05-27": 3441,
        "2013-07-12": 3441,
        "2014-06-09": 3441,
        "2013-07-13": 3441,
        "2013-09-22": 3441,
        "2013-07-27": 3441,
        "2013-08-13": 3441,
        "2013-07-29": 3441,
        "2013-08-03": 3441,
        "2014-07-18": 3441,
        "2013-08-05": 3441,
        "2013-04-13": 3441,
        "2013-08-14": 3441,
        "2013-08-15": 3441,
        "2013-09-16": 3441,
        "2014-07-16": 3330,
        "2013-04-14": 3330,
        "2014-05-09": 3330,
        "2013-12-30": 3330,
        "2013-12-31": 3330,
        "2014-01-01": 3330,
        "2013-10-11": 3330,
        "2013-04-11": 3330,
        "2014-07-17": 3330,
        "2013-04-12": 3330,
        "2013-08-07": 3330,
        "2013-08-08": 3330,
        "2013-07-14": 3330,
        "2013-07-15": 3330,
        "2013-07-16": 3330,
        "2013-06-09": 3330,
        "2013-09-15": 3219,
        "2014-05-10": 3219,
        "2013-07-11": 3219,
        "2014-09-08": 3219,
        "2013-08-10": 3219,
        "2014-09-09": 3219,
        "2014-09-06": 3219,
        "2013-08-09": 3219,
        "2013-07-24": 3219,
        "2014-09-07": 3219,
        "2013-07-31": 3108,
        "2013-07-25": 3108,
        "2013-06-03": 3108,
        "2014-06-02": 3108,
        "2013-06-17": 3108,
        "2013-04-16": 3108,
        "2013-04-17": 3108,
        "2013-06-05": 3108,
        "2013-07-26": 3108,
        "2014-10-16": 3108,
        "2014-05-31": 3108,
        "2014-05-28": 3108,
        "2014-10-15": 3108,
        "2013-04-15": 3108,
        "2014-06-01": 3108,
        "2013-06-06": 2997,
        "2014-09-30": 2997,
        "2014-10-01": 2997,
        "2014-10-02": 2997,
        "2013-09-30": 2997,
        "2013-08-12": 2997,
        "2013-06-15": 2997,
        "2013-06-16": 2997,
        "2014-09-29": 2997,
        "2013-09-29": 2997,
        "2014-10-12": 2997,
        "2013-06-07": 2997,
        "2013-06-08": 2997,
        "2014-07-15": 2997,
        "2013-05-29": 2997,
        "2013-09-28": 2997,
        "2013-10-01": 2997,
        "2013-08-02": 2997,
        "2014-08-01": 2997,
        "2013-08-01": 2997,
        "2013-05-28": 2997,
        "2013-06-19": 2997,
        "2014-10-10": 2997,
        "2014-10-11": 2997,
        "2014-08-02": 2997,
        "2013-05-31": 2886,
        "2014-07-31": 2886,
        "2013-06-18": 2886,
        "2013-09-17": 2886,
        "2013-09-19": 2886,
        "2013-09-18": 2886,
        "2013-09-20": 2886,
        "2014-07-07": 2886,
        "2013-08-11": 2886,
        "2013-05-30": 2886,
        "2014-09-03": 2886,
        "2013-09-27": 2775,
        "2014-05-26": 2775,
        "2014-10-14": 2775,
        "2014-06-03": 2775,
        "2014-06-05": 2775,
        "2014-05-25": 2775,
        "2014-05-24": 2775,
        "2014-05-23": 2775,
        "2014-06-04": 2775,
        "2013-09-26": 2775,
        "2013-09-25": 2775,
        "2014-10-13": 2775,
        "2014-05-27": 2775,
        "2014-07-14": 2775,
        "2014-07-29": 2775,
        "2014-07-30": 2775,
        "2013-08-06": 2775,
        "2014-07-28": 2775,
        "2013-06-02": 2664,
        "2014-07-27": 2664,
        "2013-06-04": 2664,
        "2014-05-30": 2664,
        "2013-09-21": 2664,
        "2013-06-14": 2664,
        "2014-07-13": 2664,
        "2013-06-01": 2553,
        "2014-05-29": 2220,
        "2014-07-08": 2220,
        "2014-07-09": 2220,
        "2014-07-10": 2220,
        "2014-09-04": 2220,
        "2014-09-05": 2220,
        "2014-07-11": 2109,
        "2014-07-12": 1887
    },
    "nrows": 4617600
}