{
    "column_id": "Lahman-2014/appearances.csvappearances.csv/G_all",
    "dataset_name": "appearances.csv",
    "dataset_id": "Lahman-2014/appearances.csv",
    "path": "/home/ubuntu/CatDB/Experiments/data/Lahman-2014/appearances.csv",
    "table_name": "appearances.csv",
    "table_id": "Lahman-2014/appearances.csvappearances.csv",
    "column_name": "G_all",
    "data_source": "Lahman-2014",
    "data_type": "int",
    "total_values_count": 92306,
    "distinct_values_count": 166,
    "missing_values_count": 0,
    "true_ratio": null,
    "min_value": 0.0,
    "max_value": 165.0,
    "mean": 52.12823651766949,
    "median": 35.0,
    "iqr": 70.0,
    "category_values": [
        31,
        18,
        29,
        19,
        16,
        3,
        26,
        28,
        20,
        24,
        27,
        25,
        22,
        1,
        15,
        12,
        6,
        9,
        5,
        2,
        14,
        33,
        21,
        32,
        17,
        8,
        7,
        10,
        30,
        42,
        35,
        46,
        53,
        13,
        50,
        55,
        56,
        51,
        4,
        11,
        37,
        45,
        48,
        23,
        36,
        54,
        44,
        47,
        41,
        49,
        38,
        57,
        60,
        58,
        59,
        52,
        39,
        43,
        71,
        70,
        40,
        65,
        61,
        64,
        63,
        78,
        80,
        77,
        82,
        75,
        74,
        79,
        69,
        68,
        72,
        86,
        85,
        34,
        62,
        66,
        67,
        76,
        84,
        83,
        81,
        73,
        87,
        98,
        96,
        94,
        92,
        95,
        93,
        97,
        90,
        100,
        88,
        101,
        99,
        89,
        91,
        106,
        114,
        108,
        102,
        110,
        104,
        107,
        105,
        115,
        111,
        103,
        112,
        116,
        113,
        0,
        109,
        137,
        139,
        141,
        122,
        117,
        125,
        118,
        121,
        129,
        132,
        127,
        140,
        126,
        124,
        120,
        136,
        135,
        130,
        123,
        134,
        131,
        138,
        133,
        119,
        128,
        143,
        152,
        151,
        148,
        147,
        149,
        146,
        144,
        145,
        153,
        155,
        154,
        142,
        150,
        156,
        157,
        162,
        159,
        158,
        160,
        163,
        161,
        165,
        164
    ],
    "embedding": [
        -1.0,
        -1.0,
        -1.0,
        1.0,
        -1.0,
        1.0,
        -1.0,
        -1.0,
        -1.0,
        -1.0,
        1.0,
        -1.0,
        -1.0,
        1.0,
        1.0,
        1.0,
        1.0,
        -1.0,
        1.0,
        -1.0,
        1.0,
        -1.0,
        1.0,
        -1.0,
        1.0,
        -1.0,
        -1.0,
        1.0,
        -1.0,
        -1.0,
        1.0,
        1.0,
        -1.0,
        -1.0,
        -1.0,
        1.0,
        -1.0,
        1.0,
        1.0,
        -1.0,
        -1.0,
        1.0,
        -1.0,
        -1.0,
        -1.0,
        -1.0,
        1.0,
        -1.0,
        -1.0,
        -0.9290060997009277,
        -1.0,
        1.0,
        1.0,
        1.0,
        -1.0,
        1.0,
        1.0,
        1.0,
        -1.0,
        0.9522379636764526,
        -1.0,
        -1.0,
        1.0,
        -1.0,
        1.0,
        -1.0,
        1.0,
        -1.0,
        1.0,
        1.0,
        1.0,
        -1.0,
        -1.0,
        -1.0,
        -1.0,
        1.0,
        1.0,
        1.0,
        1.0,
        1.0,
        1.0,
        1.0,
        1.0,
        -1.0,
        -1.0,
        1.0,
        -1.0,
        1.0,
        1.0,
        1.0,
        -1.0,
        1.0,
        1.0,
        -1.0,
        1.0,
        -1.0,
        1.0,
        -1.0,
        -1.0,
        -1.0,
        -0.9923279881477356,
        -1.0,
        1.0,
        -1.0,
        -1.0,
        1.0,
        1.0,
        1.0,
        -1.0,
        -1.0,
        1.0,
        -1.0,
        -1.0,
        1.0,
        1.0,
        1.0,
        1.0,
        1.0,
        1.0,
        -1.0,
        -1.0,
        1.0,
        -1.0,
        -1.0,
        1.0,
        -1.0,
        -1.0,
        -1.0,
        -1.0,
        1.0,
        -1.0,
        1.0,
        -1.0,
        -1.0,
        1.0,
        -1.0,
        -1.0,
        1.0,
        1.0,
        -1.0,
        1.0,
        1.0,
        1.0,
        -1.0,
        1.0,
        -1.0,
        1.0,
        -1.0,
        -1.0,
        -1.0,
        1.0,
        -1.0,
        1.0,
        -1.0,
        1.0,
        -1.0,
        1.0,
        -1.0,
        1.0,
        -1.0,
        -1.0,
        1.0,
        -1.0,
        -1.0,
        1.0,
        -1.0,
        1.0,
        -1.0,
        -1.0,
        -1.0,
        -1.0,
        -1.0,
        1.0,
        1.0,
        -1.0,
        -1.0,
        1.0,
        -1.0,
        -1.0,
        -1.0,
        1.0,
        -1.0,
        -1.0,
        -1.0,
        1.0,
        -1.0,
        1.0,
        -1.0,
        -1.0,
        -1.0,
        1.0,
        1.0,
        1.0,
        1.0,
        -1.0,
        -1.0,
        1.0,
        -1.0,
        -1.0,
        1.0,
        -1.0,
        1.0,
        -1.0,
        -1.0,
        -1.0,
        -1.0,
        1.0,
        1.0,
        -1.0,
        -1.0,
        -1.0,
        1.0,
        -1.0,
        -1.0,
        -1.0,
        1.0,
        -1.0,
        1.0,
        -1.0,
        -1.0,
        1.0,
        -1.0,
        -1.0,
        1.0,
        -1.0,
        -0.9257456064224243,
        1.0,
        -1.0,
        -1.0,
        -1.0,
        1.0,
        -1.0,
        1.0,
        -1.0,
        -1.0,
        1.0,
        -1.0,
        1.0,
        1.0,
        -1.0,
        1.0,
        -0.9220157265663147,
        1.0,
        -1.0,
        1.0,
        1.0,
        -1.0,
        -1.0,
        -1.0,
        1.0,
        1.0,
        1.0,
        -1.0,
        -1.0,
        -1.0,
        1.0,
        1.0,
        -1.0,
        -1.0,
        -1.0,
        1.0,
        1.0,
        1.0,
        -1.0,
        1.0,
        -1.0,
        -1.0,
        -1.0,
        1.0,
        1.0,
        -0.9879773855209351,
        -1.0,
        -1.0,
        1.0,
        -1.0,
        1.0,
        1.0,
        1.0,
        1.0,
        1.0,
        1.0,
        -1.0,
        1.0,
        1.0,
        1.0,
        -1.0,
        -1.0,
        1.0,
        -1.0,
        -1.0,
        -1.0,
        1.0,
        -1.0,
        -1.0,
        -1.0,
        -1.0,
        -1.0,
        1.0,
        1.0,
        1.0
    ],
    "embedding_scaling_factor": 218.32711791992188,
    "samples": [
        147,
        6,
        39,
        74,
        147,
        157,
        44,
        48,
        1,
        41,
        99,
        5,
        5,
        33,
        93,
        89,
        65,
        18,
        1,
        53,
        3,
        62,
        119,
        74,
        45,
        154,
        1,
        1,
        1,
        15,
        145,
        10,
        32,
        138,
        32,
        132,
        2,
        4,
        9,
        53,
        27,
        1,
        46,
        10,
        13,
        125,
        66,
        50,
        25,
        67,
        23,
        11,
        58,
        21,
        27,
        18,
        7,
        142,
        75,
        3,
        11,
        31,
        3,
        97,
        87,
        39,
        31,
        17,
        88,
        145,
        1,
        139,
        43,
        8,
        41,
        33,
        35,
        2,
        16,
        105,
        14,
        36,
        9,
        68,
        151,
        127,
        15,
        81,
        34,
        131,
        127,
        18,
        33,
        6,
        25,
        57,
        34,
        161,
        56,
        71
    ],
    "category_values_ratio": {
        "1": 3355,
        "2": 2657,
        "3": 2387,
        "4": 2137,
        "5": 1922,
        "6": 1758,
        "7": 1625,
        "8": 1496,
        "9": 1459,
        "10": 1367,
        "11": 1327,
        "33": 1278,
        "32": 1242,
        "34": 1238,
        "13": 1229,
        "35": 1219,
        "12": 1219,
        "31": 1114,
        "15": 1078,
        "16": 1064,
        "14": 1062,
        "17": 1055,
        "36": 1028,
        "30": 1026,
        "29": 987,
        "19": 984,
        "37": 978,
        "20": 966,
        "24": 956,
        "21": 946,
        "22": 935,
        "27": 928,
        "23": 915,
        "18": 913,
        "38": 910,
        "28": 900,
        "26": 896,
        "25": 861,
        "40": 859,
        "39": 850,
        "41": 739,
        "42": 719,
        "43": 688,
        "44": 608,
        "45": 585,
        "46": 556,
        "49": 522,
        "154": 518,
        "47": 518,
        "48": 495,
        "50": 481,
        "51": 474,
        "56": 454,
        "52": 454,
        "53": 452,
        "54": 449,
        "153": 441,
        "55": 432,
        "152": 428,
        "59": 422,
        "64": 422,
        "58": 415,
        "151": 415,
        "149": 410,
        "61": 403,
        "60": 403,
        "66": 402,
        "150": 394,
        "57": 392,
        "62": 392,
        "63": 391,
        "65": 379,
        "148": 372,
        "67": 371,
        "155": 360,
        "72": 359,
        "68": 353,
        "69": 353,
        "145": 351,
        "141": 350,
        "147": 349,
        "70": 347,
        "146": 346,
        "71": 341,
        "73": 340,
        "135": 339,
        "142": 338,
        "138": 336,
        "143": 335,
        "144": 333,
        "133": 332,
        "76": 332,
        "139": 331,
        "122": 328,
        "74": 327,
        "130": 327,
        "134": 324,
        "132": 318,
        "78": 316,
        "80": 315,
        "140": 311,
        "137": 310,
        "75": 309,
        "129": 302,
        "136": 301,
        "128": 298,
        "81": 298,
        "127": 297,
        "156": 292,
        "85": 292,
        "124": 290,
        "79": 290,
        "110": 290,
        "77": 289,
        "125": 286,
        "92": 283,
        "120": 280,
        "123": 279,
        "131": 277,
        "106": 275,
        "84": 274,
        "121": 272,
        "95": 271,
        "83": 270,
        "108": 268,
        "82": 268,
        "157": 266,
        "112": 264,
        "115": 263,
        "103": 263,
        "117": 262,
        "88": 262,
        "86": 262,
        "113": 260,
        "111": 258,
        "97": 257,
        "116": 257,
        "104": 256,
        "96": 255,
        "87": 253,
        "158": 253,
        "105": 252,
        "98": 250,
        "109": 250,
        "107": 248,
        "126": 248,
        "119": 248,
        "118": 248,
        "100": 247,
        "114": 247,
        "93": 246,
        "101": 245,
        "90": 245,
        "102": 240,
        "99": 236,
        "89": 236,
        "94": 236,
        "91": 230,
        "159": 204,
        "162": 203,
        "160": 179,
        "0": 137,
        "161": 136,
        "163": 25,
        "164": 4,
        "165": 1
    },
    "nrows": 92306
}