dataset,col_index,data_type,missing_values_count,total_values_count,distinct_values_count,number_rows
oml_dataset_2_rnc,1,bool,0,11000000,2,11000000
oml_dataset_2_rnc,2,float,0,11000000,5999,11000000
oml_dataset_2_rnc,3,float,0,11000000,5999,11000000
oml_dataset_2_rnc,4,float,0,11000000,45559,11000000
oml_dataset_2_rnc,5,float,0,11000000,19881,11000000
oml_dataset_2_rnc,6,float,0,11000000,5999,11000000
oml_dataset_2_rnc,7,float,0,11000000,6284,11000000
oml_dataset_2_rnc,8,float,0,11000000,6284,11000000
oml_dataset_2_rnc,9,float,0,11000000,2218464,11000000
oml_dataset_2_rnc,10,float,0,11000000,5999,11000000
oml_dataset_2_rnc,11,float,0,11000000,524126,11000000
oml_dataset_2_rnc,12,float,0,11000000,3,11000000
oml_dataset_2_rnc,13,float,0,11000000,691289,11000000
oml_dataset_2_rnc,14,float,0,11000000,5001,11000000
oml_dataset_2_rnc,15,float,0,11000000,6284,11000000
oml_dataset_2_rnc,16,float,0,11000000,6284,11000000
oml_dataset_2_rnc,17,float,0,11000000,1249475,11000000
oml_dataset_2_rnc,18,float,0,11000000,767597,11000000
oml_dataset_2_rnc,19,float,0,11000000,344267,11000000
oml_dataset_2_rnc,20,float,0,11000000,1127135,11000000
oml_dataset_2_rnc,21,float,0,11000000,37793,11000000
oml_dataset_2_rnc,22,float,0,11000000,3,11000000
oml_dataset_2_rnc,23,float,0,11000000,27073,11000000
oml_dataset_2_rnc,24,float,0,11000000,27983,11000000
oml_dataset_2_rnc,25,float,0,11000000,495814,11000000
oml_dataset_2_rnc,26,float,0,11000000,6284,11000000
oml_dataset_2_rnc,27,float,0,11000000,1068674,11000000
oml_dataset_2_rnc,28,float,0,11000000,3,11000000
oml_dataset_2_rnc,29,float,0,11000000,3,11000000
