{
    "column_id": "oml_dataset_4_rnc/oml_dataset_4_rnc.csvoml_dataset_4_rnc.csv/c_5",
    "dataset_name": "oml_dataset_4_rnc.csv",
    "dataset_id": "oml_dataset_4_rnc/oml_dataset_4_rnc.csv",
    "path": "/home/ubuntu/CatDB/Experiments/data/oml_dataset_4_rnc/oml_dataset_4_rnc.csv",
    "table_name": "oml_dataset_4_rnc.csv",
    "table_id": "oml_dataset_4_rnc/oml_dataset_4_rnc.csvoml_dataset_4_rnc.csv",
    "column_name": "c_5",
    "data_source": "oml_dataset_4_rnc",
    "data_type": "int",
    "total_values_count": 1000,
    "distinct_values_count": 921,
    "missing_values_count": 0,
    "true_ratio": null,
    "min_value": 250.0,
    "max_value": 18424.0,
    "mean": 3271.258,
    "median": 2319.5,
    "iqr": 2606.75,
    "category_values": null,
    "embedding": [
        -1.0,
        -1.0,
        -1.0,
        1.0,
        -1.0,
        1.0,
        -1.0,
        -1.0,
        -1.0,
        -1.0,
        1.0,
        -1.0,
        -1.0,
        1.0,
        1.0,
        1.0,
        1.0,
        -1.0,
        1.0,
        -1.0,
        1.0,
        -1.0,
        1.0,
        -1.0,
        1.0,
        -1.0,
        -1.0,
        1.0,
        -1.0,
        -1.0,
        1.0,
        1.0,
        -1.0,
        -1.0,
        -1.0,
        1.0,
        -1.0,
        1.0,
        1.0,
        -1.0,
        -1.0,
        1.0,
        -1.0,
        -1.0,
        -1.0,
        -1.0,
        1.0,
        -1.0,
        -0.9999999403953552,
        -0.9903497099876404,
        -1.0,
        1.0,
        1.0,
        1.0,
        -1.0,
        1.0,
        1.0,
        1.0,
        -1.0,
        0.99773108959198,
        -1.0,
        -1.0,
        1.0,
        -1.0,
        1.0,
        -1.0,
        1.0,
        -1.0,
        1.0,
        1.0,
        1.0,
        -1.0,
        -1.0,
        -1.0,
        -1.0,
        1.0,
        1.0,
        1.0,
        1.0,
        1.0,
        1.0,
        1.0,
        1.0,
        -1.0,
        -1.0,
        1.0,
        -1.0,
        1.0,
        1.0,
        1.0,
        -1.0,
        1.0,
        1.0,
        -1.0,
        1.0,
        -1.0,
        1.0,
        -1.0,
        -1.0,
        -1.0,
        -0.9977023601531982,
        -1.0,
        1.0,
        -1.0,
        -1.0,
        1.0,
        1.0,
        1.0,
        -1.0,
        -1.0,
        1.0,
        -1.0,
        -1.0,
        1.0,
        1.0,
        1.0,
        1.0,
        1.0,
        1.0,
        -1.0,
        -1.0,
        1.0,
        -1.0,
        -1.0,
        1.0,
        -1.0,
        -1.0,
        -0.9999999403953552,
        -1.0,
        1.0,
        -1.0,
        1.0,
        -1.0,
        -1.0,
        1.0,
        -1.0,
        -1.0,
        1.0,
        1.0,
        -1.0,
        1.0,
        1.0,
        1.0,
        -1.0,
        1.0,
        -1.0,
        1.0,
        -1.0,
        -1.0,
        -1.0,
        1.0,
        -1.0,
        1.0,
        -1.0,
        1.0,
        -1.0,
        1.0,
        -1.0,
        1.0,
        -1.0,
        -1.0,
        1.0,
        -1.0,
        -1.0,
        1.0,
        -1.0,
        1.0,
        -1.0,
        -1.0,
        -1.0,
        -1.0,
        -1.0,
        1.0,
        1.0,
        -1.0,
        -1.0,
        1.0,
        -1.0,
        -1.0,
        -1.0,
        1.0,
        -1.0,
        -1.0,
        -1.0,
        1.0,
        -1.0,
        1.0,
        -1.0,
        -1.0,
        -1.0,
        1.0,
        1.0,
        1.0,
        1.0,
        -1.0,
        -1.0,
        1.0,
        -1.0,
        -1.0,
        1.0,
        -1.0,
        1.0,
        -1.0,
        -1.0,
        -1.0,
        -1.0,
        1.0,
        1.0,
        -1.0,
        -1.0,
        -1.0,
        1.0,
        -1.0,
        -1.0,
        -1.0,
        1.0,
        -1.0,
        1.0,
        -1.0,
        -1.0,
        1.0,
        -1.0,
        -1.0,
        1.0,
        -1.0,
        -0.9914855360984802,
        1.0,
        -1.0,
        -1.0,
        -1.0,
        1.0,
        -1.0,
        1.0,
        -1.0,
        -1.0,
        1.0,
        -1.0,
        1.0,
        1.0,
        -1.0,
        1.0,
        -0.9872987270355225,
        1.0,
        -1.0,
        1.0,
        1.0,
        -1.0,
        -1.0,
        -1.0,
        1.0,
        1.0,
        1.0,
        -1.0,
        -1.0,
        -1.0,
        1.0,
        1.0,
        -1.0,
        -1.0,
        -1.0,
        1.0,
        1.0,
        1.0,
        -1.0,
        1.0,
        -1.0,
        -1.0,
        -1.0,
        1.0,
        1.0,
        -0.9981023669242859,
        -1.0,
        -1.0,
        1.0,
        -1.0,
        1.0,
        1.0,
        1.0,
        1.0,
        1.0,
        1.0,
        -1.0,
        1.0,
        1.0,
        1.0,
        -1.0,
        -1.0,
        1.0,
        -1.0,
        -1.0,
        -1.0,
        1.0,
        -1.0,
        -1.0,
        -1.0,
        -1.0,
        -1.0,
        1.0,
        1.0,
        1.0
    ],
    "embedding_scaling_factor": 9.2488431930542,
    "samples": [
        900,
        1449,
        1388,
        6419,
        1864,
        1322,
        9157,
        2577,
        5096,
        1597,
        2753,
        1366,
        11328,
        1995,
        4795,
        11998,
        2136,
        3749,
        9398,
        1533,
        6761,
        12169,
        6229,
        1201,
        2675,
        1670,
        2779,
        1055,
        1494,
        1237,
        3331,
        1393,
        960,
        3905,
        2063,
        3275,
        1309,
        3780,
        8858,
        1585,
        1283,
        2978,
        1374,
        1620,
        2670,
        1193,
        5742,
        1082,
        3229,
        2142,
        709,
        1980,
        1845,
        2712,
        2186,
        2507,
        3617,
        5998,
        1422,
        6204,
        1204,
        6887,
        3059,
        4351,
        1355,
        7393,
        3378,
        999,
        6999,
        1655,
        701,
        10144,
        2427,
        484,
        3527,
        1965,
        3652,
        3590,
        1076,
        1393,
        717,
        5152,
        2039,
        1424,
        1360,
        888,
        7119,
        1372,
        707,
        5150,
        2030,
        2859,
        1207,
        5954,
        1300,
        1837,
        806,
        2611,
        1082,
        4843
    ],
    "category_values_ratio": null,
    "nrows": 1000
}