{
    "column_id": "Walmart/weather.csvweather.csv/wetbulb",
    "dataset_name": "weather.csv",
    "dataset_id": "Walmart/weather.csv",
    "path": "/home/ubuntu/CatDB/Experiments/data/Walmart/weather.csv",
    "table_name": "weather.csv",
    "table_id": "Walmart/weather.csvweather.csv",
    "column_name": "wetbulb",
    "data_source": "Walmart",
    "data_type": "int",
    "total_values_count": 20517,
    "distinct_values_count": 92,
    "missing_values_count": 1252,
    "true_ratio": null,
    "min_value": -15.0,
    "max_value": 80.0,
    "mean": 53.88824292758889,
    "median": 57.0,
    "iqr": 26.0,
    "category_values": [
        40,
        35,
        18,
        14,
        25,
        29,
        36,
        32,
        34,
        23,
        7,
        17,
        37,
        20,
        16,
        44,
        31,
        38,
        30,
        27,
        26,
        28,
        22,
        24,
        39,
        21,
        51,
        54,
        42,
        43,
        53,
        60,
        52,
        41,
        33,
        56,
        63,
        55,
        48,
        58,
        46,
        49,
        50,
        59,
        57,
        64,
        67,
        62,
        61,
        73,
        71,
        66,
        65,
        70,
        68,
        72,
        69,
        74,
        47,
        45,
        15,
        11,
        12,
        19,
        75,
        76,
        10,
        8,
        4,
        9,
        13,
        5,
        3,
        1,
        6,
        77,
        78,
        79,
        80,
        -4,
        -5,
        -3,
        2,
        0,
        -2,
        -8,
        -15,
        -6,
        -9,
        -10,
        -7,
        -1
    ],
    "embedding": [
        -1.0,
        -1.0,
        -1.0,
        1.0,
        -1.0,
        1.0,
        -1.0,
        -1.0,
        -1.0,
        -1.0,
        1.0,
        -1.0,
        -1.0,
        1.0,
        1.0,
        1.0,
        1.0,
        -1.0,
        1.0,
        -1.0,
        1.0,
        -1.0,
        1.0,
        -1.0,
        1.0,
        -1.0,
        -1.0,
        1.0,
        -1.0,
        -1.0,
        1.0,
        1.0,
        -1.0,
        -1.0,
        -1.0,
        1.0,
        -1.0,
        1.0,
        1.0,
        -1.0,
        -1.0,
        1.0,
        -1.0,
        -1.0,
        -1.0,
        -1.0,
        1.0,
        -1.0,
        -1.0,
        -0.974139928817749,
        -1.0,
        1.0,
        1.0,
        1.0,
        -1.0,
        1.0,
        1.0,
        1.0,
        -1.0,
        0.9968333840370178,
        -1.0,
        -1.0,
        1.0,
        -1.0,
        1.0,
        -1.0,
        1.0,
        -1.0,
        1.0,
        1.0,
        1.0,
        -1.0,
        -1.0,
        -1.0,
        -1.0,
        1.0,
        1.0,
        1.0,
        1.0,
        1.0,
        1.0,
        1.0,
        1.0,
        -1.0,
        -1.0,
        1.0,
        -1.0,
        1.0,
        1.0,
        1.0,
        -1.0,
        1.0,
        1.0,
        -1.0,
        1.0,
        -1.0,
        1.0,
        -1.0,
        -1.0,
        -1.0,
        -0.9988571405410767,
        -1.0,
        1.0,
        -1.0,
        -1.0,
        1.0,
        1.0,
        1.0,
        -1.0,
        -1.0,
        1.0,
        -1.0,
        -1.0,
        1.0,
        1.0,
        1.0,
        1.0,
        1.0,
        1.0,
        -1.0,
        -1.0,
        1.0,
        -1.0,
        -1.0,
        1.0,
        -1.0,
        -1.0,
        -1.0,
        -1.0,
        1.0,
        -1.0,
        1.0,
        -1.0,
        -1.0,
        1.0,
        -1.0,
        -1.0,
        1.0,
        1.0,
        -1.0,
        1.0,
        1.0,
        1.0,
        -1.0,
        1.0,
        -1.0,
        1.0,
        -1.0,
        -1.0,
        -1.0,
        1.0,
        -1.0,
        1.0,
        -1.0,
        1.0,
        -1.0,
        1.0,
        -1.0,
        1.0,
        -1.0,
        -1.0,
        1.0,
        -1.0,
        -1.0,
        1.0,
        -1.0,
        1.0,
        -1.0,
        -1.0,
        -1.0,
        -1.0,
        -1.0,
        1.0,
        1.0,
        -1.0,
        -1.0,
        1.0,
        -1.0,
        -1.0,
        -1.0,
        1.0,
        -1.0,
        -1.0,
        -1.0,
        1.0,
        -1.0,
        1.0,
        -1.0,
        -1.0,
        -1.0,
        1.0,
        1.0,
        1.0,
        1.0,
        -1.0,
        -1.0,
        1.0,
        -1.0,
        -1.0,
        1.0,
        -1.0,
        1.0,
        -1.0,
        -1.0,
        -1.0,
        -1.0,
        1.0,
        1.0,
        -1.0,
        -1.0,
        -1.0,
        1.0,
        -1.0,
        -1.0,
        -1.0,
        1.0,
        -1.0,
        1.0,
        -1.0,
        -1.0,
        1.0,
        -1.0,
        -1.0,
        1.0,
        -1.0,
        -0.9757574200630188,
        1.0,
        -1.0,
        -1.0,
        -1.0,
        1.0,
        -1.0,
        1.0,
        -1.0,
        -1.0,
        1.0,
        -1.0,
        1.0,
        1.0,
        -1.0,
        1.0,
        -0.9767611622810364,
        1.0,
        -1.0,
        1.0,
        1.0,
        -1.0,
        -1.0,
        -1.0,
        1.0,
        1.0,
        1.0,
        -1.0,
        -1.0,
        -1.0,
        1.0,
        1.0,
        -1.0,
        -1.0,
        -1.0,
        1.0,
        1.0,
        1.0,
        -1.0,
        1.0,
        -1.0,
        -1.0,
        -1.0,
        1.0,
        1.0,
        -0.9988178610801697,
        -1.0,
        -1.0,
        1.0,
        -1.0,
        1.0,
        1.0,
        1.0,
        1.0,
        1.0,
        1.0,
        -1.0,
        1.0,
        1.0,
        1.0,
        -1.0,
        -1.0,
        1.0,
        -1.0,
        -1.0,
        -1.0,
        1.0,
        -1.0,
        -1.0,
        -1.0,
        -1.0,
        -1.0,
        1.0,
        1.0,
        1.0
    ],
    "embedding_scaling_factor": 35.71530532836914,
    "samples": [
        50,
        43,
        56,
        78,
        44,
        76,
        52,
        68,
        74,
        70,
        69,
        74,
        19,
        35,
        68,
        56,
        60,
        41,
        73,
        48,
        61,
        45,
        59,
        49,
        34,
        30,
        27,
        62,
        72,
        22,
        76,
        59,
        44,
        53,
        67,
        62,
        58,
        68,
        41,
        43,
        53,
        59,
        75,
        14,
        60,
        75,
        65,
        52,
        32,
        76,
        48,
        41,
        10,
        54,
        62,
        66,
        64,
        69,
        46,
        76,
        22,
        74,
        18,
        44,
        37,
        62,
        19,
        35,
        75,
        72,
        65,
        66,
        75,
        69,
        29,
        77,
        61,
        52,
        73,
        59,
        77,
        49,
        72,
        44,
        39,
        49,
        47,
        54,
        51,
        70,
        50,
        60,
        63,
        74,
        42,
        61
    ],
    "category_values_ratio": {
        "74": 777,
        "75": 684,
        "73": 663,
        "72": 609,
        "71": 526,
        "70": 481,
        "67": 474,
        "65": 459,
        "64": 437,
        "62": 433,
        "68": 428,
        "66": 425,
        "63": 423,
        "60": 419,
        "61": 409,
        "59": 408,
        "58": 406,
        "69": 399,
        "56": 383,
        "76": 362,
        "55": 356,
        "57": 344,
        "52": 337,
        "54": 330,
        "53": 325,
        "44": 323,
        "45": 307,
        "50": 305,
        "51": 304,
        "48": 295,
        "49": 294,
        "46": 288,
        "47": 271,
        "38": 271,
        "43": 270,
        "37": 266,
        "41": 265,
        "39": 256,
        "34": 251,
        "40": 250,
        "42": 244,
        "36": 237,
        "35": 236,
        "31": 220,
        "33": 218,
        "32": 208,
        "28": 190,
        "77": 188,
        "30": 186,
        "29": 181,
        "27": 165,
        "26": 140,
        "24": 115,
        "23": 109,
        "25": 102,
        "21": 93,
        "78": 80,
        "22": 78,
        "20": 72,
        "19": 67,
        "18": 63,
        "14": 62,
        "17": 54,
        "15": 53,
        "16": 48,
        "12": 43,
        "10": 40,
        "13": 38,
        "11": 33,
        "8": 31,
        "79": 21,
        "4": 20,
        "7": 16,
        "9": 14,
        "0": 14,
        "5": 13,
        "3": 11,
        "6": 9,
        "-3": 7,
        "2": 7,
        "1": 5,
        "-4": 4,
        "-5": 3,
        "-2": 3,
        "-6": 2,
        "-10": 2,
        "-7": 2,
        "80": 1,
        "-8": 1,
        "-15": 1,
        "-9": 1,
        "-1": 1
    },
    "nrows": 20517
}