{
    "column_id": "Walmart/weather.csvweather.csv/heat",
    "dataset_name": "weather.csv",
    "dataset_id": "Walmart/weather.csv",
    "path": "/home/ubuntu/CatDB/Experiments/data/Walmart/weather.csv",
    "table_name": "weather.csv",
    "table_id": "Walmart/weather.csvweather.csv",
    "column_name": "heat",
    "data_source": "Walmart",
    "data_type": "int",
    "total_values_count": 20517,
    "distinct_values_count": 76,
    "missing_values_count": 1469,
    "true_ratio": null,
    "min_value": 0.0,
    "max_value": 81.0,
    "mean": 9.704535909281814,
    "median": 0.0,
    "iqr": 17.0,
    "category_values": [
        23,
        24,
        43,
        46,
        33,
        29,
        22,
        34,
        27,
        25,
        40,
        55,
        45,
        26,
        30,
        48,
        47,
        17,
        28,
        21,
        32,
        38,
        37,
        31,
        20,
        36,
        39,
        5,
        9,
        1,
        19,
        2,
        3,
        0,
        12,
        14,
        15,
        10,
        11,
        13,
        16,
        7,
        4,
        8,
        6,
        18,
        35,
        50,
        54,
        49,
        41,
        42,
        44,
        51,
        57,
        53,
        52,
        59,
        58,
        62,
        56,
        68,
        60,
        70,
        61,
        63,
        65,
        69,
        66,
        75,
        81,
        71,
        64,
        72,
        67,
        73
    ],
    "embedding": [
        -1.0,
        -1.0,
        -1.0,
        1.0,
        -1.0,
        1.0,
        -1.0,
        -1.0,
        -1.0,
        -1.0,
        1.0,
        -1.0,
        -1.0,
        1.0,
        1.0,
        1.0,
        1.0,
        -1.0,
        1.0,
        -1.0,
        1.0,
        -1.0,
        1.0,
        -1.0,
        1.0,
        -1.0,
        -1.0,
        1.0,
        -1.0,
        -1.0,
        1.0,
        1.0,
        -1.0,
        -1.0,
        -1.0,
        1.0,
        -1.0,
        1.0,
        1.0,
        -1.0,
        -1.0,
        1.0,
        -1.0,
        -1.0,
        -1.0,
        -1.0,
        1.0,
        -1.0,
        -1.0,
        -0.22763414680957794,
        -1.0,
        1.0,
        1.0,
        1.0,
        -1.0,
        1.0,
        1.0,
        1.0,
        -1.0,
        0.7860153317451477,
        -1.0,
        -1.0,
        1.0,
        -1.0,
        1.0,
        -1.0,
        1.0,
        -1.0,
        1.0,
        1.0,
        1.0,
        -1.0,
        -1.0,
        -1.0,
        -1.0,
        1.0,
        1.0,
        1.0,
        1.0,
        1.0,
        1.0,
        1.0,
        1.0,
        -1.0,
        -1.0,
        1.0,
        -1.0,
        1.0,
        1.0,
        1.0,
        -1.0,
        1.0,
        1.0,
        -1.0,
        1.0,
        -1.0,
        1.0,
        -1.0,
        -1.0,
        -1.0,
        -0.910875141620636,
        -1.0,
        1.0,
        -1.0,
        -1.0,
        1.0,
        1.0,
        1.0,
        -1.0,
        -1.0,
        1.0,
        -1.0,
        -1.0,
        1.0,
        1.0,
        1.0,
        1.0,
        1.0,
        1.0,
        -1.0,
        -1.0,
        1.0,
        -1.0,
        -1.0,
        1.0,
        -1.0,
        -1.0,
        -1.0,
        -1.0,
        1.0,
        -1.0,
        1.0,
        -1.0,
        -1.0,
        1.0,
        -1.0,
        -1.0,
        1.0,
        1.0,
        -1.0,
        1.0,
        1.0,
        1.0,
        -1.0,
        1.0,
        -1.0,
        1.0,
        -1.0,
        -1.0,
        -1.0,
        1.0,
        -1.0,
        1.0,
        -1.0,
        1.0,
        -1.0,
        1.0,
        -1.0,
        1.0,
        -1.0,
        -1.0,
        1.0,
        -1.0,
        -1.0,
        1.0,
        -1.0,
        1.0,
        -1.0,
        -1.0,
        -1.0,
        -1.0,
        -1.0,
        1.0,
        1.0,
        -1.0,
        -1.0,
        1.0,
        -1.0,
        -1.0,
        -1.0,
        1.0,
        -1.0,
        -1.0,
        -1.0,
        1.0,
        -1.0,
        1.0,
        -1.0,
        -1.0,
        -1.0,
        1.0,
        1.0,
        1.0,
        1.0,
        -1.0,
        -1.0,
        1.0,
        -1.0,
        -1.0,
        1.0,
        -1.0,
        1.0,
        -1.0,
        -1.0,
        -1.0,
        -1.0,
        1.0,
        1.0,
        -1.0,
        -1.0,
        -1.0,
        1.0,
        -1.0,
        -1.0,
        -1.0,
        1.0,
        -1.0,
        1.0,
        -1.0,
        -1.0,
        1.0,
        -1.0,
        -1.0,
        1.0,
        -1.0,
        -0.23022586107254028,
        1.0,
        -1.0,
        -1.0,
        -1.0,
        1.0,
        -1.0,
        1.0,
        -1.0,
        -1.0,
        1.0,
        -1.0,
        1.0,
        1.0,
        -1.0,
        1.0,
        -0.20220836997032166,
        1.0,
        -1.0,
        1.0,
        1.0,
        -1.0,
        -1.0,
        -1.0,
        1.0,
        1.0,
        1.0,
        -1.0,
        -1.0,
        -1.0,
        1.0,
        1.0,
        -1.0,
        -1.0,
        -1.0,
        1.0,
        1.0,
        1.0,
        -1.0,
        1.0,
        -1.0,
        -1.0,
        -1.0,
        1.0,
        1.0,
        -0.8983672261238098,
        -1.0,
        -1.0,
        1.0,
        -1.0,
        1.0,
        1.0,
        1.0,
        1.0,
        1.0,
        1.0,
        -1.0,
        1.0,
        1.0,
        1.0,
        -1.0,
        -1.0,
        1.0,
        -1.0,
        -1.0,
        -1.0,
        1.0,
        -1.0,
        -1.0,
        -1.0,
        -1.0,
        -1.0,
        1.0,
        1.0,
        1.0
    ],
    "embedding_scaling_factor": 123.6466064453125,
    "samples": [
        0,
        0,
        13,
        0,
        0,
        0,
        16,
        36,
        1,
        0,
        0,
        12,
        19,
        7,
        0,
        2,
        2,
        22,
        27,
        6,
        0,
        0,
        0,
        0,
        0,
        0,
        27,
        21,
        0,
        0,
        16,
        0,
        1,
        33,
        0,
        26,
        30,
        14,
        0,
        18,
        20,
        0,
        8,
        34,
        0,
        0,
        0,
        0,
        0,
        0,
        14,
        0,
        1,
        3,
        46,
        0,
        0,
        4,
        0,
        9,
        0,
        0,
        19,
        7,
        22,
        0,
        22,
        0,
        11,
        13,
        0,
        15,
        0,
        0,
        0,
        0,
        0,
        25,
        0,
        0,
        26,
        29,
        0,
        0,
        20,
        0,
        0,
        1,
        0,
        6,
        0,
        0
    ],
    "category_values_ratio": {
        "0": 9571,
        "1": 350,
        "2": 336,
        "8": 312,
        "7": 309,
        "12": 309,
        "10": 303,
        "4": 295,
        "5": 294,
        "3": 293,
        "11": 285,
        "9": 277,
        "6": 276,
        "14": 271,
        "20": 256,
        "16": 256,
        "17": 253,
        "13": 241,
        "15": 240,
        "19": 232,
        "18": 219,
        "22": 211,
        "23": 203,
        "25": 196,
        "21": 189,
        "28": 183,
        "24": 183,
        "27": 181,
        "26": 167,
        "30": 165,
        "31": 158,
        "29": 157,
        "34": 155,
        "33": 152,
        "32": 139,
        "36": 112,
        "38": 108,
        "35": 104,
        "37": 102,
        "39": 95,
        "40": 86,
        "41": 78,
        "43": 70,
        "45": 57,
        "44": 57,
        "42": 53,
        "47": 51,
        "46": 51,
        "48": 47,
        "49": 39,
        "53": 38,
        "50": 38,
        "52": 32,
        "51": 29,
        "54": 25,
        "55": 24,
        "58": 18,
        "57": 18,
        "56": 14,
        "60": 14,
        "59": 11,
        "61": 7,
        "63": 7,
        "65": 6,
        "62": 6,
        "68": 6,
        "69": 5,
        "64": 4,
        "67": 4,
        "70": 4,
        "75": 3,
        "71": 2,
        "72": 2,
        "66": 2,
        "81": 1,
        "73": 1
    },
    "nrows": 20517
}