{
    "column_id": "Walmart/weather.csvweather.csv/dewpoint",
    "dataset_name": "weather.csv",
    "dataset_id": "Walmart/weather.csv",
    "path": "/home/ubuntu/CatDB/Experiments/data/Walmart/weather.csv",
    "table_name": "weather.csv",
    "table_id": "Walmart/weather.csvweather.csv",
    "column_name": "dewpoint",
    "data_source": "Walmart",
    "data_type": "int",
    "total_values_count": 20517,
    "distinct_values_count": 98,
    "missing_values_count": 666,
    "true_ratio": null,
    "min_value": -24.0,
    "max_value": 77.0,
    "mean": 47.270918341645256,
    "median": 51.0,
    "iqr": 31.0,
    "category_values": [
        36,
        26,
        4,
        -1,
        13,
        21,
        28,
        22,
        12,
        24,
        31,
        27,
        -5,
        3,
        34,
        15,
        11,
        9,
        30,
        39,
        23,
        33,
        16,
        8,
        18,
        20,
        7,
        17,
        0,
        29,
        19,
        32,
        5,
        44,
        46,
        35,
        43,
        45,
        53,
        52,
        38,
        54,
        37,
        42,
        50,
        40,
        49,
        41,
        58,
        48,
        47,
        56,
        61,
        59,
        62,
        51,
        55,
        68,
        66,
        67,
        63,
        60,
        64,
        69,
        57,
        65,
        71,
        70,
        25,
        14,
        -3,
        -11,
        -12,
        -8,
        -2,
        10,
        6,
        1,
        -6,
        -7,
        -4,
        2,
        -9,
        72,
        -10,
        73,
        74,
        75,
        76,
        77,
        -15,
        -13,
        -14,
        -17,
        -24,
        -19,
        -16,
        -20
    ],
    "embedding": [
        -1.0,
        -1.0,
        -1.0,
        1.0,
        -1.0,
        1.0,
        -1.0,
        -1.0,
        -1.0,
        -1.0,
        1.0,
        -1.0,
        -1.0,
        1.0,
        1.0,
        1.0,
        1.0,
        -1.0,
        1.0,
        -1.0,
        1.0,
        -1.0,
        1.0,
        -1.0,
        1.0,
        -1.0,
        -1.0,
        1.0,
        -1.0,
        -1.0,
        1.0,
        1.0,
        -1.0,
        -1.0,
        -1.0,
        1.0,
        -1.0,
        1.0,
        1.0,
        -1.0,
        -1.0,
        1.0,
        -1.0,
        -1.0,
        -1.0,
        -1.0,
        1.0,
        -1.0,
        -1.0,
        -0.9487166404724121,
        -1.0,
        1.0,
        1.0,
        1.0,
        -1.0,
        1.0,
        1.0,
        1.0,
        -1.0,
        0.9938188791275024,
        -1.0,
        -1.0,
        1.0,
        -1.0,
        1.0,
        -1.0,
        1.0,
        -1.0,
        1.0,
        1.0,
        1.0,
        -1.0,
        -1.0,
        -1.0,
        -1.0,
        1.0,
        1.0,
        1.0,
        1.0,
        1.0,
        1.0,
        1.0,
        1.0,
        -1.0,
        -1.0,
        1.0,
        -1.0,
        1.0,
        1.0,
        1.0,
        -1.0,
        1.0,
        1.0,
        -1.0,
        1.0,
        -1.0,
        1.0,
        -1.0,
        -1.0,
        -1.0,
        -0.9958423376083374,
        -1.0,
        1.0,
        -1.0,
        -1.0,
        1.0,
        1.0,
        1.0,
        -1.0,
        -1.0,
        1.0,
        -1.0,
        -1.0,
        1.0,
        1.0,
        1.0,
        1.0,
        1.0,
        1.0,
        -1.0,
        -1.0,
        1.0,
        -1.0,
        -1.0,
        1.0,
        -1.0,
        -1.0,
        -1.0,
        -1.0,
        1.0,
        -1.0,
        1.0,
        -1.0,
        -1.0,
        1.0,
        -1.0,
        -1.0,
        1.0,
        1.0,
        -1.0,
        1.0,
        1.0,
        1.0,
        -1.0,
        1.0,
        -1.0,
        1.0,
        -1.0,
        -1.0,
        -1.0,
        1.0,
        -1.0,
        1.0,
        -1.0,
        1.0,
        -1.0,
        1.0,
        -1.0,
        1.0,
        -1.0,
        -1.0,
        1.0,
        -1.0,
        -1.0,
        1.0,
        -1.0,
        1.0,
        -1.0,
        -1.0,
        -1.0,
        -1.0,
        -1.0,
        1.0,
        1.0,
        -1.0,
        -1.0,
        1.0,
        -1.0,
        -1.0,
        -1.0,
        1.0,
        -1.0,
        -1.0,
        -1.0,
        1.0,
        -1.0,
        1.0,
        -1.0,
        -1.0,
        -1.0,
        1.0,
        1.0,
        1.0,
        1.0,
        -1.0,
        -1.0,
        1.0,
        -1.0,
        -1.0,
        1.0,
        -1.0,
        1.0,
        -1.0,
        -1.0,
        -1.0,
        -1.0,
        1.0,
        1.0,
        -1.0,
        -1.0,
        -1.0,
        1.0,
        -1.0,
        -1.0,
        -1.0,
        1.0,
        -1.0,
        1.0,
        -1.0,
        -1.0,
        1.0,
        -1.0,
        -1.0,
        1.0,
        -1.0,
        -0.9508383274078369,
        1.0,
        -1.0,
        -1.0,
        -1.0,
        1.0,
        -1.0,
        1.0,
        -1.0,
        -1.0,
        1.0,
        -1.0,
        1.0,
        1.0,
        -1.0,
        1.0,
        -0.9522094130516052,
        1.0,
        -1.0,
        1.0,
        1.0,
        -1.0,
        -1.0,
        -1.0,
        1.0,
        1.0,
        1.0,
        -1.0,
        -1.0,
        -1.0,
        1.0,
        1.0,
        -1.0,
        -1.0,
        -1.0,
        1.0,
        1.0,
        1.0,
        -1.0,
        1.0,
        -1.0,
        -1.0,
        -1.0,
        1.0,
        1.0,
        -0.9960311651229858,
        -1.0,
        -1.0,
        1.0,
        -1.0,
        1.0,
        1.0,
        1.0,
        1.0,
        1.0,
        1.0,
        -1.0,
        1.0,
        1.0,
        1.0,
        -1.0,
        -1.0,
        1.0,
        -1.0,
        -1.0,
        -1.0,
        1.0,
        -1.0,
        -1.0,
        -1.0,
        -1.0,
        -1.0,
        1.0,
        1.0,
        1.0
    ],
    "embedding_scaling_factor": 136.16917419433594,
    "samples": [
        50,
        56,
        43,
        64,
        56,
        66,
        64,
        26,
        25,
        40,
        74,
        60,
        39,
        37,
        52,
        59,
        48,
        50,
        39,
        21,
        54,
        69,
        61,
        54,
        67,
        55,
        63,
        26,
        22,
        51,
        48,
        39,
        71,
        44,
        25,
        52,
        26,
        21,
        47,
        58,
        45,
        36,
        69,
        44,
        37,
        24,
        39,
        71,
        63,
        67,
        66,
        35,
        71,
        40,
        51,
        3,
        39,
        67,
        46,
        70,
        40,
        55,
        71,
        18,
        41,
        26,
        52,
        68,
        16,
        45,
        62,
        22,
        51,
        65,
        62,
        51,
        56,
        64,
        26,
        59,
        62,
        12,
        26,
        63,
        71,
        37,
        59,
        63,
        31,
        48,
        43,
        53,
        69,
        47
    ],
    "category_values_ratio": {
        "68": 566,
        "69": 533,
        "65": 521,
        "66": 508,
        "67": 506,
        "63": 491,
        "64": 477,
        "70": 467,
        "71": 451,
        "62": 429,
        "72": 427,
        "59": 426,
        "61": 416,
        "60": 400,
        "56": 384,
        "55": 383,
        "54": 365,
        "58": 364,
        "73": 362,
        "52": 358,
        "57": 342,
        "51": 338,
        "50": 328,
        "46": 321,
        "53": 308,
        "48": 298,
        "49": 289,
        "29": 278,
        "28": 272,
        "33": 271,
        "47": 264,
        "43": 261,
        "44": 260,
        "27": 260,
        "40": 257,
        "37": 254,
        "45": 254,
        "31": 252,
        "26": 251,
        "39": 247,
        "42": 245,
        "25": 241,
        "36": 240,
        "38": 240,
        "41": 237,
        "34": 235,
        "22": 232,
        "30": 229,
        "35": 226,
        "24": 223,
        "32": 223,
        "23": 212,
        "74": 209,
        "21": 207,
        "20": 167,
        "17": 144,
        "18": 140,
        "19": 138,
        "16": 120,
        "15": 112,
        "12": 110,
        "14": 107,
        "75": 106,
        "11": 102,
        "13": 81,
        "9": 74,
        "10": 73,
        "0": 68,
        "7": 67,
        "8": 65,
        "4": 63,
        "6": 59,
        "3": 49,
        "5": 45,
        "2": 37,
        "1": 35,
        "-1": 31,
        "-3": 30,
        "76": 29,
        "-5": 28,
        "-2": 22,
        "-6": 22,
        "-7": 19,
        "-4": 13,
        "-8": 10,
        "-9": 8,
        "-10": 7,
        "-11": 6,
        "-12": 5,
        "-13": 5,
        "-15": 4,
        "-14": 4,
        "77": 2,
        "-19": 2,
        "-17": 1,
        "-24": 1,
        "-16": 1,
        "-20": 1
    },
    "nrows": 20517
}