{
    "column_id": "Walmart/weather.csvweather.csv/tmin",
    "dataset_name": "weather.csv",
    "dataset_id": "Walmart/weather.csv",
    "path": "/home/ubuntu/CatDB/Experiments/data/Walmart/weather.csv",
    "table_name": "weather.csv",
    "table_id": "Walmart/weather.csvweather.csv",
    "column_name": "tmin",
    "data_source": "Walmart",
    "data_type": "int",
    "total_values_count": 20517,
    "distinct_values_count": 107,
    "missing_values_count": 908,
    "true_ratio": null,
    "min_value": -21.0,
    "max_value": 88.0,
    "mean": 50.654546381763474,
    "median": 53.0,
    "iqr": 30.0,
    "category_values": [
        31,
        11,
        9,
        25,
        28,
        27,
        23,
        29,
        24,
        30,
        14,
        4,
        8,
        32,
        19,
        13,
        7,
        41,
        35,
        34,
        26,
        17,
        20,
        39,
        33,
        21,
        22,
        49,
        38,
        53,
        37,
        40,
        45,
        57,
        58,
        47,
        42,
        43,
        51,
        62,
        59,
        46,
        44,
        36,
        50,
        56,
        60,
        63,
        61,
        55,
        52,
        54,
        48,
        65,
        75,
        71,
        67,
        66,
        64,
        68,
        69,
        73,
        70,
        72,
        15,
        18,
        5,
        6,
        2,
        16,
        74,
        77,
        12,
        0,
        1,
        -4,
        10,
        -2,
        -3,
        3,
        76,
        80,
        79,
        78,
        82,
        81,
        86,
        88,
        83,
        85,
        -1,
        -11,
        -5,
        -9,
        -6,
        -10,
        -13,
        -8,
        -12,
        -19,
        -21,
        -17,
        -7,
        -16,
        -15,
        -14,
        84
    ],
    "embedding": [
        -1.0,
        -1.0,
        -1.0,
        1.0,
        -1.0,
        1.0,
        -1.0,
        -1.0,
        -0.9999998211860657,
        -1.0,
        1.0,
        -1.0,
        -1.0,
        1.0,
        1.0,
        1.0,
        1.0,
        -1.0,
        1.0,
        -1.0,
        1.0,
        -1.0,
        1.0,
        -1.0,
        1.0,
        -1.0,
        -1.0,
        1.0,
        -1.0,
        -1.0,
        1.0,
        1.0,
        -1.0,
        -1.0,
        -1.0,
        1.0,
        -1.0,
        1.0,
        1.0,
        -1.0,
        -1.0,
        1.0,
        -1.0,
        -1.0,
        -1.0,
        -1.0,
        1.0,
        -1.0,
        -0.9999760985374451,
        -0.9617315530776978,
        -1.0,
        1.0,
        1.0,
        1.0,
        -1.0,
        1.0,
        1.0,
        1.0,
        -1.0,
        0.9978196620941162,
        -1.0,
        -1.0,
        1.0,
        -1.0,
        1.0,
        -1.0,
        1.0,
        -1.0,
        1.0,
        1.0,
        1.0,
        -1.0,
        -1.0,
        -1.0,
        -1.0,
        1.0,
        1.0,
        1.0,
        1.0,
        1.0,
        1.0,
        1.0,
        1.0,
        -1.0,
        -1.0,
        1.0,
        -1.0,
        1.0,
        1.0,
        1.0,
        -1.0,
        1.0,
        1.0,
        -1.0,
        1.0,
        -1.0,
        1.0,
        -1.0,
        -1.0,
        -1.0,
        -0.9974765181541443,
        -1.0,
        1.0,
        -1.0,
        -1.0,
        1.0,
        1.0,
        1.0,
        -1.0,
        -1.0,
        1.0,
        -1.0,
        -1.0,
        1.0,
        1.0,
        1.0,
        1.0,
        1.0,
        1.0,
        -1.0,
        -1.0,
        1.0,
        -1.0,
        -1.0,
        1.0,
        -1.0,
        -1.0,
        -1.0,
        -1.0,
        1.0,
        -1.0,
        1.0,
        -1.0,
        -1.0,
        1.0,
        -1.0,
        -1.0,
        1.0,
        1.0,
        -1.0,
        1.0,
        1.0,
        1.0,
        -1.0,
        1.0,
        -1.0,
        1.0,
        -1.0,
        -1.0,
        -1.0,
        0.9999991655349731,
        -1.0,
        1.0,
        -1.0,
        1.0,
        -1.0,
        1.0,
        -1.0,
        1.0,
        -1.0,
        -1.0,
        1.0,
        -1.0,
        -1.0,
        1.0,
        -1.0,
        1.0,
        -1.0,
        -1.0,
        -1.0,
        -1.0,
        -1.0,
        1.0,
        1.0,
        -1.0,
        -1.0,
        1.0,
        -1.0,
        -1.0,
        -1.0,
        1.0,
        -1.0,
        -1.0,
        -1.0,
        1.0,
        -1.0,
        1.0,
        -1.0,
        -1.0,
        -1.0,
        1.0,
        1.0,
        1.0,
        1.0,
        -1.0,
        -1.0,
        1.0,
        -1.0,
        -1.0,
        1.0,
        -1.0,
        1.0,
        -1.0,
        -1.0,
        -1.0,
        -1.0,
        1.0,
        1.0,
        -1.0,
        -1.0,
        -1.0,
        1.0,
        -1.0,
        -1.0,
        -1.0,
        1.0,
        -1.0,
        1.0,
        -1.0,
        -1.0,
        1.0,
        -1.0,
        -1.0,
        1.0,
        -1.0,
        -0.9634906053543091,
        1.0,
        -1.0,
        -1.0,
        -1.0,
        1.0,
        -1.0,
        1.0,
        -1.0,
        -1.0,
        1.0,
        -1.0,
        1.0,
        1.0,
        -1.0,
        1.0,
        -0.9662832021713257,
        1.0,
        -1.0,
        1.0,
        1.0,
        -1.0,
        -1.0,
        -1.0,
        1.0,
        1.0,
        1.0,
        -1.0,
        -1.0,
        -1.0,
        1.0,
        1.0,
        -1.0,
        -1.0,
        -1.0,
        1.0,
        1.0,
        1.0,
        -1.0,
        1.0,
        -1.0,
        -1.0,
        -1.0,
        1.0,
        1.0,
        -0.9977732300758362,
        -1.0,
        -1.0,
        1.0,
        -1.0,
        1.0,
        1.0,
        1.0,
        1.0,
        1.0,
        1.0,
        -1.0,
        1.0,
        1.0,
        1.0,
        -1.0,
        -1.0,
        1.0,
        -1.0,
        -1.0,
        -1.0,
        1.0,
        -1.0,
        -1.0,
        -1.0,
        -1.0,
        -1.0,
        1.0,
        1.0,
        1.0
    ],
    "embedding_scaling_factor": 92.8472900390625,
    "samples": [
        55,
        58,
        42,
        70,
        64,
        82,
        28,
        24,
        46,
        78,
        61,
        39,
        34,
        40,
        55,
        52,
        52,
        41,
        21,
        53,
        73,
        69,
        52,
        58,
        58,
        67,
        28,
        30,
        49,
        54,
        34,
        74,
        46,
        28,
        68,
        22,
        29,
        46,
        63,
        42,
        34,
        75,
        48,
        27,
        57,
        53,
        71,
        66,
        71,
        73,
        46,
        74,
        55,
        49,
        11,
        58,
        66,
        49,
        69,
        37,
        54,
        68,
        25,
        47,
        38,
        53,
        33,
        67,
        37,
        48,
        61,
        33,
        55,
        65,
        59,
        59,
        70,
        37,
        53,
        73,
        28,
        27,
        58,
        73,
        37,
        64,
        61,
        47,
        52,
        54,
        73,
        55
    ],
    "category_values_ratio": {
        "73": 531,
        "72": 476,
        "74": 475,
        "75": 432,
        "71": 430,
        "59": 397,
        "63": 388,
        "70": 388,
        "65": 378,
        "68": 378,
        "55": 373,
        "57": 372,
        "66": 370,
        "60": 369,
        "76": 365,
        "61": 364,
        "67": 363,
        "56": 359,
        "64": 357,
        "58": 354,
        "50": 351,
        "69": 348,
        "54": 348,
        "62": 343,
        "53": 338,
        "52": 328,
        "48": 314,
        "37": 308,
        "32": 304,
        "51": 299,
        "45": 290,
        "39": 288,
        "40": 286,
        "33": 285,
        "41": 282,
        "47": 280,
        "49": 279,
        "46": 278,
        "77": 277,
        "34": 270,
        "44": 269,
        "30": 269,
        "42": 261,
        "36": 259,
        "31": 258,
        "43": 255,
        "35": 243,
        "38": 242,
        "29": 230,
        "28": 227,
        "27": 215,
        "78": 210,
        "25": 199,
        "26": 175,
        "23": 148,
        "24": 145,
        "22": 130,
        "79": 129,
        "20": 128,
        "19": 128,
        "21": 124,
        "80": 103,
        "16": 99,
        "17": 99,
        "18": 88,
        "15": 86,
        "11": 72,
        "14": 66,
        "13": 57,
        "8": 55,
        "10": 51,
        "12": 50,
        "81": 46,
        "9": 41,
        "5": 39,
        "7": 35,
        "2": 33,
        "4": 31,
        "6": 31,
        "82": 26,
        "3": 26,
        "0": 23,
        "-1": 22,
        "1": 19,
        "-2": 18,
        "-4": 18,
        "83": 15,
        "-5": 12,
        "-3": 11,
        "-11": 10,
        "-13": 9,
        "-6": 8,
        "-8": 8,
        "84": 6,
        "-7": 6,
        "-9": 5,
        "-12": 5,
        "-10": 4,
        "-17": 3,
        "-15": 3,
        "88": 2,
        "86": 2,
        "-14": 2,
        "85": 2,
        "-19": 1,
        "-21": 1,
        "-16": 1
    },
    "nrows": 20517
}