{
    "column_id": "Walmart/weather.csvweather.csv/tavg",
    "dataset_name": "weather.csv",
    "dataset_id": "Walmart/weather.csv",
    "path": "/home/ubuntu/CatDB/Experiments/data/Walmart/weather.csv",
    "table_name": "weather.csv",
    "table_id": "Walmart/weather.csvweather.csv",
    "column_name": "tavg",
    "data_source": "Walmart",
    "data_type": "int",
    "total_values_count": 20517,
    "distinct_values_count": 111,
    "missing_values_count": 1469,
    "true_ratio": null,
    "min_value": -16.0,
    "max_value": 100.0,
    "mean": 61.24013019739605,
    "median": 65.0,
    "iqr": 29.0,
    "category_values": [
        42,
        41,
        22,
        19,
        32,
        36,
        43,
        31,
        38,
        40,
        25,
        10,
        20,
        39,
        35,
        17,
        18,
        48,
        37,
        44,
        33,
        27,
        28,
        34,
        45,
        29,
        26,
        60,
        56,
        64,
        46,
        63,
        62,
        70,
        71,
        67,
        53,
        51,
        50,
        66,
        77,
        55,
        65,
        68,
        54,
        52,
        49,
        58,
        61,
        69,
        74,
        57,
        59,
        81,
        85,
        83,
        75,
        72,
        73,
        78,
        79,
        76,
        80,
        82,
        84,
        47,
        30,
        15,
        11,
        16,
        24,
        23,
        86,
        21,
        14,
        8,
        12,
        13,
        6,
        7,
        3,
        9,
        88,
        90,
        91,
        89,
        87,
        92,
        93,
        94,
        97,
        99,
        100,
        98,
        95,
        96,
        -3,
        5,
        -5,
        4,
        2,
        0,
        -4,
        -1,
        -10,
        -16,
        -6,
        1,
        -7,
        -2,
        -8
    ],
    "embedding": [
        -1.0,
        -1.0,
        -1.0,
        1.0,
        -1.0,
        1.0,
        -1.0,
        -1.0,
        -1.0,
        -1.0,
        1.0,
        -1.0,
        -1.0,
        1.0,
        1.0,
        1.0,
        1.0,
        -1.0,
        1.0,
        -1.0,
        1.0,
        -1.0,
        1.0,
        -1.0,
        1.0,
        -1.0,
        -1.0,
        1.0,
        -1.0,
        -1.0,
        1.0,
        1.0,
        -1.0,
        -1.0,
        -1.0,
        1.0,
        -1.0,
        1.0,
        1.0,
        -1.0,
        -1.0,
        1.0,
        -1.0,
        -1.0,
        -1.0,
        -1.0,
        1.0,
        -1.0,
        -1.0,
        -0.9827184677124023,
        -1.0,
        1.0,
        1.0,
        1.0,
        -1.0,
        1.0,
        1.0,
        1.0,
        -1.0,
        0.9992560744285583,
        -1.0,
        -1.0,
        1.0,
        -1.0,
        1.0,
        -1.0,
        1.0,
        -1.0,
        1.0,
        1.0,
        1.0,
        -1.0,
        -1.0,
        -1.0,
        -1.0,
        1.0,
        1.0,
        1.0,
        1.0,
        1.0,
        1.0,
        1.0,
        1.0,
        -1.0,
        -1.0,
        1.0,
        -1.0,
        1.0,
        1.0,
        1.0,
        -1.0,
        1.0,
        1.0,
        -1.0,
        1.0,
        -1.0,
        1.0,
        -1.0,
        -1.0,
        -1.0,
        -0.9993913173675537,
        -1.0,
        1.0,
        -1.0,
        -1.0,
        1.0,
        1.0,
        1.0,
        -1.0,
        -1.0,
        1.0,
        -1.0,
        -1.0,
        1.0,
        1.0,
        1.0,
        1.0,
        1.0,
        1.0,
        -1.0,
        -1.0,
        1.0,
        -1.0,
        -1.0,
        1.0,
        -1.0,
        -1.0,
        -1.0,
        -1.0,
        1.0,
        -1.0,
        1.0,
        -1.0,
        -1.0,
        1.0,
        -1.0,
        -1.0,
        1.0,
        1.0,
        -1.0,
        1.0,
        1.0,
        1.0,
        -1.0,
        1.0,
        -1.0,
        1.0,
        -1.0,
        -1.0,
        -1.0,
        1.0,
        -1.0,
        1.0,
        -1.0,
        1.0,
        -1.0,
        1.0,
        -1.0,
        1.0,
        -1.0,
        -1.0,
        1.0,
        -1.0,
        -1.0,
        1.0,
        -1.0,
        1.0,
        -1.0,
        -1.0,
        -1.0,
        -1.0,
        -1.0,
        1.0,
        1.0,
        -1.0,
        -1.0,
        1.0,
        -1.0,
        -1.0,
        -1.0,
        1.0,
        -1.0,
        -1.0,
        -1.0,
        1.0,
        -1.0,
        1.0,
        -1.0,
        -1.0,
        -1.0,
        1.0,
        1.0,
        1.0,
        1.0,
        -1.0,
        -1.0,
        1.0,
        -1.0,
        -1.0,
        1.0,
        -1.0,
        1.0,
        -1.0,
        -1.0,
        -1.0,
        -1.0,
        1.0,
        1.0,
        -1.0,
        -1.0,
        -1.0,
        1.0,
        -1.0,
        -1.0,
        -1.0,
        1.0,
        -1.0,
        1.0,
        -1.0,
        -1.0,
        1.0,
        -1.0,
        -1.0,
        1.0,
        -1.0,
        -0.983352780342102,
        1.0,
        -1.0,
        -1.0,
        -1.0,
        1.0,
        -1.0,
        1.0,
        -1.0,
        -1.0,
        1.0,
        -1.0,
        1.0,
        1.0,
        -1.0,
        1.0,
        -0.9861277341842651,
        1.0,
        -1.0,
        1.0,
        1.0,
        -1.0,
        -1.0,
        -1.0,
        1.0,
        1.0,
        1.0,
        -1.0,
        -1.0,
        -1.0,
        1.0,
        1.0,
        -1.0,
        -1.0,
        -1.0,
        1.0,
        1.0,
        1.0,
        -1.0,
        1.0,
        -1.0,
        -1.0,
        -1.0,
        1.0,
        1.0,
        -0.999509871006012,
        -1.0,
        -1.0,
        1.0,
        -1.0,
        1.0,
        1.0,
        1.0,
        1.0,
        1.0,
        1.0,
        -1.0,
        1.0,
        1.0,
        1.0,
        -1.0,
        -1.0,
        1.0,
        -1.0,
        -1.0,
        -1.0,
        1.0,
        -1.0,
        -1.0,
        -1.0,
        -1.0,
        -1.0,
        1.0,
        1.0,
        1.0
    ],
    "embedding_scaling_factor": 31.011091232299805,
    "samples": [
        73,
        68,
        87,
        65,
        54,
        92,
        49,
        71,
        86,
        59,
        67,
        26,
        43,
        94,
        31,
        77,
        81,
        86,
        46,
        55,
        83,
        73,
        53,
        19,
        85,
        52,
        68,
        55,
        34,
        54,
        71,
        41,
        78,
        78,
        47,
        70,
        84,
        59,
        77,
        78,
        45,
        37,
        74,
        83,
        58,
        70,
        69,
        83,
        57,
        51,
        74,
        56,
        64,
        73,
        68,
        80,
        63,
        75,
        86,
        47,
        35,
        38,
        40,
        21,
        48,
        69,
        74,
        79,
        83,
        45,
        18,
        68,
        76,
        57,
        72,
        20,
        52,
        88,
        66,
        55,
        51,
        32,
        81,
        39,
        81,
        60,
        31,
        84,
        35,
        54,
        80
    ],
    "category_values_ratio": {
        "83": 469,
        "81": 429,
        "82": 421,
        "79": 418,
        "73": 413,
        "72": 411,
        "80": 404,
        "69": 404,
        "68": 402,
        "71": 402,
        "70": 399,
        "75": 398,
        "67": 393,
        "74": 390,
        "84": 389,
        "66": 380,
        "78": 369,
        "76": 364,
        "77": 361,
        "65": 356,
        "64": 350,
        "85": 340,
        "63": 336,
        "57": 312,
        "53": 309,
        "58": 309,
        "55": 303,
        "86": 298,
        "61": 295,
        "60": 294,
        "62": 293,
        "54": 285,
        "56": 277,
        "59": 276,
        "51": 271,
        "45": 256,
        "49": 256,
        "87": 253,
        "48": 253,
        "52": 241,
        "50": 240,
        "46": 232,
        "47": 219,
        "88": 215,
        "43": 211,
        "42": 203,
        "40": 196,
        "44": 189,
        "41": 183,
        "37": 183,
        "38": 181,
        "39": 167,
        "35": 165,
        "89": 163,
        "34": 158,
        "36": 157,
        "31": 155,
        "32": 152,
        "33": 139,
        "90": 124,
        "29": 112,
        "27": 108,
        "30": 104,
        "28": 102,
        "26": 95,
        "25": 86,
        "24": 78,
        "91": 73,
        "22": 70,
        "21": 57,
        "20": 57,
        "23": 53,
        "92": 51,
        "18": 51,
        "19": 51,
        "17": 47,
        "16": 39,
        "15": 38,
        "12": 38,
        "13": 32,
        "93": 31,
        "14": 29,
        "94": 26,
        "11": 25,
        "10": 24,
        "7": 18,
        "8": 18,
        "5": 14,
        "9": 14,
        "6": 11,
        "95": 9,
        "2": 7,
        "4": 7,
        "-3": 6,
        "3": 6,
        "0": 6,
        "-4": 5,
        "96": 5,
        "-2": 4,
        "1": 4,
        "-5": 4,
        "99": 4,
        "-10": 3,
        "97": 3,
        "98": 3,
        "-1": 2,
        "-6": 2,
        "-7": 2,
        "-16": 1,
        "100": 1,
        "-8": 1
    },
    "nrows": 20517
}