{
    "column_id": "Walmart/weather.csvweather.csv/tmax",
    "dataset_name": "weather.csv",
    "dataset_id": "Walmart/weather.csv",
    "path": "/home/ubuntu/CatDB/Experiments/data/Walmart/weather.csv",
    "table_name": "weather.csv",
    "table_id": "Walmart/weather.csvweather.csv",
    "column_name": "tmax",
    "data_source": "Walmart",
    "data_type": "int",
    "total_values_count": 20517,
    "distinct_values_count": 120,
    "missing_values_count": 906,
    "true_ratio": null,
    "min_value": -11.0,
    "max_value": 114.0,
    "mean": 71.62113099790933,
    "median": 76.0,
    "iqr": 28.0,
    "category_values": [
        52,
        50,
        32,
        28,
        38,
        46,
        57,
        45,
        39,
        47,
        40,
        35,
        16,
        31,
        20,
        48,
        55,
        42,
        43,
        44,
        56,
        36,
        51,
        41,
        27,
        37,
        60,
        71,
        62,
        59,
        73,
        74,
        53,
        79,
        80,
        82,
        85,
        75,
        58,
        54,
        63,
        65,
        72,
        92,
        83,
        66,
        64,
        70,
        67,
        69,
        78,
        76,
        86,
        77,
        61,
        81,
        68,
        96,
        95,
        94,
        84,
        91,
        89,
        88,
        87,
        93,
        90,
        49,
        29,
        34,
        30,
        25,
        19,
        24,
        22,
        97,
        33,
        18,
        23,
        21,
        14,
        26,
        17,
        13,
        11,
        15,
        9,
        12,
        100,
        105,
        103,
        101,
        104,
        99,
        98,
        102,
        107,
        106,
        108,
        109,
        112,
        111,
        4,
        10,
        -1,
        5,
        1,
        6,
        8,
        2,
        3,
        -2,
        -11,
        -4,
        -6,
        0,
        7,
        113,
        110,
        114
    ],
    "embedding": [
        -1.0,
        -1.0,
        -1.0,
        1.0,
        -1.0,
        1.0,
        -1.0,
        -1.0,
        -1.0,
        -1.0,
        1.0,
        -1.0,
        -1.0,
        1.0,
        1.0,
        1.0,
        1.0,
        -1.0,
        1.0,
        -1.0,
        1.0,
        -1.0,
        1.0,
        -1.0,
        1.0,
        -1.0,
        -1.0,
        1.0,
        -1.0,
        -1.0,
        1.0,
        1.0,
        -1.0,
        -1.0,
        -1.0,
        1.0,
        -1.0,
        1.0,
        1.0,
        -1.0,
        -1.0,
        1.0,
        -1.0,
        -1.0,
        -1.0,
        -1.0,
        1.0,
        -1.0,
        -1.0,
        -0.9893536567687988,
        -1.0,
        1.0,
        1.0,
        1.0,
        -1.0,
        1.0,
        1.0,
        1.0,
        -1.0,
        0.9994509816169739,
        -1.0,
        -1.0,
        1.0,
        -1.0,
        1.0,
        -1.0,
        1.0,
        -1.0,
        1.0,
        1.0,
        1.0,
        -1.0,
        -1.0,
        -1.0,
        -1.0,
        1.0,
        1.0,
        1.0,
        1.0,
        1.0,
        1.0,
        1.0,
        1.0,
        -1.0,
        -1.0,
        1.0,
        -1.0,
        1.0,
        1.0,
        1.0,
        -1.0,
        1.0,
        1.0,
        -1.0,
        1.0,
        -1.0,
        1.0,
        -1.0,
        -1.0,
        -1.0,
        -0.9995630383491516,
        -1.0,
        1.0,
        -1.0,
        -1.0,
        1.0,
        1.0,
        1.0,
        -1.0,
        -1.0,
        1.0,
        -1.0,
        -1.0,
        1.0,
        1.0,
        1.0,
        1.0,
        1.0,
        1.0,
        -1.0,
        -1.0,
        1.0,
        -1.0,
        -1.0,
        1.0,
        -1.0,
        -1.0,
        -1.0,
        -1.0,
        1.0,
        -1.0,
        1.0,
        -1.0,
        -1.0,
        1.0,
        -1.0,
        -1.0,
        1.0,
        1.0,
        -1.0,
        1.0,
        1.0,
        1.0,
        -1.0,
        1.0,
        -1.0,
        1.0,
        -1.0,
        -1.0,
        -1.0,
        1.0,
        -1.0,
        1.0,
        -1.0,
        1.0,
        -1.0,
        1.0,
        -1.0,
        1.0,
        -1.0,
        -1.0,
        1.0,
        -1.0,
        -1.0,
        1.0,
        -1.0,
        1.0,
        -1.0,
        -1.0,
        -1.0,
        -1.0,
        -1.0,
        1.0,
        1.0,
        -1.0,
        -1.0,
        1.0,
        -1.0,
        -1.0,
        -1.0,
        1.0,
        -1.0,
        -1.0,
        -1.0,
        1.0,
        -1.0,
        1.0,
        -1.0,
        -1.0,
        -1.0,
        1.0,
        1.0,
        1.0,
        1.0,
        -1.0,
        -1.0,
        1.0,
        -1.0,
        -1.0,
        1.0,
        -1.0,
        1.0,
        -1.0,
        -1.0,
        -1.0,
        -1.0,
        1.0,
        1.0,
        -1.0,
        -1.0,
        -1.0,
        1.0,
        -1.0,
        -1.0,
        -1.0,
        1.0,
        -1.0,
        1.0,
        -1.0,
        -1.0,
        1.0,
        -1.0,
        -1.0,
        1.0,
        -1.0,
        -0.9905272126197815,
        1.0,
        -1.0,
        -1.0,
        -1.0,
        1.0,
        -1.0,
        1.0,
        -1.0,
        -1.0,
        1.0,
        -1.0,
        1.0,
        1.0,
        -1.0,
        1.0,
        -0.9924803972244263,
        1.0,
        -1.0,
        1.0,
        1.0,
        -1.0,
        -1.0,
        -1.0,
        1.0,
        1.0,
        1.0,
        -1.0,
        -1.0,
        -1.0,
        1.0,
        1.0,
        -1.0,
        -1.0,
        -1.0,
        1.0,
        1.0,
        1.0,
        -1.0,
        1.0,
        -1.0,
        -1.0,
        -1.0,
        1.0,
        1.0,
        -0.9996299743652344,
        -1.0,
        -1.0,
        1.0,
        -1.0,
        1.0,
        1.0,
        1.0,
        1.0,
        1.0,
        1.0,
        -1.0,
        1.0,
        1.0,
        1.0,
        -1.0,
        -1.0,
        1.0,
        -1.0,
        -1.0,
        -1.0,
        1.0,
        -1.0,
        -1.0,
        -1.0,
        -1.0,
        -1.0,
        1.0,
        1.0,
        1.0
    ],
    "embedding_scaling_factor": 13.831598281860352,
    "samples": [
        52,
        83,
        51,
        75,
        85,
        83,
        81,
        54,
        81,
        82,
        87,
        88,
        94,
        73,
        77,
        99,
        64,
        26,
        76,
        85,
        85,
        86,
        80,
        94,
        63,
        38,
        88,
        92,
        68,
        86,
        92,
        69,
        88,
        86,
        78,
        82,
        90,
        41,
        104,
        71,
        56,
        57,
        65,
        83,
        40,
        88,
        86,
        40,
        95,
        91,
        85,
        92,
        85,
        63,
        101,
        74,
        86,
        89,
        60,
        103,
        91,
        92,
        87,
        52,
        76,
        91,
        85,
        66,
        77,
        96,
        52,
        88,
        80,
        82,
        70,
        72,
        94,
        21,
        80,
        38,
        71,
        44,
        77,
        89,
        82,
        76,
        77,
        66,
        29,
        88,
        81,
        77,
        66
    ],
    "category_values_ratio": {
        "86": 477,
        "84": 468,
        "79": 468,
        "83": 458,
        "82": 456,
        "85": 455,
        "91": 455,
        "81": 447,
        "88": 436,
        "90": 428,
        "92": 423,
        "77": 418,
        "89": 416,
        "87": 410,
        "76": 406,
        "80": 405,
        "93": 367,
        "74": 362,
        "75": 361,
        "78": 361,
        "72": 358,
        "73": 350,
        "70": 344,
        "66": 313,
        "71": 313,
        "65": 308,
        "94": 301,
        "69": 298,
        "68": 296,
        "95": 294,
        "63": 287,
        "67": 273,
        "96": 267,
        "64": 266,
        "62": 263,
        "97": 256,
        "61": 239,
        "58": 238,
        "56": 204,
        "59": 203,
        "60": 203,
        "53": 200,
        "55": 197,
        "98": 185,
        "57": 180,
        "50": 178,
        "51": 170,
        "99": 167,
        "54": 166,
        "100": 155,
        "52": 152,
        "48": 149,
        "45": 146,
        "39": 144,
        "44": 142,
        "49": 140,
        "38": 137,
        "43": 134,
        "46": 133,
        "101": 131,
        "47": 129,
        "40": 127,
        "42": 125,
        "37": 122,
        "41": 116,
        "35": 108,
        "34": 108,
        "102": 104,
        "36": 104,
        "30": 90,
        "33": 89,
        "31": 79,
        "28": 75,
        "32": 72,
        "103": 67,
        "29": 64,
        "104": 58,
        "24": 51,
        "27": 47,
        "26": 47,
        "25": 45,
        "105": 43,
        "20": 40,
        "23": 35,
        "21": 31,
        "22": 27,
        "19": 24,
        "106": 24,
        "18": 23,
        "107": 17,
        "14": 17,
        "16": 14,
        "10": 12,
        "11": 11,
        "17": 11,
        "13": 10,
        "108": 10,
        "112": 8,
        "12": 7,
        "4": 7,
        "109": 7,
        "8": 6,
        "15": 6,
        "9": 4,
        "2": 4,
        "5": 4,
        "111": 3,
        "1": 3,
        "6": 3,
        "7": 3,
        "-4": 2,
        "114": 2,
        "3": 2,
        "-11": 1,
        "-1": 1,
        "-6": 1,
        "0": 1,
        "113": 1,
        "110": 1,
        "-2": 1
    },
    "nrows": 20517
}