{
    "column_id": "Walmart/weather.csvweather.csv/depart",
    "dataset_name": "weather.csv",
    "dataset_id": "Walmart/weather.csv",
    "path": "/home/ubuntu/CatDB/Experiments/data/Walmart/weather.csv",
    "table_name": "weather.csv",
    "table_id": "Walmart/weather.csvweather.csv",
    "column_name": "depart",
    "data_source": "Walmart",
    "data_type": "int",
    "total_values_count": 20517,
    "distinct_values_count": 65,
    "missing_values_count": 11511,
    "true_ratio": null,
    "min_value": -35.0,
    "max_value": 33.0,
    "mean": 1.36309127248501,
    "median": 2.0,
    "iqr": 9.0,
    "category_values": [
        16,
        12,
        -6,
        -11,
        2,
        10,
        23,
        8,
        6,
        9,
        -3,
        -15,
        14,
        -5,
        -2,
        -8,
        13,
        20,
        11,
        5,
        4,
        1,
        0,
        7,
        3,
        17,
        -7,
        19,
        25,
        15,
        22,
        29,
        28,
        31,
        -1,
        -4,
        -13,
        -9,
        -10,
        18,
        21,
        -17,
        -16,
        -12,
        -18,
        -14,
        -20,
        -22,
        -23,
        24,
        30,
        -19,
        -21,
        -24,
        -27,
        -26,
        -32,
        -35,
        -25,
        -31,
        27,
        26,
        -28,
        32,
        33
    ],
    "embedding": [
        -1.0,
        -1.0,
        -1.0,
        1.0,
        -1.0,
        0.9999998807907104,
        -1.0,
        -1.0,
        -0.999997615814209,
        -1.0,
        1.0,
        -1.0,
        -1.0,
        1.0,
        1.0,
        1.0,
        1.0,
        -1.0,
        1.0,
        -1.0,
        1.0,
        -1.0,
        1.0,
        -1.0,
        1.0,
        -1.0,
        -1.0,
        1.0,
        -1.0,
        -1.0,
        1.0,
        1.0,
        -1.0,
        -1.0,
        -1.0,
        1.0,
        -1.0,
        1.0,
        1.0,
        -1.0,
        -1.0,
        1.0,
        -1.0,
        -1.0,
        -1.0,
        -1.0,
        1.0,
        -1.0,
        -0.9997183680534363,
        -0.2703585922718048,
        -1.0,
        1.0,
        1.0,
        1.0,
        -0.9999998807907104,
        1.0,
        1.0,
        1.0,
        -1.0,
        0.8829016089439392,
        -1.0,
        -1.0,
        1.0,
        -1.0,
        1.0,
        -1.0,
        0.9999997615814209,
        -1.0,
        1.0,
        1.0,
        1.0,
        -1.0,
        -1.0,
        -1.0,
        -1.0,
        1.0,
        1.0,
        1.0,
        1.0,
        1.0,
        1.0,
        1.0,
        0.9999998211860657,
        -1.0,
        -1.0,
        1.0,
        -1.0,
        1.0,
        1.0,
        1.0,
        -1.0,
        0.9999996423721313,
        1.0,
        -1.0,
        1.0,
        -1.0,
        0.9999991655349731,
        -1.0,
        -1.0,
        -1.0,
        -0.8767156004905701,
        -1.0,
        1.0,
        -1.0,
        -1.0,
        1.0,
        1.0,
        1.0,
        -1.0,
        -1.0,
        1.0,
        -1.0,
        -1.0,
        1.0,
        1.0,
        1.0,
        1.0,
        1.0,
        1.0,
        -1.0,
        -1.0,
        1.0,
        -1.0,
        -1.0,
        1.0,
        -1.0,
        -1.0,
        -0.9999996423721313,
        -1.0,
        0.9999998807907104,
        -1.0,
        1.0,
        -1.0,
        -1.0,
        1.0,
        -1.0,
        -1.0,
        1.0,
        1.0,
        -1.0,
        1.0,
        1.0,
        1.0,
        -1.0,
        1.0,
        -0.9999998807907104,
        1.0,
        -1.0,
        -1.0,
        -1.0,
        0.9999905824661255,
        -1.0,
        1.0,
        -1.0,
        1.0,
        -1.0,
        1.0,
        -1.0,
        1.0,
        -1.0,
        -1.0,
        1.0,
        -1.0,
        -1.0,
        1.0,
        -1.0,
        1.0,
        -1.0,
        -1.0,
        -1.0,
        -1.0,
        -1.0,
        1.0,
        1.0,
        -1.0,
        -1.0,
        1.0,
        -1.0,
        -1.0,
        -1.0,
        1.0,
        -1.0,
        -1.0,
        -1.0,
        1.0,
        -0.9999999403953552,
        1.0,
        -1.0,
        -1.0,
        -1.0,
        1.0,
        0.9999998807907104,
        1.0,
        1.0,
        -1.0,
        -1.0,
        1.0,
        -1.0,
        -1.0,
        1.0,
        -1.0,
        1.0,
        -1.0,
        -0.9999997615814209,
        -0.9999998807907104,
        -1.0,
        1.0,
        1.0,
        -1.0,
        -1.0,
        -1.0,
        1.0,
        -1.0,
        -1.0,
        -1.0,
        1.0,
        -1.0,
        0.9999992847442627,
        -1.0,
        -0.9999997019767761,
        1.0,
        -1.0,
        -1.0,
        1.0,
        -1.0,
        -0.29353901743888855,
        1.0,
        -1.0,
        -1.0,
        -1.0,
        0.9999998807907104,
        -1.0,
        1.0,
        -1.0,
        -1.0,
        1.0,
        -1.0,
        1.0,
        1.0,
        -0.9999997019767761,
        1.0,
        -0.27724146842956543,
        1.0,
        -1.0,
        1.0,
        1.0,
        -1.0,
        -1.0,
        -1.0,
        1.0,
        1.0,
        1.0,
        -1.0,
        -1.0,
        -1.0,
        1.0,
        1.0,
        -1.0,
        -1.0,
        -1.0,
        1.0,
        1.0,
        1.0,
        -1.0,
        0.9999998211860657,
        -1.0,
        -1.0,
        -1.0,
        1.0,
        1.0,
        -0.8888645172119141,
        -1.0,
        -1.0,
        1.0,
        -1.0,
        1.0,
        1.0,
        1.0,
        1.0,
        1.0,
        1.0,
        -1.0,
        1.0,
        1.0,
        1.0,
        -1.0,
        -1.0,
        1.0,
        -1.0,
        -1.0,
        -1.0,
        1.0,
        -1.0,
        -1.0,
        -1.0,
        -1.0,
        -1.0,
        1.0,
        1.0,
        1.0
    ],
    "embedding_scaling_factor": 3136.764892578125,
    "samples": [
        -12,
        6,
        7,
        -11,
        5,
        9,
        4,
        -6,
        -11,
        0,
        -2,
        12,
        -1,
        -1,
        -7,
        14,
        -5,
        2,
        -3,
        6,
        5,
        -8,
        3,
        -2,
        4,
        6,
        -1,
        7,
        13,
        -16,
        6,
        1,
        -4,
        -1,
        -3,
        -1,
        2,
        -5,
        -12,
        14,
        3,
        7,
        4,
        1,
        14,
        13,
        4,
        3,
        -5
    ],
    "category_values_ratio": {
        "3": 564,
        "4": 531,
        "1": 522,
        "2": 515,
        "0": 507,
        "-1": 474,
        "-2": 468,
        "5": 440,
        "6": 394,
        "-3": 393,
        "7": 336,
        "-4": 335,
        "8": 333,
        "-5": 289,
        "-6": 266,
        "9": 243,
        "10": 224,
        "-7": 213,
        "11": 184,
        "-8": 173,
        "-9": 144,
        "12": 142,
        "13": 123,
        "-10": 121,
        "14": 111,
        "-11": 106,
        "-12": 91,
        "15": 89,
        "-13": 76,
        "16": 75,
        "-14": 65,
        "-15": 57,
        "17": 48,
        "-16": 46,
        "-17": 45,
        "18": 36,
        "-18": 29,
        "19": 26,
        "20": 25,
        "-19": 18,
        "21": 18,
        "22": 17,
        "-21": 12,
        "-20": 12,
        "25": 9,
        "24": 8,
        "-22": 7,
        "28": 6,
        "23": 5,
        "27": 4,
        "26": 4,
        "-23": 3,
        "-25": 3,
        "-24": 3,
        "-26": 3,
        "31": 3,
        "-31": 2,
        "-32": 2,
        "29": 2,
        "-35": 1,
        "-27": 1,
        "30": 1,
        "-28": 1,
        "32": 1,
        "33": 1
    },
    "nrows": 20517
}