{
    "column_id": "Titanic/Titanic.csvTitanic.csv/Survived",
    "dataset_name": "Titanic.csv",
    "dataset_id": "Titanic/Titanic.csv",
    "path": "/home/ubuntu/CatDB/Experiments/data/Titanic/Titanic.csv",
    "table_name": "Titanic.csv",
    "table_id": "Titanic/Titanic.csvTitanic.csv",
    "column_name": "Survived",
    "data_source": "Titanic",
    "data_type": "boolean",
    "total_values_count": 891,
    "distinct_values_count": 2,
    "missing_values_count": 0,
    "true_ratio": 0.3838383838383838,
    "min_value": null,
    "max_value": null,
    "mean": null,
    "median": null,
    "iqr": null,
    "category_values": [
        0,
        1
    ],
    "embedding": null,
    "embedding_scaling_factor": null,
    "samples": [
        0,
        0,
        1,
        1,
        1,
        0,
        0,
        0,
        1,
        0,
        1,
        0,
        0,
        1,
        0,
        1,
        0,
        0,
        0,
        0,
        1,
        1,
        0,
        0,
        0,
        0,
        1,
        0,
        0,
        1,
        1,
        0,
        1,
        1,
        1,
        0,
        0,
        1,
        0,
        0,
        0,
        0,
        0,
        1,
        0,
        1,
        1,
        1,
        1,
        0,
        1,
        0,
        0,
        1,
        0,
        1,
        1,
        1,
        0,
        0,
        1,
        0,
        0,
        1,
        0,
        0,
        0,
        1,
        0,
        1,
        1,
        0,
        1,
        0,
        0,
        0,
        0,
        0,
        0,
        0,
        1,
        0,
        0,
        0,
        1,
        0,
        0,
        0,
        1,
        0,
        0,
        0,
        0,
        0,
        0,
        1,
        0,
        0,
        1,
        1
    ],
    "category_values_ratio": {
        "0": 549,
        "1": 342
    },
    "nrows": 891
}