{
    "column_id": "Utility/Utility.csvUtility.csv/Service+Provider",
    "dataset_name": "Utility.csv",
    "dataset_id": "Utility/Utility.csv",
    "path": "/home/ubuntu/CatDB/Experiments/data/Utility/Utility.csv",
    "table_name": "Utility.csv",
    "table_id": "Utility/Utility.csvUtility.csv",
    "column_name": "Service Provider",
    "data_source": "Utility",
    "data_type": "natural_language_text",
    "total_values_count": 4574,
    "distinct_values_count": 199,
    "missing_values_count": 0,
    "true_ratio": null,
    "min_value": null,
    "max_value": null,
    "mean": null,
    "median": null,
    "iqr": null,
    "category_values": [
        "Cablevision of Long Island",
        "Cablevision of New York City",
        "Central Hudson Gas & Electric Corp.",
        "Citizens Communications",
        "Con Edison Of New York",
        "Direct Energy Services LLC",
        "Family Energy, Inc.",
        "Frontier Communications of Rochester, Inc.",
        "Frontier Telephone Of Rochester, Inc.",
        "Josco Energy Corp",
        "National Fuel Gas Distribution",
        "National Grid - L I",
        "National Grid - Metro Ny",
        "National Grid - Upstate",
        "New York American Water",
        "New York State Electric & Gas Corp.",
        "Optimum Voice",
        "Orange & Rockland",
        "Pseg Long Island",
        "Rochester Gas & Electric Corp.",
        "Spectrum - Albany",
        "Spectrum - Buffalo",
        "Spectrum - New York City",
        "Spectrum - Rochester",
        "Spectrum - Syracuse",
        "Spectrum - Telephone",
        "Suez Water New York Inc.",
        "Verizon Communications",
        "Verizon Digital Voice",
        "Verizon New York Inc.",
        "XChange Telecom",
        "Frontier Communications of NY/aka Highland Tel",
        "Verde Energy USA New York, LLC",
        "ALL AMERICAN POWER & GAS, LLC",
        "BTI Communications, Inc. d/b/a TELZEQ Communications",
        "Cablevision of Westchester",
        "U.S. Gas & Electric, Inc.",
        "Utility Expense Reduction LLC",
        "Constellation NewEnergy",
        "PSEG Long Island",
        "AT&T",
        "Knolls Water Co.",
        "Spark Energy, L.P.",
        "Hudson Valley Water Co.",
        "Atlantic Energy, LLC",
        "Eligo Energy Ny, Llc",
        "Flanders Energy LLC",
        "Idt Energy, Inc.",
        "Major Energy Services LLC",
        "Mpower Energy LLC",
        "Non-Jurisdictional / Deleted Complaint",
        "Verizon Communications (LEC)",
        "South Bay Energy Corp.",
        "Frontier Telephone of Rochester, Inc.",
        "Sprague Operating Resources",
        "Optimum - Long Island",
        "Optimum - New York City",
        "Spectrum - Syracuse Division",
        "Time Warner - Albany",
        "Time Warner - Buffalo",
        "Time Warner - New York City",
        "Time Warner - Syracuse Division",
        "Time Warner Cable Information Services (New York), LLC",
        "Time Warner - Rochester",
        "Ambit Energy",
        "AT&T (C)",
        "Citizens Communications (ILEC)",
        "United Water-New York",
        "Forest Park Water Co. Inc.",
        "American Power & Gas, LLC",
        "United Water Westchester Inc.",
        "Frontier Utilities Northeast LLC",
        "Astral Energy LLC",
        "Long Island Water Corporation D/b/a Long Island American Water",
        "Kiwi Energy Inc.",
        "IDT Energy, Inc.",
        "NYSEG Solutions, Inc.",
        "Entrust Energy East, Inc.",
        "Gateway Energy Services Corp.",
        "Just Energy New York Corp",
        "North American Power & Gas LLC",
        "Agway Energy Services, LLC.",
        "Alpha Gas And Electric, Llc",
        "Atlantic Power & Gas LLC",
        "XOOM Energy New York, LLC",
        "Liberty Power Corp.",
        "Con Edison of New York",
        "Viridian Energy Ny, Llc",
        "Sperian Energy Corp.",
        "Energetix, Inc.",
        "Brown's Fuel",
        "Viridian Energy NY, LLC",
        "City Power & Gas, LLC",
        "Hiko Energy, Llc",
        "North Energy LLC",
        "Plymouth Rock Energy LLC",
        "Amplified Power & Gas, LLC",
        "Broadview Networks",
        "Starion Energy NY, Inc.",
        "BUY ENERGY DIRECT, LLC",
        "United Water-New Rochelle",
        "Ambit Energy ",
        "AT&T ",
        "Broadview Networks ",
        "Central Hudson Gas & Electric Corp. ",
        "Con Edison of New York ",
        "IDT Energy, Inc. ",
        "Just Energy New York Corp ",
        "National Fuel Gas Distribution ",
        "National Grid - L I ",
        "National Grid -Metro Ny ",
        "National Grid - Upstate ",
        "New York State Electric & Gas Corp. ",
        "Orange & Rockland ",
        "Rochester Gas & Electric Corp. ",
        "Starion Energy NY, Inc. ",
        "Time Warner - New York City ",
        "Time Warner - Syracuse Division ",
        "United Water-New York ",
        "Verizon Communications ",
        "Verizon Digital Voice ",
        "Verizon New York Inc. ",
        "XChange Telecom ",
        "Time Warner ResCom of New York,LLC",
        "Cablevision of New York City ",
        "Citizens Communications ",
        "Family Energy, Inc. ",
        "Frontier Telephone of Rochester, Inc. ",
        "Liberty Power Corp. ",
        "Mpower Energy LLC ",
        "National Grid - Metro Ny ",
        "Time Warner - Albany ",
        "SBR Energy, LLC",
        "Energy Plus Holdings LLC",
        "Tristate Bell Inc",
        "Cordia Communications Corp",
        "Hudson Energy Services, Llc",
        "Aqua New York",
        "Tristate Bell Inc ",
        "Energy Plus Holdings LLC ",
        "IDT America Corp. ",
        "Optimum Voice ",
        "Time Warner ResCom of New York,LLC ",
        "Time Warner -Syracuse Division ",
        "MXenergy",
        "IDT America, Corp.",
        "Cablevision of Long Island ",
        "Spark Energy, L.P. ",
        "United Water-New Rochelle ",
        "Hudson Energy Services, LLC ",
        "U.S. Energy Savings Corp ",
        "MCI ",
        "MXenergy ",
        "Cordia Communications Corp ",
        "U.S. Gas & Electric, Inc. ",
        "Accent Energy Midwest, LLC ",
        "Direct Energy Services LLC ",
        "Charter Communications ",
        "Columbia Utilities Power, Llc (electric) ",
        "CTC Communications Corp. ",
        "Talk America, Inc. ",
        "KeySpan of Long Island ",
        "KeySpan of New York ",
        "National Grid, Inc.",
        "Econnergy ",
        "Columbia Utilities Power, Llc (gas) ",
        "Frontier Communications of Rochester, ",
        "Time Warner - Buffalo ",
        "Zoom-I-Net Communications, Inc. ",
        "Metropolitan Telecommunications ",
        "Energetix, Inc. ",
        "My Tel Co, Inc. ",
        "Comcast Cable of New York - CATV ",
        "VarTec Telecom, Inc. ",
        "Sprint Communications ",
        "Trinsic ",
        "World-Link Solutions, Inc ",
        "Cordia Communications Company ",
        "Infinite Energy, Inc. ",
        "Columbia Energy Services Company ",
        "Corning Natural Gas Corp. ",
        "National Grid, Inc. ",
        "Next Gen Telephone Co. ",
        "Verizon Communications (PayPhones) ",
        "Niagara Mohawk - A National Grid Company ",
        "Time Warner - Rochester ",
        "Verizon Advanced Data, Inc. ",
        "XO Communications, Inc. ",
        "BridgeCom International, Ltd. ",
        "Cablevision of Westchester ",
        "New Rochelle Telephone Company ",
        "Niagara Mohawk - A National Grid Company",
        "AT&T of New York ",
        "Adelphia Cable - Buffalo ",
        "City of Jamestown Board of Public Utilities ",
        "Susquehanna Communications ",
        "Verizon Communications (LD) ",
        "Communicate Technological Systems, CTS, LLC. ",
        "Trinsic f/k/a Z-Tel "
    ],
    "embedding": [
        -0.035210445523262024,
        -0.1259833425283432,
        0.240264892578125,
        -0.9995715618133545,
        0.0593881830573082,
        0.1091718077659607,
        -0.1604107916355133,
        -0.9995602369308472,
        0.9996886849403381,
        -0.10217670351266861,
        0.011995432898402214,
        -0.09218873083591461,
        0.9947153925895691,
        0.1883969008922577,
        -0.9943883419036865,
        -0.11138969659805298,
        -0.16690665483474731,
        0.08059757202863693,
        0.06855514645576477,
        -0.1214861124753952,
        0.2492409199476242,
        -0.039092425256967545,
        0.1257219761610031,
        -0.9999937415122986,
        0.9998540282249451,
        0.04483795538544655,
        0.027014773339033127,
        -0.002779101487249136,
        0.17003974318504333,
        -0.33353686332702637,
        -0.04897455498576164,
        -0.05029232054948807,
        -0.0018477851990610361,
        0.1298058182001114,
        -0.0021886443719267845,
        0.1910666823387146,
        0.34084057807922363,
        0.028975585475564003,
        0.15161168575286865,
        -0.18047869205474854,
        -0.20386771857738495,
        0.9936921000480652,
        0.10260437428951263,
        0.26666224002838135,
        -0.888712465763092,
        0.2896508574485779,
        -0.051292307674884796,
        -0.23143617808818817,
        -0.13921481370925903,
        0.13007840514183044,
        -0.06310497969388962,
        -0.28691521286964417,
        0.1236666813492775,
        0.9903570413589478,
        -0.27208030223846436,
        -0.3339688777923584,
        -0.11702653020620346,
        -0.13610604405403137,
        -0.991395115852356,
        0.0035104246344417334,
        -0.08886422216892242,
        0.9999456405639648,
        0.999772846698761,
        0.07932469993829727,
        -0.999706506729126,
        -0.13300321996212006,
        0.1260773092508316,
        0.2900455594062805,
        0.1876099705696106,
        -0.9935431480407715,
        0.9948651194572449,
        -0.23034895956516266,
        -0.12903757393360138,
        0.16953207552433014,
        0.2633460760116577,
        -0.02404404990375042,
        0.03253426030278206,
        -0.032364021986722946,
        -0.08659813553094864,
        -0.1253628432750702,
        -0.06780027598142624,
        -0.5809138417243958,
        0.06767559796571732,
        0.15311095118522644,
        0.05191044136881828,
        0.23954670131206512,
        -0.19835810363292694,
        -0.20599190890789032,
        -0.09675290435552597,
        0.14571550488471985,
        0.15230105817317963,
        0.08256985247135162,
        0.07379955798387527,
        -0.019604403525590897,
        -0.08050163835287094,
        0.24709482491016388,
        -0.9996679425239563,
        0.2067924588918686,
        -0.999972939491272,
        -0.9866656064987183,
        0.2934046983718872,
        0.9942418932914734,
        -0.024604307487607002,
        -0.08202946931123734,
        -0.02604791335761547,
        0.20962493121623993,
        0.3988945186138153,
        -0.21068820357322693,
        0.31659096479415894,
        0.2051982432603836,
        0.9999085068702698,
        0.12019757926464081,
        0.04101751372218132,
        0.999955415725708,
        0.2609703540802002,
        0.07845934480428696,
        0.04609348997473717,
        -0.10050586611032486,
        0.01245704386383295,
        -0.05289978161454201,
        -0.15856696665287018,
        -0.033870771527290344,
        0.05685047432780266,
        -0.33673110604286194,
        0.35943371057510376,
        0.15793314576148987,
        -0.9995371103286743,
        -0.05018915981054306,
        -0.05907164514064789,
        -0.9889800548553467,
        0.9931257963180542,
        0.658380925655365,
        -0.28384241461753845,
        0.07674140483140945,
        0.999984622001648,
        0.1831732541322708,
        -0.07756883651018143,
        -0.22832617163658142,
        -0.18716581165790558,
        0.17201858758926392,
        0.5864457488059998,
        -0.39398786425590515,
        -0.9947734475135803,
        -0.9999729990959167,
        0.19548511505126953,
        -0.19115842878818512,
        0.15981362760066986,
        0.016954176127910614,
        0.9940358400344849,
        0.2894326448440552,
        -0.1979222148656845,
        0.26121270656585693,
        0.1718345731496811,
        0.9991505742073059,
        -0.14792446792125702,
        0.1274852752685547,
        -0.4134531021118164,
        0.08100371807813644,
        0.1447238028049469,
        0.2014314830303192,
        -0.2222714126110077,
        -0.06329647451639175,
        0.2963339388370514,
        -0.14907678961753845,
        0.02757687121629715,
        0.8653980493545532,
        0.02564334124326706,
        -0.9653674364089966,
        -0.121711365878582,
        -0.07855575531721115,
        0.13386507332324982,
        0.04299049451947212,
        0.10535463690757751,
        0.9919738173484802,
        -0.012919100932776928,
        7.193482451839373e-05,
        0.9996154308319092,
        -0.1749875545501709,
        0.022917533293366432,
        0.9960251450538635,
        0.2556973993778229,
        0.03225283697247505,
        0.005136367864906788,
        0.2328556776046753,
        -0.11582747846841812,
        -0.0957806333899498,
        -0.17302057147026062,
        -0.9999773502349854,
        0.07015219330787659,
        -0.06326957792043686,
        -0.24263249337673187,
        0.04353947564959526,
        0.11654113233089447,
        -0.19060787558555603,
        0.2437785565853119,
        0.9877316951751709,
        0.34279143810272217,
        0.022202935069799423,
        -0.17791198194026947,
        -0.15346591174602509,
        -0.999977707862854,
        -0.02595936320722103,
        0.9998910427093506,
        -0.149180606007576,
        0.06486146152019501,
        -0.6057723164558411,
        0.993269145488739,
        -0.9884613156318665,
        0.07962226122617722,
        0.9950355887413025,
        -0.21326081454753876,
        0.06502215564250946,
        0.26737600564956665,
        -0.10081495344638824,
        0.13193878531455994,
        0.2767046391963959,
        -0.9997746348381042,
        -0.13300228118896484,
        0.004562847316265106,
        -0.034523628652095795,
        0.20374156534671783,
        0.017923863604664803,
        -0.1610315889120102,
        -0.015805134549736977,
        -0.10318296402692795,
        0.09256446361541748,
        0.014350607991218567,
        0.07201991975307465,
        0.3368321657180786,
        -0.14440540969371796,
        -0.9886742830276489,
        -0.9989203214645386,
        -0.035463396459817886,
        0.9646819233894348,
        0.4829714298248291,
        0.0047514610923826694,
        -0.2523441016674042,
        0.03715487942099571,
        -0.03427307307720184,
        -0.9993653893470764,
        0.8879055380821228,
        0.054110318422317505,
        -0.49384814500808716,
        0.10564162582159042,
        -0.9990613460540771,
        -0.9974092841148376,
        0.21924422681331635,
        -0.22134682536125183,
        0.08307019621133804,
        0.20792479813098907,
        -1.3656173223353107e-06,
        0.2636528015136719,
        0.9996684789657593,
        0.13701927661895752,
        -0.9939352869987488,
        -0.017650071531534195,
        -0.04963661730289459,
        -0.9995793104171753,
        0.998936116695404,
        0.9960551857948303,
        -0.999728262424469,
        -0.11360371112823486,
        -0.2552698254585266,
        -0.07279154658317566,
        0.3926936686038971,
        0.11575920134782791,
        -0.1005997583270073,
        0.1723952293395996,
        0.07416315376758575,
        0.1437402069568634,
        0.07587091624736786,
        0.08093900978565216,
        0.005808715242892504,
        -0.046793509274721146,
        0.9999271035194397,
        -0.1831321120262146,
        0.0006464572506956756,
        -0.9998404383659363,
        0.36632221937179565,
        0.057861801236867905,
        -0.028454739600419998,
        0.21324002742767334,
        0.11967679858207703,
        0.21268688142299652,
        -0.9999738335609436,
        -0.20399954915046692,
        0.12502117455005646,
        -0.020445285364985466,
        -0.999474823474884,
        0.23017868399620056,
        -0.3421531021595001,
        0.07031939923763275,
        0.05672890320420265,
        -0.11422533541917801,
        -0.005837109871208668,
        0.9995772242546082,
        -0.06122211366891861,
        0.16635219752788544,
        -0.4240075349807739,
        -0.10769261419773102
    ],
    "embedding_scaling_factor": 0.0539528951048851,
    "samples": [
        "Verizon New York Inc.",
        "Niagara Mohawk - A National Grid Company ",
        "KeySpan of New York ",
        "IDT Energy, Inc.",
        "Verizon Digital Voice",
        "Cablevision of New York City ",
        "Kiwi Energy Inc.",
        "Spectrum - Syracuse",
        "National Grid - Metro Ny",
        "Central Hudson Gas & Electric Corp.",
        "Accent Energy Midwest, LLC ",
        "Time Warner - New York City ",
        "New York State Electric & Gas Corp.",
        "Pseg Long Island",
        "PSEG Long Island",
        "IDT Energy, Inc.",
        "National Fuel Gas Distribution",
        "National Grid - Metro Ny",
        "Frontier Telephone Of Rochester, Inc.",
        "New York State Electric & Gas Corp.",
        "Rochester Gas & Electric Corp. ",
        "Hudson Energy Services, LLC ",
        "Verizon Communications",
        "MXenergy",
        "Time Warner ResCom of New York,LLC",
        "Pseg Long Island",
        "Central Hudson Gas & Electric Corp.",
        "Time Warner - Syracuse Division",
        "Hudson Energy Services, LLC ",
        "Verizon Digital Voice",
        "National Grid - Metro Ny ",
        "National Grid - Upstate ",
        "Spectrum - Buffalo",
        "National Fuel Gas Distribution ",
        "New York State Electric & Gas Corp.",
        "National Grid - L I",
        "National Grid - Metro Ny",
        "Josco Energy Corp",
        "American Power & Gas, LLC",
        "Con Edison of New York",
        "Frontier Telephone Of Rochester, Inc.",
        "National Grid - Metro Ny",
        "Spectrum - New York City",
        "AT&T",
        "Verizon Communications ",
        "National Grid - L I",
        "New York State Electric & Gas Corp.",
        "AT&T",
        "Con Edison Of New York",
        "IDT Energy, Inc.",
        "Cablevision of New York City",
        "National Fuel Gas Distribution",
        "MCI ",
        "Time Warner - Albany",
        "Time Warner - New York City ",
        "Broadview Networks ",
        "National Grid - Metro Ny",
        "Spectrum - Buffalo",
        "Central Hudson Gas & Electric Corp. ",
        "National Grid - Metro Ny",
        "Rochester Gas & Electric Corp.",
        "United Water-New York",
        "Time Warner - New York City",
        "Columbia Utilities Power, Llc (electric) ",
        "National Grid - Upstate",
        "Pseg Long Island",
        "Astral Energy LLC",
        "National Grid - L I ",
        "Spectrum - Telephone",
        "AT&T",
        "Spectrum - Albany",
        "Orange & Rockland",
        "Con Edison of New York ",
        "XChange Telecom",
        "Time Warner - Albany",
        "PSEG Long Island",
        "Verizon New York Inc.",
        "U.S. Energy Savings Corp ",
        "Verizon Communications",
        "Rochester Gas & Electric Corp.",
        "Cablevision of New York City",
        "Rochester Gas & Electric Corp.",
        "Agway Energy Services, LLC.",
        "NYSEG Solutions, Inc.",
        "Frontier Telephone of Rochester, Inc. ",
        "Cablevision of New York City",
        "New York State Electric & Gas Corp.",
        "Ambit Energy",
        "AT&T ",
        "Long Island Water Corporation D/b/a Long Island American Water",
        "Cablevision of New York City",
        "Verizon Digital Voice",
        "National Grid - L I",
        "Mpower Energy LLC",
        "XChange Telecom",
        "Con Edison Of New York",
        "New York State Electric & Gas Corp.",
        "Orange & Rockland ",
        "Time Warner - Buffalo",
        "Time Warner - Albany"
    ],
    "category_values_ratio": {
        "Orange & Rockland": 111,
        "National Grid - L I": 111,
        "New York State Electric & Gas Corp.": 111,
        "Central Hudson Gas & Electric Corp.": 110,
        "Rochester Gas & Electric Corp.": 110,
        "National Grid - Upstate": 110,
        "National Grid - Metro Ny": 110,
        "National Fuel Gas Distribution": 110,
        "Verizon Communications": 109,
        "Time Warner - New York City": 81,
        "Verizon New York Inc.": 80,
        "AT&T": 76,
        "Citizens Communications": 74,
        "Verizon Digital Voice": 73,
        "Time Warner - Albany": 71,
        "Cablevision of New York City": 69,
        "Rochester Gas & Electric Corp. ": 67,
        "Con Edison of New York ": 67,
        "National Fuel Gas Distribution ": 67,
        "Orange & Rockland ": 66,
        "Verizon Communications ": 66,
        "New York State Electric & Gas Corp. ": 66,
        "Time Warner - New York City ": 65,
        "XChange Telecom": 64,
        "Central Hudson Gas & Electric Corp. ": 64,
        "AT&T ": 62,
        "Con Edison Of New York": 59,
        "Broadview Networks ": 56,
        "Cablevision of New York City ": 55,
        "Time Warner - Syracuse Division": 52,
        "PSEG Long Island": 51,
        "Frontier Telephone of Rochester, Inc. ": 51,
        "Con Edison of New York": 51,
        "MCI ": 50,
        "Cablevision of Long Island": 50,
        "Direct Energy Services LLC": 47,
        "Accent Energy Midwest, LLC ": 41,
        "IDT Energy, Inc. ": 41,
        "Just Energy New York Corp": 40,
        "KeySpan of Long Island ": 40,
        "KeySpan of New York ": 40,
        "IDT America Corp. ": 40,
        "Hudson Energy Services, LLC ": 40,
        "Family Energy, Inc.": 39,
        "Frontier Telephone of Rochester, Inc.": 39,
        "Time Warner - Buffalo": 39,
        "Cablevision of Long Island ": 38,
        "Ambit Energy": 37,
        "Long Island Water Corporation D/b/a Long Island American Water": 37,
        "U.S. Energy Savings Corp ": 37,
        "Time Warner ResCom of New York,LLC ": 37,
        "Optimum Voice": 36,
        "Time Warner - Albany ": 35,
        "United Water-New York": 31,
        "Spectrum - Albany": 31,
        "Spectrum - New York City": 31,
        "Suez Water New York Inc.": 30,
        "Mpower Energy LLC": 30,
        "New York American Water": 30,
        "IDT Energy, Inc.": 29,
        "Time Warner ResCom of New York,LLC": 29,
        "Spectrum - Syracuse": 28,
        "National Grid - Upstate ": 27,
        "Spark Energy, L.P. ": 27,
        "Josco Energy Corp": 26,
        "National Grid - L I ": 26,
        "Major Energy Services LLC": 26,
        "National Grid, Inc.": 26,
        "American Power & Gas, LLC": 25,
        "Frontier Telephone Of Rochester, Inc.": 24,
        "Broadview Networks": 24,
        "Liberty Power Corp. ": 24,
        "National Grid - Metro Ny ": 24,
        "Spectrum - Telephone": 24,
        "Cordia Communications Corp ": 23,
        "Time Warner Cable Information Services (New York), LLC": 22,
        "Idt Energy, Inc.": 20,
        "Time Warner - Rochester": 18,
        "Pseg Long Island": 18,
        "Spectrum - Rochester": 18,
        "Econnergy ": 17,
        "Hiko Energy, Llc": 17,
        "Kiwi Energy Inc.": 17,
        "Optimum Voice ": 17,
        "Spectrum - Buffalo": 16,
        "Cordia Communications Company ": 16,
        "MXenergy": 16,
        "Spark Energy, L.P.": 15,
        "NYSEG Solutions, Inc.": 15,
        "Columbia Utilities Power, Llc (electric) ": 15,
        "North American Power & Gas LLC": 14,
        "Sprint Communications ": 13,
        "Gateway Energy Services Corp.": 12,
        "Time Warner - Syracuse Division ": 12,
        "Time Warner - Buffalo ": 11,
        "Liberty Power Corp.": 10,
        "Flanders Energy LLC": 10,
        "U.S. Gas & Electric, Inc.": 9,
        "Verizon Advanced Data, Inc. ": 9,
        "Eligo Energy Ny, Llc": 9,
        "Energy Plus Holdings LLC": 9,
        "Agway Energy Services, LLC.": 8,
        "Niagara Mohawk - A National Grid Company ": 8,
        "Trinsic ": 8,
        "Just Energy New York Corp ": 8,
        "Alpha Gas And Electric, Llc": 7,
        "Astral Energy LLC": 7,
        "BTI Communications, Inc. d/b/a TELZEQ Communications": 7,
        "MXenergy ": 6,
        "Tristate Bell Inc": 6,
        "XOOM Energy New York, LLC": 6,
        "New Rochelle Telephone Company ": 5,
        "National Grid, Inc. ": 5,
        "Ambit Energy ": 5,
        "Metropolitan Telecommunications ": 5,
        "Frontier Communications of Rochester, Inc.": 5,
        "Utility Expense Reduction LLC": 5,
        "Frontier Communications of NY/aka Highland Tel": 5,
        "Verde Energy USA New York, LLC": 5,
        "World-Link Solutions, Inc ": 5,
        "XChange Telecom ": 5,
        "Cordia Communications Corp": 4,
        "Viridian Energy Ny, Llc": 4,
        "Cablevision of Westchester": 4,
        "AT&T of New York ": 4,
        "United Water-New York ": 4,
        "VarTec Telecom, Inc. ": 4,
        "United Water-New Rochelle": 3,
        "My Tel Co, Inc. ": 3,
        "Columbia Energy Services Company ": 3,
        "BridgeCom International, Ltd. ": 3,
        "United Water Westchester Inc.": 3,
        "Frontier Utilities Northeast LLC": 3,
        "Talk America, Inc. ": 3,
        "National Grid -Metro Ny ": 3,
        "Viridian Energy NY, LLC": 3,
        "Verizon Digital Voice ": 2,
        "Amplified Power & Gas, LLC": 2,
        "Verizon Communications (LEC)": 2,
        "Plymouth Rock Energy LLC": 2,
        "Tristate Bell Inc ": 2,
        "Aqua New York": 2,
        "Hudson Energy Services, Llc": 2,
        "Citizens Communications ": 2,
        "Verizon New York Inc. ": 2,
        "Energy Plus Holdings LLC ": 2,
        "Time Warner - Rochester ": 2,
        "Non-Jurisdictional / Deleted Complaint": 2,
        "U.S. Gas & Electric, Inc. ": 2,
        "Verizon Communications (PayPhones) ": 2,
        "Starion Energy NY, Inc.": 2,
        "Direct Energy Services LLC ": 2,
        "North Energy LLC": 2,
        "Zoom-I-Net Communications, Inc. ": 2,
        "Atlantic Energy, LLC": 2,
        "United Water-New Rochelle ": 2,
        "Energetix, Inc.": 2,
        "Brown's Fuel": 1,
        "Optimum - New York City": 1,
        "Spectrum - Syracuse Division": 1,
        "AT&T (C)": 1,
        "Citizens Communications (ILEC)": 1,
        "Forest Park Water Co. Inc.": 1,
        "Entrust Energy East, Inc.": 1,
        "Atlantic Power & Gas LLC": 1,
        "Sperian Energy Corp.": 1,
        "Mpower Energy LLC ": 1,
        "City Power & Gas, LLC": 1,
        "Starion Energy NY, Inc. ": 1,
        "Family Energy, Inc. ": 1,
        "Sprague Operating Resources": 1,
        "SBR Energy, LLC": 1,
        "Time Warner -Syracuse Division ": 1,
        "IDT America, Corp.": 1,
        "Charter Communications ": 1,
        "CTC Communications Corp. ": 1,
        "Optimum - Long Island": 1,
        "ALL AMERICAN POWER & GAS, LLC": 1,
        "South Bay Energy Corp.": 1,
        "Infinite Energy, Inc. ": 1,
        "Verizon Communications (LD) ": 1,
        "Next Gen Telephone Co. ": 1,
        "Susquehanna Communications ": 1,
        "Energetix, Inc. ": 1,
        "Niagara Mohawk - A National Grid Company": 1,
        "Corning Natural Gas Corp. ": 1,
        "Cablevision of Westchester ": 1,
        "Communicate Technological Systems, CTS, LLC. ": 1,
        "XO Communications, Inc. ": 1,
        "Hudson Valley Water Co.": 1,
        "Comcast Cable of New York - CATV ": 1,
        "City of Jamestown Board of Public Utilities ": 1,
        "Adelphia Cable - Buffalo ": 1,
        "BUY ENERGY DIRECT, LLC": 1,
        "Frontier Communications of Rochester, ": 1,
        "Columbia Utilities Power, Llc (gas) ": 1,
        "Constellation NewEnergy": 1,
        "Knolls Water Co.": 1,
        "Trinsic f/k/a Z-Tel ": 1
    },
    "nrows": 4574
}