dataset,prompt_representation_type,prompt_example_type,prompt_number_example,number_tokens,number_bool,number_int,number_float,number_string
oml_dataset_68_rnc,S,Random,0,949,0,11,0,0
oml_dataset_68_rnc,SDVC,Random,0,1024,0,11,0,0
oml_dataset_68_rnc,SMVF,Random,0,1064,0,11,0,0
oml_dataset_68_rnc,SSN,Random,0,1240,0,11,0,0
oml_dataset_68_rnc,SCV,Random,0,1053,0,11,0,0
oml_dataset_68_rnc,SDVCMVF,Random,0,1154,0,11,0,0
oml_dataset_68_rnc,SDVCSN,Random,0,1319,0,11,0,0
oml_dataset_68_rnc,SMVFSN,Random,0,1358,0,11,0,0
oml_dataset_68_rnc,SMVFCV,Random,0,1171,0,11,0,0
oml_dataset_68_rnc,SSNCV,Random,0,1348,0,11,0,0
oml_dataset_68_rnc,ALL,Random,0,1435,0,11,0,0
