dataset,prompt_representation_type,prompt_example_type,prompt_number_example,number_tokens,number_bool,number_int,number_float,number_string
oml_dataset_58_rnc,S,Random,0,958,0,0,2,4
oml_dataset_58_rnc,SDVC,Random,0,1022,0,0,2,4
oml_dataset_58_rnc,SMVF,Random,0,1037,0,0,2,4
oml_dataset_58_rnc,SSN,Random,0,1028,0,0,2,4
oml_dataset_58_rnc,SCV,Random,0,982,0,0,2,4
oml_dataset_58_rnc,SDVCMVF,Random,0,1112,0,0,2,4
oml_dataset_58_rnc,SDVCSN,Random,0,1096,0,0,2,4
oml_dataset_58_rnc,SMVFSN,Random,0,1110,0,0,2,4
oml_dataset_58_rnc,SMVFCV,Random,0,1064,0,0,2,4
oml_dataset_58_rnc,SSNCV,Random,0,1056,0,0,2,4
oml_dataset_58_rnc,ALL,Random,0,1146,0,0,2,4
