{
    "column_id": "Walmart/weather.csvweather.csv/codesum",
    "dataset_name": "weather.csv",
    "dataset_id": "Walmart/weather.csv",
    "path": "/home/ubuntu/CatDB/Experiments/data/Walmart/weather.csv",
    "table_name": "weather.csv",
    "table_id": "Walmart/weather.csvweather.csv",
    "column_name": "codesum",
    "data_source": "Walmart",
    "data_type": "natural_language_text",
    "total_values_count": 20517,
    "distinct_values_count": 448,
    "missing_values_count": 11051,
    "true_ratio": null,
    "min_value": null,
    "max_value": null,
    "mean": null,
    "median": null,
    "iqr": null,
    "category_values": [
        "RA FZFG BR",
        "SN",
        "RA SN BR",
        "RA FZRA FG+ FG BR UP",
        "SN BR",
        "RA SN BR HZ",
        "RA",
        "RA BR",
        "BR",
        "RA FZRA SN BR UP",
        "RA FG+ FG FZFG BR HZ",
        "SN FG BR",
        "SN FG+ FZFG BR",
        "RA SN FG+ BR",
        "RA HZ",
        "FG BR",
        "BR HZ",
        "RA BR HZ",
        "HZ",
        "RA FG BR",
        "RA FG BR HZ",
        "FG+ BR",
        "RA FG+ FG",
        "RA FG+ BR",
        "TSRA RA",
        "TSRA RA BR",
        "TS",
        "TSRA RA VCTS",
        "RA BR VCTS",
        "BR HZ VCTS",
        "RA VCTS",
        "FG+ FG BR",
        "FZFG BR",
        "FG+ FZFG BR",
        "RA SN BR UP",
        "SN BR HZ",
        "RA FG+ FG BR",
        "SN BR UP",
        "RA FZRA SN BR",
        "SN FZFG BR",
        "SN UP",
        "FZRA SN FZFG BR",
        "SN FG+ FZFG BR UP HZ",
        "SN UP HZ",
        "RA SN FG BR UP",
        "RA SN",
        "SN FG BR UP",
        "SN FG+ FG FZFG BR",
        "RA FG+ BR VCTS",
        "TS RA FG BR",
        "RA BR HZ VCTS",
        "TSRA",
        "TS RA",
        "BR VCTS",
        "RA FG+ FG BR VCTS",
        "RA FG BR HZ VCTS",
        "TS BR",
        "VCTS",
        "FG+ BR HZ",
        "RA FG+ BR HZ",
        "UP",
        "FZRA SN FG BR",
        "RA FZRA FG+ FG FZFG BR UP",
        "SN FG+ FZFG BR HZ",
        "RA BR UP",
        "FG+ FG FZFG BR",
        "SN FG+ FZFG UP",
        "RA SN FG+ FZFG BR",
        "RA FZRA SN BR HZ",
        "RA FZRA FG BR HZ",
        "SN FZFG BR UP",
        "TSRA RA BR VCTS",
        "TS RA FG+ FG BR VCTS",
        "TS RA BR",
        "RA SN FG+ FG FZFG BR UP",
        "FZRA FG+ FZFG UP",
        "RA SN FG+ FG BR",
        "FZRA SN FG+ FZFG BR UP",
        "RA UP",
        "RA SN FG+ BR UP",
        "SN FG+ FZFG BR UP",
        "RA FZRA FG+ FG FZFG BR",
        "TSRA RA FG+ BR",
        "TSRA RA FG BR VCTS",
        "FG+",
        "RA FG+",
        "FG+ FG",
        "SN FG+ FG BR",
        "RA FG+ FZFG BR",
        "FZRA FG+ FZFG BR HZ",
        "RA FZRA SN FG+ FG FZFG BR",
        "RA FG+ BR UP",
        "FZRA SN FZFG BR UP",
        "FZRA FG+ FG FZFG BR UP",
        "RA FZRA FG+ BR",
        "RA FZRA SN FG+ FG FZFG BR UP",
        "SN UP BLSN",
        "FZRA SN FG+ FZFG BR",
        "TSRA FG+ FG BR VCTS",
        "TS TSRA RA FG BR",
        "RA FZRA SN FG+ BR UP",
        "RA FG+ FG BR UP",
        "RA SN FG+ FG BR UP",
        "FZRA BR",
        "RA FZRA FG+ FZFG BR UP",
        "SN FZFG BR HZ",
        "SN FZFG UP",
        "UP BLSN",
        "FZRA SN FG+ FZFG BR HZ",
        "RA FG+ FZFG BR UP",
        "RA FZRA BR",
        "FZRA FG FZFG BR",
        "RA FG BR VCTS",
        "FZDZ BR",
        "BR HZ DU",
        "RA DZ BR",
        "DZ FZDZ SN BR",
        "TSRA RA DZ BR",
        "TS TSRA RA",
        "TS TSRA RA BR",
        "TS TSRA",
        "TSRA BR",
        "FG+ BCFG BR",
        "TSRA RA FG BR",
        "TS TSRA BR",
        "DU",
        "HZ FU",
        "DZ BR",
        "TS DZ BR",
        "RA SN PL FG+ BR",
        "TS TSRA RA DZ FZRA PL BR",
        "TS TSRA RA SN PL BR",
        "RA DZ SN BR",
        "FU",
        "DZ BR HZ",
        "TSRA RA BR HZ",
        "TS RA DZ BR",
        "BCFG BR",
        "TS TSRA RA DZ BR",
        "TS RA DZ BR HZ",
        "TS TSRA VCTS",
        "TS RA FG",
        "MIFG",
        "RA DZ FZRA FZDZ BR",
        "DZ FZRA",
        "FG+ FG BR HZ",
        "SN PL",
        "FZDZ SN BR",
        "FZRA SN BR",
        "FZDZ",
        "BR VCFG",
        "DZ FG+ FG BR",
        "DZ FZDZ BR",
        "SN FG+ FZFG",
        "FZRA FZDZ BR",
        "TS FZDZ SN BR BLSN",
        "RA DZ BR HZ",
        "TSRA RA BCFG BR",
        "TSRA RA FG",
        "RA DU",
        "RA BCFG BR",
        "DZ",
        "TSRA RA DZ BR VCTS",
        "TSRA BR HZ",
        "TS VCTS",
        "TS TSRA RA BR VCTS",
        "FG BR HZ",
        "BR UP HZ",
        "TS TSRA RA FG BR VCTS",
        "RA FZRA SN UP",
        "RA FZRA UP",
        "TS TSRA FZRA",
        "TS TSRA BR HZ",
        "TS RA HZ VCTS",
        "FG+ FG BCFG BR",
        "RA DZ FG+ BCFG BR",
        "BCFG BR HZ",
        "PL",
        "DZ FG+ BCFG BR",
        "FG+ BCFG BR HZ",
        "TSRA RA DZ FG BR",
        "DZ FG BR",
        "FG BCFG BR",
        "RA BCFG BR HZ",
        "BCFG",
        "TS TSRA RA BR HZ",
        "TS FG+ BR",
        "TS TSRA RA HZ",
        "RA FG BCFG BR",
        "RA DZ BCFG BR",
        "BR HZ BLDU",
        "BLDU",
        "DZ MIFG BR",
        "BCFG HZ",
        "TS TSRA RA DZ",
        "DZ HZ",
        "RA DZ FG BCFG BR",
        "TS TSRA FG+ BR HZ",
        "TSRA BCFG BR",
        "MIFG BR",
        "DZ FG+",
        "RA DZ FG+ BR",
        "RA FG+ BCFG BR",
        "RA FZRA PL BR",
        "FZRA PL",
        "DZ FZDZ BR HZ",
        "DZ FG+ BR",
        "TS RA FZRA BR VCTS",
        "TS TSRA GR RA BR HZ SQ",
        "TSRA RA BR SQ",
        "TS MIFG BR",
        "TS HZ",
        "TS RA BR VCTS",
        "TS RA BR HZ",
        "TSRA BR VCTS",
        "TSRA VCTS",
        "TS GR RA BR VCTS",
        "TS RA VCTS",
        "TSRA BR HZ VCTS",
        "FZRA SN UP HZ",
        "TSRA RA BR HZ VCTS",
        "RA FG+ FG BR HZ",
        "FG+ FZFG BR HZ",
        "TS TSRA RA FZRA BR",
        "RA FZRA SN FG BR UP HZ VCTS",
        "RA HZ VCTS",
        "RA FZRA BR UP HZ",
        "RA FZRA BR VCTS",
        "TS TSRA RA FG+ BR HZ VCTS",
        "HZ VCTS",
        "TS RA FG+ BR HZ VCTS",
        "TS HZ VCTS",
        "TSRA HZ",
        "TS TSRA RA FG+ FG VCTS",
        "TS TSRA BR HZ VCTS",
        "TSRA RA HZ VCTS",
        "TS BR HZ",
        "TS RA BR HZ VCTS",
        "TS RA HZ",
        "RA FZRA BR HZ",
        "FZRA UP",
        "FZRA BR HZ",
        "SN FG+ FG BR HZ",
        "FZRA SN UP",
        "SN HZ",
        "FZRA BR UP HZ",
        "FG+ FG FZFG BR HZ",
        "FZRA SN FZFG BR UP HZ",
        "RA FZRA FG+ FG BR HZ",
        "FZRA SN VCTS",
        "FG",
        "TSRA RA DZ VCTS",
        "DZ FG BR HZ",
        "RA DZ FG+ FG BR HZ VCTS",
        "RA DZ",
        "DZ SN",
        "RA DZ FG BR",
        "TSRA RA FG BR HZ",
        "RA DZ HZ",
        "RA DZ BR VCTS",
        "RA DZ HZ VCTS",
        "TSRA RA DZ HZ",
        "RA DZ VCTS",
        "TSRA RA FG+ BR VCTS",
        "DZ BR HZ VCTS",
        "TSRA RA DZ BR HZ",
        "TS TSRA RA VCTS",
        "RA DZ BR HZ VCTS",
        "RA DZ FG+ BR HZ",
        "TS RA DZ VCTS",
        "TS TSSN RA FG+ FG BR VCTS",
        "DZ SN FG+ FG BR UP",
        "DZ SN FG BR",
        "RA DZ SN FG+ BR",
        "TSRA RA DZ SN FG HZ",
        "RA DZ SN",
        "DZ SN BR",
        "TSRA RA DZ",
        "RA SN BR VCTS",
        "TS TSSN RA DZ SN BR",
        "TSSN RA DZ SN BR VCTS",
        "RA DZ SN BR HZ",
        "TSRA RA DZ SN BR HZ VCTS",
        "TSSN FG+ BR VCTS",
        "TSRA TSSN BR HZ VCTS",
        "DZ FG+ FG HZ",
        "TS BR VCTS",
        "TS RA DZ",
        "TS RA DZ BR VCTS",
        "RA DZ SN VCTS",
        "RA DZ FG+ FG BR HZ",
        "TS RA DZ HZ VCTS",
        "RA DZ SN HZ",
        "UP HZ",
        "RA DZ UP",
        "RA DZ FG+ FG BR",
        "RA DZ BR UP HZ",
        "RA DZ BR UP",
        "RA DZ SN BR UP",
        "TSSN UP VCTS",
        "TSSN SN BR UP",
        "TSSN BR",
        "DZ BR VCTS",
        "TS TSRA RA DZ FG+ FG BR VCTS",
        "TSRA DZ BR VCTS",
        "SN BR UP HZ",
        "RA SN BR UP HZ",
        "BR UP",
        "RA FZRA SN BR UP HZ",
        "SN BLSN",
        "FZRA SN BR UP HZ",
        "VCFG",
        "RA MIFG BCFG BR",
        "FZFG",
        "SN BR HZ BLSN",
        "SN BR UP BLSN",
        "RA MIFG",
        "TS RA HZ FU",
        "MIFG FU",
        "TS FU",
        "TSRA FG+",
        "TSRA RA SQ",
        "TSRA RA FG+ FG BR",
        "RA FG+ FG MIFG BR",
        "FG+ MIFG BR",
        "RA DZ FG+ MIFG BR HZ",
        "RA FG+ BCFG BR HZ",
        "TS FG BR",
        "RA MIFG BR",
        "TS FG+ FG BR",
        "TS FG+ BR HZ",
        "BR FU",
        "TS TSRA RA BR HZ FU",
        "TSRA BR FU",
        "TS BR FU",
        "RA BR FU",
        "FG MIFG BR",
        "BR HZ FU",
        "FG+ FG MIFG BR",
        "TSRA FG+ FG BR",
        "TS TSRA FG+ BR",
        "TSRA FG+ BR",
        "TS TSRA RA BCFG BR",
        "TS TSRA RA FG+ FG BR",
        "BR SQ",
        "TS TSRA BR VCTS",
        "SN FZFG BR BLSN",
        "FZRA FZDZ SN BR",
        "RA SN FZFG BR",
        "TSSN RA SN FG+ FZFG BR",
        "FG+ FZFG BCFG",
        "RA SN FG BR",
        "SN FG+ FZFG BR BLSN",
        "SN BR BLSN BLDU",
        "FZDZ SN FZFG BR",
        "TS SQ",
        "RA FG+ FG BCFG BR",
        "RA SN FG FZFG BR",
        "TS RA GS",
        "SN FG FZFG BR",
        "RA SN FG+ FG FZFG BR",
        "RA DZ SN FG FZFG BR",
        "TSRA RA SN BR",
        "TS TSRA HZ",
        "RA DZ SN FG BR",
        "BR HZ DU SQ",
        "DZ FG+ FG FZFG BR",
        "DZ FG+ BR HZ",
        "TSRA DZ HZ",
        "TSRA RA FZRA BR",
        "TS TSRA BR SQ",
        "TS TSRA GR RA BR",
        "TS TSRA RA FG+",
        "TSRA BR SQ",
        "FZRA",
        "FZRA BR UP",
        "FZDZ SN BLSN",
        "FZFG BR HZ",
        "RA DZ FZRA FZDZ SN FG+ FG BR HZ",
        "FZDZ FG BR HZ",
        "RA DZ FZDZ FG+ BR",
        "TS FZDZ SN BLSN",
        "TSRA FG BR",
        "FZRA SN BR UP",
        "FG+ FZFG BR UP HZ",
        "RA FZRA SN FZFG BR UP",
        "FG+ FZFG",
        "FG+ FG BR VCTS",
        "TS RA FG+ BR",
        "RA SN FG+",
        "RA FZRA BR UP",
        "SN FZFG",
        "RA FG+ FZFG BR HZ",
        "RA FG+ FG BR HZ VCTS",
        "RA FG+ BR HZ VCTS",
        "SN FG+ FG FZFG BR UP",
        "SN FG+ FZFG HZ",
        "RA SN FG+ FG BR HZ",
        "RA SN FG FZFG BR UP",
        "FG BR VCTS",
        "RA FG MIFG BR",
        "RA FZFG BR HZ",
        "RA FZRA FG+ FG BR",
        "SN HZ BLSN",
        "SN FG+ BR HZ",
        "TSRA RA FG+ FG BR UP",
        "HZ DU",
        "RA FZRA",
        "TSRA RA FZRA BR UP VCTS",
        "RA SN UP",
        "FZRA SN FZFG BR UP BLSN",
        "TSRA FG+ BR HZ",
        "BR DU",
        "RA BLDU SQ",
        "TS HZ BLDU",
        "TS TSRA RA SN FG BR",
        "SG",
        "TS SN GS",
        "TSRA DZ BR",
        "TS TSRA DZ BR",
        "RA PL",
        "RA FZRA FZDZ PL BR",
        "RA PL BR",
        "FZDZ BR HZ",
        "PRFG BCFG BR HZ",
        "GS BR HZ",
        "RA DZ FZDZ BR",
        "HZ BLDU",
        "RA DZ FZDZ SN PL BR",
        "DZ SN BR HZ",
        "RA SN BR HZ BLSN",
        "TSRA RA BCFG BR HZ",
        "TS RA GS BR",
        "MIFG BR HZ",
        "FZRA PL BR HZ",
        "RA SN PL BR HZ",
        "MIFG BCFG BR",
        "SN BR BLSN",
        "RA DZ FZRA BR HZ",
        "DZ FZRA FZDZ SN BR",
        "DZ SN FG+ FZFG BR",
        "BLSN",
        "SN FZFG BLSN",
        "TSRA RA SN FG+ BR HZ",
        "RA PL HZ",
        "RA SN FG+ FZFG BR HZ",
        "RA FG BR HZ SQ",
        "RA BR UP HZ"
    ],
    "embedding": [
        -0.13556769490242004,
        0.07203613221645355,
        -0.19813556969165802,
        -1.0,
        0.35892316699028015,
        -0.1848929077386856,
        0.09761153906583786,
        -1.0,
        1.0,
        -0.12217951565980911,
        0.10360080003738403,
        0.130629301071167,
        0.9931284785270691,
        -0.09808427095413208,
        -0.9999987483024597,
        0.026346223428845406,
        0.14587043225765228,
        0.2715016305446625,
        -0.20278649032115936,
        -0.09037931263446808,
        0.46482881903648376,
        0.01729092374444008,
        -0.03313348442316055,
        -0.9999974966049194,
        0.9992078542709351,
        0.20008881390094757,
        -0.07119111716747284,
        -0.17062416672706604,
        -0.062269244343042374,
        -0.2532902956008911,
        -0.23468197882175446,
        -0.16765320301055908,
        -0.06384311616420746,
        0.362957626581192,
        0.2267524152994156,
        -0.22786545753479004,
        0.4069087505340576,
        0.18440955877304077,
        -0.10898272693157196,
        -0.2390790432691574,
        0.19800755381584167,
        0.9999990463256836,
        -0.07724635303020477,
        -0.03675438091158867,
        -0.8011822700500488,
        0.4251401126384735,
        -0.29274845123291016,
        0.16279318928718567,
        0.16614463925361633,
        -0.07504089921712875,
        -0.07161128520965576,
        -0.16581840813159943,
        -0.11798150092363358,
        0.9973729848861694,
        0.05678236484527588,
        -0.4756309688091278,
        -0.13479430973529816,
        0.12275669723749161,
        -0.9999977946281433,
        0.005624457262456417,
        0.10326912254095078,
        0.9999824166297913,
        0.9999999403953552,
        0.11360849440097809,
        -0.9999999403953552,
        0.10433527082204819,
        -0.13602663576602936,
        0.35418063402175903,
        0.3039070963859558,
        -0.9999997019767761,
        0.9999993443489075,
        0.11052662879228592,
        -0.2686530351638794,
        -0.11593165248632431,
        -0.10738734155893326,
        0.20904690027236938,
        -0.10362701117992401,
        -0.3023677468299866,
        0.17094722390174866,
        0.1027909591794014,
        0.1806587278842926,
        -0.15576162934303284,
        0.22010605037212372,
        -0.19054868817329407,
        -0.20834054052829742,
        0.30824846029281616,
        -0.33625346422195435,
        0.13104386627674103,
        0.18157611787319183,
        -0.15977822244167328,
        0.2316420078277588,
        0.10096656531095505,
        -0.14351409673690796,
        -0.2887897789478302,
        0.19262531399726868,
        -0.003943467978388071,
        -1.0,
        -0.11935265362262726,
        -0.9999945163726807,
        -0.9999997019767761,
        -0.06706588715314865,
        0.9999992251396179,
        -0.3032306432723999,
        0.14485499262809753,
        -0.23635847866535187,
        0.3417125642299652,
        0.35696378350257874,
        0.15442980825901031,
        0.3637944161891937,
        -0.0003307833685539663,
        0.9999755024909973,
        0.38078364729881287,
        0.17847207188606262,
        0.9999910593032837,
        0.15733978152275085,
        -0.010219890624284744,
        -0.07149902731180191,
        -0.12226369231939316,
        -0.17973437905311584,
        0.19392219185829163,
        -0.25073468685150146,
        -0.25142374634742737,
        -0.22012434899806976,
        0.027867943048477173,
        0.5281028747558594,
        -0.1822180300951004,
        -1.0,
        -0.25107306241989136,
        -0.2891736328601837,
        -0.9998692274093628,
        1.0,
        0.7079261541366577,
        0.03467769920825958,
        0.3051028549671173,
        0.999997615814209,
        -0.07083014398813248,
        0.1428654044866562,
        -0.38991573452949524,
        0.12826770544052124,
        0.2497881054878235,
        0.558254063129425,
        -0.47103485465049744,
        -0.9999998211860657,
        -0.9999948740005493,
        -0.06479991227388382,
        0.16981343924999237,
        -0.10641062259674072,
        0.15314248204231262,
        0.9999985098838806,
        -0.17469537258148193,
        0.05917249619960785,
        -0.13954439759254456,
        -0.133528932929039,
        0.9999996423721313,
        -0.2941776514053345,
        -0.1497897505760193,
        -0.344481498003006,
        0.35273951292037964,
        -0.16444531083106995,
        -0.13689640164375305,
        0.09331708401441574,
        -0.1294654756784439,
        -0.08609378337860107,
        -0.28284260630607605,
        -0.2233337163925171,
        0.8435845971107483,
        0.25993549823760986,
        -0.9428822994232178,
        -0.09580463171005249,
        -0.16269966959953308,
        0.2595655918121338,
        -0.13448376953601837,
        0.06550582498311996,
        0.9999982714653015,
        0.13189095258712769,
        -0.22113409638404846,
        0.9997612237930298,
        0.16738680005073547,
        -0.29494568705558777,
        0.9901213645935059,
        0.3892001509666443,
        -0.23204416036605835,
        -0.05313390865921974,
        -0.10764029622077942,
        0.03376328572630882,
        -0.037260159850120544,
        0.15053124725818634,
        -0.9999958872795105,
        -0.09404715895652771,
        -0.2277499884366989,
        0.10477003455162048,
        0.29246243834495544,
        -0.22291140258312225,
        -0.42134955525398254,
        0.004973980598151684,
        1.0,
        0.3189951479434967,
        0.20019173622131348,
        -0.15997318923473358,
        0.03369354456663132,
        -0.9999958872795105,
        0.27674415707588196,
        0.9998277425765991,
        0.053097452968358994,
        -0.1591777801513672,
        -0.6222138404846191,
        1.0,
        -0.9972754120826721,
        0.3514579236507416,
        0.9999998211860657,
        0.17379216849803925,
        0.1873975247144699,
        -0.11344029754400253,
        -0.13564532995224,
        -0.21360108256340027,
        0.35789600014686584,
        -1.0,
        0.19148536026477814,
        -0.04908037930727005,
        -0.20058086514472961,
        0.2534303069114685,
        0.18882381916046143,
        0.1661880612373352,
        -0.2580684721469879,
        -0.27838343381881714,
        0.159491166472435,
        0.2921241521835327,
        -0.08995699882507324,
        -0.05937318876385689,
        0.15319117903709412,
        -0.9301143884658813,
        -0.9998393654823303,
        -0.07726375758647919,
        0.9490822553634644,
        0.4972492456436157,
        0.11977585405111313,
        0.1387489140033722,
        0.2146889865398407,
        -0.15702587366104126,
        -0.9967670440673828,
        0.8925082087516785,
        0.14119188487529755,
        -0.4903268814086914,
        -0.18342328071594238,
        -0.9968298673629761,
        -0.9999948740005493,
        0.19867268204689026,
        0.07908226549625397,
        -0.12177594006061554,
        0.4322938024997711,
        0.2428126484155655,
        -0.056607961654663086,
        1.0,
        -0.15697088837623596,
        -0.9999977946281433,
        -0.19061431288719177,
        0.21543031930923462,
        -1.0,
        0.9986709952354431,
        0.9931080937385559,
        -0.9998595118522644,
        -0.18270885944366455,
        0.16717375814914703,
        -0.2702482342720032,
        -0.024344390258193016,
        0.052004534751176834,
        0.21321672201156616,
        0.278165340423584,
        0.1476885974407196,
        0.11828545480966568,
        0.3206450939178467,
        0.1768895387649536,
        0.26465943455696106,
        0.2753247916698456,
        0.999990701675415,
        -0.19395530223846436,
        -0.1933954656124115,
        -1.0,
        -0.011563740670681,
        0.2546170651912689,
        -0.1401468962430954,
        0.3209069073200226,
        -0.23052817583084106,
        -0.14000830054283142,
        -0.9999939799308777,
        -0.3463380038738251,
        0.3185301423072815,
        -0.08446034044027328,
        -1.0,
        0.09635937958955765,
        -0.2621569037437439,
        0.15771622955799103,
        -0.11407069116830826,
        0.1404721885919571,
        -0.05899922922253609,
        0.9997894763946533,
        0.23010458052158356,
        -0.028461486101150513,
        -0.011604736559092999,
        -0.15036442875862122
    ],
    "embedding_scaling_factor": 0.04169875755906105,
    "samples": [
        "TSRA RA",
        "BR",
        "RA BR",
        "RA",
        "RA",
        "BR",
        "DZ BR",
        "RA FG BR HZ",
        "HZ VCTS",
        "FG BR",
        "TSRA RA BR",
        "RA",
        "BCFG BR",
        "BR",
        "RA FG+ FG BR",
        "HZ",
        "BR HZ",
        "RA BR HZ VCTS",
        "BR HZ",
        "RA",
        "RA BR HZ VCTS",
        "BR",
        "SN FZFG BR UP",
        "RA",
        "BR",
        "FG+ BR",
        "RA BR VCTS",
        "RA",
        "BR",
        "TS RA",
        "TS TSRA RA DZ FG+ FG BR VCTS",
        "BR",
        "BR HZ",
        "BR HZ",
        "TSRA RA BR",
        "RA FG+ BR HZ",
        "RA BR UP",
        "BR",
        "RA BR",
        "TS",
        "BR",
        "RA BR"
    ],
    "category_values_ratio": {
        "RA BR": 1476,
        "BR": 1431,
        "RA": 1281,
        "BR HZ": 400,
        "HZ": 365,
        "TSRA RA BR": 251,
        "SN BR": 244,
        "SN": 198,
        "TS": 189,
        "FG+ BR": 164,
        "RA BR HZ": 147,
        "RA DZ BR": 126,
        "TSRA": 121,
        "FG+ FG BR": 114,
        "RA BR VCTS": 111,
        "TSRA RA": 95,
        "RA FG+ BR": 86,
        "RA FG+ FG BR": 85,
        "RA FG BR": 80,
        "TS RA": 77,
        "FG BR": 76,
        "RA VCTS": 75,
        "TS TSRA RA BR": 73,
        "RA SN BR": 69,
        "TSRA BR": 68,
        "TSRA RA BR VCTS": 67,
        "TS TSRA": 66,
        "VCTS": 57,
        "SN BR HZ": 57,
        "TS TSRA RA": 57,
        "TS RA BR": 49,
        "DZ BR": 43,
        "TS TSRA BR": 40,
        "RA HZ": 39,
        "SN FZFG BR": 36,
        "BCFG BR": 36,
        "TS BR": 31,
        "SN FG+ FZFG BR": 31,
        "FG+ BR HZ": 29,
        "TSRA RA VCTS": 27,
        "RA DZ": 27,
        "UP": 24,
        "TSRA RA BR HZ": 23,
        "DZ BR HZ": 23,
        "SN HZ": 22,
        "RA DZ BR HZ": 21,
        "SN BR UP": 21,
        "RA SN BR UP": 20,
        "RA BR HZ VCTS": 20,
        "FG+": 19,
        "FG+ FG BR HZ": 19,
        "TSRA RA DZ BR": 19,
        "FG+ FZFG BR": 18,
        "MIFG": 17,
        "BCFG": 16,
        "FU": 16,
        "SN UP": 16,
        "BR VCTS": 15,
        "RA DZ VCTS": 15,
        "RA DZ SN BR": 15,
        "FG+ FG": 13,
        "DZ FG+ BR": 13,
        "DZ": 13,
        "RA SN BR HZ": 13,
        "TS RA BR VCTS": 12,
        "MIFG BR": 12,
        "TS VCTS": 11,
        "RA DZ HZ": 11,
        "RA BR UP": 11,
        "TSRA VCTS": 11,
        "TS RA VCTS": 11,
        "FG": 10,
        "FG BR HZ": 10,
        "RA SN": 10,
        "FG+ BCFG BR": 10,
        "DZ HZ": 9,
        "RA BCFG BR": 9,
        "DZ FG+ FG BR": 9,
        "SN FZFG BR UP": 9,
        "RA FG BR HZ": 9,
        "TSRA RA FG BR": 9,
        "TS TSRA RA BR VCTS": 8,
        "TS TSRA BR HZ": 8,
        "SN BLSN": 8,
        "TSRA RA BR HZ VCTS": 8,
        "TS RA BR HZ": 8,
        "BLDU": 8,
        "FZRA BR": 8,
        "TS HZ": 8,
        "RA FG+ FG BR UP": 7,
        "SN FG+ FZFG BR UP": 7,
        "FZDZ SN BR": 7,
        "BCFG BR HZ": 7,
        "TSRA BR VCTS": 7,
        "RA FG+ BR VCTS": 6,
        "FZRA SN BR UP": 6,
        "RA SN FG+ FG BR": 6,
        "TSRA RA FG+ FG BR": 6,
        "TSRA RA FG+ BR": 6,
        "RA FG+ BR HZ": 6,
        "TSRA BR HZ": 6,
        "RA FZRA BR": 6,
        "RA FG+ FG BR VCTS": 6,
        "SN FZFG BR BLSN": 6,
        "SN BR BLSN": 5,
        "HZ VCTS": 5,
        "SN BR HZ BLSN": 5,
        "TS BR VCTS": 5,
        "HZ DU": 5,
        "RA DZ FG+ BR": 5,
        "FG+ FG BCFG BR": 5,
        "SN UP HZ": 5,
        "BR HZ VCTS": 5,
        "FG+ FG FZFG BR": 5,
        "RA SN FG+ BR": 5,
        "FZFG BR": 5,
        "RA SN FG BR UP": 5,
        "DU": 5,
        "TS RA HZ": 5,
        "TS TSRA VCTS": 5,
        "RA FZRA SN BR UP": 5,
        "FZRA BR HZ": 5,
        "RA FG+ FG BR HZ": 4,
        "FZRA SN FG+ FZFG BR UP": 4,
        "SN BR UP HZ": 4,
        "SN FG+ FG BR": 4,
        "RA FZRA BR UP": 4,
        "SN FG+ FG FZFG BR": 4,
        "UP HZ": 4,
        "TS HZ VCTS": 4,
        "TSRA RA BR SQ": 4,
        "SN FG+ FZFG BR HZ": 4,
        "SN FZFG BR HZ": 4,
        "FG+ FZFG BR HZ": 4,
        "TSRA HZ": 4,
        "RA DZ FG BR": 4,
        "TSRA RA FG BR VCTS": 4,
        "FZRA SN FZFG BR": 4,
        "RA DZ FG+ FG BR": 4,
        "FG+ MIFG BR": 4,
        "SN FG+ FZFG BR BLSN": 4,
        "TS TSRA RA DZ BR": 4,
        "RA FG BR VCTS": 4,
        "RA DZ BR VCTS": 4,
        "FZRA SN BR": 4,
        "DZ SN BR": 4,
        "HZ FU": 4,
        "DZ FG+ BR HZ": 4,
        "RA FG+": 3,
        "RA FZRA SN BR": 3,
        "DZ SN BR HZ": 3,
        "FZDZ BR": 3,
        "SN UP BLSN": 3,
        "RA FG+ BR UP": 3,
        "FZRA BR UP": 3,
        "RA FG+ FZFG BR": 3,
        "RA FZRA FG+ FG FZFG BR UP": 3,
        "RA FZRA SN BR HZ": 3,
        "RA MIFG": 3,
        "BR FU": 3,
        "RA SN BR UP HZ": 3,
        "RA FZRA SN BR UP HZ": 3,
        "TSRA RA FG": 3,
        "TSRA RA DZ BR VCTS": 3,
        "BR HZ FU": 3,
        "FZRA BR UP HZ": 3,
        "BR UP HZ": 3,
        "TS TSRA RA VCTS": 3,
        "RA DZ SN FG BR": 3,
        "TSRA RA DZ VCTS": 3,
        "RA DZ FG+ BR HZ": 3,
        "PL": 3,
        "DZ FG BR HZ": 3,
        "DZ FG+ BCFG BR": 3,
        "FG BCFG BR": 3,
        "RA SN FG BR": 3,
        "TS TSRA RA BR HZ": 3,
        "RA DZ SN": 3,
        "RA SN FG FZFG BR": 3,
        "SN HZ BLSN": 3,
        "TS RA BR HZ VCTS": 3,
        "TSRA RA HZ VCTS": 3,
        "RA DZ HZ VCTS": 3,
        "BR VCFG": 2,
        "FG+ BCFG BR HZ": 2,
        "TSRA RA DZ FG BR": 2,
        "DZ FG BR": 2,
        "TS RA DZ BR HZ": 2,
        "RA DZ BR UP": 2,
        "TS TSRA RA HZ": 2,
        "RA DZ FZRA FZDZ BR": 2,
        "TS FG+ BR": 2,
        "RA FG BCFG BR": 2,
        "RA DZ BCFG BR": 2,
        "BR HZ BLDU": 2,
        "TS RA FG": 2,
        "BR UP": 2,
        "DZ FZDZ BR": 2,
        "TS RA DZ BR": 2,
        "TS RA HZ VCTS": 2,
        "TSRA RA BCFG BR": 2,
        "TS TSRA RA FG BR VCTS": 2,
        "TS TSRA RA DZ": 2,
        "FZRA": 2,
        "TS DZ BR": 2,
        "TS TSRA RA DZ FZRA PL BR": 2,
        "FZRA PL": 2,
        "TS RA GS": 2,
        "SN FG FZFG BR": 2,
        "FZRA FZDZ SN BR": 2,
        "RA SN FG+ FG FZFG BR": 2,
        "RA SN FZFG BR": 2,
        "FZFG": 2,
        "RA PL BR": 2,
        "TS MIFG BR": 2,
        "FZDZ": 2,
        "SN PL": 2,
        "RA SN FG+ BR UP": 2,
        "RA FG+ FZFG BR UP": 2,
        "FZRA SN FG+ FZFG BR": 2,
        "SN FZFG": 2,
        "RA FZRA SN FG+ FG FZFG BR": 2,
        "RA HZ VCTS": 2,
        "TSRA RA DZ BR HZ": 2,
        "TSRA BR SQ": 2,
        "FZRA SN UP HZ": 2,
        "RA FZRA FG+ FG BR UP": 2,
        "RA SN FG+ FG BR UP": 2,
        "TS TSRA BR VCTS": 2,
        "RA FG+ FG MIFG BR": 2,
        "SN FG BR": 2,
        "TS FG+ BR HZ": 2,
        "TS TSRA RA FG BR": 2,
        "RA DZ SN BR HZ": 2,
        "FZRA SN FG BR": 2,
        "TSRA BR HZ VCTS": 2,
        "RA SN FG+ FG FZFG BR UP": 2,
        "FG+ FZFG BR UP HZ": 2,
        "TS FG+ FG BR": 2,
        "DZ SN": 2,
        "RA FG BR HZ VCTS": 2,
        "RA MIFG BR": 2,
        "BLSN": 2,
        "RA SN FG+ FZFG BR": 2,
        "TSRA RA DZ HZ": 2,
        "SN BR UP BLSN": 2,
        "RA SN BR VCTS": 2,
        "FG+ FG MIFG BR": 2,
        "RA UP": 1,
        "RA FZRA FG+ FZFG BR UP": 1,
        "RA FZRA FG+ FG FZFG BR": 1,
        "FZRA SN FZFG BR UP": 1,
        "DZ FZDZ SN BR": 1,
        "FZRA FG+ FG FZFG BR UP": 1,
        "RA FZRA FG+ BR": 1,
        "RA FZRA SN FG+ FG FZFG BR UP": 1,
        "TSRA FG+ FG BR VCTS": 1,
        "RA FZRA SN FG+ BR UP": 1,
        "TS TSRA BR HZ VCTS": 1,
        "SN FZFG UP": 1,
        "UP BLSN": 1,
        "FZRA SN FG+ FZFG BR HZ": 1,
        "FZRA FG FZFG BR": 1,
        "BR HZ DU": 1,
        "TS RA FG+ BR HZ VCTS": 1,
        "TSRA BR FU": 1,
        "TS BR HZ": 1,
        "RA DZ SN VCTS": 1,
        "RA DZ FG+ FG BR HZ": 1,
        "TS RA FG+ FG BR VCTS": 1,
        "FZRA FG+ FZFG UP": 1,
        "TS TSRA RA FZRA BR": 1,
        "RA FZRA FG BR HZ": 1,
        "SN FG+ FZFG UP": 1,
        "TSRA BCFG BR": 1,
        "DZ FG+": 1,
        "RA FG+ BCFG BR": 1,
        "RA FZRA PL BR": 1,
        "DZ FZDZ BR HZ": 1,
        "TS RA FZRA BR VCTS": 1,
        "TS TSRA GR RA BR HZ SQ": 1,
        "TS GR RA BR VCTS": 1,
        "RA DZ SN HZ": 1,
        "RA FZRA BR UP HZ": 1,
        "RA FZRA BR VCTS": 1,
        "TS TSRA RA FG+ BR HZ VCTS": 1,
        "DZ FZRA": 1,
        "TS TSRA RA SN PL BR": 1,
        "RA SN PL FG+ BR": 1,
        "FZRA FG+ FZFG BR HZ": 1,
        "RA FG+ FG FZFG BR HZ": 1,
        "RA FG+ FG": 1,
        "SN FG+ FZFG BR UP HZ": 1,
        "SN FG BR UP": 1,
        "TS RA FG BR": 1,
        "TS RA DZ HZ VCTS": 1,
        "TSRA FG+": 1,
        "RA DZ UP": 1,
        "TSRA TSSN BR HZ VCTS": 1,
        "SN FG+ FG BR HZ": 1,
        "FZRA SN UP": 1,
        "FG+ FG FZFG BR HZ": 1,
        "FZRA SN FZFG BR UP HZ": 1,
        "RA FZRA FG+ FG BR HZ": 1,
        "FZRA SN VCTS": 1,
        "RA DZ FG+ FG BR HZ VCTS": 1,
        "TSRA RA FG BR HZ": 1,
        "TSRA RA FG+ BR VCTS": 1,
        "RA DZ BR HZ VCTS": 1,
        "TS RA DZ VCTS": 1,
        "RA DZ BR UP HZ": 1,
        "TS TSSN RA FG+ FG BR VCTS": 1,
        "DZ SN FG+ FG BR UP": 1,
        "DZ SN FG BR": 1,
        "RA DZ SN FG+ BR": 1,
        "TSRA RA DZ SN FG HZ": 1,
        "TSRA RA DZ": 1,
        "TS TSSN RA DZ SN BR": 1,
        "TSSN RA DZ SN BR VCTS": 1,
        "TSRA RA DZ SN BR HZ VCTS": 1,
        "TSSN FG+ BR VCTS": 1,
        "FZRA UP": 1,
        "RA FZRA BR HZ": 1,
        "DZ BR HZ VCTS": 1,
        "DZ FG+ FG HZ": 1,
        "RA DZ SN BR UP": 1,
        "TSSN UP VCTS": 1,
        "TSSN SN BR UP": 1,
        "TSSN BR": 1,
        "DZ BR VCTS": 1,
        "TS TSRA RA DZ FG+ FG BR VCTS": 1,
        "TSRA DZ BR VCTS": 1,
        "FZRA SN BR UP HZ": 1,
        "VCFG": 1,
        "RA MIFG BCFG BR": 1,
        "TS RA HZ FU": 1,
        "MIFG FU": 1,
        "TS FU": 1,
        "RA DZ FG BCFG BR": 1,
        "TSRA RA SQ": 1,
        "RA DZ FG+ MIFG BR HZ": 1,
        "RA FG+ BCFG BR HZ": 1,
        "TS FG BR": 1,
        "TS TSRA RA BR HZ FU": 1,
        "TS RA DZ BR VCTS": 1,
        "TS RA DZ": 1,
        "TS TSRA FG+ BR HZ": 1,
        "TSRA FG+ BR HZ": 1,
        "BCFG HZ": 1,
        "RA DZ FZDZ BR": 1,
        "TS TSRA RA SN FG BR": 1,
        "SG": 1,
        "TS SN GS": 1,
        "TSRA DZ BR": 1,
        "TS TSRA DZ BR": 1,
        "RA PL": 1,
        "RA FZRA FZDZ PL BR": 1,
        "FZDZ BR HZ": 1,
        "PRFG BCFG BR HZ": 1,
        "GS BR HZ": 1,
        "HZ BLDU": 1,
        "DZ MIFG BR": 1,
        "RA DZ FZDZ SN PL BR": 1,
        "TSRA RA BCFG BR HZ": 1,
        "TS HZ BLDU": 1,
        "TS RA GS BR": 1,
        "MIFG BR HZ": 1,
        "FZRA PL BR HZ": 1,
        "RA SN PL BR HZ": 1,
        "MIFG BCFG BR": 1,
        "RA DZ FZRA BR HZ": 1,
        "DZ FZRA FZDZ SN BR": 1,
        "RA SN BR HZ BLSN": 1,
        "FZDZ SN BLSN": 1,
        "RA FZFG BR": 1,
        "TS SQ": 1,
        "TS TSRA RA FG+": 1,
        "TSRA RA SN BR": 1,
        "TS TSRA GR RA BR": 1,
        "TSSN RA SN FG+ FZFG BR": 1,
        "SN BR BLSN BLDU": 1,
        "RA DZ SN FG FZFG BR": 1,
        "FG+ FZFG BCFG": 1,
        "BR SQ": 1,
        "RA FG+ FG BCFG BR": 1,
        "FZDZ SN FZFG BR": 1,
        "TS TSRA HZ": 1,
        "TS TSRA RA FG+ FG BR": 1,
        "TS TSRA RA BCFG BR": 1,
        "TS TSRA BR SQ": 1,
        "TSRA FG+ BR": 1,
        "BR HZ DU SQ": 1,
        "TSRA FG+ FG BR": 1,
        "TSRA RA FZRA BR": 1,
        "TSRA DZ HZ": 1,
        "DZ FG+ FG FZFG BR": 1,
        "TS TSRA FG+ BR": 1,
        "DZ SN FG+ FZFG BR": 1,
        "SN FZFG BLSN": 1,
        "TSRA RA SN FG+ BR HZ": 1,
        "FG BR VCTS": 1,
        "RA FZFG BR HZ": 1,
        "RA FZRA FG+ FG BR": 1,
        "SN FG+ BR HZ": 1,
        "TSRA RA FG+ FG BR UP": 1,
        "RA FZRA": 1,
        "TSRA RA FZRA BR UP VCTS": 1,
        "RA SN UP": 1,
        "FZRA SN FZFG BR UP BLSN": 1,
        "FG MIFG BR": 1,
        "RA FZRA SN FG BR UP HZ VCTS": 1,
        "TS BR FU": 1,
        "TS TSRA RA FG+ FG VCTS": 1,
        "SN FG+ FZFG": 1,
        "FZRA FZDZ BR": 1,
        "TS FZDZ SN BR BLSN": 1,
        "RA DU": 1,
        "RA FZRA SN UP": 1,
        "RA FZRA UP": 1,
        "TS TSRA FZRA": 1,
        "RA DZ FG+ BCFG BR": 1,
        "RA BCFG BR HZ": 1,
        "RA FG MIFG BR": 1,
        "RA SN FG FZFG BR UP": 1,
        "RA PL HZ": 1,
        "RA SN FG+ FG BR HZ": 1,
        "RA SN FG+ FZFG BR HZ": 1,
        "RA FG BR HZ SQ": 1,
        "RA BR FU": 1,
        "RA BLDU SQ": 1,
        "FZFG BR HZ": 1,
        "SN FG+ FG FZFG BR UP": 1,
        "RA DZ FZRA FZDZ SN FG+ FG BR HZ": 1,
        "FZDZ FG BR HZ": 1,
        "RA DZ FZDZ FG+ BR": 1,
        "TS FZDZ SN BLSN": 1,
        "TSRA FG BR": 1,
        "RA FZRA SN FZFG BR UP": 1,
        "FG+ FZFG": 1,
        "FG+ FG BR VCTS": 1,
        "TS RA FG+ BR": 1,
        "RA SN FG+": 1,
        "RA FG+ FZFG BR HZ": 1,
        "RA FG+ FG BR HZ VCTS": 1,
        "RA FG+ BR HZ VCTS": 1,
        "SN FG+ FZFG HZ": 1,
        "BR DU": 1,
        "RA BR UP HZ": 1
    },
    "nrows": 20517
}