{
    "column_id": "Lahman-2014/players.csvplayers.csv/lahmanID",
    "dataset_name": "players.csv",
    "dataset_id": "Lahman-2014/players.csv",
    "path": "/home/ubuntu/CatDB/Experiments/data/Lahman-2014/players.csv",
    "table_name": "players.csv",
    "table_id": "Lahman-2014/players.csvplayers.csv",
    "column_name": "lahmanID",
    "data_source": "Lahman-2014",
    "data_type": "int",
    "total_values_count": 16407,
    "distinct_values_count": 16407,
    "missing_values_count": 0,
    "true_ratio": null,
    "min_value": 1.0,
    "max_value": 17610.0,
    "mean": 8321.852197232889,
    "median": 8289.0,
    "iqr": 8288.0,
    "category_values": null,
    "embedding": [
        -1.0,
        -1.0,
        -1.0,
        1.0,
        -1.0,
        1.0,
        -1.0,
        -1.0,
        -0.9996809959411621,
        -1.0,
        1.0,
        -1.0,
        -1.0,
        1.0,
        1.0,
        1.0,
        1.0,
        -1.0,
        1.0,
        -1.0,
        1.0,
        -1.0,
        1.0,
        -1.0,
        1.0,
        -1.0,
        -1.0,
        1.0,
        -1.0,
        -1.0,
        1.0,
        1.0,
        -1.0,
        -1.0,
        -1.0,
        1.0,
        -1.0,
        1.0,
        1.0,
        -1.0,
        -1.0,
        1.0,
        -1.0,
        -1.0,
        -1.0,
        -1.0,
        1.0,
        -1.0,
        -0.9996586441993713,
        -0.9885289669036865,
        -1.0,
        1.0,
        1.0,
        1.0,
        -1.0,
        1.0,
        1.0,
        1.0,
        -1.0,
        0.9991492033004761,
        -1.0,
        -1.0,
        1.0,
        -1.0,
        1.0,
        -1.0,
        1.0,
        -1.0,
        1.0,
        1.0,
        1.0,
        -1.0,
        -1.0,
        -1.0,
        -1.0,
        1.0,
        1.0,
        1.0,
        1.0,
        1.0,
        1.0,
        1.0,
        1.0,
        -1.0,
        -1.0,
        1.0,
        -1.0,
        1.0,
        1.0,
        1.0,
        -1.0,
        1.0,
        1.0,
        -1.0,
        1.0,
        -1.0,
        1.0,
        -1.0,
        -1.0,
        -1.0,
        -0.9983417987823486,
        -1.0,
        1.0,
        -1.0,
        -1.0,
        1.0,
        1.0,
        1.0,
        -1.0,
        -1.0,
        1.0,
        -1.0,
        -1.0,
        1.0,
        1.0,
        1.0,
        1.0,
        1.0,
        1.0,
        -1.0,
        -1.0,
        1.0,
        -1.0,
        -1.0,
        1.0,
        -1.0,
        -1.0,
        -0.9989108443260193,
        -1.0,
        1.0,
        -1.0,
        1.0,
        -1.0,
        -1.0,
        1.0,
        -1.0,
        -1.0,
        1.0,
        1.0,
        -1.0,
        1.0,
        1.0,
        1.0,
        -1.0,
        1.0,
        -1.0,
        1.0,
        -1.0,
        -1.0,
        -1.0,
        0.9989202618598938,
        -1.0,
        1.0,
        -1.0,
        1.0,
        -1.0,
        1.0,
        -1.0,
        1.0,
        -1.0,
        -1.0,
        1.0,
        -1.0,
        -1.0,
        1.0,
        -1.0,
        1.0,
        -1.0,
        -1.0,
        -1.0,
        -1.0,
        -1.0,
        1.0,
        1.0,
        -1.0,
        -1.0,
        1.0,
        -1.0,
        -1.0,
        -1.0,
        1.0,
        -1.0,
        -1.0,
        -1.0,
        1.0,
        -1.0,
        1.0,
        -1.0,
        -1.0,
        -1.0,
        1.0,
        1.0,
        1.0,
        1.0,
        -1.0,
        -1.0,
        1.0,
        -1.0,
        -1.0,
        1.0,
        -1.0,
        1.0,
        -1.0,
        -1.0,
        -1.0,
        -1.0,
        1.0,
        1.0,
        -1.0,
        -1.0,
        -1.0,
        1.0,
        -1.0,
        -1.0,
        -1.0,
        1.0,
        -1.0,
        1.0,
        -1.0,
        -1.0,
        1.0,
        -1.0,
        -1.0,
        1.0,
        -0.9999644160270691,
        -0.9894711971282959,
        1.0,
        -1.0,
        -1.0,
        -1.0,
        1.0,
        -1.0,
        1.0,
        -1.0,
        -1.0,
        1.0,
        -1.0,
        1.0,
        1.0,
        -0.9999973773956299,
        1.0,
        -0.9813198447227478,
        1.0,
        -1.0,
        1.0,
        1.0,
        -1.0,
        -1.0,
        -1.0,
        1.0,
        1.0,
        1.0,
        -1.0,
        -1.0,
        -1.0,
        1.0,
        1.0,
        -1.0,
        -1.0,
        -1.0,
        1.0,
        1.0,
        1.0,
        -1.0,
        1.0,
        -1.0,
        -1.0,
        -1.0,
        1.0,
        1.0,
        -0.9983605146408081,
        -1.0,
        -1.0,
        1.0,
        -1.0,
        1.0,
        1.0,
        1.0,
        1.0,
        1.0,
        1.0,
        -1.0,
        1.0,
        1.0,
        1.0,
        -1.0,
        -1.0,
        1.0,
        -1.0,
        -1.0,
        -1.0,
        1.0,
        -1.0,
        -1.0,
        -1.0,
        -1.0,
        -1.0,
        1.0,
        1.0,
        1.0
    ],
    "embedding_scaling_factor": 12.197585105895996,
    "samples": [
        4963,
        5464,
        4741,
        15287,
        11309,
        15944,
        6223,
        10943,
        9530,
        4500,
        10825,
        12774,
        12341,
        3580,
        11052,
        15075,
        7702,
        2758,
        569,
        11980,
        89,
        770,
        5563,
        17526,
        8915,
        8206,
        10160,
        5836,
        5126,
        11865,
        5550,
        4776,
        4892,
        15273,
        2613,
        7864,
        15196,
        3878,
        10429,
        6787,
        2183,
        11545,
        2217,
        12430,
        4868,
        13652,
        9513,
        9385,
        8616,
        4977,
        6232,
        5956,
        9575,
        7358,
        10471,
        9388,
        15660,
        316,
        6290,
        14287,
        13321,
        1077,
        7259,
        2387,
        10411,
        2615,
        6880,
        8296,
        8386,
        9045,
        2312,
        16727,
        5981,
        12778,
        13911,
        6215,
        5881,
        8026,
        2364,
        3274,
        3674,
        10462,
        11772,
        9359,
        17557,
        14849,
        5961,
        3672,
        3698,
        2454,
        13499,
        5244,
        7520,
        4793,
        3324,
        10344,
        14812,
        14534,
        14427,
        5745
    ],
    "category_values_ratio": null,
    "nrows": 16407
}