{
    "column_id": "Traffic/Traffic.csvTraffic.csv/time_of_stop",
    "dataset_name": "Traffic.csv",
    "dataset_id": "Traffic/Traffic.csv",
    "path": "/home/ubuntu/CatDB/Experiments/data/Traffic/Traffic.csv",
    "table_name": "Traffic.csv",
    "table_id": "Traffic/Traffic.csvTraffic.csv",
    "column_name": "time_of_stop",
    "data_source": "Traffic",
    "data_type": "named_entity",
    "total_values_count": 1578154,
    "distinct_values_count": 1440,
    "missing_values_count": 0,
    "true_ratio": null,
    "min_value": null,
    "max_value": null,
    "mean": null,
    "median": null,
    "iqr": null,
    "category_values": [
        "09:56:00",
        "09:42:00",
        "09:36:00",
        "09:33:00",
        "09:30:00",
        "09:20:00",
        "09:08:00",
        "09:06:00",
        "09:00:00",
        "08:33:00",
        "08:30:00",
        "08:23:00",
        "08:21:00",
        "08:14:00",
        "08:13:00",
        "08:09:00",
        "07:47:00",
        "07:42:00",
        "07:40:00",
        "07:30:00",
        "07:27:00",
        "07:26:00",
        "07:18:00",
        "07:17:00",
        "07:02:00",
        "06:59:00",
        "06:55:00",
        "06:44:00",
        "06:42:00",
        "06:35:00",
        "06:32:00",
        "06:21:00",
        "06:15:00",
        "06:07:00",
        "05:53:00",
        "05:41:00",
        "05:12:00",
        "02:28:00",
        "02:10:00",
        "02:08:00",
        "02:07:00",
        "01:58:00",
        "01:55:00",
        "01:50:00",
        "01:48:00",
        "01:33:00",
        "01:32:00",
        "01:08:00",
        "01:07:00",
        "01:05:00",
        "01:01:00",
        "00:55:00",
        "00:50:00",
        "00:47:00",
        "00:41:00",
        "00:27:00",
        "00:23:00",
        "00:22:00",
        "00:19:00",
        "00:17:00",
        "00:09:00",
        "00:03:00",
        "23:57:00",
        "23:55:00",
        "23:53:00",
        "23:51:00",
        "23:45:00",
        "23:44:00",
        "23:43:00",
        "23:40:00",
        "23:38:00",
        "23:37:00",
        "23:34:00",
        "23:30:00",
        "23:28:00",
        "23:25:00",
        "23:20:00",
        "23:13:00",
        "23:11:00",
        "23:10:00",
        "23:09:00",
        "23:08:00",
        "23:07:00",
        "23:01:00",
        "22:59:00",
        "22:58:00",
        "22:53:00",
        "22:52:00",
        "22:48:00",
        "22:45:00",
        "22:44:00",
        "22:42:00",
        "22:40:00",
        "22:38:00",
        "22:36:00",
        "22:35:00",
        "22:32:00",
        "22:30:00",
        "22:29:00",
        "22:26:00",
        "22:19:00",
        "22:18:00",
        "22:17:00",
        "22:16:00",
        "22:11:00",
        "22:10:00",
        "22:08:00",
        "22:07:00",
        "22:05:00",
        "22:04:00",
        "21:56:00",
        "21:53:00",
        "21:51:00",
        "21:48:00",
        "21:47:00",
        "21:45:00",
        "21:44:00",
        "21:42:00",
        "21:41:00",
        "21:37:00",
        "21:33:00",
        "21:30:00",
        "21:28:00",
        "21:27:00",
        "21:23:00",
        "21:20:00",
        "21:17:00",
        "21:15:00",
        "21:14:00",
        "21:13:00",
        "21:11:00",
        "21:10:00",
        "21:06:00",
        "21:04:00",
        "21:03:00",
        "21:00:00",
        "20:57:00",
        "20:53:00",
        "20:52:00",
        "20:46:00",
        "20:43:00",
        "20:42:00",
        "20:41:00",
        "20:40:00",
        "20:36:00",
        "20:30:00",
        "20:29:00",
        "20:26:00",
        "20:24:00",
        "20:21:00",
        "20:20:00",
        "20:14:00",
        "20:09:00",
        "20:02:00",
        "20:01:00",
        "19:51:00",
        "19:49:00",
        "19:46:00",
        "19:45:00",
        "19:39:00",
        "19:37:00",
        "19:32:00",
        "19:30:00",
        "19:25:00",
        "19:20:00",
        "19:11:00",
        "19:10:00",
        "19:06:00",
        "19:05:00",
        "19:00:00",
        "18:59:00",
        "18:57:00",
        "18:56:00",
        "18:53:00",
        "18:49:00",
        "18:40:00",
        "18:37:00",
        "18:20:00",
        "18:13:00",
        "18:12:00",
        "18:11:00",
        "18:09:00",
        "18:05:00",
        "17:53:00",
        "17:50:00",
        "17:41:00",
        "17:38:00",
        "17:36:00",
        "17:27:00",
        "17:22:00",
        "17:17:00",
        "17:16:00",
        "17:08:00",
        "17:04:00",
        "17:03:00",
        "16:59:00",
        "16:55:00",
        "16:51:00",
        "16:50:00",
        "16:46:00",
        "16:45:00",
        "16:37:00",
        "16:33:00",
        "16:30:00",
        "15:27:00",
        "15:15:00",
        "15:14:00",
        "15:12:00",
        "15:10:00",
        "15:06:00",
        "15:05:00",
        "15:03:00",
        "15:02:00",
        "14:58:00",
        "14:53:00",
        "14:51:00",
        "14:42:00",
        "14:35:00",
        "14:34:00",
        "14:29:00",
        "14:28:00",
        "14:20:00",
        "14:11:00",
        "14:01:00",
        "13:49:00",
        "13:45:00",
        "13:42:00",
        "13:38:00",
        "13:36:00",
        "13:34:00",
        "13:31:00",
        "13:30:00",
        "13:23:00",
        "13:19:00",
        "13:13:00",
        "13:11:00",
        "13:00:00",
        "12:59:00",
        "12:52:00",
        "12:46:00",
        "12:41:00",
        "12:31:00",
        "12:27:00",
        "12:22:00",
        "12:18:00",
        "12:17:00",
        "12:15:00",
        "12:07:00",
        "12:03:00",
        "11:54:00",
        "11:48:00",
        "11:45:00",
        "11:40:00",
        "11:39:00",
        "11:38:00",
        "11:34:00",
        "11:33:00",
        "11:31:00",
        "11:30:00",
        "11:27:00",
        "11:25:00",
        "11:18:00",
        "11:13:00",
        "11:10:00",
        "11:08:00",
        "11:06:00",
        "11:04:00",
        "11:03:00",
        "11:00:00",
        "10:58:00",
        "10:57:00",
        "10:56:00",
        "10:54:00",
        "10:53:00",
        "10:51:00",
        "10:50:00",
        "10:49:00",
        "10:48:00",
        "10:46:00",
        "10:44:00",
        "10:42:00",
        "10:38:00",
        "10:36:00",
        "10:32:00",
        "10:31:00",
        "10:30:00",
        "10:29:00",
        "10:28:00",
        "10:26:00",
        "10:22:00",
        "10:21:00",
        "10:18:00",
        "10:16:00",
        "10:14:00",
        "10:13:00",
        "10:12:00",
        "10:10:00",
        "10:09:00",
        "10:06:00",
        "10:02:00",
        "10:01:00",
        "09:58:00",
        "09:57:00",
        "09:54:00",
        "09:52:00",
        "09:50:00",
        "09:47:00",
        "09:39:00",
        "09:35:00",
        "09:32:00",
        "09:29:00",
        "09:19:00",
        "09:18:00",
        "09:15:00",
        "09:13:00",
        "09:09:00",
        "09:05:00",
        "09:03:00",
        "09:01:00",
        "08:56:00",
        "08:54:00",
        "08:53:00",
        "08:51:00",
        "08:48:00",
        "08:45:00",
        "08:43:00",
        "08:42:00",
        "08:41:00",
        "08:39:00",
        "08:35:00",
        "08:34:00",
        "08:31:00",
        "08:28:00",
        "08:27:00",
        "08:25:00",
        "08:24:00",
        "08:22:00",
        "08:20:00",
        "08:19:00",
        "08:16:00",
        "08:15:00",
        "08:12:00",
        "08:10:00",
        "08:08:00",
        "08:04:00",
        "08:00:00",
        "07:59:00",
        "07:57:00",
        "07:56:00",
        "07:55:00",
        "07:51:00",
        "07:50:00",
        "07:48:00",
        "07:46:00",
        "07:39:00",
        "07:38:00",
        "07:37:00",
        "07:36:00",
        "07:33:00",
        "07:29:00",
        "07:20:00",
        "07:19:00",
        "07:14:00",
        "07:11:00",
        "07:10:00",
        "07:08:00",
        "07:06:00",
        "07:04:00",
        "06:56:00",
        "06:52:00",
        "06:51:00",
        "06:47:00",
        "06:43:00",
        "06:41:00",
        "06:36:00",
        "06:34:00",
        "06:24:00",
        "06:16:00",
        "06:13:00",
        "06:08:00",
        "06:01:00",
        "05:55:00",
        "05:51:00",
        "05:26:00",
        "05:14:00",
        "04:30:00",
        "03:58:00",
        "02:55:00",
        "02:53:00",
        "02:42:00",
        "02:41:00",
        "02:32:00",
        "02:27:00",
        "02:23:00",
        "02:02:00",
        "02:00:00",
        "01:56:00",
        "01:49:00",
        "01:47:00",
        "01:43:00",
        "01:31:00",
        "01:30:00",
        "01:28:00",
        "01:22:00",
        "01:20:00",
        "01:18:00",
        "01:14:00",
        "01:00:00",
        "00:59:00",
        "00:58:00",
        "00:54:00",
        "00:49:00",
        "00:48:00",
        "00:42:00",
        "00:36:00",
        "00:35:00",
        "00:28:00",
        "00:01:00",
        "23:58:00",
        "23:46:00",
        "23:35:00",
        "23:21:00",
        "23:19:00",
        "23:17:00",
        "23:12:00",
        "23:02:00",
        "22:54:00",
        "22:41:00",
        "22:39:00",
        "22:24:00",
        "22:23:00",
        "22:21:00",
        "22:14:00",
        "22:13:00",
        "22:12:00",
        "22:06:00",
        "22:02:00",
        "22:01:00",
        "21:55:00",
        "21:52:00",
        "21:50:00",
        "21:43:00",
        "21:38:00",
        "21:32:00",
        "21:09:00",
        "21:08:00",
        "20:51:00",
        "20:49:00",
        "20:39:00",
        "20:37:00",
        "20:32:00",
        "20:22:00",
        "20:18:00",
        "19:29:00",
        "19:28:00",
        "19:19:00",
        "19:13:00",
        "19:09:00",
        "18:50:00",
        "18:29:00",
        "18:25:00",
        "18:17:00",
        "18:16:00",
        "17:58:00",
        "17:40:00",
        "17:39:00",
        "17:30:00",
        "17:24:00",
        "17:11:00",
        "17:09:00",
        "17:02:00",
        "17:00:00",
        "16:57:00",
        "16:49:00",
        "16:47:00",
        "16:41:00",
        "16:39:00",
        "16:32:00",
        "16:31:00",
        "16:28:00",
        "16:22:00",
        "16:21:00",
        "16:16:00",
        "16:15:00",
        "16:11:00",
        "16:06:00",
        "16:03:00",
        "15:56:00",
        "15:53:00",
        "15:51:00",
        "15:48:00",
        "15:46:00",
        "15:45:00",
        "15:42:00",
        "15:41:00",
        "15:40:00",
        "15:38:00",
        "15:35:00",
        "15:32:00",
        "15:31:00",
        "15:26:00",
        "15:24:00",
        "15:22:00",
        "15:21:00",
        "15:19:00",
        "15:18:00",
        "15:13:00",
        "15:08:00",
        "15:04:00",
        "14:59:00",
        "14:56:00",
        "14:52:00",
        "14:50:00",
        "14:47:00",
        "14:46:00",
        "14:43:00",
        "14:33:00",
        "14:31:00",
        "14:22:00",
        "14:21:00",
        "14:06:00",
        "13:56:00",
        "13:39:00",
        "13:10:00",
        "12:54:00",
        "12:33:00",
        "12:21:00",
        "12:08:00",
        "12:02:00",
        "12:00:00",
        "11:44:00",
        "11:26:00",
        "11:22:00",
        "11:21:00",
        "11:15:00",
        "11:09:00",
        "11:02:00",
        "10:52:00",
        "10:40:00",
        "10:34:00",
        "10:25:00",
        "10:19:00",
        "10:15:00",
        "10:08:00",
        "10:07:00",
        "10:05:00",
        "10:04:00",
        "10:00:00",
        "09:59:00",
        "09:55:00",
        "09:53:00",
        "09:49:00",
        "09:48:00",
        "09:45:00",
        "09:44:00",
        "09:43:00",
        "09:38:00",
        "09:34:00",
        "09:31:00",
        "09:28:00",
        "09:26:00",
        "09:25:00",
        "09:23:00",
        "09:21:00",
        "09:17:00",
        "09:12:00",
        "09:11:00",
        "09:04:00",
        "09:02:00",
        "08:59:00",
        "08:58:00",
        "08:55:00",
        "08:52:00",
        "08:50:00",
        "08:49:00",
        "08:44:00",
        "08:26:00",
        "08:18:00",
        "08:17:00",
        "08:11:00",
        "08:05:00",
        "08:03:00",
        "07:49:00",
        "07:45:00",
        "07:43:00",
        "07:34:00",
        "07:31:00",
        "07:25:00",
        "07:23:00",
        "07:15:00",
        "07:12:00",
        "07:09:00",
        "07:05:00",
        "07:03:00",
        "06:53:00",
        "06:46:00",
        "06:39:00",
        "06:38:00",
        "06:27:00",
        "06:20:00",
        "05:20:00",
        "04:56:00",
        "04:41:00",
        "02:51:00",
        "02:24:00",
        "01:59:00",
        "01:51:00",
        "01:42:00",
        "01:35:00",
        "01:29:00",
        "01:16:00",
        "00:51:00",
        "00:38:00",
        "00:37:00",
        "00:16:00",
        "00:14:00",
        "23:42:00",
        "23:24:00",
        "23:22:00",
        "22:56:00",
        "22:15:00",
        "22:09:00",
        "21:57:00",
        "21:34:00",
        "20:45:00",
        "19:40:00",
        "19:35:00",
        "19:15:00",
        "18:42:00",
        "18:27:00",
        "18:22:00",
        "18:06:00",
        "18:04:00",
        "18:03:00",
        "17:29:00",
        "17:13:00",
        "16:56:00",
        "16:12:00",
        "16:07:00",
        "15:34:00",
        "15:33:00",
        "15:17:00",
        "14:57:00",
        "14:44:00",
        "14:40:00",
        "14:24:00",
        "14:16:00",
        "14:07:00",
        "14:03:00",
        "14:00:00",
        "13:51:00",
        "13:48:00",
        "13:40:00",
        "13:27:00",
        "13:07:00",
        "13:03:00",
        "12:49:00",
        "12:43:00",
        "12:36:00",
        "12:34:00",
        "12:26:00",
        "12:23:00",
        "12:13:00",
        "12:12:00",
        "12:11:00",
        "11:57:00",
        "11:53:00",
        "11:50:00",
        "11:43:00",
        "11:35:00",
        "11:29:00",
        "11:28:00",
        "11:24:00",
        "11:17:00",
        "10:45:00",
        "10:33:00",
        "09:07:00",
        "08:02:00",
        "07:24:00",
        "06:57:00",
        "05:37:00",
        "05:31:00",
        "05:01:00",
        "04:26:00",
        "04:09:00",
        "03:55:00",
        "03:19:00",
        "02:56:00",
        "02:29:00",
        "02:14:00",
        "02:06:00",
        "01:57:00",
        "01:39:00",
        "01:37:00",
        "01:24:00",
        "01:12:00",
        "00:57:00",
        "00:24:00",
        "00:05:00",
        "00:02:00",
        "23:41:00",
        "23:31:00",
        "23:14:00",
        "22:46:00",
        "22:27:00",
        "22:20:00",
        "21:31:00",
        "21:29:00",
        "21:12:00",
        "20:31:00",
        "20:19:00",
        "20:15:00",
        "20:12:00",
        "19:58:00",
        "19:57:00",
        "19:47:00",
        "19:36:00",
        "19:27:00",
        "18:08:00",
        "17:45:00",
        "17:33:00",
        "17:20:00",
        "17:06:00",
        "16:54:00",
        "16:48:00",
        "16:44:00",
        "16:38:00",
        "16:35:00",
        "16:27:00",
        "16:09:00",
        "15:58:00",
        "15:55:00",
        "15:52:00",
        "13:41:00",
        "12:56:00",
        "12:45:00",
        "11:55:00",
        "11:51:00",
        "11:12:00",
        "10:47:00",
        "10:37:00",
        "10:17:00",
        "08:32:00",
        "07:22:00",
        "05:52:00",
        "05:36:00",
        "05:09:00",
        "04:49:00",
        "04:40:00",
        "03:47:00",
        "03:31:00",
        "03:30:00",
        "03:28:00",
        "03:17:00",
        "03:09:00",
        "02:52:00",
        "02:44:00",
        "02:43:00",
        "02:25:00",
        "02:05:00",
        "02:03:00",
        "01:52:00",
        "01:26:00",
        "01:03:00",
        "01:02:00",
        "00:44:00",
        "00:40:00",
        "00:29:00",
        "23:59:00",
        "23:56:00",
        "23:52:00",
        "23:49:00",
        "23:33:00",
        "23:23:00",
        "23:05:00",
        "23:04:00",
        "23:03:00",
        "22:47:00",
        "22:43:00",
        "22:37:00",
        "22:28:00",
        "22:00:00",
        "21:59:00",
        "21:49:00",
        "21:40:00",
        "21:39:00",
        "21:07:00",
        "21:05:00",
        "20:56:00",
        "20:55:00",
        "20:28:00",
        "20:08:00",
        "19:52:00",
        "19:26:00",
        "19:23:00",
        "19:08:00",
        "18:58:00",
        "18:55:00",
        "18:54:00",
        "18:51:00",
        "18:39:00",
        "18:23:00",
        "18:18:00",
        "17:54:00",
        "17:47:00",
        "17:46:00",
        "17:43:00",
        "17:35:00",
        "17:34:00",
        "17:31:00",
        "17:28:00",
        "17:26:00",
        "17:23:00",
        "17:19:00",
        "17:14:00",
        "17:12:00",
        "17:07:00",
        "17:01:00",
        "16:58:00",
        "16:20:00",
        "16:02:00",
        "16:00:00",
        "15:43:00",
        "15:36:00",
        "15:23:00",
        "14:39:00",
        "14:32:00",
        "14:18:00",
        "14:05:00",
        "13:58:00",
        "13:37:00",
        "13:29:00",
        "13:18:00",
        "13:17:00",
        "12:53:00",
        "12:51:00",
        "12:20:00",
        "11:59:00",
        "11:56:00",
        "11:52:00",
        "10:55:00",
        "10:43:00",
        "10:27:00",
        "10:24:00",
        "10:20:00",
        "09:51:00",
        "09:46:00",
        "09:37:00",
        "09:27:00",
        "09:24:00",
        "08:57:00",
        "08:38:00",
        "08:29:00",
        "08:07:00",
        "07:53:00",
        "07:21:00",
        "07:01:00",
        "05:48:00",
        "05:06:00",
        "04:58:00",
        "04:54:00",
        "03:23:00",
        "03:21:00",
        "02:48:00",
        "02:46:00",
        "02:39:00",
        "02:30:00",
        "02:18:00",
        "02:04:00",
        "02:01:00",
        "01:53:00",
        "01:41:00",
        "01:40:00",
        "01:36:00",
        "01:27:00",
        "01:25:00",
        "01:23:00",
        "01:13:00",
        "01:10:00",
        "00:52:00",
        "00:43:00",
        "00:32:00",
        "00:26:00",
        "00:25:00",
        "00:11:00",
        "00:10:00",
        "23:50:00",
        "23:48:00",
        "23:39:00",
        "23:29:00",
        "23:15:00",
        "23:06:00",
        "22:57:00",
        "22:49:00",
        "22:34:00",
        "22:25:00",
        "22:03:00",
        "21:58:00",
        "21:54:00",
        "21:46:00",
        "21:36:00",
        "21:24:00",
        "21:19:00",
        "21:18:00",
        "21:01:00",
        "20:59:00",
        "20:58:00",
        "20:50:00",
        "20:35:00",
        "20:34:00",
        "20:25:00",
        "20:17:00",
        "20:16:00",
        "20:03:00",
        "20:00:00",
        "19:44:00",
        "19:16:00",
        "19:04:00",
        "19:03:00",
        "18:52:00",
        "18:45:00",
        "18:38:00",
        "18:35:00",
        "18:24:00",
        "18:10:00",
        "18:02:00",
        "18:01:00",
        "17:57:00",
        "16:52:00",
        "16:36:00",
        "16:34:00",
        "16:23:00",
        "16:19:00",
        "16:13:00",
        "16:04:00",
        "15:25:00",
        "14:55:00",
        "14:45:00",
        "14:36:00",
        "14:23:00",
        "14:13:00",
        "14:04:00",
        "13:50:00",
        "13:46:00",
        "13:35:00",
        "13:26:00",
        "13:22:00",
        "13:20:00",
        "13:08:00",
        "12:50:00",
        "12:35:00",
        "12:32:00",
        "12:25:00",
        "12:09:00",
        "12:06:00",
        "11:58:00",
        "11:49:00",
        "11:41:00",
        "11:01:00",
        "09:16:00",
        "07:52:00",
        "07:41:00",
        "07:07:00",
        "07:00:00",
        "06:37:00",
        "06:31:00",
        "06:28:00",
        "05:54:00",
        "03:45:00",
        "03:27:00",
        "03:06:00",
        "01:54:00",
        "01:44:00",
        "01:19:00",
        "01:15:00",
        "00:21:00",
        "00:08:00",
        "23:32:00",
        "23:26:00",
        "22:55:00",
        "22:51:00",
        "21:22:00",
        "20:13:00",
        "20:10:00",
        "20:06:00",
        "19:56:00",
        "19:41:00",
        "19:33:00",
        "19:21:00",
        "18:44:00",
        "18:33:00",
        "18:31:00",
        "18:19:00",
        "18:15:00",
        "17:59:00",
        "17:49:00",
        "17:44:00",
        "17:42:00",
        "17:21:00",
        "16:29:00",
        "16:26:00",
        "16:24:00",
        "16:18:00",
        "16:14:00",
        "16:10:00",
        "16:08:00",
        "16:05:00",
        "15:49:00",
        "15:47:00",
        "15:30:00",
        "15:29:00",
        "15:01:00",
        "14:49:00",
        "13:25:00",
        "12:58:00",
        "12:47:00",
        "12:44:00",
        "12:42:00",
        "12:40:00",
        "12:30:00",
        "12:24:00",
        "12:14:00",
        "12:04:00",
        "11:47:00",
        "11:42:00",
        "11:32:00",
        "11:19:00",
        "11:05:00",
        "10:59:00",
        "10:23:00",
        "10:11:00",
        "10:03:00",
        "09:10:00",
        "08:47:00",
        "08:36:00",
        "08:06:00",
        "08:01:00",
        "07:35:00",
        "07:32:00",
        "07:28:00",
        "06:58:00",
        "06:49:00",
        "06:45:00",
        "06:14:00",
        "06:05:00",
        "03:53:00",
        "03:49:00",
        "03:32:00",
        "03:11:00",
        "03:10:00",
        "03:05:00",
        "03:00:00",
        "02:59:00",
        "02:45:00",
        "02:31:00",
        "02:17:00",
        "01:06:00",
        "00:56:00",
        "00:15:00",
        "00:07:00",
        "23:47:00",
        "23:18:00",
        "23:16:00",
        "23:00:00",
        "22:50:00",
        "22:33:00",
        "21:35:00",
        "21:26:00",
        "21:16:00",
        "20:54:00",
        "20:47:00",
        "20:23:00",
        "20:04:00",
        "19:34:00",
        "18:30:00",
        "17:56:00",
        "17:51:00",
        "17:48:00",
        "17:25:00",
        "17:15:00",
        "17:05:00",
        "15:54:00",
        "15:37:00",
        "15:09:00",
        "15:00:00",
        "14:38:00",
        "14:12:00",
        "14:09:00",
        "14:02:00",
        "13:59:00",
        "13:53:00",
        "13:44:00",
        "13:02:00",
        "12:55:00",
        "12:28:00",
        "10:41:00",
        "09:41:00",
        "09:14:00",
        "08:40:00",
        "06:22:00",
        "06:06:00",
        "06:02:00",
        "05:46:00",
        "05:05:00",
        "04:52:00",
        "02:40:00",
        "02:33:00",
        "02:11:00",
        "00:53:00",
        "00:13:00",
        "00:06:00",
        "23:36:00",
        "19:17:00",
        "19:14:00",
        "18:47:00",
        "15:50:00",
        "14:30:00",
        "14:08:00",
        "13:01:00",
        "06:50:00",
        "06:33:00",
        "06:23:00",
        "05:40:00",
        "04:59:00",
        "04:20:00",
        "03:59:00",
        "01:11:00",
        "01:09:00",
        "00:34:00",
        "00:33:00",
        "00:20:00",
        "00:12:00",
        "22:31:00",
        "21:21:00",
        "20:38:00",
        "20:27:00",
        "20:11:00",
        "20:07:00",
        "19:42:00",
        "18:21:00",
        "17:37:00",
        "13:52:00",
        "13:47:00",
        "13:32:00",
        "06:00:00",
        "04:47:00",
        "04:31:00",
        "04:19:00",
        "04:00:00",
        "03:36:00",
        "03:35:00",
        "03:26:00",
        "03:12:00",
        "03:07:00",
        "03:03:00",
        "02:47:00",
        "02:21:00",
        "01:45:00",
        "00:45:00",
        "23:27:00",
        "22:22:00",
        "21:25:00",
        "19:50:00",
        "18:36:00",
        "18:32:00",
        "18:07:00",
        "17:10:00",
        "15:28:00",
        "14:10:00",
        "13:09:00",
        "13:06:00",
        "13:05:00",
        "12:19:00",
        "11:23:00",
        "08:37:00",
        "04:02:00",
        "03:46:00",
        "02:26:00",
        "02:19:00",
        "02:16:00",
        "02:15:00",
        "02:13:00",
        "01:38:00",
        "00:31:00",
        "00:30:00",
        "00:18:00",
        "00:00:00",
        "23:54:00",
        "20:48:00",
        "20:44:00",
        "20:05:00",
        "19:59:00",
        "16:42:00",
        "16:17:00",
        "15:59:00",
        "15:11:00",
        "15:07:00",
        "14:15:00",
        "13:55:00",
        "12:29:00",
        "12:10:00",
        "12:05:00",
        "10:39:00",
        "07:16:00",
        "06:30:00",
        "06:17:00",
        "05:58:00",
        "05:42:00",
        "05:23:00",
        "05:11:00",
        "04:25:00",
        "02:57:00",
        "19:53:00",
        "19:48:00",
        "19:31:00",
        "19:12:00",
        "19:01:00",
        "18:48:00",
        "18:41:00",
        "18:34:00",
        "17:32:00",
        "17:18:00",
        "16:40:00",
        "15:39:00",
        "15:20:00",
        "14:14:00",
        "13:57:00",
        "13:43:00",
        "13:33:00",
        "13:16:00",
        "13:14:00",
        "12:38:00",
        "11:36:00",
        "11:20:00",
        "11:14:00",
        "11:11:00",
        "09:40:00",
        "09:22:00",
        "08:46:00",
        "07:54:00",
        "06:25:00",
        "05:56:00",
        "05:22:00",
        "05:18:00",
        "04:44:00",
        "04:32:00",
        "04:08:00",
        "03:37:00",
        "03:33:00",
        "02:38:00",
        "02:36:00",
        "20:33:00",
        "19:38:00",
        "18:28:00",
        "18:14:00",
        "17:55:00",
        "16:43:00",
        "15:16:00",
        "14:48:00",
        "14:27:00",
        "12:01:00",
        "11:37:00",
        "11:16:00",
        "10:35:00",
        "05:49:00",
        "05:27:00",
        "05:13:00",
        "05:03:00",
        "04:57:00",
        "04:51:00",
        "04:50:00",
        "04:45:00",
        "04:12:00",
        "04:03:00",
        "03:52:00",
        "02:49:00",
        "21:02:00",
        "19:55:00",
        "19:24:00",
        "19:22:00",
        "19:07:00",
        "16:53:00",
        "15:57:00",
        "14:54:00",
        "12:37:00",
        "07:13:00",
        "06:19:00",
        "06:03:00",
        "05:59:00",
        "04:53:00",
        "04:38:00",
        "04:36:00",
        "04:33:00",
        "04:23:00",
        "04:21:00",
        "04:17:00",
        "04:16:00",
        "03:04:00",
        "00:46:00",
        "00:39:00",
        "00:04:00",
        "19:02:00",
        "16:25:00",
        "07:58:00",
        "05:08:00",
        "04:24:00",
        "04:07:00",
        "03:29:00",
        "01:34:00",
        "01:04:00",
        "18:43:00",
        "14:19:00",
        "13:12:00",
        "12:57:00",
        "05:50:00",
        "05:39:00",
        "04:34:00",
        "04:10:00",
        "03:48:00",
        "03:40:00",
        "03:34:00",
        "03:14:00",
        "02:50:00",
        "02:37:00",
        "02:34:00",
        "02:12:00",
        "01:46:00",
        "01:21:00",
        "07:44:00",
        "04:37:00",
        "03:22:00",
        "03:15:00",
        "02:35:00",
        "02:20:00",
        "19:18:00",
        "17:52:00",
        "14:17:00",
        "13:54:00",
        "13:15:00",
        "03:18:00",
        "18:26:00",
        "04:06:00",
        "03:50:00",
        "03:43:00",
        "03:41:00",
        "03:38:00",
        "16:01:00",
        "14:26:00",
        "13:04:00",
        "06:09:00",
        "05:30:00",
        "05:15:00",
        "04:43:00",
        "04:35:00",
        "12:39:00",
        "06:29:00",
        "05:44:00",
        "05:16:00",
        "03:39:00",
        "03:08:00",
        "03:02:00",
        "01:17:00",
        "19:54:00",
        "15:44:00",
        "13:24:00",
        "12:48:00",
        "06:54:00",
        "19:43:00",
        "18:00:00",
        "13:28:00",
        "13:21:00",
        "06:48:00",
        "04:11:00",
        "02:54:00",
        "04:15:00",
        "04:14:00",
        "02:22:00",
        "12:16:00",
        "05:10:00",
        "03:16:00",
        "03:13:00",
        "02:09:00",
        "11:46:00",
        "05:25:00",
        "14:41:00",
        "11:07:00",
        "03:01:00",
        "02:58:00",
        "05:38:00",
        "05:17:00",
        "18:46:00",
        "06:26:00",
        "05:45:00",
        "05:24:00",
        "05:21:00",
        "04:05:00",
        "05:07:00",
        "04:42:00",
        "04:46:00",
        "05:43:00",
        "05:34:00",
        "04:04:00",
        "06:04:00",
        "05:33:00",
        "14:37:00",
        "06:40:00",
        "04:39:00",
        "04:29:00",
        "04:28:00",
        "05:04:00",
        "05:47:00",
        "05:28:00",
        "04:48:00",
        "04:18:00",
        "06:10:00",
        "05:29:00",
        "04:13:00",
        "04:01:00",
        "06:18:00",
        "05:57:00",
        "05:32:00",
        "05:02:00",
        "04:27:00",
        "03:51:00",
        "03:20:00",
        "14:25:00",
        "04:22:00",
        "05:00:00",
        "04:55:00",
        "03:42:00",
        "03:24:00",
        "05:35:00",
        "03:44:00",
        "06:12:00",
        "06:11:00",
        "05:19:00",
        "03:54:00",
        "03:25:00",
        "03:57:00",
        "03:56:00"
    ],
    "embedding": [
        0.9999998807907104,
        -0.9999995827674866,
        1.0,
        -1.0,
        -0.9999470114707947,
        -1.0,
        -0.9999998807907104,
        -1.0,
        0.9999988079071045,
        0.9999974370002747,
        -0.9999988079071045,
        1.0,
        -0.9999983906745911,
        1.0,
        0.9999983906745911,
        -0.9999988079071045,
        0.9999977946281433,
        -1.0,
        0.9999995827674866,
        0.9999977946281433,
        0.9999998807907104,
        -0.9999998807907104,
        1.0,
        0.9999995827674866,
        0.9999983906745911,
        -1.0,
        -1.0,
        -1.0,
        1.0,
        -0.9999939799308777,
        -0.9999983906745911,
        1.0,
        -0.9999998807907104,
        1.0,
        0.9999977946281433,
        -0.9999988079071045,
        -0.9999998807907104,
        1.0,
        0.9999988079071045,
        -1.0,
        0.9177784323692322,
        0.9999983906745911,
        0.9999977946281433,
        -1.0,
        -0.9999966621398926,
        -1.0,
        -1.0,
        -0.9999995827674866,
        -1.0,
        0.9999998807907104,
        -0.9999995827674866,
        -0.9999995827674866,
        -0.9999924898147583,
        -0.9999988079071045,
        0.9999998807907104,
        0.9999966621398926,
        0.9999995827674866,
        -0.9999995827674866,
        -0.9999995827674866,
        0.9999983906745911,
        1.0,
        -0.9999983906745911,
        1.0,
        1.0,
        -0.9999995827674866,
        1.0,
        -0.9999983906745911,
        0.9999988079071045,
        1.0,
        1.0,
        -0.9999995827674866,
        0.9999983906745911,
        0.9999995827674866,
        -0.9999998807907104,
        -0.9999983906745911,
        0.9999988079071045,
        0.9999998807907104,
        0.9999966621398926,
        1.0,
        -0.9999998807907104,
        -1.0,
        1.0,
        0.9999995827674866,
        1.0,
        0.9999983906745911,
        -1.0,
        1.0,
        -0.9999998807907104,
        0.9999988079071045,
        0.9999927878379822,
        -1.0,
        -0.9999988079071045,
        -0.9999983906745911,
        -0.9999995827674866,
        0.9999983906745911,
        -0.9999988079071045,
        0.9999998807907104,
        0.9999995827674866,
        1.0,
        0.9999998807907104,
        0.9999998807907104,
        -1.0,
        -0.9999998807907104,
        -0.9999995827674866,
        -1.0,
        0.9999998807907104,
        -1.0,
        0.9999995827674866,
        -1.0,
        1.0,
        0.9999962449073792,
        -0.9999988079071045,
        -1.0,
        -0.9999995827674866,
        0.9999998807907104,
        -1.0,
        -0.9999998807907104,
        0.9999995827674866,
        -0.9999988079071045,
        1.0,
        -1.0,
        -1.0,
        0.9999998807907104,
        -0.9999998807907104,
        0.9999983906745911,
        -0.9999995827674866,
        0.9999974370002747,
        -1.0,
        0.9999983906745911,
        1.0,
        -0.9999995827674866,
        -1.0,
        0.9999998807907104,
        1.0,
        1.0,
        1.0,
        -1.0,
        -0.9999983906745911,
        -1.0,
        0.9999977946281433,
        1.0,
        -1.0,
        0.9999974370002747,
        0.9999983906745911,
        -1.0,
        -0.9999998807907104,
        1.0,
        0.9999988079071045,
        0.9999977946281433,
        0.9999998807907104,
        -1.0,
        -0.9999974370002747,
        -0.9999988079071045,
        -1.0,
        -0.9999988079071045,
        0.9999998807907104,
        1.0,
        -1.0,
        0.9997503757476807,
        -1.0,
        1.0,
        -0.9999960660934448,
        -1.0,
        -1.0,
        0.9999974370002747,
        0.9999983906745911,
        -0.9999998807907104,
        1.0,
        1.0,
        0.9999983906745911,
        -0.9999998807907104,
        0.9999995827674866,
        -0.9999998807907104,
        1.0,
        -1.0,
        -1.0,
        1.0,
        -1.0,
        1.0,
        -0.9999995827674866,
        -0.9999988079071045,
        -0.9999995827674866,
        -0.9999977946281433,
        -1.0,
        -0.9999995827674866,
        -1.0,
        -1.0,
        -0.9999995827674866,
        -0.99479079246521,
        1.0,
        -0.9999995827674866,
        1.0,
        0.9999960660934448,
        -0.9999998807907104,
        0.9999998807907104,
        -0.9999998807907104,
        -0.9999960660934448,
        -1.0,
        -1.0,
        -0.9999998807907104,
        0.9999995827674866,
        -0.9999966621398926,
        0.9999974370002747,
        -0.9999966621398926,
        0.9999983906745911,
        0.9999995827674866,
        -0.9999998807907104,
        1.0,
        -0.9999507665634155,
        -0.9999998807907104,
        -0.9999998807907104,
        0.9999988079071045,
        0.9999983906745911,
        -1.0,
        1.0,
        -1.0,
        -0.9999995827674866,
        1.0,
        -0.9999998807907104,
        1.0,
        1.0,
        -0.9999977946281433,
        -0.9999998807907104,
        0.9999977946281433,
        0.9999983906745911,
        1.0,
        -0.9999983906745911,
        -0.9999983906745911,
        -1.0,
        -0.9999902248382568,
        -1.0,
        0.9999988079071045,
        1.0,
        0.9999998807907104,
        1.0,
        -1.0,
        0.9999998807907104,
        -0.9999995827674866,
        1.0,
        -1.0,
        1.0,
        0.9999977946281433,
        -0.9999945759773254,
        -0.9999977946281433,
        0.9999998807907104,
        -0.9999995827674866,
        1.0,
        1.0,
        -1.0,
        -0.9999988079071045,
        1.0,
        1.0,
        0.9999983906745911,
        0.9999977946281433,
        0.9999995827674866,
        0.9999998807907104,
        -0.9999988079071045,
        -0.9999977946281433,
        0.9999995827674866,
        0.9999995827674866,
        0.9999995827674866,
        -1.0,
        0.9999988079071045,
        1.0,
        -1.0,
        -0.9938991069793701,
        0.9999995827674866,
        -0.9999983906745911,
        -1.0,
        0.9999977946281433,
        -1.0,
        -1.0,
        -0.9999983906745911,
        -0.9999998807907104,
        0.9999998807907104,
        0.9999998807907104,
        -0.9999998807907104,
        0.9999998807907104,
        -0.9999995827674866,
        -0.9999998807907104,
        0.9999998807907104,
        1.0,
        -0.9999983906745911,
        1.0,
        1.0,
        0.9999988079071045,
        -0.9999998807907104,
        -1.0,
        1.0,
        -0.9999998807907104,
        1.0,
        -1.0,
        1.0,
        -0.9999998807907104,
        -1.0,
        -1.0,
        -0.9999971985816956,
        -0.9999980330467224,
        -0.999998927116394,
        -0.9999982118606567
    ],
    "embedding_scaling_factor": 0.12749432027339935,
    "samples": [
        "16:20:00",
        "03:16:00",
        "20:24:00",
        "03:37:00",
        "10:29:00",
        "07:33:00",
        "20:18:00",
        "01:23:00",
        "21:50:00",
        "08:42:00",
        "19:20:00",
        "15:17:00",
        "13:46:00",
        "12:42:00",
        "12:28:00",
        "16:19:00",
        "01:23:00",
        "16:33:00",
        "07:39:00",
        "07:50:00",
        "17:52:00",
        "18:49:00",
        "22:46:00",
        "19:23:00",
        "14:35:00",
        "20:42:00",
        "19:14:00",
        "22:56:00",
        "20:15:00",
        "17:38:00",
        "01:51:00",
        "19:21:00",
        "16:43:00",
        "07:25:00",
        "19:18:00",
        "21:21:00",
        "01:14:00",
        "11:53:00",
        "07:25:00",
        "13:29:00",
        "01:04:00",
        "11:24:00",
        "22:54:00",
        "13:52:00",
        "01:37:00",
        "16:16:00",
        "01:12:00",
        "03:05:00",
        "01:57:00",
        "00:37:00",
        "17:19:00",
        "11:56:00",
        "15:06:00",
        "20:08:00",
        "23:00:00",
        "08:16:00",
        "09:31:00",
        "13:09:00",
        "23:33:00",
        "10:09:00",
        "18:39:00",
        "15:59:00",
        "14:47:00",
        "13:12:00",
        "02:43:00",
        "23:30:00",
        "02:13:00",
        "00:10:00",
        "08:00:00",
        "20:46:00",
        "21:01:00",
        "11:13:00",
        "16:15:00",
        "11:12:00",
        "20:23:00",
        "15:53:00",
        "19:14:00",
        "16:14:00",
        "22:54:00",
        "17:29:00",
        "02:10:00",
        "01:51:00",
        "12:39:00",
        "00:50:00",
        "16:56:00",
        "09:46:00",
        "06:18:00",
        "08:34:00",
        "21:39:00",
        "11:21:00",
        "07:42:00",
        "20:42:00",
        "11:39:00",
        "09:59:00",
        "23:02:00",
        "21:21:00",
        "10:26:00",
        "18:29:00",
        "13:05:00",
        "17:53:00"
    ],
    "category_values_ratio": {
        "23:30:00": 2401,
        "22:53:00": 2386,
        "22:50:00": 2377,
        "23:20:00": 2359,
        "22:57:00": 2307,
        "22:42:00": 2306,
        "22:29:00": 2305,
        "23:00:00": 2304,
        "23:12:00": 2286,
        "22:55:00": 2271,
        "23:07:00": 2262,
        "22:31:00": 2259,
        "22:48:00": 2258,
        "22:47:00": 2247,
        "23:10:00": 2235,
        "22:44:00": 2231,
        "22:39:00": 2229,
        "23:02:00": 2227,
        "22:46:00": 2224,
        "22:30:00": 2222,
        "23:05:00": 2216,
        "22:35:00": 2203,
        "22:43:00": 2199,
        "23:15:00": 2196,
        "22:36:00": 2179,
        "22:54:00": 2168,
        "23:01:00": 2168,
        "23:03:00": 2165,
        "22:40:00": 2162,
        "23:09:00": 2157,
        "23:04:00": 2157,
        "22:22:00": 2144,
        "23:06:00": 2140,
        "22:14:00": 2138,
        "23:11:00": 2137,
        "22:33:00": 2132,
        "22:32:00": 2131,
        "22:20:00": 2131,
        "22:25:00": 2125,
        "22:56:00": 2123,
        "23:28:00": 2123,
        "22:34:00": 2108,
        "23:08:00": 2106,
        "23:17:00": 2106,
        "23:16:00": 2105,
        "22:00:00": 2100,
        "23:23:00": 2097,
        "22:52:00": 2095,
        "23:19:00": 2093,
        "22:51:00": 2092,
        "22:45:00": 2089,
        "23:18:00": 2085,
        "22:16:00": 2083,
        "22:37:00": 2080,
        "23:48:00": 2071,
        "23:21:00": 2071,
        "22:21:00": 2070,
        "22:58:00": 2069,
        "22:49:00": 2069,
        "23:25:00": 2067,
        "22:08:00": 2066,
        "22:17:00": 2064,
        "23:14:00": 2062,
        "22:38:00": 2061,
        "23:32:00": 2061,
        "23:40:00": 2054,
        "22:15:00": 2049,
        "23:41:00": 2047,
        "22:03:00": 2045,
        "22:27:00": 2044,
        "23:34:00": 2043,
        "23:35:00": 2042,
        "22:12:00": 2042,
        "23:24:00": 2038,
        "22:13:00": 2033,
        "22:59:00": 2029,
        "22:28:00": 2027,
        "23:22:00": 2010,
        "23:13:00": 2005,
        "22:06:00": 1999,
        "23:27:00": 1999,
        "22:10:00": 1981,
        "23:44:00": 1981,
        "22:26:00": 1981,
        "23:42:00": 1978,
        "22:19:00": 1974,
        "22:02:00": 1974,
        "23:33:00": 1973,
        "23:37:00": 1969,
        "22:05:00": 1964,
        "22:01:00": 1962,
        "23:43:00": 1961,
        "22:41:00": 1959,
        "23:29:00": 1949,
        "22:23:00": 1944,
        "22:18:00": 1933,
        "22:24:00": 1933,
        "23:39:00": 1929,
        "23:50:00": 1921,
        "23:26:00": 1921,
        "23:31:00": 1911,
        "23:45:00": 1905,
        "23:46:00": 1901,
        "21:55:00": 1893,
        "22:07:00": 1884,
        "23:47:00": 1880,
        "22:11:00": 1876,
        "21:58:00": 1867,
        "23:36:00": 1860,
        "23:55:00": 1852,
        "23:54:00": 1841,
        "23:49:00": 1829,
        "22:04:00": 1828,
        "21:53:00": 1826,
        "21:57:00": 1817,
        "23:38:00": 1813,
        "00:00:00": 1805,
        "00:01:00": 1774,
        "21:51:00": 1771,
        "00:02:00": 1765,
        "23:51:00": 1765,
        "23:56:00": 1755,
        "23:58:00": 1751,
        "21:43:00": 1747,
        "21:47:00": 1745,
        "21:45:00": 1739,
        "23:53:00": 1734,
        "23:59:00": 1733,
        "23:57:00": 1733,
        "00:03:00": 1731,
        "21:42:00": 1723,
        "21:54:00": 1722,
        "21:35:00": 1722,
        "21:59:00": 1714,
        "21:40:00": 1713,
        "21:50:00": 1705,
        "22:09:00": 1700,
        "21:52:00": 1697,
        "23:52:00": 1691,
        "00:15:00": 1685,
        "00:05:00": 1684,
        "21:56:00": 1674,
        "00:14:00": 1669,
        "00:16:00": 1664,
        "00:13:00": 1658,
        "00:10:00": 1645,
        "00:04:00": 1644,
        "21:30:00": 1633,
        "21:44:00": 1632,
        "00:07:00": 1624,
        "21:49:00": 1619,
        "21:48:00": 1615,
        "21:41:00": 1594,
        "21:36:00": 1593,
        "21:39:00": 1589,
        "17:30:00": 1589,
        "17:00:00": 1586,
        "21:38:00": 1582,
        "21:46:00": 1582,
        "08:40:00": 1580,
        "00:06:00": 1576,
        "00:38:00": 1571,
        "21:33:00": 1568,
        "08:35:00": 1568,
        "00:30:00": 1552,
        "08:38:00": 1547,
        "00:09:00": 1535,
        "08:50:00": 1535,
        "00:18:00": 1532,
        "21:37:00": 1530,
        "00:12:00": 1522,
        "00:11:00": 1522,
        "00:34:00": 1513,
        "10:30:00": 1509,
        "21:32:00": 1505,
        "00:42:00": 1504,
        "17:50:00": 1498,
        "08:45:00": 1497,
        "08:26:00": 1495,
        "00:24:00": 1495,
        "08:41:00": 1491,
        "08:30:00": 1486,
        "08:46:00": 1485,
        "08:44:00": 1483,
        "21:25:00": 1480,
        "21:28:00": 1479,
        "00:43:00": 1473,
        "08:34:00": 1465,
        "08:52:00": 1462,
        "08:43:00": 1461,
        "08:28:00": 1460,
        "00:28:00": 1457,
        "16:29:00": 1453,
        "21:31:00": 1452,
        "09:00:00": 1451,
        "00:08:00": 1447,
        "00:23:00": 1446,
        "00:35:00": 1446,
        "08:47:00": 1443,
        "08:33:00": 1443,
        "08:18:00": 1443,
        "08:51:00": 1442,
        "08:48:00": 1441,
        "17:15:00": 1440,
        "00:45:00": 1437,
        "08:23:00": 1436,
        "16:30:00": 1435,
        "10:25:00": 1434,
        "09:56:00": 1434,
        "08:42:00": 1433,
        "21:34:00": 1432,
        "17:10:00": 1432,
        "00:17:00": 1431,
        "21:27:00": 1430,
        "10:15:00": 1429,
        "10:35:00": 1427,
        "08:15:00": 1427,
        "10:45:00": 1427,
        "17:40:00": 1425,
        "17:25:00": 1424,
        "10:26:00": 1423,
        "08:22:00": 1420,
        "17:32:00": 1417,
        "21:19:00": 1417,
        "08:36:00": 1417,
        "08:49:00": 1416,
        "21:17:00": 1416,
        "00:20:00": 1415,
        "08:10:00": 1415,
        "00:32:00": 1414,
        "17:20:00": 1413,
        "10:34:00": 1412,
        "21:24:00": 1412,
        "17:35:00": 1410,
        "16:40:00": 1410,
        "16:45:00": 1409,
        "16:56:00": 1408,
        "08:25:00": 1408,
        "16:55:00": 1408,
        "08:37:00": 1408,
        "21:21:00": 1408,
        "01:00:00": 1408,
        "16:50:00": 1407,
        "16:52:00": 1407,
        "10:46:00": 1405,
        "00:41:00": 1405,
        "00:25:00": 1405,
        "09:13:00": 1404,
        "21:29:00": 1402,
        "09:45:00": 1401,
        "17:23:00": 1400,
        "08:29:00": 1400,
        "01:07:00": 1399,
        "00:50:00": 1399,
        "21:20:00": 1399,
        "08:21:00": 1398,
        "01:22:00": 1398,
        "17:21:00": 1398,
        "08:32:00": 1398,
        "00:36:00": 1395,
        "08:39:00": 1394,
        "00:46:00": 1393,
        "16:36:00": 1393,
        "00:47:00": 1392,
        "17:04:00": 1392,
        "08:53:00": 1392,
        "09:54:00": 1392,
        "09:40:00": 1391,
        "00:29:00": 1390,
        "21:11:00": 1390,
        "17:17:00": 1390,
        "00:55:00": 1389,
        "21:26:00": 1385,
        "17:22:00": 1385,
        "00:21:00": 1383,
        "17:02:00": 1382,
        "17:36:00": 1381,
        "10:07:00": 1381,
        "16:39:00": 1380,
        "10:17:00": 1380,
        "17:24:00": 1378,
        "17:11:00": 1378,
        "09:27:00": 1376,
        "08:56:00": 1376,
        "17:26:00": 1376,
        "17:31:00": 1375,
        "08:55:00": 1375,
        "00:27:00": 1374,
        "16:34:00": 1373,
        "10:05:00": 1372,
        "10:02:00": 1371,
        "09:43:00": 1370,
        "00:37:00": 1370,
        "00:40:00": 1369,
        "17:07:00": 1369,
        "17:45:00": 1368,
        "00:19:00": 1368,
        "10:00:00": 1368,
        "17:14:00": 1367,
        "09:37:00": 1367,
        "08:59:00": 1366,
        "16:35:00": 1365,
        "17:29:00": 1365,
        "00:58:00": 1364,
        "08:24:00": 1364,
        "09:11:00": 1362,
        "08:19:00": 1361,
        "21:16:00": 1360,
        "10:40:00": 1359,
        "00:48:00": 1358,
        "21:00:00": 1357,
        "16:53:00": 1356,
        "21:22:00": 1356,
        "10:43:00": 1355,
        "01:16:00": 1355,
        "10:16:00": 1355,
        "10:50:00": 1354,
        "17:12:00": 1353,
        "10:42:00": 1353,
        "10:19:00": 1352,
        "17:13:00": 1351,
        "21:18:00": 1351,
        "10:52:00": 1350,
        "16:54:00": 1350,
        "10:11:00": 1348,
        "09:30:00": 1346,
        "17:01:00": 1345,
        "09:08:00": 1344,
        "01:15:00": 1344,
        "09:50:00": 1344,
        "16:00:00": 1343,
        "10:29:00": 1343,
        "10:21:00": 1342,
        "10:20:00": 1341,
        "16:17:00": 1341,
        "00:44:00": 1341,
        "09:09:00": 1340,
        "16:48:00": 1340,
        "08:13:00": 1340,
        "08:07:00": 1340,
        "10:31:00": 1339,
        "10:49:00": 1338,
        "11:00:00": 1338,
        "11:04:00": 1338,
        "17:03:00": 1338,
        "08:20:00": 1338,
        "01:11:00": 1335,
        "09:10:00": 1335,
        "10:51:00": 1334,
        "09:59:00": 1334,
        "16:42:00": 1334,
        "10:33:00": 1334,
        "01:30:00": 1333,
        "11:09:00": 1331,
        "08:54:00": 1330,
        "10:55:00": 1329,
        "08:31:00": 1329,
        "01:10:00": 1329,
        "10:32:00": 1327,
        "21:23:00": 1326,
        "08:58:00": 1326,
        "16:49:00": 1326,
        "16:59:00": 1324,
        "16:51:00": 1324,
        "08:57:00": 1323,
        "00:54:00": 1323,
        "17:18:00": 1323,
        "10:09:00": 1323,
        "16:58:00": 1322,
        "08:09:00": 1322,
        "09:46:00": 1322,
        "16:21:00": 1319,
        "09:07:00": 1319,
        "09:21:00": 1318,
        "10:18:00": 1318,
        "01:18:00": 1318,
        "09:53:00": 1317,
        "21:09:00": 1317,
        "10:04:00": 1316,
        "10:53:00": 1315,
        "16:28:00": 1315,
        "00:39:00": 1315,
        "17:42:00": 1314,
        "01:03:00": 1313,
        "10:03:00": 1313,
        "16:20:00": 1313,
        "00:33:00": 1313,
        "08:27:00": 1312,
        "00:49:00": 1312,
        "08:16:00": 1312,
        "17:27:00": 1312,
        "17:05:00": 1312,
        "09:49:00": 1311,
        "17:43:00": 1309,
        "09:16:00": 1308,
        "09:55:00": 1308,
        "09:38:00": 1308,
        "16:33:00": 1307,
        "09:35:00": 1307,
        "01:04:00": 1307,
        "01:02:00": 1306,
        "09:57:00": 1306,
        "16:46:00": 1306,
        "21:15:00": 1305,
        "10:38:00": 1305,
        "18:00:00": 1305,
        "10:28:00": 1304,
        "11:03:00": 1301,
        "01:05:00": 1300,
        "17:34:00": 1299,
        "09:42:00": 1298,
        "10:54:00": 1298,
        "09:12:00": 1298,
        "17:37:00": 1297,
        "16:57:00": 1297,
        "17:08:00": 1297,
        "17:28:00": 1297,
        "00:22:00": 1296,
        "11:05:00": 1295,
        "10:01:00": 1295,
        "10:13:00": 1295,
        "17:52:00": 1295,
        "10:57:00": 1293,
        "09:25:00": 1293,
        "10:08:00": 1293,
        "09:31:00": 1292,
        "10:27:00": 1291,
        "16:31:00": 1291,
        "17:56:00": 1290,
        "09:44:00": 1288,
        "09:17:00": 1287,
        "21:10:00": 1287,
        "16:37:00": 1286,
        "08:03:00": 1286,
        "10:37:00": 1285,
        "10:22:00": 1285,
        "17:53:00": 1284,
        "10:23:00": 1283,
        "10:36:00": 1283,
        "00:26:00": 1282,
        "09:29:00": 1282,
        "09:48:00": 1281,
        "08:11:00": 1281,
        "17:33:00": 1281,
        "09:04:00": 1280,
        "17:44:00": 1280,
        "09:03:00": 1280,
        "09:24:00": 1280,
        "09:20:00": 1280,
        "16:27:00": 1278,
        "00:59:00": 1277,
        "09:51:00": 1277,
        "09:47:00": 1277,
        "16:26:00": 1271,
        "01:13:00": 1271,
        "17:19:00": 1269,
        "10:47:00": 1269,
        "09:22:00": 1266,
        "08:00:00": 1266,
        "10:58:00": 1266,
        "01:26:00": 1265,
        "00:53:00": 1264,
        "10:24:00": 1264,
        "16:43:00": 1263,
        "16:41:00": 1263,
        "14:47:00": 1262,
        "01:31:00": 1261,
        "09:58:00": 1261,
        "08:12:00": 1261,
        "17:09:00": 1260,
        "00:51:00": 1259,
        "00:31:00": 1259,
        "17:06:00": 1259,
        "16:44:00": 1258,
        "17:47:00": 1258,
        "17:39:00": 1257,
        "17:48:00": 1257,
        "09:14:00": 1255,
        "16:32:00": 1255,
        "17:16:00": 1255,
        "16:47:00": 1254,
        "17:41:00": 1254,
        "09:26:00": 1253,
        "16:38:00": 1253,
        "09:18:00": 1252,
        "01:08:00": 1252,
        "08:14:00": 1252,
        "00:52:00": 1250,
        "09:01:00": 1249,
        "08:17:00": 1248,
        "09:41:00": 1246,
        "21:13:00": 1246,
        "17:46:00": 1245,
        "01:33:00": 1245,
        "01:20:00": 1244,
        "10:48:00": 1243,
        "01:06:00": 1242,
        "10:39:00": 1241,
        "16:22:00": 1241,
        "01:28:00": 1240,
        "09:05:00": 1240,
        "09:36:00": 1240,
        "16:24:00": 1240,
        "08:05:00": 1239,
        "01:12:00": 1239,
        "09:33:00": 1238,
        "10:12:00": 1237,
        "01:21:00": 1235,
        "09:52:00": 1235,
        "11:15:00": 1235,
        "17:51:00": 1234,
        "10:44:00": 1233,
        "17:38:00": 1233,
        "09:39:00": 1233,
        "09:23:00": 1232,
        "07:50:00": 1231,
        "01:42:00": 1230,
        "00:56:00": 1229,
        "17:57:00": 1228,
        "10:06:00": 1228,
        "09:02:00": 1228,
        "09:34:00": 1228,
        "11:07:00": 1227,
        "09:32:00": 1226,
        "10:56:00": 1226,
        "16:25:00": 1221,
        "01:50:00": 1221,
        "01:37:00": 1221,
        "07:58:00": 1219,
        "10:10:00": 1219,
        "09:19:00": 1218,
        "16:15:00": 1218,
        "21:04:00": 1217,
        "02:15:00": 1216,
        "01:38:00": 1216,
        "01:24:00": 1215,
        "17:49:00": 1214,
        "08:08:00": 1214,
        "11:01:00": 1214,
        "09:06:00": 1213,
        "11:10:00": 1213,
        "08:01:00": 1213,
        "10:59:00": 1211,
        "18:10:00": 1209,
        "17:58:00": 1208,
        "18:01:00": 1207,
        "09:28:00": 1207,
        "16:14:00": 1206,
        "16:23:00": 1206,
        "17:55:00": 1205,
        "18:30:00": 1204,
        "13:00:00": 1204,
        "01:09:00": 1203,
        "01:23:00": 1203,
        "11:12:00": 1202,
        "21:08:00": 1198,
        "00:57:00": 1197,
        "01:17:00": 1197,
        "07:55:00": 1196,
        "07:52:00": 1196,
        "10:14:00": 1195,
        "09:15:00": 1195,
        "11:02:00": 1194,
        "07:57:00": 1194,
        "01:47:00": 1192,
        "17:54:00": 1190,
        "11:08:00": 1188,
        "18:02:00": 1188,
        "11:06:00": 1188,
        "21:12:00": 1187,
        "10:41:00": 1187,
        "16:12:00": 1186,
        "18:20:00": 1186,
        "16:13:00": 1184,
        "11:29:00": 1184,
        "11:19:00": 1183,
        "08:02:00": 1182,
        "16:16:00": 1182,
        "11:11:00": 1182,
        "08:04:00": 1181,
        "21:14:00": 1181,
        "21:05:00": 1181,
        "16:18:00": 1181,
        "01:36:00": 1180,
        "07:54:00": 1179,
        "20:30:00": 1178,
        "16:10:00": 1178,
        "18:08:00": 1178,
        "18:15:00": 1174,
        "21:06:00": 1174,
        "08:06:00": 1173,
        "16:19:00": 1172,
        "01:25:00": 1167,
        "14:45:00": 1166,
        "14:42:00": 1166,
        "01:27:00": 1165,
        "18:06:00": 1164,
        "16:08:00": 1164,
        "21:03:00": 1164,
        "16:02:00": 1161,
        "20:59:00": 1160,
        "11:33:00": 1159,
        "11:16:00": 1158,
        "07:45:00": 1156,
        "01:01:00": 1154,
        "07:56:00": 1153,
        "01:40:00": 1152,
        "01:44:00": 1151,
        "07:46:00": 1149,
        "07:43:00": 1149,
        "20:23:00": 1148,
        "01:45:00": 1146,
        "07:59:00": 1145,
        "14:40:00": 1141,
        "11:13:00": 1140,
        "16:09:00": 1139,
        "02:30:00": 1138,
        "11:21:00": 1138,
        "14:30:00": 1138,
        "20:57:00": 1137,
        "12:57:00": 1136,
        "01:29:00": 1135,
        "11:44:00": 1133,
        "11:17:00": 1130,
        "20:20:00": 1130,
        "13:15:00": 1129,
        "02:00:00": 1128,
        "20:53:00": 1128,
        "01:49:00": 1128,
        "18:14:00": 1127,
        "01:19:00": 1127,
        "20:50:00": 1124,
        "18:25:00": 1124,
        "14:44:00": 1123,
        "01:39:00": 1122,
        "16:07:00": 1121,
        "14:32:00": 1121,
        "20:25:00": 1120,
        "11:14:00": 1119,
        "01:14:00": 1119,
        "11:18:00": 1118,
        "14:20:00": 1117,
        "18:19:00": 1117,
        "11:32:00": 1116,
        "13:30:00": 1115,
        "01:41:00": 1115,
        "14:15:00": 1114,
        "01:43:00": 1114,
        "20:55:00": 1114,
        "01:52:00": 1113,
        "18:04:00": 1113,
        "14:33:00": 1113,
        "18:17:00": 1111,
        "21:07:00": 1111,
        "11:22:00": 1110,
        "18:18:00": 1110,
        "18:07:00": 1110,
        "07:48:00": 1109,
        "14:23:00": 1109,
        "14:35:00": 1106,
        "20:58:00": 1106,
        "14:53:00": 1105,
        "12:45:00": 1104,
        "11:30:00": 1103,
        "17:59:00": 1102,
        "15:57:00": 1101,
        "01:57:00": 1100,
        "01:35:00": 1100,
        "12:46:00": 1100,
        "11:20:00": 1100,
        "18:22:00": 1100,
        "21:01:00": 1099,
        "20:15:00": 1099,
        "13:03:00": 1097,
        "01:51:00": 1097,
        "12:38:00": 1097,
        "13:38:00": 1096,
        "02:10:00": 1095,
        "01:55:00": 1095,
        "15:49:00": 1095,
        "18:11:00": 1094,
        "20:42:00": 1093,
        "18:13:00": 1091,
        "11:24:00": 1089,
        "07:47:00": 1088,
        "18:12:00": 1088,
        "14:29:00": 1088,
        "02:20:00": 1088,
        "18:27:00": 1086,
        "14:10:00": 1085,
        "18:26:00": 1085,
        "14:25:00": 1084,
        "11:45:00": 1084,
        "14:00:00": 1084,
        "07:51:00": 1083,
        "12:40:00": 1083,
        "14:41:00": 1083,
        "07:53:00": 1080,
        "20:19:00": 1080,
        "14:50:00": 1079,
        "14:11:00": 1079,
        "14:37:00": 1079,
        "18:05:00": 1078,
        "18:23:00": 1078,
        "11:26:00": 1076,
        "01:46:00": 1076,
        "13:45:00": 1075,
        "12:51:00": 1075,
        "11:43:00": 1074,
        "11:25:00": 1074,
        "19:00:00": 1073,
        "07:49:00": 1072,
        "07:30:00": 1072,
        "11:28:00": 1072,
        "11:50:00": 1072,
        "14:24:00": 1071,
        "14:52:00": 1070,
        "15:52:00": 1068,
        "13:50:00": 1067,
        "14:38:00": 1067,
        "21:02:00": 1067,
        "07:42:00": 1067,
        "14:43:00": 1066,
        "18:37:00": 1065,
        "18:24:00": 1065,
        "14:34:00": 1065,
        "11:27:00": 1065,
        "20:49:00": 1064,
        "14:27:00": 1064,
        "13:58:00": 1064,
        "15:55:00": 1064,
        "15:54:00": 1063,
        "12:52:00": 1063,
        "20:13:00": 1063,
        "14:36:00": 1063,
        "18:40:00": 1062,
        "16:05:00": 1062,
        "20:18:00": 1061,
        "15:59:00": 1060,
        "20:52:00": 1060,
        "11:34:00": 1060,
        "13:40:00": 1060,
        "20:54:00": 1059,
        "12:25:00": 1058,
        "16:04:00": 1057,
        "14:46:00": 1056,
        "16:11:00": 1055,
        "07:39:00": 1055,
        "20:45:00": 1055,
        "02:01:00": 1055,
        "16:06:00": 1053,
        "13:42:00": 1053,
        "18:33:00": 1053,
        "14:19:00": 1053,
        "15:45:00": 1052,
        "12:27:00": 1052,
        "13:41:00": 1052,
        "11:47:00": 1051,
        "18:45:00": 1050,
        "20:37:00": 1050,
        "11:31:00": 1049,
        "12:30:00": 1048,
        "14:05:00": 1048,
        "11:42:00": 1047,
        "18:09:00": 1046,
        "18:44:00": 1046,
        "20:28:00": 1045,
        "18:03:00": 1044,
        "07:44:00": 1043,
        "14:26:00": 1042,
        "18:42:00": 1042,
        "12:54:00": 1041,
        "14:39:00": 1040,
        "13:16:00": 1039,
        "20:24:00": 1038,
        "18:36:00": 1038,
        "12:20:00": 1037,
        "15:50:00": 1037,
        "02:06:00": 1036,
        "13:52:00": 1035,
        "01:34:00": 1035,
        "18:21:00": 1035,
        "02:05:00": 1034,
        "15:56:00": 1034,
        "19:06:00": 1034,
        "20:51:00": 1034,
        "01:58:00": 1033,
        "20:56:00": 1032,
        "14:31:00": 1032,
        "14:28:00": 1032,
        "14:18:00": 1032,
        "01:32:00": 1031,
        "20:35:00": 1031,
        "13:25:00": 1030,
        "13:37:00": 1029,
        "14:01:00": 1029,
        "13:47:00": 1029,
        "07:40:00": 1028,
        "20:46:00": 1028,
        "19:40:00": 1027,
        "13:01:00": 1027,
        "15:40:00": 1026,
        "12:59:00": 1026,
        "19:30:00": 1026,
        "13:51:00": 1026,
        "11:56:00": 1025,
        "20:31:00": 1025,
        "12:00:00": 1025,
        "20:21:00": 1025,
        "02:33:00": 1025,
        "14:14:00": 1024,
        "12:48:00": 1023,
        "11:55:00": 1023,
        "20:00:00": 1022,
        "13:10:00": 1022,
        "14:16:00": 1022,
        "12:44:00": 1022,
        "19:45:00": 1021,
        "11:41:00": 1021,
        "02:17:00": 1021,
        "13:43:00": 1020,
        "13:59:00": 1020,
        "15:46:00": 1020,
        "07:29:00": 1020,
        "19:20:00": 1020,
        "14:48:00": 1019,
        "18:28:00": 1019,
        "14:51:00": 1019,
        "11:39:00": 1018,
        "01:48:00": 1018,
        "14:57:00": 1018,
        "18:43:00": 1018,
        "13:05:00": 1018,
        "11:36:00": 1017,
        "11:35:00": 1017,
        "12:58:00": 1017,
        "13:31:00": 1017,
        "13:22:00": 1016,
        "20:27:00": 1016,
        "11:38:00": 1015,
        "18:41:00": 1015,
        "13:35:00": 1015,
        "12:15:00": 1014,
        "20:14:00": 1014,
        "14:09:00": 1014,
        "07:36:00": 1014,
        "12:37:00": 1014,
        "20:29:00": 1014,
        "20:48:00": 1014,
        "12:05:00": 1013,
        "18:38:00": 1012,
        "13:02:00": 1012,
        "13:36:00": 1012,
        "20:17:00": 1012,
        "07:41:00": 1011,
        "14:22:00": 1010,
        "14:08:00": 1009,
        "11:37:00": 1009,
        "18:31:00": 1009,
        "13:48:00": 1009,
        "13:18:00": 1007,
        "20:26:00": 1006,
        "16:03:00": 1006,
        "12:55:00": 1005,
        "13:28:00": 1004,
        "11:23:00": 1002,
        "12:23:00": 1002,
        "12:31:00": 1000,
        "14:49:00": 1000,
        "12:19:00": 1000,
        "19:02:00": 999,
        "13:54:00": 999,
        "07:38:00": 999,
        "18:16:00": 998,
        "14:13:00": 998,
        "12:50:00": 998,
        "13:24:00": 997,
        "19:57:00": 997,
        "07:20:00": 997,
        "15:35:00": 996,
        "20:02:00": 996,
        "12:22:00": 996,
        "13:33:00": 995,
        "20:44:00": 995,
        "12:42:00": 995,
        "12:04:00": 995,
        "18:50:00": 994,
        "20:41:00": 994,
        "12:34:00": 994,
        "12:01:00": 994,
        "13:17:00": 993,
        "12:26:00": 992,
        "20:10:00": 991,
        "20:33:00": 991,
        "18:57:00": 991,
        "13:14:00": 990,
        "12:43:00": 990,
        "11:46:00": 989,
        "13:06:00": 989,
        "20:32:00": 988,
        "12:03:00": 988,
        "13:23:00": 987,
        "15:00:00": 987,
        "02:13:00": 987,
        "13:19:00": 986,
        "13:20:00": 986,
        "12:35:00": 984,
        "12:28:00": 983,
        "20:06:00": 983,
        "20:38:00": 983,
        "13:13:00": 982,
        "20:36:00": 982,
        "01:59:00": 982,
        "13:56:00": 982,
        "01:54:00": 981,
        "14:12:00": 981,
        "16:01:00": 980,
        "14:04:00": 980,
        "13:09:00": 980,
        "20:16:00": 979,
        "02:27:00": 979,
        "11:40:00": 978,
        "19:58:00": 978,
        "13:26:00": 978,
        "19:11:00": 978,
        "20:47:00": 978,
        "11:51:00": 977,
        "13:55:00": 976,
        "13:12:00": 975,
        "02:45:00": 975,
        "14:55:00": 975,
        "18:35:00": 974,
        "02:16:00": 974,
        "15:36:00": 974,
        "20:43:00": 973,
        "13:57:00": 973,
        "19:01:00": 971,
        "12:56:00": 970,
        "12:14:00": 970,
        "18:49:00": 970,
        "18:59:00": 970,
        "02:08:00": 969,
        "12:12:00": 969,
        "13:21:00": 969,
        "19:03:00": 968,
        "13:29:00": 968,
        "20:11:00": 968,
        "20:22:00": 968,
        "13:34:00": 967,
        "11:53:00": 967,
        "12:07:00": 967,
        "02:04:00": 967,
        "18:52:00": 966,
        "07:34:00": 966,
        "13:08:00": 966,
        "07:33:00": 965,
        "15:44:00": 965,
        "19:37:00": 964,
        "19:25:00": 963,
        "20:08:00": 962,
        "12:29:00": 962,
        "15:51:00": 962,
        "19:35:00": 959,
        "13:27:00": 959,
        "15:58:00": 959,
        "02:25:00": 958,
        "14:02:00": 958,
        "14:54:00": 957,
        "18:39:00": 957,
        "13:49:00": 956,
        "13:04:00": 955,
        "18:29:00": 955,
        "12:06:00": 955,
        "12:18:00": 954,
        "19:08:00": 954,
        "18:54:00": 954,
        "02:35:00": 953,
        "19:51:00": 952,
        "13:44:00": 952,
        "12:47:00": 952,
        "11:59:00": 951,
        "12:24:00": 950,
        "19:54:00": 950,
        "13:11:00": 950,
        "19:34:00": 950,
        "01:53:00": 949,
        "13:07:00": 949,
        "12:33:00": 948,
        "19:33:00": 947,
        "15:34:00": 945,
        "20:09:00": 945,
        "11:58:00": 945,
        "11:57:00": 945,
        "07:37:00": 945,
        "11:52:00": 944,
        "02:09:00": 944,
        "15:53:00": 944,
        "18:34:00": 943,
        "02:11:00": 942,
        "14:56:00": 942,
        "11:49:00": 942,
        "12:53:00": 942,
        "15:39:00": 941,
        "18:55:00": 941,
        "12:13:00": 941,
        "02:40:00": 940,
        "12:17:00": 940,
        "19:23:00": 938,
        "14:07:00": 938,
        "02:29:00": 937,
        "14:21:00": 937,
        "13:39:00": 937,
        "19:55:00": 937,
        "13:53:00": 934,
        "02:14:00": 933,
        "15:30:00": 933,
        "19:50:00": 932,
        "20:05:00": 932,
        "18:47:00": 931,
        "01:56:00": 931,
        "13:46:00": 931,
        "02:21:00": 930,
        "12:02:00": 930,
        "15:47:00": 928,
        "20:03:00": 928,
        "12:49:00": 928,
        "11:48:00": 928,
        "15:43:00": 927,
        "19:52:00": 927,
        "19:41:00": 927,
        "19:09:00": 926,
        "15:32:00": 926,
        "19:24:00": 925,
        "19:14:00": 924,
        "07:25:00": 924,
        "14:17:00": 924,
        "02:18:00": 923,
        "13:32:00": 922,
        "07:35:00": 922,
        "12:08:00": 921,
        "07:27:00": 920,
        "12:10:00": 919,
        "02:02:00": 917,
        "14:06:00": 917,
        "19:10:00": 916,
        "18:56:00": 915,
        "15:04:00": 915,
        "20:04:00": 914,
        "18:48:00": 914,
        "02:19:00": 913,
        "20:40:00": 913,
        "20:34:00": 912,
        "02:32:00": 912,
        "18:46:00": 910,
        "19:13:00": 910,
        "14:59:00": 910,
        "19:43:00": 909,
        "19:47:00": 909,
        "15:42:00": 905,
        "20:01:00": 904,
        "18:32:00": 903,
        "14:58:00": 903,
        "20:12:00": 902,
        "15:23:00": 902,
        "07:31:00": 902,
        "19:12:00": 901,
        "19:49:00": 900,
        "15:33:00": 899,
        "15:10:00": 899,
        "19:59:00": 899,
        "03:00:00": 899,
        "19:17:00": 899,
        "20:07:00": 898,
        "12:39:00": 898,
        "12:36:00": 898,
        "02:43:00": 896,
        "07:23:00": 896,
        "18:51:00": 896,
        "15:05:00": 895,
        "14:03:00": 894,
        "19:27:00": 894,
        "19:18:00": 894,
        "15:48:00": 894,
        "15:38:00": 893,
        "12:16:00": 893,
        "19:21:00": 893,
        "15:37:00": 892,
        "02:50:00": 891,
        "12:41:00": 890,
        "19:28:00": 889,
        "19:22:00": 888,
        "12:11:00": 887,
        "12:32:00": 884,
        "02:26:00": 883,
        "02:12:00": 881,
        "19:16:00": 880,
        "19:38:00": 880,
        "19:29:00": 879,
        "12:21:00": 879,
        "19:32:00": 879,
        "02:46:00": 878,
        "19:15:00": 878,
        "19:53:00": 878,
        "18:53:00": 877,
        "15:02:00": 876,
        "19:48:00": 875,
        "19:26:00": 875,
        "20:39:00": 874,
        "19:19:00": 873,
        "02:24:00": 873,
        "19:56:00": 872,
        "11:54:00": 870,
        "02:39:00": 870,
        "07:28:00": 870,
        "07:26:00": 869,
        "19:42:00": 868,
        "15:41:00": 867,
        "12:09:00": 866,
        "19:05:00": 866,
        "15:01:00": 865,
        "19:07:00": 858,
        "02:03:00": 852,
        "15:24:00": 850,
        "07:21:00": 848,
        "02:07:00": 848,
        "19:04:00": 848,
        "02:22:00": 846,
        "02:53:00": 846,
        "18:58:00": 845,
        "19:46:00": 841,
        "15:18:00": 839,
        "07:17:00": 838,
        "02:55:00": 838,
        "19:44:00": 837,
        "15:21:00": 836,
        "15:12:00": 835,
        "02:23:00": 835,
        "02:34:00": 835,
        "19:39:00": 834,
        "07:24:00": 830,
        "15:28:00": 828,
        "02:48:00": 828,
        "15:06:00": 825,
        "02:47:00": 824,
        "15:07:00": 822,
        "15:03:00": 822,
        "19:36:00": 819,
        "15:20:00": 817,
        "15:22:00": 816,
        "15:08:00": 815,
        "15:15:00": 812,
        "15:25:00": 811,
        "02:58:00": 811,
        "15:14:00": 811,
        "15:09:00": 810,
        "15:31:00": 810,
        "02:36:00": 810,
        "07:22:00": 807,
        "02:28:00": 807,
        "07:15:00": 807,
        "07:32:00": 806,
        "03:10:00": 806,
        "15:13:00": 806,
        "02:51:00": 804,
        "02:31:00": 796,
        "15:16:00": 793,
        "02:52:00": 793,
        "19:31:00": 789,
        "02:37:00": 785,
        "07:05:00": 784,
        "02:42:00": 782,
        "02:44:00": 781,
        "15:26:00": 780,
        "15:11:00": 780,
        "07:19:00": 779,
        "15:19:00": 777,
        "15:17:00": 774,
        "02:38:00": 769,
        "07:18:00": 765,
        "07:13:00": 764,
        "07:11:00": 763,
        "07:14:00": 760,
        "03:03:00": 755,
        "07:09:00": 751,
        "02:49:00": 749,
        "07:16:00": 749,
        "02:59:00": 748,
        "03:04:00": 747,
        "03:11:00": 743,
        "02:41:00": 739,
        "02:54:00": 735,
        "03:30:00": 735,
        "02:57:00": 733,
        "15:27:00": 732,
        "03:01:00": 729,
        "03:20:00": 728,
        "07:08:00": 727,
        "07:10:00": 725,
        "03:08:00": 725,
        "02:56:00": 722,
        "07:12:00": 720,
        "07:06:00": 714,
        "07:03:00": 709,
        "03:14:00": 706,
        "07:02:00": 703,
        "03:05:00": 701,
        "15:29:00": 699,
        "03:15:00": 696,
        "07:04:00": 695,
        "06:57:00": 694,
        "03:07:00": 689,
        "03:12:00": 688,
        "07:00:00": 687,
        "07:07:00": 683,
        "03:09:00": 681,
        "03:40:00": 677,
        "03:02:00": 676,
        "03:31:00": 674,
        "03:06:00": 671,
        "03:29:00": 658,
        "03:13:00": 654,
        "03:17:00": 653,
        "03:21:00": 647,
        "03:19:00": 632,
        "03:50:00": 631,
        "06:59:00": 630,
        "03:26:00": 627,
        "06:54:00": 626,
        "06:58:00": 623,
        "06:50:00": 621,
        "03:27:00": 621,
        "03:45:00": 615,
        "03:55:00": 614,
        "03:23:00": 611,
        "03:25:00": 605,
        "03:41:00": 602,
        "06:56:00": 602,
        "03:32:00": 597,
        "03:18:00": 590,
        "03:16:00": 582,
        "06:51:00": 582,
        "07:01:00": 576,
        "03:22:00": 576,
        "04:00:00": 576,
        "06:49:00": 571,
        "06:47:00": 565,
        "03:39:00": 564,
        "03:53:00": 557,
        "06:48:00": 555,
        "06:53:00": 553,
        "03:34:00": 552,
        "03:46:00": 552,
        "03:37:00": 551,
        "03:36:00": 548,
        "06:44:00": 540,
        "04:07:00": 529,
        "06:52:00": 529,
        "06:42:00": 528,
        "06:43:00": 525,
        "06:55:00": 525,
        "03:43:00": 524,
        "03:28:00": 522,
        "06:39:00": 517,
        "03:24:00": 515,
        "03:57:00": 514,
        "06:40:00": 501,
        "03:38:00": 499,
        "03:56:00": 498,
        "04:05:00": 498,
        "06:45:00": 489,
        "03:42:00": 487,
        "04:03:00": 486,
        "04:26:00": 474,
        "03:48:00": 473,
        "03:47:00": 473,
        "03:52:00": 471,
        "04:10:00": 468,
        "06:46:00": 465,
        "03:35:00": 465,
        "03:33:00": 464,
        "04:13:00": 460,
        "06:35:00": 456,
        "03:51:00": 454,
        "06:41:00": 453,
        "06:37:00": 453,
        "03:59:00": 452,
        "03:54:00": 450,
        "03:49:00": 448,
        "06:36:00": 441,
        "04:20:00": 436,
        "04:08:00": 433,
        "03:58:00": 432,
        "04:33:00": 429,
        "04:09:00": 423,
        "04:21:00": 422,
        "04:27:00": 419,
        "04:02:00": 410,
        "04:06:00": 409,
        "06:38:00": 405,
        "03:44:00": 403,
        "04:04:00": 397,
        "04:30:00": 397,
        "04:17:00": 396,
        "04:11:00": 394,
        "06:30:00": 394,
        "06:32:00": 393,
        "04:39:00": 390,
        "04:01:00": 389,
        "04:15:00": 386,
        "06:33:00": 385,
        "04:23:00": 384,
        "04:34:00": 382,
        "04:16:00": 378,
        "06:29:00": 378,
        "05:00:00": 377,
        "04:40:00": 376,
        "04:32:00": 376,
        "04:35:00": 375,
        "06:31:00": 370,
        "04:46:00": 370,
        "06:34:00": 369,
        "06:27:00": 361,
        "04:22:00": 361,
        "04:14:00": 359,
        "04:50:00": 359,
        "06:23:00": 358,
        "04:19:00": 354,
        "04:24:00": 350,
        "04:29:00": 349,
        "06:28:00": 349,
        "04:18:00": 347,
        "06:24:00": 346,
        "04:51:00": 345,
        "04:31:00": 344,
        "06:25:00": 344,
        "04:28:00": 339,
        "04:49:00": 328,
        "04:45:00": 327,
        "04:41:00": 323,
        "04:12:00": 322,
        "05:25:00": 318,
        "04:42:00": 318,
        "04:44:00": 315,
        "05:09:00": 311,
        "04:25:00": 310,
        "05:30:00": 308,
        "04:37:00": 306,
        "06:00:00": 302,
        "04:56:00": 301,
        "06:22:00": 300,
        "06:26:00": 300,
        "04:36:00": 299,
        "04:54:00": 299,
        "04:53:00": 298,
        "05:16:00": 297,
        "04:58:00": 296,
        "04:59:00": 293,
        "05:01:00": 293,
        "05:05:00": 288,
        "05:52:00": 288,
        "04:48:00": 284,
        "04:57:00": 284,
        "05:50:00": 283,
        "06:07:00": 280,
        "06:10:00": 279,
        "06:19:00": 277,
        "05:38:00": 277,
        "05:55:00": 276,
        "06:20:00": 274,
        "05:29:00": 273,
        "05:54:00": 273,
        "05:08:00": 271,
        "06:16:00": 270,
        "06:18:00": 269,
        "06:06:00": 269,
        "05:26:00": 269,
        "04:52:00": 269,
        "05:49:00": 268,
        "04:55:00": 267,
        "05:53:00": 264,
        "05:45:00": 263,
        "05:32:00": 263,
        "06:08:00": 262,
        "05:40:00": 261,
        "05:59:00": 261,
        "05:17:00": 261,
        "06:15:00": 260,
        "05:58:00": 260,
        "05:56:00": 258,
        "06:12:00": 256,
        "04:38:00": 256,
        "05:13:00": 255,
        "05:39:00": 255,
        "06:11:00": 252,
        "05:22:00": 252,
        "05:18:00": 250,
        "05:07:00": 249,
        "05:51:00": 249,
        "05:46:00": 249,
        "04:43:00": 248,
        "05:10:00": 246,
        "05:20:00": 246,
        "04:47:00": 245,
        "06:17:00": 245,
        "05:06:00": 240,
        "06:01:00": 239,
        "05:02:00": 239,
        "06:05:00": 238,
        "05:14:00": 238,
        "05:31:00": 237,
        "06:21:00": 237,
        "05:21:00": 233,
        "06:04:00": 233,
        "05:15:00": 233,
        "05:12:00": 232,
        "06:14:00": 231,
        "05:57:00": 229,
        "05:11:00": 227,
        "05:35:00": 227,
        "05:34:00": 227,
        "05:47:00": 227,
        "06:13:00": 226,
        "05:44:00": 223,
        "05:03:00": 222,
        "05:23:00": 222,
        "06:02:00": 221,
        "05:27:00": 220,
        "05:19:00": 220,
        "05:36:00": 216,
        "05:28:00": 215,
        "06:03:00": 213,
        "05:41:00": 207,
        "05:04:00": 204,
        "05:42:00": 202,
        "05:24:00": 201,
        "05:33:00": 198,
        "05:48:00": 197,
        "06:09:00": 196,
        "05:37:00": 195,
        "05:43:00": 184
    },
    "nrows": 1578154
}