{
    "column_id": "Accidents/oseba.csvoseba.csv/id_nesreca",
    "dataset_name": "oseba.csv",
    "dataset_id": "Accidents/oseba.csv",
    "path": "/home/ubuntu/CatDB/Experiments/data/Accidents/oseba.csv",
    "table_name": "oseba.csv",
    "table_id": "Accidents/oseba.csvoseba.csv",
    "column_name": "id_nesreca",
    "data_source": "Accidents",
    "data_type": "int",
    "total_values_count": 954036,
    "distinct_values_count": 507604,
    "missing_values_count": 0,
    "true_ratio": null,
    "min_value": 36738.0,
    "max_value": 549805.0,
    "mean": 286393.8435415435,
    "median": 285540.0,
    "iqr": 243324.25,
    "category_values": null,
    "embedding": [
        -1.0,
        -1.0,
        -1.0,
        1.0,
        -1.0,
        1.0,
        -1.0,
        -1.0,
        -0.9999788999557495,
        -1.0,
        1.0,
        -1.0,
        -1.0,
        1.0,
        1.0,
        1.0,
        1.0,
        -1.0,
        1.0,
        -1.0,
        1.0,
        -1.0,
        1.0,
        -1.0,
        1.0,
        -1.0,
        -1.0,
        1.0,
        -1.0,
        -1.0,
        1.0,
        1.0,
        -1.0,
        -1.0,
        -1.0,
        1.0,
        -1.0,
        1.0,
        1.0,
        -1.0,
        -1.0,
        1.0,
        -1.0,
        -1.0,
        -1.0,
        -1.0,
        1.0,
        -1.0,
        -0.9999783635139465,
        -0.8441948294639587,
        -1.0,
        1.0,
        1.0,
        1.0,
        -1.0,
        1.0,
        1.0,
        1.0,
        -0.9999999403953552,
        0.9944321513175964,
        -1.0,
        -1.0,
        1.0,
        -1.0,
        1.0,
        -1.0,
        1.0,
        -1.0,
        1.0,
        1.0,
        1.0,
        -1.0,
        -1.0,
        -1.0,
        -1.0,
        1.0,
        1.0,
        1.0,
        1.0,
        1.0,
        0.999996542930603,
        1.0,
        1.0,
        -1.0,
        -1.0,
        1.0,
        -1.0,
        1.0,
        1.0,
        1.0,
        -0.9999998211860657,
        1.0,
        1.0,
        -1.0,
        1.0,
        -1.0,
        1.0,
        -1.0,
        -1.0,
        -1.0,
        -0.9931420087814331,
        -1.0,
        1.0,
        -1.0,
        -1.0,
        1.0,
        1.0,
        1.0,
        -1.0,
        -1.0,
        1.0,
        -1.0,
        -1.0,
        1.0,
        1.0,
        1.0,
        1.0,
        1.0,
        1.0,
        -1.0,
        -1.0,
        1.0,
        -1.0,
        -1.0,
        0.9999999403953552,
        -1.0,
        -1.0,
        -0.999971330165863,
        -1.0,
        1.0,
        -1.0,
        1.0,
        -1.0,
        -1.0,
        1.0,
        -1.0,
        -1.0,
        1.0,
        1.0,
        -1.0,
        1.0,
        1.0,
        1.0,
        -1.0,
        1.0,
        -1.0,
        1.0,
        -1.0,
        -1.0,
        -1.0,
        0.9999704360961914,
        -1.0,
        1.0,
        -1.0,
        1.0,
        -1.0,
        1.0,
        -1.0,
        1.0,
        -1.0,
        -1.0,
        1.0,
        -1.0,
        -1.0,
        1.0,
        -1.0,
        1.0,
        -1.0,
        -1.0,
        -1.0,
        -1.0,
        -1.0,
        1.0,
        1.0,
        -1.0,
        -1.0,
        1.0,
        -1.0,
        -1.0,
        -1.0,
        1.0,
        -1.0,
        -1.0,
        -1.0,
        1.0,
        -1.0,
        1.0,
        -0.999979555606842,
        -1.0,
        -1.0,
        1.0,
        1.0,
        1.0,
        1.0,
        -1.0,
        -1.0,
        1.0,
        -1.0,
        -1.0,
        1.0,
        -1.0,
        1.0,
        -1.0,
        -1.0,
        -1.0,
        -1.0,
        1.0,
        1.0,
        -1.0,
        -1.0,
        -1.0,
        1.0,
        -1.0,
        -1.0,
        -1.0,
        1.0,
        -1.0,
        1.0,
        -1.0,
        -1.0,
        1.0,
        -1.0,
        -1.0,
        1.0,
        -0.9999800324440002,
        -0.8421705365180969,
        1.0,
        -1.0,
        -1.0,
        -1.0,
        1.0,
        -1.0,
        1.0,
        -1.0,
        -1.0,
        1.0,
        -1.0,
        1.0,
        1.0,
        -0.9999566674232483,
        1.0,
        -0.8252130150794983,
        1.0,
        -1.0,
        1.0,
        1.0,
        -1.0,
        -1.0,
        -1.0,
        1.0,
        1.0,
        1.0,
        -1.0,
        -1.0,
        -1.0,
        1.0,
        1.0,
        -1.0,
        -1.0,
        -1.0,
        1.0,
        1.0,
        1.0,
        -1.0,
        1.0,
        -1.0,
        -1.0,
        -1.0,
        1.0,
        1.0,
        -0.9930126070976257,
        -1.0,
        -1.0,
        1.0,
        -1.0,
        1.0,
        1.0,
        1.0,
        1.0,
        1.0,
        1.0,
        -1.0,
        1.0,
        1.0,
        1.0,
        -1.0,
        -1.0,
        1.0,
        -1.0,
        -1.0,
        -1.0,
        1.0,
        -1.0,
        -1.0,
        -1.0,
        -1.0,
        -1.0,
        1.0,
        1.0,
        0.9999805092811584
    ],
    "embedding_scaling_factor": 42.33395004272461,
    "samples": [
        325112,
        503172,
        504403,
        93521,
        375827,
        87391,
        349804,
        285780,
        189475,
        79120,
        472072,
        304327,
        243649,
        387646,
        333034,
        215096,
        500037,
        132702,
        385627,
        131757,
        104989,
        273274,
        421010,
        489325,
        382226,
        519631,
        519830,
        377661,
        80803,
        319183,
        170624,
        340741,
        256570,
        54013,
        438289,
        465723,
        295127,
        227039,
        473966,
        77276,
        458727,
        59414,
        41093,
        369718,
        369138,
        410198,
        225517,
        485667,
        91957,
        253286,
        304823,
        84905,
        326519,
        346252,
        453570,
        327792,
        455178,
        133749,
        521656,
        74245,
        197779,
        243792,
        95701,
        87089,
        309659,
        345474,
        203673,
        408328,
        147144,
        194835,
        278787,
        209546,
        363460,
        519241,
        528136,
        55648,
        269684,
        141307,
        316659,
        161409,
        195691,
        548779,
        450413,
        40791,
        539565,
        468457,
        526759,
        177054,
        95366,
        326463,
        537815,
        392032,
        386964,
        148212,
        337003,
        126393,
        499218,
        546971,
        244487,
        337394
    ],
    "category_values_ratio": null,
    "nrows": 954036
}