{
    "column_id": "Accidents/oseba.csvoseba.csv/vozniski_staz_LL",
    "dataset_name": "oseba.csv",
    "dataset_id": "Accidents/oseba.csv",
    "path": "/home/ubuntu/CatDB/Experiments/data/Accidents/oseba.csv",
    "table_name": "oseba.csv",
    "table_id": "Accidents/oseba.csvoseba.csv",
    "column_name": "vozniski_staz_LL",
    "data_source": "Accidents",
    "data_type": "int",
    "total_values_count": 954036,
    "distinct_values_count": 84,
    "missing_values_count": 154508,
    "true_ratio": null,
    "min_value": 0.0,
    "max_value": 99.0,
    "mean": 13.07790471378113,
    "median": 10.0,
    "iqr": 16.0,
    "category_values": [
        6,
        10,
        0,
        2,
        19,
        25,
        20,
        15,
        4,
        1,
        5,
        21,
        7,
        16,
        8,
        37,
        22,
        13,
        24,
        40,
        30,
        18,
        3,
        11,
        12,
        34,
        14,
        9,
        27,
        28,
        31,
        35,
        26,
        29,
        17,
        32,
        42,
        23,
        80,
        33,
        36,
        38,
        46,
        41,
        45,
        43,
        39,
        44,
        55,
        60,
        50,
        48,
        47,
        57,
        52,
        61,
        70,
        99,
        82,
        53,
        49,
        58,
        65,
        51,
        90,
        56,
        62,
        95,
        83,
        64,
        63,
        54,
        92,
        93,
        67,
        69,
        68,
        72,
        97,
        66,
        96,
        59,
        81,
        73
    ],
    "embedding": [
        -1.0,
        -1.0,
        -1.0,
        1.0,
        -1.0,
        1.0,
        -1.0,
        -1.0,
        -1.0,
        -1.0,
        1.0,
        -1.0,
        -1.0,
        1.0,
        1.0,
        1.0,
        1.0,
        -1.0,
        1.0,
        -1.0,
        1.0,
        -1.0,
        1.0,
        -1.0,
        1.0,
        -1.0,
        -1.0,
        1.0,
        -1.0,
        -1.0,
        1.0,
        1.0,
        -1.0,
        -1.0,
        -1.0,
        1.0,
        -1.0,
        1.0,
        1.0,
        -1.0,
        -1.0,
        1.0,
        -1.0,
        -1.0,
        -1.0,
        -1.0,
        1.0,
        -1.0,
        -1.0,
        -0.774412989616394,
        -1.0,
        1.0,
        1.0,
        1.0,
        -1.0,
        1.0,
        1.0,
        1.0,
        -1.0,
        0.8813613653182983,
        -1.0,
        -1.0,
        1.0,
        -1.0,
        1.0,
        -1.0,
        1.0,
        -1.0,
        1.0,
        1.0,
        1.0,
        -1.0,
        -1.0,
        -1.0,
        -1.0,
        1.0,
        1.0,
        1.0,
        1.0,
        1.0,
        1.0,
        1.0,
        1.0,
        -1.0,
        -1.0,
        1.0,
        -1.0,
        1.0,
        1.0,
        1.0,
        -1.0,
        1.0,
        1.0,
        -1.0,
        1.0,
        -1.0,
        1.0,
        -1.0,
        -1.0,
        -1.0,
        -0.9744184613227844,
        -1.0,
        1.0,
        -1.0,
        -1.0,
        1.0,
        1.0,
        1.0,
        -1.0,
        -1.0,
        1.0,
        -1.0,
        -1.0,
        1.0,
        1.0,
        1.0,
        1.0,
        1.0,
        1.0,
        -1.0,
        -1.0,
        1.0,
        -1.0,
        -1.0,
        1.0,
        -1.0,
        -1.0,
        -1.0,
        -1.0,
        1.0,
        -1.0,
        1.0,
        -1.0,
        -1.0,
        1.0,
        -1.0,
        -1.0,
        1.0,
        1.0,
        -1.0,
        1.0,
        1.0,
        1.0,
        -1.0,
        1.0,
        -1.0,
        1.0,
        -1.0,
        -1.0,
        -1.0,
        1.0,
        -1.0,
        1.0,
        -1.0,
        1.0,
        -1.0,
        1.0,
        -1.0,
        1.0,
        -1.0,
        -1.0,
        1.0,
        -1.0,
        -1.0,
        1.0,
        -1.0,
        1.0,
        -1.0,
        -1.0,
        -1.0,
        -1.0,
        -1.0,
        1.0,
        1.0,
        -1.0,
        -1.0,
        1.0,
        -1.0,
        -1.0,
        -1.0,
        1.0,
        -1.0,
        -1.0,
        -1.0,
        1.0,
        -1.0,
        1.0,
        -1.0,
        -1.0,
        -1.0,
        1.0,
        1.0,
        1.0,
        1.0,
        -1.0,
        -1.0,
        1.0,
        -1.0,
        -1.0,
        1.0,
        -1.0,
        1.0,
        -1.0,
        -1.0,
        -1.0,
        -1.0,
        1.0,
        1.0,
        -1.0,
        -1.0,
        -1.0,
        1.0,
        -1.0,
        -1.0,
        -1.0,
        1.0,
        -1.0,
        1.0,
        -1.0,
        -1.0,
        1.0,
        -1.0,
        -1.0,
        1.0,
        -1.0,
        -0.766241192817688,
        1.0,
        -1.0,
        -1.0,
        -1.0,
        1.0,
        -1.0,
        1.0,
        -1.0,
        -1.0,
        1.0,
        -1.0,
        1.0,
        1.0,
        -1.0,
        1.0,
        -0.7579984068870544,
        1.0,
        -1.0,
        1.0,
        1.0,
        -1.0,
        -1.0,
        -1.0,
        1.0,
        1.0,
        1.0,
        -1.0,
        -1.0,
        -1.0,
        1.0,
        1.0,
        -1.0,
        -1.0,
        -1.0,
        1.0,
        1.0,
        1.0,
        -1.0,
        1.0,
        -1.0,
        -1.0,
        -1.0,
        1.0,
        1.0,
        -0.9644230604171753,
        -1.0,
        -1.0,
        1.0,
        -1.0,
        1.0,
        1.0,
        1.0,
        1.0,
        1.0,
        1.0,
        -1.0,
        1.0,
        1.0,
        1.0,
        -1.0,
        -1.0,
        1.0,
        -1.0,
        -1.0,
        -1.0,
        1.0,
        -1.0,
        -1.0,
        -1.0,
        -1.0,
        -1.0,
        1.0,
        1.0,
        1.0
    ],
    "embedding_scaling_factor": 379.3309631347656,
    "samples": [
        20,
        11,
        1,
        11,
        10,
        6,
        4,
        7,
        1,
        38,
        13,
        16,
        4,
        3,
        6,
        17,
        30,
        5,
        14,
        23,
        18,
        1,
        37,
        17,
        16,
        30,
        35,
        23,
        10,
        13,
        3,
        15,
        24,
        2,
        19,
        6,
        23,
        22,
        17,
        6,
        21,
        2,
        25,
        3,
        19,
        12,
        20,
        12,
        16,
        2,
        4,
        5,
        5,
        21,
        17,
        6,
        20,
        28,
        7,
        29,
        4,
        0,
        29,
        11,
        26,
        1,
        0,
        13,
        20,
        0,
        26,
        9,
        10,
        1,
        0,
        0,
        18,
        20
    ],
    "category_values_ratio": {
        "0": 56063,
        "1": 44513,
        "2": 42869,
        "3": 39702,
        "4": 37307,
        "5": 36361,
        "6": 33564,
        "7": 31277,
        "8": 29523,
        "10": 29043,
        "9": 27407,
        "11": 23313,
        "12": 22820,
        "13": 20671,
        "15": 19997,
        "14": 19694,
        "20": 18416,
        "16": 17925,
        "17": 16751,
        "18": 16660,
        "19": 15791,
        "25": 15101,
        "23": 14912,
        "22": 14758,
        "21": 14711,
        "24": 14141,
        "26": 13501,
        "27": 12218,
        "28": 11342,
        "30": 11319,
        "29": 10544,
        "31": 8584,
        "32": 8006,
        "33": 7461,
        "34": 6698,
        "35": 6208,
        "36": 5254,
        "37": 4524,
        "38": 3742,
        "39": 3215,
        "40": 3115,
        "41": 2060,
        "42": 1829,
        "43": 1461,
        "44": 1219,
        "45": 1000,
        "46": 739,
        "47": 566,
        "48": 412,
        "50": 283,
        "49": 278,
        "51": 156,
        "52": 110,
        "53": 89,
        "54": 48,
        "55": 46,
        "56": 33,
        "60": 31,
        "57": 27,
        "58": 19,
        "80": 15,
        "70": 13,
        "65": 10,
        "90": 9,
        "64": 8,
        "61": 7,
        "59": 7,
        "63": 6,
        "92": 3,
        "62": 3,
        "68": 3,
        "81": 2,
        "67": 2,
        "99": 2,
        "97": 2,
        "96": 1,
        "66": 1,
        "82": 1,
        "72": 1,
        "69": 1,
        "93": 1,
        "83": 1,
        "95": 1,
        "73": 1
    },
    "nrows": 954036
}