dataset,prompt_representation_type,prompt_example_type,prompt_number_example,number_tokens,number_bool,number_int,number_float,number_string
oml_dataset_38_rnc,S,Random,0,1099,1,32,0,0
oml_dataset_38_rnc,SDVC,Random,0,1284,1,32,0,0
oml_dataset_38_rnc,SMVF,Random,0,1412,1,32,0,0
oml_dataset_38_rnc,SSN,Random,0,1915,1,32,0,0
oml_dataset_38_rnc,SCV,Random,0,1379,1,32,0,0
oml_dataset_38_rnc,SDVCMVF,Random,0,1634,1,32,0,0
oml_dataset_38_rnc,SDVCSN,Random,0,2104,1,32,0,0
oml_dataset_38_rnc,SMVFSN,Random,0,2231,1,32,0,0
oml_dataset_38_rnc,SMVFCV,Random,0,1695,1,32,0,0
oml_dataset_38_rnc,SSNCV,Random,0,2199,1,32,0,0
oml_dataset_38_rnc,ALL,Random,0,2484,1,32,0,0
