{
    "column_id": "IMDB/editors.csveditors.csv/editorid",
    "dataset_name": "editors.csv",
    "dataset_id": "IMDB/editors.csv",
    "path": "/home/ubuntu/CatDB/Experiments/data/IMDB/editors.csv",
    "table_name": "editors.csv",
    "table_id": "IMDB/editors.csveditors.csv",
    "column_name": "editorid",
    "data_source": "IMDB",
    "data_type": "int",
    "total_values_count": 1973,
    "distinct_values_count": 1973,
    "missing_values_count": 0,
    "true_ratio": null,
    "min_value": 109.0,
    "max_value": 202789.0,
    "mean": 102702.42473390776,
    "median": 101521.0,
    "iqr": 101937.0,
    "category_values": null,
    "embedding": [
        -1.0,
        -1.0,
        -1.0,
        1.0,
        -1.0,
        1.0,
        -1.0,
        -1.0,
        -0.9999998807907104,
        -1.0,
        1.0,
        -1.0,
        -1.0,
        1.0,
        1.0,
        1.0,
        1.0,
        -1.0,
        1.0,
        -1.0,
        1.0,
        -1.0,
        1.0,
        -1.0,
        1.0,
        -1.0,
        -1.0,
        1.0,
        -1.0,
        -1.0,
        1.0,
        1.0,
        -1.0,
        -1.0,
        -1.0,
        1.0,
        -1.0,
        1.0,
        1.0,
        -1.0,
        -1.0,
        1.0,
        -1.0,
        -1.0,
        -1.0,
        -1.0,
        1.0,
        -1.0,
        -1.0,
        -0.8030171394348145,
        -1.0,
        1.0,
        1.0,
        1.0,
        -1.0,
        1.0,
        1.0,
        1.0,
        -1.0,
        0.9933333992958069,
        -1.0,
        -1.0,
        1.0,
        -1.0,
        1.0,
        -1.0,
        1.0,
        -1.0,
        1.0,
        1.0,
        1.0,
        -1.0,
        -1.0,
        -1.0,
        -1.0,
        1.0,
        1.0,
        1.0,
        1.0,
        1.0,
        1.0,
        1.0,
        1.0,
        -1.0,
        -1.0,
        1.0,
        -1.0,
        1.0,
        1.0,
        1.0,
        -1.0,
        1.0,
        1.0,
        -1.0,
        1.0,
        -1.0,
        1.0,
        -1.0,
        -1.0,
        -1.0,
        -0.9929943084716797,
        -1.0,
        1.0,
        -1.0,
        -1.0,
        1.0,
        1.0,
        1.0,
        -1.0,
        -1.0,
        1.0,
        -1.0,
        -1.0,
        1.0,
        1.0,
        1.0,
        1.0,
        1.0,
        1.0,
        -1.0,
        -1.0,
        1.0,
        -1.0,
        -1.0,
        1.0,
        -1.0,
        -1.0,
        -0.9999989867210388,
        -1.0,
        1.0,
        -1.0,
        1.0,
        -1.0,
        -1.0,
        1.0,
        -1.0,
        -1.0,
        1.0,
        1.0,
        -1.0,
        1.0,
        1.0,
        1.0,
        -1.0,
        1.0,
        -1.0,
        1.0,
        -1.0,
        -1.0,
        -1.0,
        0.9999998807907104,
        -1.0,
        1.0,
        -1.0,
        1.0,
        -1.0,
        1.0,
        -1.0,
        1.0,
        -1.0,
        -1.0,
        1.0,
        -1.0,
        -1.0,
        1.0,
        -1.0,
        1.0,
        -1.0,
        -1.0,
        -1.0,
        -1.0,
        -1.0,
        1.0,
        1.0,
        -1.0,
        -1.0,
        1.0,
        -1.0,
        -1.0,
        -1.0,
        1.0,
        -1.0,
        -1.0,
        -1.0,
        1.0,
        -1.0,
        1.0,
        -1.0,
        -1.0,
        -1.0,
        1.0,
        1.0,
        1.0,
        1.0,
        -1.0,
        -1.0,
        1.0,
        -1.0,
        -1.0,
        1.0,
        -1.0,
        1.0,
        -1.0,
        -1.0,
        -1.0,
        -1.0,
        1.0,
        1.0,
        -1.0,
        -1.0,
        -1.0,
        1.0,
        -1.0,
        -1.0,
        -1.0,
        1.0,
        -1.0,
        1.0,
        -1.0,
        -1.0,
        1.0,
        -1.0,
        -1.0,
        1.0,
        -1.0,
        -0.7974323034286499,
        1.0,
        -1.0,
        -1.0,
        -1.0,
        1.0,
        -1.0,
        1.0,
        -1.0,
        -1.0,
        1.0,
        -1.0,
        1.0,
        1.0,
        -1.0,
        1.0,
        -0.7649296522140503,
        1.0,
        -1.0,
        1.0,
        1.0,
        -1.0,
        -1.0,
        -1.0,
        1.0,
        1.0,
        1.0,
        -1.0,
        -1.0,
        -1.0,
        1.0,
        1.0,
        -1.0,
        -1.0,
        -1.0,
        1.0,
        1.0,
        1.0,
        -1.0,
        1.0,
        -1.0,
        -1.0,
        -1.0,
        1.0,
        1.0,
        -0.9926882982254028,
        -1.0,
        -1.0,
        1.0,
        -1.0,
        1.0,
        1.0,
        1.0,
        1.0,
        1.0,
        1.0,
        -1.0,
        1.0,
        1.0,
        1.0,
        -1.0,
        -1.0,
        1.0,
        -1.0,
        -1.0,
        -1.0,
        1.0,
        -1.0,
        -1.0,
        -1.0,
        -1.0,
        -1.0,
        1.0,
        1.0,
        1.0
    ],
    "embedding_scaling_factor": 68.1891098022461,
    "samples": [
        42008,
        136799,
        191259,
        119203,
        138901,
        113518,
        172399,
        120942,
        23629,
        19621,
        157139,
        202091,
        184944,
        197158,
        198258,
        104917,
        78554,
        41612,
        30707,
        142900,
        95645,
        29643,
        198209,
        8263,
        200484,
        73959,
        127302,
        43005,
        101918,
        65649,
        76775,
        176342,
        185797,
        159856,
        57737,
        165181,
        202092,
        190502,
        175083,
        20121,
        14890,
        156766,
        158414,
        34025,
        82613,
        77310,
        92677,
        82814,
        181212,
        167363,
        120185,
        85561,
        116846,
        79379,
        61920,
        181329,
        18598,
        145788,
        54300,
        82738,
        37140,
        75148,
        31526,
        155838,
        184150,
        193318,
        129827,
        118494,
        28018,
        122110,
        190142,
        43387,
        76962,
        175648,
        49283,
        26286,
        185650,
        151109,
        7919,
        177201,
        107924,
        17735,
        23361,
        146207,
        118768,
        45027,
        161672,
        200426,
        83714,
        826,
        101395,
        104194,
        41209,
        79774,
        58522,
        113657,
        72498,
        108260,
        193188,
        83340
    ],
    "category_values_ratio": null,
    "nrows": 1973
}