dataset,prompt_representation_type,prompt_example_type,prompt_number_example,number_tokens,number_bool,number_int,number_float,number_string
oml_dataset_24_rnc,S,Random,0,986,0,0,0,14
oml_dataset_24_rnc,SDVC,Random,0,1076,0,0,0,14
oml_dataset_24_rnc,SMVF,Random,0,1128,0,0,0,14
oml_dataset_24_rnc,SSN,Random,0,1002,0,0,0,14
oml_dataset_24_rnc,SCV,Random,0,1114,0,0,0,14
oml_dataset_24_rnc,SDVCMVF,Random,0,1236,0,0,0,14
oml_dataset_24_rnc,SDVCSN,Random,0,1096,0,0,0,14
oml_dataset_24_rnc,SMVFSN,Random,0,1147,0,0,0,14
oml_dataset_24_rnc,SMVFCV,Random,0,1259,0,0,0,14
oml_dataset_24_rnc,SSNCV,Random,0,1134,0,0,0,14
oml_dataset_24_rnc,ALL,Random,0,1248,0,0,0,14
