{
    "column_id": "Traffic/Traffic.csvTraffic.csv/year",
    "dataset_name": "Traffic.csv",
    "dataset_id": "Traffic/Traffic.csv",
    "path": "/home/ubuntu/CatDB/Experiments/data/Traffic/Traffic.csv",
    "table_name": "Traffic.csv",
    "table_id": "Traffic/Traffic.csvTraffic.csv",
    "column_name": "year",
    "data_source": "Traffic",
    "data_type": "int",
    "total_values_count": 1578154,
    "distinct_values_count": 354,
    "missing_values_count": 9647,
    "true_ratio": null,
    "min_value": 0.0,
    "max_value": 9999.0,
    "mean": 2006.0145979584408,
    "median": 2007.0,
    "iqr": 10.0,
    "category_values": [
        2005,
        2017,
        2007,
        2011,
        2014,
        2016,
        2015,
        2003,
        2006,
        2002,
        2009,
        2018,
        2013,
        1996,
        2010,
        2019,
        2012,
        2008,
        2000,
        2001,
        1999,
        2004,
        1997,
        1992,
        1991,
        1994,
        2020,
        1995,
        1998,
        1988,
        2200,
        2627,
        1993,
        3697,
        2201,
        1989,
        1990,
        1987,
        0,
        1986,
        1983,
        162,
        2105,
        7226,
        1909,
        3013,
        6247,
        9999,
        1985,
        5795,
        1970,
        6722,
        2912,
        1979,
        2911,
        2021,
        3020,
        1007,
        2025,
        1966,
        1984,
        1973,
        2817,
        1982,
        2103,
        6285,
        3019,
        1977,
        1900,
        2051,
        2107,
        2997,
        1971,
        2625,
        2104,
        1968,
        1969,
        9890,
        2208,
        2112,
        1980,
        3018,
        1961,
        2206,
        8438,
        1956,
        1965,
        1978,
        1974,
        2917,
        5823,
        2033,
        2044,
        1963,
        2081,
        2915,
        2027,
        8287,
        8074,
        1889,
        4697,
        7251,
        2204,
        1016,
        2301,
        2814,
        8260,
        1009,
        1901,
        2913,
        7269,
        1898,
        2024,
        1012,
        215,
        2914,
        2919,
        1955,
        2106,
        2994,
        9332,
        1964,
        2070,
        1972,
        1636,
        1957,
        4032,
        2209,
        2991,
        1082,
        1981,
        3648,
        1975,
        7373,
        2996,
        2102,
        3004,
        1939,
        2040,
        2621,
        1885,
        9013,
        1976,
        9705,
        7104,
        9219,
        2998,
        1967,
        2576,
        2203,
        1010,
        2171,
        1015,
        2097,
        5441,
        9624,
        2088,
        1195,
        8560,
        5384,
        2596,
        1729,
        1017,
        2207,
        2916,
        4452,
        128,
        1013,
        6580,
        1026,
        3201,
        2999,
        707,
        1146,
        1008,
        9463,
        2085,
        1899,
        2205,
        1962,
        4146,
        6078,
        2995,
        3837,
        1929,
        6874,
        1003,
        2793,
        7247,
        1194,
        2050,
        1006,
        3003,
        2022,
        277,
        3940,
        2031,
        6856,
        1005,
        2151,
        4004,
        5005,
        1741,
        5015,
        1902,
        8042,
        2055,
        8008,
        2483,
        4112,
        5199,
        1959,
        2054,
        7007,
        8739,
        5265,
        5256,
        9035,
        3574,
        1953,
        2101,
        2096,
        2099,
        3776,
        3014,
        5709,
        1186,
        9510,
        9563,
        3435,
        5772,
        6838,
        1199,
        1931,
        5603,
        3008,
        5843,
        2023,
        2091,
        3244,
        1879,
        4313,
        2090,
        2077,
        3002,
        9382,
        2202,
        1887,
        1952,
        2986,
        3517,
        2993,
        2258,
        1865,
        4209,
        1299,
        7513,
        2110,
        4515,
        6338,
        2941,
        1894,
        3113,
        2331,
        2373,
        1004,
        3096,
        1930,
        6153,
        5470,
        1936,
        1951,
        1088,
        798,
        1478,
        3510,
        1932,
        3111,
        1411,
        3790,
        2295,
        2452,
        7266,
        1920,
        2100,
        3503,
        2442,
        4706,
        3010,
        1196,
        1925,
        1145,
        1014,
        5450,
        5237,
        3104,
        3005,
        9867,
        1665,
        1886,
        5004,
        3007,
        1111,
        1357,
        1549,
        2066,
        2992,
        4122,
        211,
        4,
        9,
        1776,
        7575,
        205,
        11,
        2179,
        97,
        95,
        1001,
        1958,
        6,
        1616,
        8615,
        1197,
        1312,
        5421,
        2511,
        2901,
        1071,
        12,
        3886,
        10,
        93,
        5338,
        8,
        3802,
        2500,
        3316,
        5,
        2502,
        1076,
        4200,
        1368,
        5300,
        5257,
        4046,
        4580,
        3373,
        5456,
        220,
        620,
        3861,
        2773,
        5397
    ],
    "embedding": [
        -1.0,
        -1.0,
        -1.0,
        1.0,
        -1.0,
        1.0,
        -1.0,
        -1.0,
        -1.0,
        -1.0,
        1.0,
        -1.0,
        -1.0,
        1.0,
        1.0,
        1.0,
        1.0,
        -1.0,
        1.0,
        -1.0,
        1.0,
        -1.0,
        1.0,
        -1.0,
        1.0,
        -1.0,
        -1.0,
        1.0,
        -1.0,
        -1.0,
        1.0,
        1.0,
        -1.0,
        -1.0,
        -1.0,
        1.0,
        -1.0,
        1.0,
        1.0,
        -1.0,
        -1.0,
        1.0,
        -1.0,
        -1.0,
        -1.0,
        -1.0,
        1.0,
        -1.0,
        -1.0,
        -0.9902238249778748,
        -1.0,
        1.0,
        1.0,
        1.0,
        -1.0,
        1.0,
        1.0,
        1.0,
        -1.0,
        0.9997870326042175,
        -1.0,
        -1.0,
        1.0,
        -1.0,
        1.0,
        -1.0,
        1.0,
        -1.0,
        1.0,
        1.0,
        1.0,
        -1.0,
        -1.0,
        -1.0,
        -1.0,
        1.0,
        1.0,
        1.0,
        1.0,
        1.0,
        1.0,
        1.0,
        1.0,
        -1.0,
        -1.0,
        1.0,
        -1.0,
        1.0,
        1.0,
        1.0,
        -1.0,
        1.0,
        1.0,
        -1.0,
        1.0,
        -1.0,
        1.0,
        -1.0,
        -1.0,
        -1.0,
        -0.9994175434112549,
        -1.0,
        1.0,
        -1.0,
        -1.0,
        1.0,
        1.0,
        1.0,
        -1.0,
        -1.0,
        1.0,
        -1.0,
        -1.0,
        1.0,
        1.0,
        1.0,
        1.0,
        1.0,
        1.0,
        -1.0,
        -1.0,
        1.0,
        -1.0,
        -1.0,
        1.0,
        -1.0,
        -1.0,
        -1.0,
        -1.0,
        1.0,
        -1.0,
        1.0,
        -1.0,
        -1.0,
        1.0,
        -1.0,
        -1.0,
        1.0,
        1.0,
        -1.0,
        1.0,
        1.0,
        1.0,
        -1.0,
        1.0,
        -1.0,
        1.0,
        -1.0,
        -1.0,
        -1.0,
        1.0,
        -1.0,
        1.0,
        -1.0,
        1.0,
        -1.0,
        1.0,
        -1.0,
        1.0,
        -1.0,
        -1.0,
        1.0,
        -1.0,
        -1.0,
        1.0,
        -1.0,
        1.0,
        -1.0,
        -1.0,
        -1.0,
        -1.0,
        -1.0,
        1.0,
        1.0,
        -1.0,
        -1.0,
        1.0,
        -1.0,
        -1.0,
        -1.0,
        1.0,
        -1.0,
        -1.0,
        -1.0,
        1.0,
        -1.0,
        1.0,
        -1.0,
        -1.0,
        -1.0,
        1.0,
        1.0,
        1.0,
        1.0,
        -1.0,
        -1.0,
        1.0,
        -1.0,
        -1.0,
        1.0,
        -1.0,
        1.0,
        -1.0,
        -1.0,
        -1.0,
        -1.0,
        1.0,
        1.0,
        -1.0,
        -1.0,
        -1.0,
        1.0,
        -1.0,
        -1.0,
        -1.0,
        1.0,
        -1.0,
        1.0,
        -1.0,
        -1.0,
        1.0,
        -1.0,
        -1.0,
        1.0,
        -1.0,
        -0.990727424621582,
        1.0,
        -1.0,
        -1.0,
        -1.0,
        1.0,
        -1.0,
        1.0,
        -1.0,
        -1.0,
        1.0,
        -1.0,
        1.0,
        1.0,
        -1.0,
        1.0,
        -0.9800322651863098,
        1.0,
        -1.0,
        1.0,
        1.0,
        -1.0,
        -1.0,
        -1.0,
        1.0,
        1.0,
        1.0,
        -1.0,
        -1.0,
        -1.0,
        1.0,
        1.0,
        -1.0,
        -1.0,
        -1.0,
        1.0,
        1.0,
        1.0,
        -1.0,
        1.0,
        -1.0,
        -1.0,
        -1.0,
        1.0,
        1.0,
        -0.9994900822639465,
        -1.0,
        -1.0,
        1.0,
        -1.0,
        1.0,
        1.0,
        1.0,
        1.0,
        1.0,
        1.0,
        -1.0,
        1.0,
        1.0,
        1.0,
        -1.0,
        -1.0,
        1.0,
        -1.0,
        -1.0,
        -1.0,
        1.0,
        -1.0,
        -1.0,
        -1.0,
        -1.0,
        -1.0,
        1.0,
        1.0,
        1.0
    ],
    "embedding_scaling_factor": 0.005655544809997082,
    "samples": [
        2010,
        2000,
        2016,
        2012,
        2005,
        2007,
        2010,
        2016,
        2010,
        2009,
        2007,
        2011,
        1992,
        2004,
        2008,
        2006,
        1998,
        1999,
        2016,
        2002,
        2005,
        2004,
        2005,
        2018,
        1992,
        2011,
        2015,
        2015,
        2007,
        2008,
        2014,
        2011,
        2005,
        1999,
        1998,
        2001,
        2007,
        2008,
        2017,
        2014,
        2004,
        2013,
        2011,
        2007,
        1999,
        2003,
        2006,
        2011,
        2011,
        2008,
        2009,
        2000,
        2008,
        2004,
        2010,
        2009,
        2009,
        2010,
        2002,
        2001,
        2007,
        2003,
        2001,
        2011,
        2002,
        2004,
        1998,
        2010,
        2006,
        2018,
        2003,
        2016,
        2006,
        1997,
        2002,
        2012,
        2007,
        2000,
        2009,
        2005,
        2010,
        2003,
        2011,
        2004,
        2003,
        2004,
        0,
        2007,
        2012,
        2001,
        2008,
        2006,
        2003,
        2015,
        2006,
        1996,
        2000,
        2005,
        2008,
        2000
    ],
    "category_values_ratio": {
        "2007": 93835,
        "2006": 93676,
        "2005": 91934,
        "2004": 89105,
        "2012": 84622,
        "2008": 84589,
        "2003": 84218,
        "2013": 83598,
        "2011": 79422,
        "2002": 76406,
        "2010": 76208,
        "2014": 70381,
        "2001": 64855,
        "2000": 64296,
        "2015": 64284,
        "2009": 64189,
        "1999": 48461,
        "2016": 46668,
        "1998": 37691,
        "1997": 30804,
        "2017": 30216,
        "1996": 22083,
        "1995": 19368,
        "2018": 16133,
        "1994": 13841,
        "1993": 8057,
        "1992": 6579,
        "2019": 4342,
        "1991": 4330,
        "1990": 3533,
        "1989": 1998,
        "1988": 1775,
        "1987": 1380,
        "0": 1023,
        "1986": 909,
        "1985": 639,
        "1984": 457,
        "1983": 276,
        "1982": 148,
        "1978": 101,
        "1980": 100,
        "1979": 96,
        "2020": 93,
        "1977": 75,
        "1976": 72,
        "1981": 68,
        "1971": 60,
        "9999": 54,
        "1974": 49,
        "1970": 49,
        "1900": 47,
        "1975": 44,
        "1969": 43,
        "1966": 40,
        "1972": 31,
        "2912": 28,
        "3013": 27,
        "1973": 26,
        "1967": 25,
        "1012": 24,
        "2914": 23,
        "1964": 22,
        "2103": 22,
        "2022": 21,
        "1965": 21,
        "2998": 19,
        "2088": 18,
        "1005": 18,
        "2200": 16,
        "2021": 16,
        "2104": 16,
        "2202": 16,
        "1007": 15,
        "1010": 15,
        "2105": 13,
        "1111": 12,
        "1963": 12,
        "1968": 12,
        "2913": 11,
        "2112": 10,
        "3003": 10,
        "2996": 10,
        "2201": 10,
        "2442": 9,
        "2997": 9,
        "1196": 9,
        "2995": 8,
        "9013": 8,
        "1957": 8,
        "2106": 8,
        "2911": 8,
        "1932": 8,
        "1001": 8,
        "2919": 8,
        "2205": 8,
        "2099": 7,
        "1013": 7,
        "1616": 7,
        "2206": 7,
        "6838": 7,
        "5843": 7,
        "2102": 7,
        "6338": 7,
        "4209": 7,
        "5456": 7,
        "1962": 7,
        "1004": 7,
        "2207": 6,
        "3574": 6,
        "2055": 6,
        "1199": 6,
        "1006": 6,
        "2097": 6,
        "1009": 6,
        "1929": 6,
        "1016": 6,
        "1879": 6,
        "1015": 6,
        "2915": 6,
        "2025": 6,
        "8074": 5,
        "2814": 5,
        "2203": 5,
        "2171": 5,
        "2992": 5,
        "6285": 5,
        "2044": 5,
        "1146": 5,
        "2917": 4,
        "2941": 4,
        "5005": 4,
        "2096": 4,
        "1003": 4,
        "2077": 4,
        "1008": 4,
        "5338": 4,
        "2204": 4,
        "2040": 4,
        "1930": 4,
        "1953": 4,
        "2991": 4,
        "3940": 3,
        "8042": 3,
        "2208": 3,
        "2024": 3,
        "1076": 3,
        "2994": 3,
        "2209": 3,
        "3837": 3,
        "4032": 3,
        "4046": 3,
        "4580": 3,
        "2051": 3,
        "2621": 3,
        "277": 3,
        "2301": 3,
        "1885": 3,
        "2023": 3,
        "5441": 3,
        "3697": 3,
        "5772": 3,
        "1017": 3,
        "6": 3,
        "1956": 3,
        "2033": 3,
        "2081": 3,
        "4": 3,
        "5397": 2,
        "5795": 2,
        "3018": 2,
        "9890": 2,
        "5384": 2,
        "4515": 2,
        "2179": 2,
        "2993": 2,
        "1865": 2,
        "2110": 2,
        "3201": 2,
        "2793": 2,
        "2576": 2,
        "7269": 2,
        "7266": 2,
        "1909": 2,
        "7251": 2,
        "3004": 2,
        "3020": 2,
        "2050": 2,
        "2031": 2,
        "8287": 2,
        "2916": 2,
        "2596": 2,
        "6153": 2,
        "2511": 2,
        "1920": 2,
        "10": 2,
        "1368": 2,
        "1741": 2,
        "8739": 2,
        "8008": 2,
        "5265": 2,
        "9035": 2,
        "3886": 2,
        "1931": 2,
        "1549": 2,
        "12": 2,
        "220": 2,
        "5421": 2,
        "2066": 2,
        "4200": 2,
        "1312": 2,
        "1665": 2,
        "5004": 2,
        "1952": 2,
        "211": 2,
        "11": 2,
        "97": 2,
        "1958": 2,
        "5015": 1,
        "4146": 1,
        "1902": 1,
        "1194": 1,
        "2483": 1,
        "4112": 1,
        "1959": 1,
        "6874": 1,
        "2054": 1,
        "7007": 1,
        "7247": 1,
        "5256": 1,
        "6078": 1,
        "3244": 1,
        "5199": 1,
        "6856": 1,
        "707": 1,
        "2101": 1,
        "2085": 1,
        "9463": 1,
        "2091": 1,
        "128": 1,
        "6580": 1,
        "3008": 1,
        "5603": 1,
        "1026": 1,
        "2999": 1,
        "4313": 1,
        "3435": 1,
        "9563": 1,
        "9510": 1,
        "1186": 1,
        "4452": 1,
        "3510": 1,
        "1088": 1,
        "8560": 1,
        "3002": 1,
        "9382": 1,
        "1729": 1,
        "1887": 1,
        "2986": 1,
        "3517": 1,
        "1894": 1,
        "9705": 1,
        "1195": 1,
        "1299": 1,
        "7513": 1,
        "9624": 1,
        "9219": 1,
        "7104": 1,
        "2258": 1,
        "2090": 1,
        "3113": 1,
        "2373": 1,
        "3790": 1,
        "1411": 1,
        "2151": 1,
        "7373": 1,
        "3014": 1,
        "1478": 1,
        "2331": 1,
        "798": 1,
        "1951": 1,
        "1936": 1,
        "5470": 1,
        "1939": 1,
        "3096": 1,
        "5709": 1,
        "1197": 1,
        "3776": 1,
        "3104": 1,
        "2070": 1,
        "1925": 1,
        "1014": 1,
        "1955": 1,
        "5450": 1,
        "5237": 1,
        "3005": 1,
        "2295": 1,
        "9867": 1,
        "9332": 1,
        "205": 1,
        "7575": 1,
        "2027": 1,
        "4697": 1,
        "3010": 1,
        "4706": 1,
        "1636": 1,
        "3503": 1,
        "2100": 1,
        "1145": 1,
        "3007": 1,
        "1886": 1,
        "1357": 1,
        "1776": 1,
        "9": 1,
        "8260": 1,
        "215": 1,
        "1901": 1,
        "4122": 1,
        "4004": 1,
        "1898": 1,
        "5257": 1,
        "3316": 1,
        "5": 1,
        "2817": 1,
        "2452": 1,
        "3111": 1,
        "1082": 1,
        "95": 1,
        "3648": 1,
        "5823": 1,
        "8438": 1,
        "1961": 1,
        "8615": 1,
        "2625": 1,
        "2901": 1,
        "1071": 1,
        "2107": 1,
        "3019": 1,
        "93": 1,
        "2502": 1,
        "8": 1,
        "3802": 1,
        "2500": 1,
        "2773": 1,
        "3861": 1,
        "620": 1,
        "2627": 1,
        "162": 1,
        "3373": 1,
        "1889": 1,
        "7226": 1,
        "5300": 1,
        "6247": 1,
        "6722": 1,
        "1899": 1
    },
    "nrows": 1578154
}