{
    "column_id": "IMDB/countries.csvcountries.csv/movieid",
    "dataset_name": "countries.csv",
    "dataset_id": "IMDB/countries.csv",
    "path": "/home/ubuntu/CatDB/Experiments/data/IMDB/countries.csv",
    "table_name": "countries.csv",
    "table_id": "IMDB/countries.csvcountries.csv",
    "column_name": "movieid",
    "data_source": "IMDB",
    "data_type": "int",
    "total_values_count": 5007,
    "distinct_values_count": 3828,
    "missing_values_count": 0,
    "true_ratio": null,
    "min_value": 1672052.0,
    "max_value": 2593313.0,
    "mean": 2149796.118833633,
    "median": 2166642.0,
    "iqr": 489830.5,
    "category_values": null,
    "embedding": [
        -1.0,
        -1.0,
        -1.0,
        1.0,
        -1.0,
        1.0,
        -1.0,
        -1.0,
        -1.0,
        -1.0,
        1.0,
        -1.0,
        -1.0,
        1.0,
        1.0,
        1.0,
        1.0,
        -1.0,
        1.0,
        -1.0,
        1.0,
        -1.0,
        1.0,
        -1.0,
        1.0,
        -1.0,
        -1.0,
        1.0,
        -1.0,
        -1.0,
        1.0,
        1.0,
        -1.0,
        -1.0,
        -1.0,
        1.0,
        -1.0,
        1.0,
        1.0,
        -1.0,
        -1.0,
        1.0,
        -1.0,
        -1.0,
        -1.0,
        -1.0,
        1.0,
        -1.0,
        -1.0,
        -0.9553897380828857,
        -1.0,
        1.0,
        1.0,
        1.0,
        -1.0,
        1.0,
        1.0,
        1.0,
        -1.0,
        0.9979681372642517,
        -1.0,
        -1.0,
        1.0,
        -1.0,
        1.0,
        -1.0,
        1.0,
        -1.0,
        1.0,
        1.0,
        1.0,
        -1.0,
        -1.0,
        -1.0,
        -1.0,
        1.0,
        1.0,
        1.0,
        1.0,
        1.0,
        1.0,
        1.0,
        1.0,
        -1.0,
        -1.0,
        1.0,
        -1.0,
        1.0,
        1.0,
        1.0,
        -1.0,
        1.0,
        1.0,
        -1.0,
        1.0,
        -1.0,
        1.0,
        -1.0,
        -1.0,
        -1.0,
        -0.9982368350028992,
        -1.0,
        1.0,
        -1.0,
        -1.0,
        1.0,
        1.0,
        1.0,
        -1.0,
        -1.0,
        1.0,
        -1.0,
        -1.0,
        1.0,
        1.0,
        1.0,
        1.0,
        1.0,
        1.0,
        -1.0,
        -1.0,
        1.0,
        -1.0,
        -1.0,
        1.0,
        -1.0,
        -1.0,
        -1.0,
        -1.0,
        1.0,
        -1.0,
        1.0,
        -1.0,
        -1.0,
        1.0,
        -1.0,
        -1.0,
        1.0,
        1.0,
        -1.0,
        1.0,
        1.0,
        1.0,
        -1.0,
        1.0,
        -1.0,
        1.0,
        -1.0,
        -1.0,
        -1.0,
        1.0,
        -1.0,
        1.0,
        -1.0,
        1.0,
        -1.0,
        1.0,
        -1.0,
        1.0,
        -1.0,
        -1.0,
        1.0,
        -1.0,
        -1.0,
        1.0,
        -1.0,
        1.0,
        -1.0,
        -1.0,
        -1.0,
        -1.0,
        -1.0,
        1.0,
        1.0,
        -1.0,
        -1.0,
        1.0,
        -1.0,
        -1.0,
        -1.0,
        1.0,
        -1.0,
        -1.0,
        -1.0,
        1.0,
        -1.0,
        1.0,
        -1.0,
        -1.0,
        -1.0,
        1.0,
        1.0,
        1.0,
        1.0,
        -1.0,
        -1.0,
        1.0,
        -1.0,
        -1.0,
        1.0,
        -1.0,
        1.0,
        -1.0,
        -1.0,
        -1.0,
        -1.0,
        1.0,
        1.0,
        -1.0,
        -1.0,
        -1.0,
        1.0,
        -1.0,
        -1.0,
        -1.0,
        1.0,
        -1.0,
        1.0,
        -1.0,
        -1.0,
        1.0,
        -1.0,
        -1.0,
        1.0,
        -1.0,
        -0.9549171924591064,
        1.0,
        -1.0,
        -1.0,
        -1.0,
        1.0,
        -1.0,
        1.0,
        -1.0,
        -1.0,
        1.0,
        -1.0,
        1.0,
        1.0,
        -1.0,
        1.0,
        -0.9493382573127747,
        1.0,
        -1.0,
        1.0,
        1.0,
        -1.0,
        -1.0,
        -1.0,
        1.0,
        1.0,
        1.0,
        -1.0,
        -1.0,
        -1.0,
        1.0,
        1.0,
        -1.0,
        -1.0,
        -1.0,
        1.0,
        1.0,
        1.0,
        -1.0,
        1.0,
        -1.0,
        -1.0,
        -1.0,
        1.0,
        1.0,
        -0.9979622960090637,
        -1.0,
        -1.0,
        1.0,
        -1.0,
        1.0,
        1.0,
        1.0,
        1.0,
        1.0,
        1.0,
        -1.0,
        1.0,
        1.0,
        1.0,
        -1.0,
        -1.0,
        1.0,
        -1.0,
        -1.0,
        -1.0,
        1.0,
        -1.0,
        -1.0,
        -1.0,
        -1.0,
        -1.0,
        1.0,
        1.0,
        1.0
    ],
    "embedding_scaling_factor": 14.072237968444824,
    "samples": [
        1760586,
        2292470,
        1744811,
        2144390,
        1766849,
        2138299,
        1984785,
        2316115,
        2456265,
        1981506,
        1773358,
        2454636,
        2572280,
        2216145,
        2458457,
        2026315,
        2477894,
        2263826,
        1776052,
        1722098,
        1978263,
        1807444,
        2058247,
        2501253,
        2035535,
        2193422,
        2011538,
        2495779,
        1988380,
        2121501,
        2424023,
        2545754,
        2082758,
        1786099,
        2247366,
        1743689,
        2300333,
        1689183,
        2430658,
        2116072,
        1731505,
        2393957,
        2361284,
        2245138,
        2442181,
        2493900,
        1727237,
        2157724,
        2449148,
        1939754,
        2459538,
        2406458,
        2450038,
        1942758,
        2461085,
        2502501,
        2469819,
        2011220,
        2311916,
        2217636,
        2436084,
        2338963,
        2308720,
        2251241,
        2361785,
        1673647,
        2468270,
        2487366,
        1864846,
        1920973,
        2457188,
        2477986,
        1964069,
        1845075,
        1950946,
        1823865,
        2461385,
        1787511,
        1961185,
        2466152,
        2257906,
        2172541,
        2174775,
        2425966,
        2415427,
        2359505,
        2593112,
        1951003,
        1926866,
        2308730,
        1760978,
        2516147,
        1762161,
        2371603,
        2562193,
        2299492,
        2493094,
        1929262,
        2566626,
        2112346
    ],
    "category_values_ratio": null,
    "nrows": 5007
}