{
    "column_id": "Yelp/Users.csvUsers.csv/votes_funny",
    "dataset_name": "Users.csv",
    "dataset_id": "Yelp/Users.csv",
    "path": "/home/ubuntu/CatDB/Experiments/data/Yelp/Users.csv",
    "table_name": "Users.csv",
    "table_id": "Yelp/Users.csvUsers.csv",
    "column_name": "votes_funny",
    "data_source": "Yelp",
    "data_type": "int",
    "total_values_count": 43873,
    "distinct_values_count": 1027,
    "missing_values_count": 0,
    "true_ratio": null,
    "min_value": 0.0,
    "max_value": 24519.0,
    "mean": 43.91386501948807,
    "median": 1.0,
    "iqr": 7.0,
    "category_values": [
        0,
        396,
        2,
        7,
        50,
        1,
        5,
        17,
        3,
        1294,
        64,
        8,
        4,
        15,
        36,
        46,
        81,
        9,
        629,
        10,
        23,
        472,
        19,
        250,
        14,
        62,
        39,
        11,
        37,
        680,
        52,
        24,
        6,
        3289,
        48,
        71,
        70,
        126,
        685,
        100,
        35,
        32,
        72,
        139,
        49,
        146,
        73,
        13,
        94,
        1204,
        296,
        16,
        43,
        26,
        18,
        186,
        129,
        21,
        119,
        80,
        12,
        27,
        56,
        65,
        29,
        97,
        904,
        47,
        467,
        192,
        55,
        25,
        20,
        1107,
        261,
        565,
        173,
        122,
        86,
        74,
        31,
        153,
        909,
        329,
        284,
        34,
        66,
        42,
        242,
        155,
        51,
        57,
        28,
        30,
        59,
        33,
        38,
        215,
        83,
        144,
        128,
        93,
        151,
        530,
        148,
        22,
        120,
        1067,
        2672,
        858,
        224,
        166,
        174,
        40,
        84,
        91,
        44,
        1004,
        101,
        111,
        77,
        626,
        125,
        303,
        130,
        152,
        1667,
        239,
        127,
        61,
        95,
        169,
        99,
        106,
        408,
        1404,
        221,
        1815,
        204,
        238,
        85,
        411,
        694,
        67,
        165,
        222,
        2924,
        136,
        331,
        288,
        121,
        41,
        620,
        255,
        759,
        352,
        1614,
        92,
        271,
        45,
        575,
        235,
        783,
        154,
        13648,
        60,
        2482,
        458,
        54,
        371,
        232,
        132,
        114,
        68,
        79,
        220,
        457,
        2149,
        378,
        400,
        109,
        786,
        89,
        53,
        6026,
        602,
        407,
        124,
        199,
        440,
        867,
        897,
        453,
        203,
        160,
        131,
        63,
        135,
        308,
        196,
        202,
        358,
        9895,
        882,
        365,
        194,
        118,
        1083,
        234,
        87,
        90,
        730,
        289,
        4813,
        292,
        490,
        617,
        475,
        189,
        992,
        266,
        372,
        470,
        3373,
        279,
        140,
        108,
        103,
        399,
        657,
        188,
        167,
        263,
        230,
        870,
        871,
        162,
        1483,
        5721,
        141,
        191,
        134,
        96,
        535,
        2036,
        225,
        116,
        979,
        415,
        195,
        142,
        104,
        2054,
        1478,
        403,
        463,
        2517,
        585,
        559,
        837,
        207,
        117,
        793,
        800,
        977,
        566,
        1021,
        143,
        1159,
        88,
        1382,
        342,
        2547,
        170,
        283,
        137,
        309,
        102,
        9423,
        340,
        1635,
        113,
        2732,
        512,
        746,
        618,
        1337,
        1481,
        4249,
        1248,
        445,
        249,
        313,
        2501,
        157,
        492,
        3441,
        145,
        2441,
        171,
        1088,
        206,
        373,
        2086,
        533,
        112,
        295,
        441,
        1852,
        1784,
        468,
        187,
        420,
        3097,
        1293,
        185,
        936,
        280,
        182,
        978,
        180,
        3127,
        2700,
        270,
        8780,
        1548,
        69,
        76,
        332,
        193,
        2166,
        1014,
        758,
        527,
        384,
        395,
        123,
        82,
        1453,
        353,
        6137,
        506,
        291,
        1472,
        163,
        528,
        226,
        307,
        456,
        164,
        156,
        725,
        571,
        20310,
        58,
        11108,
        830,
        4359,
        641,
        390,
        1564,
        98,
        107,
        551,
        2534,
        198,
        563,
        7856,
        432,
        149,
        469,
        223,
        1209,
        3001,
        860,
        133,
        1906,
        428,
        7349,
        1553,
        1205,
        184,
        265,
        181,
        417,
        75,
        248,
        701,
        293,
        431,
        346,
        1364,
        2164,
        2815,
        4926,
        1035,
        233,
        1372,
        258,
        1442,
        374,
        1265,
        1833,
        4042,
        105,
        689,
        241,
        150,
        1720,
        738,
        1717,
        362,
        6797,
        1100,
        219,
        980,
        179,
        229,
        747,
        413,
        695,
        878,
        78,
        161,
        6452,
        589,
        414,
        789,
        2513,
        547,
        341,
        499,
        696,
        1175,
        368,
        683,
        1588,
        500,
        742,
        350,
        1249,
        935,
        1183,
        459,
        334,
        9203,
        693,
        256,
        3000,
        5293,
        306,
        290,
        244,
        2853,
        436,
        361,
        398,
        318,
        159,
        315,
        3321,
        2691,
        388,
        138,
        366,
        1890,
        10451,
        2371,
        1950,
        1085,
        1677,
        593,
        354,
        209,
        1038,
        1393,
        716,
        369,
        205,
        364,
        282,
        590,
        212,
        1220,
        216,
        381,
        916,
        246,
        430,
        421,
        317,
        175,
        1070,
        824,
        488,
        3733,
        538,
        609,
        1425,
        688,
        211,
        483,
        338,
        1690,
        4141,
        1268,
        214,
        348,
        177,
        178,
        416,
        883,
        319,
        339,
        5931,
        1201,
        662,
        110,
        17534,
        3969,
        1179,
        532,
        2142,
        356,
        237,
        243,
        410,
        1549,
        1733,
        251,
        1405,
        1001,
        1367,
        344,
        247,
        501,
        267,
        1441,
        1451,
        910,
        183,
        702,
        769,
        721,
        394,
        444,
        464,
        259,
        294,
        273,
        269,
        895,
        654,
        176,
        682,
        1918,
        819,
        8857,
        903,
        1839,
        4943,
        253,
        666,
        1756,
        681,
        327,
        634,
        2248,
        2147,
        1234,
        3471,
        2221,
        158,
        236,
        4647,
        794,
        7177,
        115,
        1685,
        2278,
        3852,
        210,
        3353,
        4405,
        310,
        347,
        781,
        252,
        1500,
        787,
        397,
        190,
        227,
        2444,
        564,
        2154,
        461,
        1104,
        297,
        581,
        531,
        1520,
        197,
        881,
        659,
        277,
        1237,
        343,
        1789,
        276,
        485,
        631,
        383,
        496,
        1307,
        281,
        387,
        779,
        402,
        849,
        1984,
        529,
        305,
        427,
        1087,
        891,
        815,
        434,
        3694,
        577,
        314,
        754,
        299,
        1981,
        1254,
        503,
        744,
        5887,
        776,
        1749,
        6150,
        957,
        385,
        301,
        7806,
        1724,
        147,
        578,
        9003,
        2382,
        971,
        1642,
        264,
        628,
        9114,
        2006,
        3808,
        687,
        539,
        4354,
        1415,
        493,
        286,
        990,
        304,
        737,
        20707,
        355,
        351,
        200,
        2218,
        1233,
        511,
        1492,
        498,
        1362,
        640,
        7481,
        1064,
        745,
        767,
        1861,
        773,
        298,
        240,
        678,
        359,
        480,
        4785,
        300,
        5391,
        172,
        3243,
        932,
        443,
        580,
        1687,
        1193,
        422,
        451,
        2891,
        5838,
        466,
        1696,
        406,
        632,
        519,
        1336,
        231,
        913,
        375,
        1569,
        275,
        892,
        474,
        404,
        834,
        9118,
        382,
        218,
        349,
        1976,
        320,
        4925,
        10514,
        1216,
        10532,
        1105,
        660,
        814,
        831,
        924,
        1586,
        412,
        217,
        1380,
        829,
        5819,
        418,
        426,
        2471,
        245,
        543,
        3239,
        1009,
        2267,
        1412,
        756,
        933,
        254,
        595,
        713,
        4120,
        1166,
        423,
        1072,
        504,
        1979,
        766,
        552,
        558,
        523,
        2073,
        11070,
        2810,
        1291,
        1152,
        616,
        1977,
        874,
        213,
        11987,
        751,
        3769,
        610,
        257,
        1860,
        818,
        2373,
        465,
        2038,
        710,
        325,
        1824,
        557,
        201,
        260,
        938,
        851,
        228,
        1469,
        805,
        822,
        328,
        376,
        1231,
        536,
        1153,
        6311,
        1316,
        321,
        6230,
        1097,
        930,
        1534,
        621,
        1829,
        686,
        1498,
        655,
        698,
        9452,
        487,
        1768,
        435,
        262,
        1473,
        3807,
        1851,
        772,
        287,
        2215,
        386,
        1422,
        569,
        576,
        24519,
        1714,
        991,
        6253,
        945,
        2771,
        447,
        8067,
        579,
        601,
        1044,
        323,
        345,
        401,
        1195,
        4825,
        545,
        1066,
        3936,
        3757,
        2554,
        333,
        1826,
        1206,
        966,
        835,
        1745,
        405,
        5363,
        827,
        370,
        1605,
        599,
        1344,
        2792,
        1055,
        2256,
        379,
        9488,
        1552,
        1374,
        393,
        1350,
        1466,
        1521,
        572,
        700,
        1773,
        1731,
        168,
        1194,
        1708,
        13074,
        1750,
        743,
        1354,
        4377,
        1470,
        5167,
        1074,
        1411,
        607,
        1511,
        999,
        429,
        865,
        1993,
        3706,
        1050,
        2977,
        1002,
        1356,
        272,
        635,
        367,
        7088,
        3331,
        520,
        623,
        964,
        10103,
        1383,
        944,
        433,
        1056,
        2734,
        792,
        667,
        494,
        1659,
        803,
        1057,
        278,
        2655,
        919,
        806,
        653,
        622,
        1060,
        567,
        1475,
        2624,
        753,
        1482,
        671,
        1041,
        782,
        1189,
        764,
        1028,
        1178,
        719,
        3765,
        330,
        549,
        268,
        3209,
        380,
        285,
        15730,
        600,
        586,
        757,
        1137,
        1187,
        481,
        2470,
        1562,
        311,
        302,
        515,
        363,
        948,
        442,
        516,
        1574,
        583,
        208,
        1526,
        2763,
        665,
        2414,
        1615,
        324,
        15370,
        2562,
        489,
        424,
        1323,
        768,
        598,
        1309,
        684,
        987,
        10625,
        5817,
        3791,
        888,
        1436,
        1907,
        574,
        3133,
        1916,
        649,
        2168,
        1753,
        7009,
        1277,
        5247,
        316,
        962,
        4708,
        312,
        1884,
        2138,
        326,
        739,
        2410,
        1108,
        3458,
        1519,
        4021,
        462,
        2463,
        646,
        630,
        1317,
        1076,
        476,
        1143,
        1684,
        478,
        1299,
        446,
        703,
        1740,
        651,
        2544,
        508,
        972,
        2025
    ],
    "embedding": [
        -1.0,
        -1.0,
        -1.0,
        1.0,
        -1.0,
        1.0,
        -1.0,
        -1.0,
        -0.9999000430107117,
        -1.0,
        1.0,
        -1.0,
        -1.0,
        1.0,
        1.0,
        1.0,
        1.0,
        -1.0,
        1.0,
        -1.0,
        1.0,
        -1.0,
        1.0,
        -1.0,
        1.0,
        -1.0,
        -1.0,
        1.0,
        -1.0,
        -1.0,
        1.0,
        1.0,
        -1.0,
        -1.0,
        -1.0,
        1.0,
        -1.0,
        1.0,
        1.0,
        -1.0,
        -1.0,
        1.0,
        -1.0,
        -1.0,
        -1.0,
        -1.0,
        1.0,
        -1.0,
        -0.9999561309814453,
        -0.287141889333725,
        -1.0,
        1.0,
        1.0,
        1.0,
        -1.0,
        1.0,
        1.0,
        1.0,
        -1.0,
        0.7351070046424866,
        -1.0,
        -1.0,
        1.0,
        -1.0,
        1.0,
        -1.0,
        1.0,
        -1.0,
        1.0,
        1.0,
        1.0,
        -1.0,
        -1.0,
        -1.0,
        -1.0,
        1.0,
        1.0,
        1.0,
        1.0,
        1.0,
        1.0,
        1.0,
        1.0,
        -1.0,
        -1.0,
        1.0,
        -1.0,
        1.0,
        1.0,
        1.0,
        -1.0,
        1.0,
        1.0,
        -1.0,
        1.0,
        -1.0,
        1.0,
        -1.0,
        -1.0,
        -1.0,
        -0.9179573059082031,
        -1.0,
        1.0,
        -1.0,
        -1.0,
        1.0,
        1.0,
        1.0,
        -1.0,
        -1.0,
        1.0,
        -1.0,
        -1.0,
        1.0,
        1.0,
        1.0,
        1.0,
        1.0,
        1.0,
        -1.0,
        -1.0,
        1.0,
        -1.0,
        -1.0,
        1.0,
        -1.0,
        -1.0,
        -0.999573290348053,
        -1.0,
        1.0,
        -1.0,
        1.0,
        -1.0,
        -1.0,
        1.0,
        -1.0,
        -1.0,
        1.0,
        1.0,
        -1.0,
        1.0,
        1.0,
        1.0,
        -1.0,
        1.0,
        -1.0,
        1.0,
        -1.0,
        -1.0,
        -1.0,
        0.9996649622917175,
        -1.0,
        1.0,
        -1.0,
        1.0,
        -1.0,
        1.0,
        -1.0,
        1.0,
        -1.0,
        -1.0,
        1.0,
        -1.0,
        -1.0,
        1.0,
        -1.0,
        1.0,
        -1.0,
        -1.0,
        -1.0,
        -1.0,
        -1.0,
        1.0,
        1.0,
        -1.0,
        -1.0,
        1.0,
        -1.0,
        -1.0,
        -1.0,
        1.0,
        -1.0,
        -1.0,
        -1.0,
        1.0,
        -1.0,
        1.0,
        -1.0,
        -1.0,
        -1.0,
        1.0,
        1.0,
        1.0,
        1.0,
        -1.0,
        -1.0,
        1.0,
        -1.0,
        -1.0,
        1.0,
        -1.0,
        1.0,
        -1.0,
        -1.0,
        -1.0,
        -1.0,
        1.0,
        1.0,
        -1.0,
        -1.0,
        -1.0,
        1.0,
        -1.0,
        -1.0,
        -1.0,
        1.0,
        -1.0,
        1.0,
        -1.0,
        -1.0,
        1.0,
        -1.0,
        -1.0,
        1.0,
        -0.9998854994773865,
        -0.28926193714141846,
        1.0,
        -1.0,
        -1.0,
        -1.0,
        1.0,
        -1.0,
        1.0,
        -1.0,
        -1.0,
        1.0,
        -1.0,
        1.0,
        1.0,
        -0.99996417760849,
        1.0,
        -0.2664640545845032,
        1.0,
        -1.0,
        1.0,
        1.0,
        -1.0,
        -1.0,
        -1.0,
        1.0,
        1.0,
        1.0,
        -1.0,
        -1.0,
        -1.0,
        1.0,
        1.0,
        -1.0,
        -1.0,
        -1.0,
        1.0,
        1.0,
        1.0,
        -1.0,
        1.0,
        -1.0,
        -1.0,
        -1.0,
        1.0,
        1.0,
        -0.8987395763397217,
        -1.0,
        -1.0,
        1.0,
        -1.0,
        1.0,
        1.0,
        1.0,
        1.0,
        1.0,
        1.0,
        -1.0,
        1.0,
        1.0,
        1.0,
        -1.0,
        -1.0,
        1.0,
        -1.0,
        -1.0,
        -1.0,
        1.0,
        -1.0,
        -1.0,
        -1.0,
        -1.0,
        -1.0,
        1.0,
        1.0,
        0.9999998807907104
    ],
    "embedding_scaling_factor": 384.9645690917969,
    "samples": [
        0,
        1,
        601,
        1,
        0,
        0,
        4,
        1,
        0,
        0,
        1,
        366,
        2,
        137,
        94,
        0,
        0,
        0,
        0,
        8,
        4,
        307,
        3,
        3,
        59,
        0,
        1,
        0,
        0,
        0,
        4,
        3,
        0,
        0,
        10,
        4,
        1,
        78,
        5,
        1,
        9,
        3,
        0,
        1,
        1552,
        0,
        0,
        4,
        9,
        0,
        6,
        6,
        1,
        1,
        0,
        146,
        7,
        1,
        1,
        33,
        29,
        2,
        0,
        1,
        1,
        26,
        703,
        1815,
        0,
        6,
        1,
        0,
        2,
        0,
        2,
        0,
        0,
        3,
        6,
        0,
        27,
        0,
        0,
        1,
        0,
        5,
        0,
        19,
        19,
        21,
        0,
        0,
        1,
        8,
        2,
        0,
        0,
        45,
        5,
        2
    ],
    "category_values_ratio": {
        "0": 17087,
        "1": 6497,
        "2": 3384,
        "3": 2213,
        "4": 1544,
        "5": 1163,
        "6": 963,
        "7": 746,
        "8": 645,
        "9": 527,
        "10": 451,
        "11": 373,
        "12": 332,
        "13": 297,
        "14": 286,
        "15": 247,
        "16": 209,
        "17": 207,
        "19": 205,
        "18": 203,
        "20": 197,
        "21": 169,
        "24": 148,
        "22": 137,
        "23": 128,
        "25": 122,
        "26": 120,
        "27": 115,
        "29": 111,
        "30": 111,
        "28": 110,
        "33": 93,
        "34": 93,
        "35": 86,
        "36": 85,
        "32": 82,
        "31": 80,
        "39": 75,
        "38": 70,
        "37": 65,
        "46": 61,
        "42": 60,
        "40": 55,
        "44": 55,
        "48": 54,
        "43": 51,
        "49": 49,
        "51": 47,
        "54": 46,
        "50": 46,
        "45": 46,
        "56": 45,
        "57": 43,
        "52": 43,
        "53": 43,
        "47": 39,
        "41": 39,
        "55": 38,
        "64": 37,
        "72": 36,
        "61": 36,
        "67": 36,
        "77": 35,
        "59": 33,
        "69": 33,
        "62": 32,
        "65": 31,
        "60": 31,
        "71": 30,
        "68": 30,
        "66": 28,
        "79": 28,
        "76": 25,
        "70": 24,
        "90": 24,
        "58": 23,
        "104": 23,
        "82": 23,
        "80": 23,
        "74": 23,
        "81": 22,
        "75": 22,
        "86": 21,
        "88": 21,
        "73": 20,
        "84": 20,
        "91": 19,
        "97": 19,
        "108": 19,
        "96": 19,
        "83": 18,
        "136": 18,
        "89": 18,
        "94": 17,
        "63": 17,
        "113": 17,
        "87": 17,
        "78": 17,
        "106": 17,
        "93": 16,
        "92": 16,
        "112": 15,
        "107": 14,
        "125": 14,
        "126": 14,
        "98": 14,
        "146": 14,
        "144": 14,
        "103": 14,
        "151": 14,
        "132": 14,
        "85": 14,
        "110": 13,
        "100": 13,
        "118": 13,
        "121": 12,
        "101": 12,
        "111": 12,
        "114": 12,
        "119": 12,
        "105": 12,
        "133": 12,
        "142": 11,
        "122": 11,
        "150": 11,
        "116": 11,
        "99": 11,
        "134": 11,
        "140": 10,
        "173": 10,
        "157": 10,
        "135": 10,
        "95": 10,
        "123": 10,
        "124": 10,
        "234": 10,
        "127": 10,
        "139": 10,
        "154": 10,
        "180": 10,
        "160": 9,
        "199": 9,
        "202": 9,
        "165": 9,
        "102": 9,
        "169": 9,
        "166": 9,
        "182": 9,
        "109": 9,
        "176": 9,
        "170": 9,
        "128": 8,
        "148": 8,
        "179": 8,
        "246": 8,
        "181": 8,
        "162": 8,
        "117": 8,
        "177": 8,
        "149": 8,
        "155": 7,
        "221": 7,
        "184": 7,
        "137": 7,
        "153": 7,
        "138": 7,
        "403": 7,
        "143": 7,
        "203": 7,
        "178": 7,
        "196": 7,
        "141": 7,
        "189": 7,
        "172": 7,
        "232": 7,
        "188": 6,
        "115": 6,
        "120": 6,
        "171": 6,
        "288": 6,
        "158": 6,
        "163": 6,
        "161": 6,
        "156": 6,
        "164": 6,
        "396": 6,
        "192": 6,
        "152": 6,
        "130": 6,
        "219": 6,
        "249": 6,
        "174": 6,
        "129": 5,
        "317": 5,
        "195": 5,
        "281": 5,
        "145": 5,
        "204": 5,
        "185": 5,
        "131": 5,
        "385": 5,
        "198": 5,
        "238": 5,
        "201": 5,
        "175": 5,
        "167": 5,
        "187": 5,
        "284": 5,
        "412": 5,
        "258": 5,
        "200": 5,
        "191": 5,
        "291": 5,
        "241": 5,
        "334": 5,
        "213": 4,
        "386": 4,
        "694": 4,
        "417": 4,
        "244": 4,
        "352": 4,
        "228": 4,
        "609": 4,
        "349": 4,
        "214": 4,
        "333": 4,
        "292": 4,
        "267": 4,
        "341": 4,
        "239": 4,
        "296": 4,
        "226": 4,
        "366": 4,
        "307": 4,
        "308": 4,
        "384": 4,
        "212": 4,
        "263": 4,
        "227": 4,
        "327": 4,
        "304": 4,
        "207": 4,
        "286": 4,
        "298": 4,
        "270": 4,
        "280": 4,
        "332": 4,
        "253": 4,
        "464": 4,
        "259": 4,
        "147": 4,
        "193": 4,
        "248": 4,
        "418": 3,
        "321": 3,
        "365": 3,
        "194": 3,
        "255": 3,
        "331": 3,
        "487": 3,
        "242": 3,
        "405": 3,
        "382": 3,
        "601": 3,
        "275": 3,
        "266": 3,
        "345": 3,
        "303": 3,
        "401": 3,
        "224": 3,
        "245": 3,
        "300": 3,
        "271": 3,
        "299": 3,
        "423": 3,
        "440": 3,
        "371": 3,
        "463": 3,
        "330": 3,
        "283": 3,
        "186": 3,
        "342": 3,
        "685": 3,
        "309": 3,
        "680": 3,
        "849": 3,
        "250": 3,
        "485": 3,
        "1237": 3,
        "329": 3,
        "220": 3,
        "215": 3,
        "457": 3,
        "328": 3,
        "407": 3,
        "240": 3,
        "289": 3,
        "498": 3,
        "183": 3,
        "469": 3,
        "205": 3,
        "395": 3,
        "362": 3,
        "290": 3,
        "190": 3,
        "369": 3,
        "206": 3,
        "229": 3,
        "373": 3,
        "252": 3,
        "459": 3,
        "397": 3,
        "159": 3,
        "374": 3,
        "593": 3,
        "233": 3,
        "468": 3,
        "225": 3,
        "444": 3,
        "297": 3,
        "247": 3,
        "702": 3,
        "490": 3,
        "243": 3,
        "197": 3,
        "313": 3,
        "590": 3,
        "346": 3,
        "431": 3,
        "293": 3,
        "589": 3,
        "265": 3,
        "421": 3,
        "364": 3,
        "688": 3,
        "294": 3,
        "211": 3,
        "348": 3,
        "216": 3,
        "356": 3,
        "783": 2,
        "858": 2,
        "2482": 2,
        "372": 2,
        "1404": 2,
        "470": 2,
        "408": 2,
        "758": 2,
        "904": 2,
        "527": 2,
        "837": 2,
        "701": 2,
        "1205": 2,
        "279": 2,
        "390": 2,
        "566": 2,
        "353": 2,
        "767": 2,
        "475": 2,
        "1442": 2,
        "428": 2,
        "892": 2,
        "501": 2,
        "519": 2,
        "406": 2,
        "394": 2,
        "422": 2,
        "580": 2,
        "359": 2,
        "511": 2,
        "218": 2,
        "339": 2,
        "411": 2,
        "2036": 2,
        "340": 2,
        "977": 2,
        "585": 2,
        "399": 2,
        "626": 2,
        "413": 2,
        "618": 2,
        "980": 2,
        "759": 2,
        "882": 2,
        "746": 2,
        "565": 2,
        "730": 2,
        "378": 2,
        "415": 2,
        "400": 2,
        "222": 2,
        "441": 2,
        "1294": 2,
        "344": 2,
        "533": 2,
        "830": 2,
        "2086": 2,
        "1067": 2,
        "871": 2,
        "261": 2,
        "432": 2,
        "629": 2,
        "230": 2,
        "472": 2,
        "295": 2,
        "530": 2,
        "1100": 2,
        "492": 2,
        "445": 2,
        "453": 2,
        "867": 2,
        "1248": 2,
        "414": 2,
        "301": 2,
        "320": 2,
        "583": 2,
        "930": 2,
        "209": 2,
        "693": 2,
        "388": 2,
        "262": 2,
        "945": 2,
        "363": 2,
        "494": 2,
        "579": 2,
        "256": 2,
        "311": 2,
        "285": 2,
        "370": 2,
        "426": 2,
        "610": 2,
        "429": 2,
        "398": 2,
        "269": 2,
        "168": 2,
        "251": 2,
        "436": 2,
        "430": 2,
        "599": 2,
        "500": 2,
        "208": 2,
        "665": 2,
        "462": 2,
        "315": 2,
        "557": 2,
        "325": 2,
        "465": 2,
        "488": 2,
        "1350": 2,
        "376": 2,
        "737": 2,
        "935": 2,
        "628": 2,
        "338": 2,
        "343": 2,
        "461": 2,
        "273": 2,
        "355": 2,
        "616": 2,
        "351": 2,
        "523": 2,
        "383": 2,
        "552": 2,
        "766": 2,
        "277": 2,
        "660": 2,
        "682": 2,
        "410": 2,
        "276": 2,
        "237": 2,
        "496": 2,
        "314": 2,
        "903": 2,
        "402": 2,
        "776": 2,
        "503": 2,
        "1254": 2,
        "666": 2,
        "1549": 2,
        "2221": 2,
        "310": 2,
        "434": 2,
        "305": 2,
        "787": 2,
        "891": 2,
        "210": 2,
        "7349": 1,
        "499": 1,
        "683": 1,
        "368": 1,
        "1175": 1,
        "696": 1,
        "6452": 1,
        "1553": 1,
        "547": 1,
        "1588": 1,
        "10451": 1,
        "1690": 1,
        "1720": 1,
        "3001": 1,
        "1265": 1,
        "350": 1,
        "878": 1,
        "742": 1,
        "1249": 1,
        "695": 1,
        "1183": 1,
        "9203": 1,
        "3000": 1,
        "1833": 1,
        "2691": 1,
        "3321": 1,
        "4042": 1,
        "689": 1,
        "318": 1,
        "1906": 1,
        "1890": 1,
        "747": 1,
        "1364": 1,
        "860": 1,
        "4926": 1,
        "1687": 1,
        "2853": 1,
        "3353": 1,
        "3852": 1,
        "2278": 1,
        "1950": 1,
        "1085": 1,
        "1677": 1,
        "1372": 1,
        "354": 1,
        "1035": 1,
        "1038": 1,
        "1393": 1,
        "716": 1,
        "2815": 1,
        "1070": 1,
        "2164": 1,
        "282": 1,
        "1220": 1,
        "381": 1,
        "916": 1,
        "7856": 1,
        "483": 1,
        "223": 1,
        "1425": 1,
        "1209": 1,
        "538": 1,
        "2371": 1,
        "3733": 1,
        "824": 1,
        "738": 1,
        "1234": 1,
        "1717": 1,
        "1201": 1,
        "2248": 1,
        "634": 1,
        "3097": 1,
        "420": 1,
        "1453": 1,
        "721": 1,
        "769": 1,
        "532": 1,
        "1179": 1,
        "3969": 1,
        "17534": 1,
        "641": 1,
        "662": 1,
        "2142": 1,
        "319": 1,
        "657": 1,
        "883": 1,
        "416": 1,
        "1564": 1,
        "551": 1,
        "2534": 1,
        "5931": 1,
        "2267": 1,
        "4359": 1,
        "20310": 1,
        "6137": 1,
        "910": 1,
        "1451": 1,
        "1441": 1,
        "506": 1,
        "2147": 1,
        "3471": 1,
        "6797": 1,
        "819": 1,
        "306": 1,
        "5293": 1,
        "361": 1,
        "4141": 1,
        "1268": 1,
        "563": 1,
        "2166": 1,
        "1548": 1,
        "8780": 1,
        "895": 1,
        "654": 1,
        "2700": 1,
        "3127": 1,
        "1918": 1,
        "8857": 1,
        "1784": 1,
        "978": 1,
        "1839": 1,
        "4943": 1,
        "936": 1,
        "1293": 1,
        "1756": 1,
        "681": 1,
        "1685": 1,
        "1852": 1,
        "7177": 1,
        "794": 1,
        "4647": 1,
        "236": 1,
        "1014": 1,
        "4785": 1,
        "1586": 1,
        "5391": 1,
        "531": 1,
        "815": 1,
        "1087": 1,
        "347": 1,
        "781": 1,
        "1500": 1,
        "1088": 1,
        "2441": 1,
        "3441": 1,
        "2444": 1,
        "564": 1,
        "2154": 1,
        "1104": 1,
        "2501": 1,
        "581": 1,
        "1520": 1,
        "2006": 1,
        "881": 1,
        "659": 1,
        "4249": 1,
        "427": 1,
        "9423": 1,
        "529": 1,
        "1984": 1,
        "1635": 1,
        "779": 1,
        "2547": 1,
        "387": 1,
        "1307": 1,
        "512": 1,
        "631": 1,
        "990": 1,
        "9003": 1,
        "1789": 1,
        "7806": 1,
        "11108": 1,
        "3694": 1,
        "577": 1,
        "1159": 1,
        "754": 1,
        "1021": 1,
        "1981": 1,
        "744": 1,
        "5887": 1,
        "800": 1,
        "1749": 1,
        "6150": 1,
        "957": 1,
        "793": 1,
        "1724": 1,
        "2382": 1,
        "559": 1,
        "578": 1,
        "2517": 1,
        "493": 1,
        "1415": 1,
        "4354": 1,
        "539": 1,
        "687": 1,
        "1382": 1,
        "3808": 1,
        "9114": 1,
        "264": 1,
        "1642": 1,
        "971": 1,
        "1337": 1,
        "1481": 1,
        "3243": 1,
        "1483": 1,
        "2054": 1,
        "231": 1,
        "632": 1,
        "979": 1,
        "2218": 1,
        "1233": 1,
        "535": 1,
        "1492": 1,
        "5721": 1,
        "1362": 1,
        "640": 1,
        "7481": 1,
        "1064": 1,
        "745": 1,
        "1861": 1,
        "831": 1,
        "773": 1,
        "870": 1,
        "678": 1,
        "480": 1,
        "1696": 1,
        "466": 1,
        "5838": 1,
        "2891": 1,
        "451": 1,
        "3373": 1,
        "1336": 1,
        "1193": 1,
        "443": 1,
        "932": 1,
        "829": 1,
        "924": 1,
        "2732": 1,
        "4925": 1,
        "4405": 1,
        "1478": 1,
        "20707": 1,
        "375": 1,
        "1569": 1,
        "992": 1,
        "474": 1,
        "404": 1,
        "834": 1,
        "9118": 1,
        "617": 1,
        "4813": 1,
        "1976": 1,
        "1083": 1,
        "10514": 1,
        "9895": 1,
        "1216": 1,
        "10532": 1,
        "2513": 1,
        "814": 1,
        "1009": 1,
        "3239": 1,
        "543": 1,
        "897": 1,
        "2471": 1,
        "358": 1,
        "913": 1,
        "5819": 1,
        "1380": 1,
        "217": 1,
        "1472": 1,
        "1605": 1,
        "528": 1,
        "3807": 1,
        "1097": 1,
        "620": 1,
        "851": 1,
        "1534": 1,
        "1829": 1,
        "686": 1,
        "1498": 1,
        "655": 1,
        "1773": 1,
        "9452": 1,
        "2924": 1,
        "1768": 1,
        "435": 1,
        "1473": 1,
        "1851": 1,
        "1316": 1,
        "772": 1,
        "287": 1,
        "621": 1,
        "938": 1,
        "260": 1,
        "13648": 1,
        "254": 1,
        "595": 1,
        "713": 1,
        "4120": 1,
        "1166": 1,
        "1072": 1,
        "504": 1,
        "1979": 1,
        "6230": 1,
        "6311": 1,
        "6026": 1,
        "598": 1,
        "15370": 1,
        "2562": 1,
        "489": 1,
        "3133": 1,
        "574": 1,
        "1907": 1,
        "1436": 1,
        "888": 1,
        "3791": 1,
        "5817": 1,
        "10625": 1,
        "987": 1,
        "684": 1,
        "1309": 1,
        "768": 1,
        "1153": 1,
        "1323": 1,
        "424": 1,
        "649": 1,
        "1731": 1,
        "1470": 1,
        "700": 1,
        "235": 1,
        "1469": 1,
        "805": 1,
        "822": 1,
        "575": 1,
        "1614": 1,
        "1231": 1,
        "536": 1,
        "602": 1,
        "558": 1,
        "1367": 1,
        "572": 1,
        "5363": 1,
        "827": 1,
        "2672": 1,
        "1344": 1,
        "2792": 1,
        "1055": 1,
        "2256": 1,
        "379": 1,
        "9488": 1,
        "1552": 1,
        "1374": 1,
        "393": 1,
        "1466": 1,
        "1521": 1,
        "4825": 1,
        "835": 1,
        "1195": 1,
        "789": 1,
        "1815": 1,
        "576": 1,
        "2771": 1,
        "24519": 1,
        "1714": 1,
        "6253": 1,
        "991": 1,
        "447": 1,
        "8067": 1,
        "1044": 1,
        "1667": 1,
        "323": 1,
        "1745": 1,
        "966": 1,
        "786": 1,
        "3769": 1,
        "2073": 1,
        "11070": 1,
        "2810": 1,
        "1291": 1,
        "1152": 1,
        "1824": 1,
        "710": 1,
        "2038": 1,
        "458": 1,
        "2373": 1,
        "818": 1,
        "2215": 1,
        "1860": 1,
        "2149": 1,
        "751": 1,
        "569": 1,
        "11987": 1,
        "874": 1,
        "1977": 1,
        "257": 1,
        "1422": 1,
        "698": 1,
        "1206": 1,
        "545": 1,
        "1066": 1,
        "3936": 1,
        "3757": 1,
        "2554": 1,
        "1004": 1,
        "1826": 1,
        "442": 1,
        "2470": 1,
        "1562": 1,
        "607": 1,
        "549": 1,
        "1107": 1,
        "3765": 1,
        "719": 1,
        "1178": 1,
        "1028": 1,
        "764": 1,
        "1189": 1,
        "667": 1,
        "757": 1,
        "792": 1,
        "1056": 1,
        "999": 1,
        "1511": 1,
        "1411": 1,
        "3209": 1,
        "1074": 1,
        "5167": 1,
        "865": 1,
        "756": 1,
        "1354": 1,
        "743": 1,
        "1750": 1,
        "13074": 1,
        "1708": 1,
        "1194": 1,
        "4377": 1,
        "1993": 1,
        "3706": 1,
        "1050": 1,
        "268": 1,
        "380": 1,
        "302": 1,
        "622": 1,
        "1001": 1,
        "1405": 1,
        "725": 1,
        "1733": 1,
        "571": 1,
        "456": 1,
        "1412": 1,
        "1105": 1,
        "933": 1,
        "753": 1,
        "2624": 1,
        "1475": 1,
        "567": 1,
        "1060": 1,
        "1482": 1,
        "467": 1,
        "653": 1,
        "919": 1,
        "2655": 1,
        "278": 1,
        "1057": 1,
        "803": 1,
        "1659": 1,
        "806": 1,
        "671": 1,
        "1041": 1,
        "782": 1,
        "586": 1,
        "600": 1,
        "15730": 1,
        "433": 1,
        "944": 1,
        "1383": 1,
        "630": 1,
        "972": 1,
        "508": 1,
        "2544": 1,
        "651": 1,
        "1740": 1,
        "703": 1,
        "446": 1,
        "1299": 1,
        "478": 1,
        "1684": 1,
        "1143": 1,
        "476": 1,
        "1076": 1,
        "1317": 1,
        "1753": 1,
        "10103": 1,
        "1187": 1,
        "2168": 1,
        "1916": 1,
        "1615": 1,
        "2414": 1,
        "2763": 1,
        "1526": 1,
        "3289": 1,
        "1574": 1,
        "324": 1,
        "516": 1,
        "948": 1,
        "1204": 1,
        "515": 1,
        "646": 1,
        "2463": 1,
        "4021": 1,
        "312": 1,
        "964": 1,
        "623": 1,
        "520": 1,
        "3331": 1,
        "7088": 1,
        "367": 1,
        "635": 1,
        "272": 1,
        "1356": 1,
        "1002": 1,
        "2977": 1,
        "2734": 1,
        "909": 1,
        "1137": 1,
        "481": 1,
        "3458": 1,
        "1108": 1,
        "2410": 1,
        "739": 1,
        "326": 1,
        "2138": 1,
        "1519": 1,
        "1884": 1,
        "4708": 1,
        "962": 1,
        "316": 1,
        "5247": 1,
        "1277": 1,
        "7009": 1,
        "2025": 1
    },
    "nrows": 43873
}