{
    "column_id": "Yelp/Users.csvUsers.csv/votes_useful",
    "dataset_name": "Users.csv",
    "dataset_id": "Yelp/Users.csv",
    "path": "/home/ubuntu/CatDB/Experiments/data/Yelp/Users.csv",
    "table_name": "Users.csv",
    "table_id": "Yelp/Users.csvUsers.csv",
    "column_name": "votes_useful",
    "data_source": "Yelp",
    "data_type": "int",
    "total_values_count": 43873,
    "distinct_values_count": 1329,
    "missing_values_count": 0,
    "true_ratio": null,
    "min_value": 0.0,
    "max_value": 24293.0,
    "mean": 77.4667107332528,
    "median": 5.0,
    "iqr": 22.0,
    "category_values": [
        13,
        733,
        0,
        8,
        5,
        78,
        4,
        34,
        74,
        6,
        104,
        3,
        7,
        1329,
        11,
        382,
        19,
        21,
        76,
        1,
        17,
        14,
        135,
        181,
        1151,
        2,
        53,
        28,
        12,
        137,
        110,
        924,
        27,
        48,
        52,
        9,
        26,
        734,
        51,
        18,
        197,
        176,
        37,
        22,
        80,
        10,
        126,
        1169,
        35,
        65,
        106,
        57,
        63,
        15,
        2931,
        88,
        29,
        171,
        148,
        42,
        380,
        974,
        238,
        128,
        38,
        20,
        129,
        335,
        99,
        50,
        511,
        16,
        227,
        67,
        1214,
        1779,
        31,
        32,
        149,
        73,
        56,
        49,
        151,
        415,
        60,
        66,
        33,
        86,
        411,
        77,
        23,
        119,
        25,
        358,
        44,
        199,
        235,
        24,
        92,
        40,
        123,
        214,
        720,
        115,
        1431,
        737,
        155,
        55,
        36,
        1125,
        470,
        111,
        579,
        456,
        101,
        239,
        81,
        54,
        96,
        39,
        152,
        301,
        125,
        195,
        836,
        959,
        354,
        100,
        79,
        45,
        169,
        175,
        243,
        267,
        114,
        116,
        71,
        46,
        75,
        85,
        278,
        270,
        94,
        162,
        64,
        122,
        373,
        43,
        350,
        30,
        277,
        265,
        224,
        231,
        133,
        1111,
        47,
        312,
        93,
        130,
        386,
        70,
        2267,
        5504,
        1183,
        376,
        290,
        95,
        420,
        109,
        252,
        296,
        117,
        173,
        304,
        192,
        1283,
        142,
        138,
        331,
        153,
        147,
        118,
        223,
        852,
        299,
        203,
        546,
        266,
        405,
        139,
        1741,
        365,
        140,
        237,
        194,
        174,
        178,
        69,
        819,
        2067,
        396,
        3118,
        390,
        547,
        41,
        487,
        328,
        58,
        695,
        97,
        814,
        398,
        91,
        62,
        368,
        2711,
        61,
        159,
        273,
        722,
        200,
        180,
        656,
        249,
        102,
        120,
        1423,
        784,
        1298,
        141,
        241,
        723,
        473,
        2575,
        527,
        59,
        599,
        340,
        578,
        204,
        1543,
        20648,
        221,
        2808,
        164,
        591,
        166,
        168,
        161,
        850,
        451,
        160,
        248,
        189,
        259,
        562,
        83,
        226,
        240,
        68,
        393,
        684,
        3265,
        477,
        196,
        177,
        516,
        245,
        1209,
        314,
        144,
        528,
        339,
        132,
        3924,
        614,
        342,
        253,
        127,
        146,
        1046,
        522,
        112,
        124,
        1136,
        1392,
        298,
        1036,
        542,
        383,
        186,
        648,
        529,
        661,
        179,
        170,
        82,
        145,
        2069,
        15384,
        154,
        1285,
        585,
        782,
        1713,
        263,
        606,
        156,
        359,
        242,
        385,
        909,
        107,
        3973,
        564,
        884,
        113,
        657,
        829,
        234,
        103,
        1468,
        105,
        539,
        686,
        232,
        7293,
        798,
        357,
        134,
        356,
        72,
        255,
        847,
        790,
        454,
        246,
        632,
        87,
        367,
        163,
        280,
        254,
        90,
        84,
        963,
        569,
        121,
        136,
        251,
        794,
        264,
        225,
        5735,
        407,
        1903,
        279,
        300,
        416,
        3391,
        392,
        1674,
        979,
        229,
        490,
        198,
        89,
        1467,
        2586,
        1504,
        709,
        5065,
        1421,
        1143,
        1850,
        216,
        285,
        310,
        1141,
        858,
        1442,
        1764,
        2238,
        150,
        206,
        294,
        1699,
        1854,
        713,
        3674,
        515,
        541,
        187,
        274,
        11897,
        3241,
        430,
        4130,
        687,
        309,
        98,
        205,
        209,
        1365,
        1917,
        1610,
        6186,
        295,
        2120,
        247,
        1175,
        526,
        510,
        1122,
        336,
        2452,
        282,
        827,
        7632,
        352,
        3450,
        210,
        559,
        305,
        1589,
        461,
        287,
        332,
        5790,
        1308,
        795,
        319,
        806,
        2375,
        2690,
        704,
        213,
        628,
        297,
        337,
        645,
        4008,
        211,
        1509,
        1290,
        570,
        349,
        999,
        3888,
        3799,
        165,
        406,
        593,
        489,
        10924,
        2092,
        590,
        202,
        668,
        493,
        3618,
        2510,
        1115,
        341,
        215,
        308,
        409,
        1070,
        271,
        158,
        1331,
        217,
        315,
        323,
        1995,
        697,
        291,
        5612,
        258,
        1176,
        673,
        809,
        876,
        626,
        1178,
        1253,
        21214,
        15014,
        1037,
        3845,
        919,
        219,
        1860,
        3033,
        212,
        807,
        465,
        1041,
        108,
        558,
        3383,
        825,
        6598,
        703,
        607,
        434,
        620,
        256,
        2685,
        395,
        381,
        3284,
        2106,
        418,
        261,
        2737,
        759,
        8745,
        257,
        193,
        1969,
        2404,
        353,
        313,
        244,
        977,
        250,
        625,
        316,
        725,
        269,
        495,
        233,
        1905,
        662,
        932,
        443,
        525,
        453,
        191,
        157,
        230,
        457,
        2045,
        2994,
        4727,
        5103,
        182,
        184,
        894,
        143,
        1750,
        379,
        817,
        2003,
        384,
        1025,
        485,
        2796,
        131,
        2581,
        530,
        12740,
        208,
        524,
        1256,
        399,
        2542,
        1414,
        1932,
        1644,
        12895,
        275,
        1595,
        388,
        828,
        2827,
        400,
        401,
        228,
        347,
        509,
        268,
        1512,
        2134,
        576,
        740,
        1135,
        952,
        638,
        491,
        12744,
        941,
        633,
        286,
        289,
        1586,
        571,
        1074,
        2847,
        190,
        422,
        582,
        480,
        838,
        856,
        1598,
        506,
        1049,
        2639,
        188,
        1018,
        1157,
        344,
        862,
        1912,
        329,
        3757,
        404,
        183,
        879,
        9827,
        1123,
        482,
        4096,
        8482,
        898,
        348,
        458,
        387,
        680,
        3958,
        533,
        417,
        741,
        705,
        207,
        201,
        327,
        370,
        3870,
        220,
        616,
        218,
        3900,
        922,
        624,
        1118,
        3104,
        8401,
        2875,
        3078,
        1255,
        222,
        281,
        1843,
        1029,
        478,
        325,
        320,
        403,
        1613,
        236,
        2208,
        1340,
        364,
        185,
        433,
        1455,
        565,
        702,
        1432,
        905,
        1057,
        1224,
        1244,
        318,
        1491,
        172,
        1381,
        260,
        317,
        408,
        345,
        2591,
        1071,
        455,
        1427,
        3165,
        840,
        322,
        900,
        694,
        1868,
        4160,
        2144,
        391,
        629,
        747,
        512,
        750,
        636,
        283,
        738,
        1295,
        7197,
        2305,
        584,
        24293,
        377,
        978,
        292,
        333,
        4287,
        1817,
        438,
        715,
        1028,
        2978,
        641,
        2332,
        1838,
        1761,
        659,
        1154,
        505,
        1732,
        811,
        389,
        302,
        853,
        338,
        2108,
        3758,
        1650,
        284,
        1096,
        343,
        1129,
        671,
        1052,
        554,
        902,
        1144,
        583,
        970,
        758,
        595,
        647,
        534,
        462,
        429,
        1119,
        361,
        481,
        1289,
        921,
        2368,
        630,
        424,
        1450,
        15190,
        1363,
        1961,
        2529,
        10629,
        483,
        502,
        918,
        1292,
        2469,
        532,
        1353,
        767,
        796,
        428,
        2621,
        887,
        2818,
        2348,
        3385,
        363,
        2428,
        2857,
        421,
        573,
        412,
        5733,
        513,
        610,
        374,
        1173,
        446,
        9835,
        419,
        378,
        1959,
        5640,
        651,
        3628,
        427,
        5179,
        8144,
        423,
        1155,
        2143,
        1555,
        535,
        781,
        355,
        474,
        4176,
        1254,
        1637,
        1335,
        410,
        678,
        167,
        1053,
        896,
        3476,
        568,
        500,
        2287,
        494,
        3208,
        1010,
        886,
        855,
        660,
        845,
        303,
        592,
        669,
        1803,
        1210,
        969,
        575,
        484,
        3660,
        3931,
        615,
        501,
        892,
        672,
        360,
        1574,
        1369,
        752,
        7071,
        937,
        447,
        2917,
        1811,
        442,
        1777,
        6568,
        1149,
        1982,
        658,
        397,
        11632,
        523,
        2066,
        492,
        9735,
        755,
        2086,
        1447,
        826,
        496,
        581,
        431,
        12233,
        330,
        369,
        4148,
        466,
        823,
        1105,
        1391,
        517,
        10452,
        3502,
        5250,
        1226,
        6486,
        940,
        735,
        306,
        1069,
        799,
        1090,
        449,
        23080,
        609,
        588,
        870,
        5984,
        1888,
        920,
        307,
        351,
        719,
        548,
        2132,
        611,
        2874,
        362,
        971,
        934,
        10396,
        1429,
        1604,
        459,
        1004,
        1012,
        1148,
        601,
        1539,
        1197,
        710,
        560,
        743,
        9659,
        6063,
        3343,
        1043,
        2068,
        1967,
        321,
        518,
        612,
        519,
        437,
        3393,
        649,
        1520,
        445,
        717,
        3812,
        10406,
        779,
        311,
        2785,
        540,
        1101,
        326,
        366,
        653,
        707,
        2783,
        637,
        980,
        903,
        964,
        761,
        514,
        1243,
        1453,
        2523,
        957,
        1280,
        334,
        1479,
        17740,
        768,
        3686,
        520,
        1077,
        1787,
        9119,
        17257,
        15570,
        1299,
        744,
        1301,
        1480,
        1482,
        2599,
        293,
        1466,
        2328,
        7465,
        834,
        441,
        1277,
        2854,
        953,
        3066,
        1305,
        2851,
        1877,
        479,
        613,
        726,
        1016,
        992,
        1230,
        5416,
        893,
        1518,
        567,
        580,
        1434,
        596,
        832,
        3847,
        469,
        753,
        911,
        714,
        754,
        587,
        460,
        2936,
        13146,
        3923,
        2009,
        2359,
        2373,
        4283,
        1128,
        875,
        12766,
        402,
        5078,
        815,
        2291,
        1058,
        674,
        371,
        503,
        2759,
        776,
        1013,
        822,
        617,
        1393,
        1095,
        440,
        521,
        721,
        1487,
        2399,
        553,
        2299,
        414,
        2317,
        804,
        786,
        677,
        1042,
        9219,
        1371,
        561,
        8001,
        1494,
        537,
        551,
        1537,
        797,
        871,
        577,
        1696,
        1163,
        432,
        644,
        272,
        885,
        603,
        5148,
        1184,
        1671,
        12847,
        1545,
        2883,
        1205,
        605,
        2019,
        4704,
        394,
        2933,
        2840,
        1352,
        574,
        2401,
        1737,
        789,
        23412,
        1824,
        2627,
        1215,
        10676,
        544,
        4069,
        863,
        990,
        1342,
        11168,
        907,
        425,
        860,
        683,
        288,
        831,
        631,
        771,
        1458,
        6187,
        1535,
        3932,
        7441,
        536,
        1975,
        688,
        2683,
        1153,
        1476,
        685,
        471,
        3283,
        413,
        1864,
        2432,
        1034,
        868,
        1239,
        476,
        9283,
        1167,
        1695,
        549,
        3279,
        1625,
        618,
        965,
        4759,
        10134,
        1879,
        2392,
        650,
        276,
        346,
        1899,
        1322,
        1910,
        1056,
        1192,
        1689,
        968,
        3572,
        2191,
        621,
        619,
        3768,
        16707,
        3554,
        1584,
        813,
        2129,
        665,
        712,
        772,
        4494,
        262,
        488,
        2351,
        6491,
        1836,
        1700,
        444,
        2519,
        841,
        1929,
        1088,
        4303,
        1809,
        5013,
        917,
        2288,
        2544,
        450,
        780,
        667,
        1320,
        972,
        1039,
        731,
        10627,
        770,
        1360,
        1692,
        11461,
        555,
        2125,
        1547,
        773,
        6316,
        2543,
        1098,
        2648,
        622,
        791,
        2258,
        1657,
        889,
        3584,
        1258,
        1164,
        873,
        1091,
        1279,
        808,
        1001,
        2014,
        1022,
        2082,
        2396,
        1744,
        3559,
        586,
        563,
        1821,
        988,
        1127,
        426,
        497,
        1235,
        6221,
        877,
        2656,
        435,
        7736,
        1189,
        23863,
        928,
        1577,
        1376,
        732,
        3255,
        1675,
        608,
        1035,
        1310,
        324,
        760,
        2923,
        2684,
        486,
        475,
        1495,
        947,
        2389,
        3326,
        1007,
        1085,
        1397,
        910,
        728,
        954,
        552,
        3353,
        2612,
        1113,
        20762,
        1000,
        2967,
        452,
        1245,
        3030,
        464,
        1395,
        716,
        4703,
        8539,
        6034,
        764,
        1303,
        1865,
        1380,
        1372,
        4918,
        2234,
        1159,
        375,
        448,
        3992,
        880,
        1387,
        1072,
        4236,
        557,
        2834,
        11852,
        935,
        1875,
        7676,
        955,
        857,
        6762,
        915,
        2746,
        2903,
        3144,
        2468,
        2485,
        5573,
        499,
        5162,
        5482,
        2924,
        1250,
        1851,
        2311,
        951,
        1561,
        504,
        2558,
        757,
        818,
        472,
        2141,
        2631,
        1132,
        640,
        670,
        2337
    ],
    "embedding": [
        -1.0,
        -1.0,
        -1.0,
        1.0,
        -1.0,
        1.0,
        -1.0,
        -1.0,
        -1.0,
        -1.0,
        1.0,
        -1.0,
        -1.0,
        1.0,
        1.0,
        1.0,
        1.0,
        -1.0,
        1.0,
        -1.0,
        1.0,
        -1.0,
        1.0,
        -1.0,
        1.0,
        -1.0,
        -1.0,
        1.0,
        -1.0,
        -1.0,
        1.0,
        1.0,
        -1.0,
        -1.0,
        -1.0,
        1.0,
        -1.0,
        1.0,
        1.0,
        -1.0,
        -1.0,
        1.0,
        -1.0,
        -1.0,
        -1.0,
        -1.0,
        1.0,
        -1.0,
        -1.0,
        -0.6114237308502197,
        -1.0,
        1.0,
        1.0,
        1.0,
        -1.0,
        1.0,
        1.0,
        1.0,
        -1.0,
        0.8085153698921204,
        -1.0,
        -1.0,
        1.0,
        -1.0,
        1.0,
        -1.0,
        1.0,
        -1.0,
        1.0,
        1.0,
        1.0,
        -1.0,
        -1.0,
        -1.0,
        -1.0,
        1.0,
        1.0,
        1.0,
        1.0,
        1.0,
        1.0,
        1.0,
        1.0,
        -1.0,
        -1.0,
        1.0,
        -1.0,
        1.0,
        1.0,
        1.0,
        -1.0,
        1.0,
        1.0,
        -1.0,
        1.0,
        -1.0,
        1.0,
        -1.0,
        -1.0,
        -1.0,
        -0.9557351469993591,
        -1.0,
        1.0,
        -1.0,
        -1.0,
        1.0,
        1.0,
        1.0,
        -1.0,
        -1.0,
        1.0,
        -1.0,
        -1.0,
        1.0,
        1.0,
        1.0,
        1.0,
        1.0,
        1.0,
        -1.0,
        -1.0,
        1.0,
        -1.0,
        -1.0,
        1.0,
        -1.0,
        -1.0,
        -1.0,
        -1.0,
        1.0,
        -1.0,
        1.0,
        -1.0,
        -1.0,
        1.0,
        -1.0,
        -1.0,
        1.0,
        1.0,
        -1.0,
        1.0,
        1.0,
        1.0,
        -1.0,
        1.0,
        -1.0,
        1.0,
        -1.0,
        -1.0,
        -1.0,
        0.999991774559021,
        -1.0,
        1.0,
        -1.0,
        1.0,
        -1.0,
        1.0,
        -1.0,
        1.0,
        -1.0,
        -1.0,
        1.0,
        -1.0,
        -1.0,
        1.0,
        -1.0,
        1.0,
        -1.0,
        -1.0,
        -1.0,
        -1.0,
        -1.0,
        1.0,
        1.0,
        -1.0,
        -1.0,
        1.0,
        -1.0,
        -1.0,
        -1.0,
        1.0,
        -1.0,
        -1.0,
        -1.0,
        1.0,
        -1.0,
        1.0,
        -1.0,
        -1.0,
        -1.0,
        1.0,
        1.0,
        1.0,
        1.0,
        -1.0,
        -1.0,
        1.0,
        -1.0,
        -1.0,
        1.0,
        -1.0,
        1.0,
        -1.0,
        -1.0,
        -1.0,
        -1.0,
        1.0,
        1.0,
        -1.0,
        -1.0,
        -1.0,
        1.0,
        -1.0,
        -1.0,
        -1.0,
        1.0,
        -1.0,
        1.0,
        -1.0,
        -1.0,
        1.0,
        -1.0,
        -1.0,
        1.0,
        -1.0,
        -0.6093865633010864,
        1.0,
        -1.0,
        -1.0,
        -1.0,
        1.0,
        -1.0,
        1.0,
        -1.0,
        -1.0,
        1.0,
        -1.0,
        1.0,
        1.0,
        -1.0,
        1.0,
        -0.596743643283844,
        1.0,
        -1.0,
        1.0,
        1.0,
        -1.0,
        -1.0,
        -1.0,
        1.0,
        1.0,
        1.0,
        -1.0,
        -1.0,
        -1.0,
        1.0,
        1.0,
        -1.0,
        -1.0,
        -1.0,
        1.0,
        1.0,
        1.0,
        -1.0,
        1.0,
        -1.0,
        -1.0,
        -1.0,
        1.0,
        1.0,
        -0.9399147033691406,
        -1.0,
        -1.0,
        1.0,
        -1.0,
        1.0,
        1.0,
        1.0,
        1.0,
        1.0,
        1.0,
        -1.0,
        1.0,
        1.0,
        1.0,
        -1.0,
        -1.0,
        1.0,
        -1.0,
        -1.0,
        -1.0,
        1.0,
        -1.0,
        -1.0,
        -1.0,
        -1.0,
        -1.0,
        1.0,
        1.0,
        1.0
    ],
    "embedding_scaling_factor": 461.0329284667969,
    "samples": [
        8,
        0,
        31,
        92,
        0,
        337,
        34,
        6,
        3,
        2,
        11,
        6,
        0,
        1,
        23,
        7,
        3,
        827,
        34,
        10,
        0,
        1,
        1,
        0,
        14,
        65,
        110,
        14,
        2903,
        0,
        0,
        3,
        0,
        47,
        21,
        16,
        2,
        12,
        0,
        2,
        3,
        1,
        297,
        0,
        19,
        4,
        36,
        3,
        13,
        120,
        12,
        182,
        0,
        0,
        3,
        0,
        0,
        3,
        1,
        66,
        18,
        3,
        4,
        41,
        16,
        2,
        1,
        2,
        183,
        18,
        11,
        6,
        7,
        1,
        12,
        1,
        2,
        1,
        93,
        4,
        3,
        36,
        72,
        2,
        4,
        1,
        1,
        16,
        0,
        21,
        11,
        1,
        6,
        19,
        27,
        1,
        1,
        2,
        12,
        4
    ],
    "category_values_ratio": {
        "0": 6322,
        "1": 5119,
        "2": 3729,
        "3": 2832,
        "4": 2170,
        "5": 1793,
        "6": 1436,
        "7": 1272,
        "8": 1031,
        "9": 924,
        "10": 794,
        "11": 701,
        "12": 592,
        "13": 574,
        "14": 523,
        "15": 470,
        "16": 419,
        "17": 403,
        "18": 369,
        "19": 349,
        "20": 339,
        "21": 320,
        "22": 285,
        "24": 280,
        "23": 279,
        "29": 238,
        "25": 236,
        "27": 220,
        "26": 215,
        "28": 207,
        "30": 188,
        "31": 176,
        "32": 165,
        "33": 163,
        "36": 162,
        "34": 152,
        "35": 133,
        "37": 131,
        "38": 127,
        "39": 122,
        "40": 111,
        "42": 104,
        "41": 104,
        "45": 102,
        "46": 101,
        "49": 99,
        "43": 99,
        "44": 95,
        "51": 94,
        "52": 92,
        "48": 86,
        "50": 84,
        "47": 81,
        "57": 79,
        "54": 76,
        "53": 75,
        "60": 73,
        "58": 69,
        "56": 68,
        "55": 67,
        "59": 66,
        "63": 61,
        "67": 59,
        "71": 59,
        "62": 59,
        "61": 58,
        "65": 58,
        "64": 55,
        "73": 55,
        "69": 54,
        "68": 53,
        "74": 53,
        "72": 52,
        "79": 50,
        "75": 49,
        "78": 49,
        "82": 48,
        "70": 48,
        "93": 46,
        "86": 44,
        "77": 43,
        "66": 42,
        "76": 41,
        "80": 41,
        "87": 39,
        "85": 39,
        "99": 39,
        "104": 38,
        "91": 38,
        "83": 36,
        "111": 36,
        "95": 34,
        "81": 34,
        "94": 34,
        "117": 33,
        "89": 33,
        "84": 32,
        "105": 32,
        "96": 32,
        "110": 32,
        "88": 31,
        "90": 31,
        "101": 30,
        "108": 30,
        "114": 28,
        "97": 28,
        "103": 27,
        "98": 27,
        "119": 26,
        "109": 26,
        "102": 25,
        "125": 25,
        "126": 25,
        "113": 25,
        "106": 24,
        "112": 24,
        "133": 24,
        "107": 24,
        "130": 23,
        "121": 23,
        "100": 23,
        "122": 22,
        "148": 22,
        "118": 22,
        "135": 22,
        "127": 22,
        "128": 22,
        "116": 21,
        "129": 21,
        "92": 20,
        "141": 20,
        "146": 20,
        "132": 20,
        "183": 20,
        "140": 20,
        "115": 19,
        "164": 19,
        "170": 19,
        "159": 19,
        "194": 19,
        "142": 19,
        "151": 18,
        "181": 18,
        "176": 18,
        "157": 18,
        "138": 17,
        "175": 17,
        "161": 17,
        "144": 17,
        "134": 17,
        "173": 17,
        "149": 17,
        "123": 16,
        "154": 16,
        "166": 16,
        "137": 16,
        "204": 16,
        "201": 16,
        "233": 16,
        "180": 16,
        "131": 15,
        "120": 15,
        "145": 15,
        "186": 15,
        "124": 15,
        "209": 15,
        "189": 15,
        "162": 15,
        "136": 14,
        "195": 14,
        "256": 14,
        "152": 14,
        "178": 14,
        "155": 14,
        "139": 14,
        "217": 14,
        "179": 14,
        "147": 13,
        "158": 13,
        "196": 13,
        "215": 13,
        "205": 13,
        "160": 13,
        "224": 13,
        "143": 13,
        "197": 13,
        "211": 13,
        "171": 12,
        "239": 12,
        "238": 12,
        "192": 12,
        "206": 12,
        "198": 12,
        "188": 11,
        "222": 11,
        "187": 11,
        "247": 11,
        "210": 11,
        "235": 11,
        "169": 11,
        "203": 11,
        "221": 11,
        "200": 11,
        "267": 10,
        "243": 10,
        "172": 10,
        "275": 10,
        "199": 10,
        "227": 10,
        "229": 10,
        "236": 10,
        "177": 10,
        "184": 10,
        "165": 10,
        "226": 10,
        "258": 10,
        "244": 9,
        "223": 9,
        "301": 9,
        "310": 9,
        "382": 9,
        "156": 9,
        "174": 9,
        "240": 9,
        "251": 9,
        "273": 9,
        "150": 9,
        "291": 9,
        "190": 9,
        "163": 9,
        "253": 9,
        "167": 9,
        "193": 9,
        "182": 9,
        "353": 9,
        "185": 9,
        "237": 8,
        "367": 8,
        "207": 8,
        "252": 8,
        "271": 8,
        "153": 8,
        "234": 8,
        "255": 8,
        "249": 8,
        "510": 8,
        "213": 8,
        "392": 8,
        "168": 8,
        "342": 8,
        "208": 8,
        "231": 8,
        "257": 7,
        "297": 7,
        "228": 7,
        "248": 7,
        "265": 7,
        "216": 7,
        "279": 7,
        "386": 7,
        "220": 7,
        "325": 7,
        "270": 7,
        "214": 7,
        "282": 7,
        "335": 7,
        "212": 7,
        "191": 7,
        "219": 7,
        "245": 7,
        "242": 7,
        "277": 6,
        "453": 6,
        "528": 6,
        "294": 6,
        "328": 6,
        "303": 6,
        "298": 6,
        "487": 6,
        "232": 6,
        "307": 6,
        "286": 6,
        "350": 6,
        "274": 6,
        "410": 6,
        "296": 6,
        "283": 6,
        "309": 6,
        "320": 6,
        "398": 6,
        "241": 6,
        "225": 6,
        "284": 6,
        "431": 6,
        "304": 6,
        "261": 6,
        "336": 6,
        "349": 6,
        "457": 6,
        "280": 6,
        "299": 6,
        "263": 6,
        "411": 5,
        "341": 5,
        "409": 5,
        "331": 5,
        "458": 5,
        "290": 5,
        "412": 5,
        "579": 5,
        "438": 5,
        "415": 5,
        "451": 5,
        "285": 5,
        "422": 5,
        "281": 5,
        "359": 5,
        "389": 5,
        "327": 5,
        "384": 5,
        "293": 5,
        "489": 5,
        "246": 5,
        "593": 5,
        "357": 5,
        "657": 5,
        "687": 5,
        "318": 5,
        "713": 5,
        "264": 5,
        "230": 5,
        "317": 5,
        "347": 5,
        "345": 5,
        "364": 5,
        "454": 5,
        "266": 5,
        "564": 5,
        "259": 5,
        "519": 5,
        "421": 4,
        "485": 4,
        "393": 4,
        "326": 4,
        "516": 4,
        "420": 4,
        "339": 4,
        "419": 4,
        "529": 4,
        "429": 4,
        "311": 4,
        "268": 4,
        "427": 4,
        "492": 4,
        "292": 4,
        "424": 4,
        "260": 4,
        "396": 4,
        "322": 4,
        "599": 4,
        "527": 4,
        "678": 4,
        "569": 4,
        "358": 4,
        "416": 4,
        "300": 4,
        "363": 4,
        "330": 4,
        "662": 4,
        "408": 4,
        "407": 4,
        "397": 4,
        "269": 4,
        "656": 4,
        "356": 4,
        "343": 4,
        "254": 4,
        "559": 4,
        "381": 4,
        "344": 4,
        "491": 4,
        "395": 4,
        "582": 4,
        "1049": 4,
        "360": 4,
        "625": 4,
        "403": 4,
        "289": 4,
        "515": 4,
        "404": 4,
        "478": 4,
        "466": 4,
        "484": 4,
        "306": 4,
        "592": 4,
        "501": 4,
        "352": 4,
        "371": 4,
        "417": 4,
        "250": 4,
        "337": 4,
        "323": 4,
        "430": 4,
        "449": 4,
        "305": 4,
        "603": 4,
        "704": 4,
        "442": 4,
        "202": 4,
        "319": 4,
        "262": 4,
        "370": 4,
        "218": 4,
        "313": 4,
        "743": 3,
        "905": 3,
        "858": 3,
        "560": 3,
        "490": 3,
        "638": 3,
        "428": 3,
        "316": 3,
        "952": 3,
        "500": 3,
        "565": 3,
        "433": 3,
        "596": 3,
        "576": 3,
        "535": 3,
        "385": 3,
        "1155": 3,
        "423": 3,
        "333": 3,
        "476": 3,
        "723": 3,
        "461": 3,
        "562": 3,
        "488": 3,
        "526": 3,
        "369": 3,
        "540": 3,
        "473": 3,
        "614": 3,
        "287": 3,
        "332": 3,
        "1209": 3,
        "477": 3,
        "684": 3,
        "340": 3,
        "272": 3,
        "302": 3,
        "522": 3,
        "853": 3,
        "645": 3,
        "351": 3,
        "402": 3,
        "338": 3,
        "578": 3,
        "606": 3,
        "278": 3,
        "651": 3,
        "553": 3,
        "380": 3,
        "376": 3,
        "534": 3,
        "767": 3,
        "368": 3,
        "401": 3,
        "493": 3,
        "554": 3,
        "399": 3,
        "390": 3,
        "329": 3,
        "308": 3,
        "1431": 3,
        "546": 3,
        "513": 3,
        "432": 3,
        "483": 3,
        "365": 3,
        "434": 3,
        "2452": 3,
        "544": 3,
        "387": 3,
        "768": 3,
        "969": 3,
        "388": 3,
        "542": 3,
        "379": 3,
        "1543": 3,
        "361": 3,
        "414": 3,
        "1176": 3,
        "441": 3,
        "1095": 3,
        "898": 3,
        "876": 3,
        "482": 3,
        "354": 3,
        "903": 3,
        "530": 3,
        "735": 3,
        "511": 3,
        "373": 3,
        "974": 3,
        "734": 2,
        "547": 2,
        "1151": 2,
        "456": 2,
        "1787": 2,
        "720": 2,
        "834": 2,
        "884": 2,
        "980": 2,
        "314": 2,
        "648": 2,
        "1520": 2,
        "445": 2,
        "782": 2,
        "585": 2,
        "1072": 2,
        "661": 2,
        "1036": 2,
        "784": 2,
        "695": 2,
        "375": 2,
        "836": 2,
        "1111": 2,
        "591": 2,
        "4283": 2,
        "1308": 2,
        "1589": 2,
        "459": 2,
        "362": 2,
        "1122": 2,
        "1175": 2,
        "934": 2,
        "295": 2,
        "1365": 2,
        "686": 2,
        "570": 2,
        "504": 2,
        "761": 2,
        "514": 2,
        "1453": 2,
        "953": 2,
        "312": 2,
        "850": 2,
        "1022": 2,
        "366": 2,
        "418": 2,
        "443": 2,
        "2375": 2,
        "932": 2,
        "1115": 2,
        "609": 2,
        "1310": 2,
        "2106": 2,
        "607": 2,
        "440": 2,
        "807": 2,
        "620": 2,
        "406": 2,
        "524": 2,
        "563": 2,
        "315": 2,
        "586": 2,
        "755": 2,
        "608": 2,
        "525": 2,
        "617": 2,
        "653": 2,
        "809": 2,
        "726": 2,
        "1290": 2,
        "796": 2,
        "673": 2,
        "928": 2,
        "817": 2,
        "826": 2,
        "894": 2,
        "626": 2,
        "1041": 2,
        "1178": 2,
        "977": 2,
        "503": 2,
        "703": 2,
        "725": 2,
        "581": 2,
        "497": 2,
        "558": 2,
        "548": 2,
        "465": 2,
        "1128": 2,
        "577": 2,
        "374": 2,
        "1153": 2,
        "610": 2,
        "758": 2,
        "647": 2,
        "462": 2,
        "536": 2,
        "921": 2,
        "630": 2,
        "2529": 2,
        "683": 2,
        "887": 2,
        "907": 2,
        "715": 2,
        "1295": 2,
        "1039": 2,
        "512": 2,
        "506": 2,
        "672": 2,
        "902": 2,
        "685": 2,
        "671": 2,
        "752": 2,
        "628": 2,
        "633": 2,
        "509": 2,
        "537": 2,
        "1149": 2,
        "1512": 2,
        "1098": 2,
        "378": 2,
        "377": 2,
        "471": 2,
        "1167": 2,
        "641": 2,
        "659": 2,
        "1154": 2,
        "505": 2,
        "1932": 2,
        "1824": 2,
        "413": 2,
        "892": 2,
        "740": 2,
        "575": 2,
        "460": 2,
        "2586": 2,
        "587": 2,
        "710": 2,
        "1764": 2,
        "1143": 2,
        "709": 2,
        "753": 2,
        "1467": 2,
        "1148": 2,
        "979": 2,
        "321": 2,
        "794": 2,
        "790": 2,
        "847": 2,
        "580": 2,
        "523": 2,
        "539": 2,
        "1088": 2,
        "611": 2,
        "1012": 2,
        "601": 2,
        "1644": 2,
        "619": 2,
        "747": 2,
        "616": 2,
        "845": 2,
        "1010": 2,
        "705": 2,
        "1255": 2,
        "813": 2,
        "733": 2,
        "624": 2,
        "1224": 2,
        "1071": 2,
        "455": 2,
        "1192": 2,
        "1254": 2,
        "355": 2,
        "391": 2,
        "968": 2,
        "629": 2,
        "827": 1,
        "829": 1,
        "7293": 1,
        "3618": 1,
        "2690": 1,
        "6186": 1,
        "2120": 1,
        "795": 1,
        "7632": 1,
        "3450": 1,
        "5790": 1,
        "806": 1,
        "4008": 1,
        "1917": 1,
        "1509": 1,
        "999": 1,
        "819": 1,
        "959": 1,
        "1741": 1,
        "405": 1,
        "1468": 1,
        "3799": 1,
        "470": 1,
        "1329": 1,
        "924": 1,
        "1169": 1,
        "2931": 1,
        "1214": 1,
        "1779": 1,
        "737": 1,
        "1125": 1,
        "2067": 1,
        "2267": 1,
        "5504": 1,
        "1183": 1,
        "1283": 1,
        "852": 1,
        "3888": 1,
        "2238": 1,
        "10924": 1,
        "2092": 1,
        "3674": 1,
        "541": 1,
        "11897": 1,
        "1057": 1,
        "1491": 1,
        "1299": 1,
        "940": 1,
        "1105": 1,
        "1391": 1,
        "517": 1,
        "10452": 1,
        "3502": 1,
        "5250": 1,
        "1226": 1,
        "6486": 1,
        "1069": 1,
        "2711": 1,
        "1854": 1,
        "1699": 1,
        "1442": 1,
        "963": 1,
        "590": 1,
        "668": 1,
        "1610": 1,
        "4130": 1,
        "798": 1,
        "1421": 1,
        "632": 1,
        "5735": 1,
        "1141": 1,
        "1903": 1,
        "3391": 1,
        "1674": 1,
        "1504": 1,
        "5065": 1,
        "1850": 1,
        "3241": 1,
        "3118": 1,
        "8482": 1,
        "3973": 1,
        "909": 1,
        "3870": 1,
        "3900": 1,
        "922": 1,
        "1118": 1,
        "3104": 1,
        "2875": 1,
        "348": 1,
        "3078": 1,
        "1843": 1,
        "1029": 1,
        "1613": 1,
        "1340": 1,
        "1455": 1,
        "702": 1,
        "1432": 1,
        "680": 1,
        "799": 1,
        "741": 1,
        "533": 1,
        "3958": 1,
        "825": 1,
        "15014": 1,
        "1037": 1,
        "3845": 1,
        "1860": 1,
        "8745": 1,
        "3033": 1,
        "3383": 1,
        "6598": 1,
        "8401": 1,
        "2685": 1,
        "3284": 1,
        "2737": 1,
        "759": 1,
        "400": 1,
        "1135": 1,
        "1070": 1,
        "12744": 1,
        "1598": 1,
        "941": 1,
        "3924": 1,
        "722": 1,
        "1423": 1,
        "1298": 1,
        "2575": 1,
        "20648": 1,
        "2808": 1,
        "3265": 1,
        "1136": 1,
        "1244": 1,
        "814": 1,
        "1392": 1,
        "383": 1,
        "2069": 1,
        "15384": 1,
        "1285": 1,
        "1713": 1,
        "1046": 1,
        "2510": 1,
        "1586": 1,
        "4096": 1,
        "571": 1,
        "1074": 1,
        "2847": 1,
        "480": 1,
        "838": 1,
        "856": 1,
        "2639": 1,
        "1018": 1,
        "1331": 1,
        "1157": 1,
        "862": 1,
        "1912": 1,
        "3757": 1,
        "879": 1,
        "9827": 1,
        "1123": 1,
        "4148": 1,
        "1479": 1,
        "1090": 1,
        "8144": 1,
        "900": 1,
        "694": 1,
        "1868": 1,
        "4160": 1,
        "750": 1,
        "1817": 1,
        "636": 1,
        "738": 1,
        "7197": 1,
        "2305": 1,
        "584": 1,
        "24293": 1,
        "978": 1,
        "4287": 1,
        "1450": 1,
        "1363": 1,
        "669": 1,
        "840": 1,
        "3165": 1,
        "1427": 1,
        "595": 1,
        "1650": 1,
        "1096": 1,
        "1052": 1,
        "2978": 1,
        "1144": 1,
        "583": 1,
        "970": 1,
        "1119": 1,
        "2591": 1,
        "481": 1,
        "1289": 1,
        "2368": 1,
        "2332": 1,
        "1028": 1,
        "15190": 1,
        "2144": 1,
        "1053": 1,
        "2143": 1,
        "23080": 1,
        "1555": 1,
        "502": 1,
        "918": 1,
        "1292": 1,
        "2469": 1,
        "532": 1,
        "1353": 1,
        "2621": 1,
        "2348": 1,
        "1959": 1,
        "3385": 1,
        "2428": 1,
        "2857": 1,
        "573": 1,
        "5733": 1,
        "1173": 1,
        "446": 1,
        "9835": 1,
        "10629": 1,
        "2818": 1,
        "1961": 1,
        "3476": 1,
        "781": 1,
        "474": 1,
        "4176": 1,
        "1637": 1,
        "1335": 1,
        "896": 1,
        "3628": 1,
        "568": 1,
        "5640": 1,
        "2287": 1,
        "494": 1,
        "3208": 1,
        "886": 1,
        "855": 1,
        "660": 1,
        "5179": 1,
        "3758": 1,
        "2108": 1,
        "811": 1,
        "1732": 1,
        "1982": 1,
        "658": 1,
        "11632": 1,
        "2066": 1,
        "9735": 1,
        "2086": 1,
        "1447": 1,
        "719": 1,
        "2874": 1,
        "1210": 1,
        "1280": 1,
        "1101": 1,
        "707": 1,
        "2783": 1,
        "637": 1,
        "964": 1,
        "1243": 1,
        "6568": 1,
        "496": 1,
        "1777": 1,
        "2132": 1,
        "588": 1,
        "870": 1,
        "5984": 1,
        "1888": 1,
        "920": 1,
        "823": 1,
        "12233": 1,
        "1811": 1,
        "2917": 1,
        "3931": 1,
        "615": 1,
        "1574": 1,
        "1369": 1,
        "7071": 1,
        "937": 1,
        "447": 1,
        "2523": 1,
        "957": 1,
        "334": 1,
        "3393": 1,
        "1043": 1,
        "3812": 1,
        "2068": 1,
        "1967": 1,
        "518": 1,
        "612": 1,
        "437": 1,
        "649": 1,
        "9659": 1,
        "717": 1,
        "3660": 1,
        "1803": 1,
        "1381": 1,
        "1129": 1,
        "1838": 1,
        "1761": 1,
        "6063": 1,
        "1197": 1,
        "779": 1,
        "15570": 1,
        "1253": 1,
        "17740": 1,
        "3686": 1,
        "520": 1,
        "1077": 1,
        "9119": 1,
        "17257": 1,
        "2785": 1,
        "1539": 1,
        "10406": 1,
        "971": 1,
        "3343": 1,
        "10396": 1,
        "1429": 1,
        "1604": 1,
        "1004": 1,
        "21214": 1,
        "841": 1,
        "5612": 1,
        "716": 1,
        "1007": 1,
        "1085": 1,
        "1397": 1,
        "910": 1,
        "728": 1,
        "954": 1,
        "552": 1,
        "2612": 1,
        "860": 1,
        "1113": 1,
        "20762": 1,
        "1000": 1,
        "2967": 1,
        "452": 1,
        "1245": 1,
        "3030": 1,
        "464": 1,
        "3326": 1,
        "2389": 1,
        "947": 1,
        "605": 1,
        "2933": 1,
        "1393": 1,
        "394": 1,
        "1434": 1,
        "832": 1,
        "4704": 1,
        "2019": 1,
        "3847": 1,
        "3353": 1,
        "1205": 1,
        "469": 1,
        "797": 1,
        "822": 1,
        "804": 1,
        "7736": 1,
        "425": 1,
        "1395": 1,
        "1495": 1,
        "697": 1,
        "475": 1,
        "324": 1,
        "760": 1,
        "2923": 1,
        "4703": 1,
        "8539": 1,
        "6034": 1,
        "2903": 1,
        "2468": 1,
        "2485": 1,
        "5573": 1,
        "499": 1,
        "5162": 1,
        "5482": 1,
        "2924": 1,
        "1250": 1,
        "1851": 1,
        "2311": 1,
        "1035": 1,
        "1675": 1,
        "3255": 1,
        "6221": 1,
        "486": 1,
        "2684": 1,
        "1821": 1,
        "988": 1,
        "1127": 1,
        "426": 1,
        "1235": 1,
        "877": 1,
        "732": 1,
        "2656": 1,
        "435": 1,
        "1301": 1,
        "1189": 1,
        "23863": 1,
        "1577": 1,
        "1376": 1,
        "1537": 1,
        "2840": 1,
        "567": 1,
        "12766": 1,
        "1342": 1,
        "990": 1,
        "1466": 1,
        "863": 1,
        "2328": 1,
        "4069": 1,
        "677": 1,
        "9219": 1,
        "2299": 1,
        "10676": 1,
        "2399": 1,
        "1215": 1,
        "1277": 1,
        "2854": 1,
        "1494": 1,
        "1305": 1,
        "1487": 1,
        "786": 1,
        "2599": 1,
        "11168": 1,
        "992": 1,
        "8001": 1,
        "479": 1,
        "1230": 1,
        "1371": 1,
        "2627": 1,
        "561": 1,
        "613": 1,
        "1016": 1,
        "2317": 1,
        "23412": 1,
        "721": 1,
        "875": 1,
        "3066": 1,
        "1877": 1,
        "7465": 1,
        "1482": 1,
        "2851": 1,
        "1042": 1,
        "789": 1,
        "714": 1,
        "2373": 1,
        "2291": 1,
        "885": 1,
        "815": 1,
        "5078": 1,
        "644": 1,
        "1013": 1,
        "911": 1,
        "1184": 1,
        "871": 1,
        "893": 1,
        "521": 1,
        "2401": 1,
        "1518": 1,
        "574": 1,
        "551": 1,
        "5148": 1,
        "1058": 1,
        "1352": 1,
        "12847": 1,
        "1737": 1,
        "1696": 1,
        "754": 1,
        "776": 1,
        "2759": 1,
        "2883": 1,
        "1545": 1,
        "2936": 1,
        "2359": 1,
        "1671": 1,
        "13146": 1,
        "3923": 1,
        "2009": 1,
        "674": 1,
        "5416": 1,
        "1163": 1,
        "951": 1,
        "1561": 1,
        "2558": 1,
        "1239": 1,
        "873": 1,
        "1091": 1,
        "1279": 1,
        "808": 1,
        "1001": 1,
        "2014": 1,
        "11461": 1,
        "1360": 1,
        "4494": 1,
        "770": 1,
        "2351": 1,
        "6491": 1,
        "1836": 1,
        "1700": 1,
        "444": 1,
        "2519": 1,
        "1929": 1,
        "1164": 1,
        "1258": 1,
        "3584": 1,
        "1547": 1,
        "1695": 1,
        "665": 1,
        "772": 1,
        "2082": 1,
        "1692": 1,
        "555": 1,
        "2125": 1,
        "773": 1,
        "889": 1,
        "6316": 1,
        "2543": 1,
        "2648": 1,
        "622": 1,
        "791": 1,
        "2258": 1,
        "1657": 1,
        "4303": 1,
        "1809": 1,
        "5013": 1,
        "12895": 1,
        "1025": 1,
        "2581": 1,
        "2404": 1,
        "12740": 1,
        "1256": 1,
        "2542": 1,
        "1414": 1,
        "1595": 1,
        "1750": 1,
        "828": 1,
        "2827": 1,
        "495": 1,
        "1969": 1,
        "2134": 1,
        "919": 1,
        "1995": 1,
        "2003": 1,
        "5103": 1,
        "917": 1,
        "731": 1,
        "2288": 1,
        "2544": 1,
        "450": 1,
        "780": 1,
        "667": 1,
        "1320": 1,
        "972": 1,
        "10627": 1,
        "4727": 1,
        "1480": 1,
        "2208": 1,
        "744": 1,
        "2796": 1,
        "1905": 1,
        "2045": 1,
        "2994": 1,
        "9283": 1,
        "868": 1,
        "757": 1,
        "1034": 1,
        "880": 1,
        "1387": 1,
        "4236": 1,
        "557": 1,
        "2834": 1,
        "11852": 1,
        "935": 1,
        "1875": 1,
        "7676": 1,
        "955": 1,
        "857": 1,
        "6762": 1,
        "3559": 1,
        "1744": 1,
        "2396": 1,
        "1625": 1,
        "965": 1,
        "3992": 1,
        "448": 1,
        "1159": 1,
        "3144": 1,
        "818": 1,
        "472": 1,
        "2141": 1,
        "2631": 1,
        "1132": 1,
        "640": 1,
        "670": 1,
        "2746": 1,
        "2234": 1,
        "764": 1,
        "915": 1,
        "1303": 1,
        "1865": 1,
        "1380": 1,
        "1372": 1,
        "4918": 1,
        "4759": 1,
        "10134": 1,
        "1879": 1,
        "3932": 1,
        "288": 1,
        "831": 1,
        "631": 1,
        "771": 1,
        "1458": 1,
        "6187": 1,
        "1535": 1,
        "7441": 1,
        "712": 1,
        "1975": 1,
        "688": 1,
        "2683": 1,
        "1476": 1,
        "3283": 1,
        "1864": 1,
        "2432": 1,
        "549": 1,
        "3279": 1,
        "2392": 1,
        "1689": 1,
        "650": 1,
        "276": 1,
        "346": 1,
        "1899": 1,
        "1322": 1,
        "1910": 1,
        "1056": 1,
        "3572": 1,
        "618": 1,
        "2191": 1,
        "621": 1,
        "3768": 1,
        "16707": 1,
        "3554": 1,
        "1584": 1,
        "2129": 1,
        "2337": 1
    },
    "nrows": 43873
}