{
    "column_id": "Yelp/Users.csvUsers.csv/votes_cool",
    "dataset_name": "Users.csv",
    "dataset_id": "Yelp/Users.csv",
    "path": "/home/ubuntu/CatDB/Experiments/data/Yelp/Users.csv",
    "table_name": "Users.csv",
    "table_id": "Yelp/Users.csvUsers.csv",
    "column_name": "votes_cool",
    "data_source": "Yelp",
    "data_type": "int",
    "total_values_count": 43873,
    "distinct_values_count": 1116,
    "missing_values_count": 0,
    "true_ratio": null,
    "min_value": 0.0,
    "max_value": 22410.0,
    "mean": 52.23971463086637,
    "median": 1.0,
    "iqr": 7.0,
    "category_values": [
        1,
        541,
        0,
        2,
        5,
        64,
        15,
        24,
        4,
        53,
        1142,
        84,
        7,
        6,
        3,
        10,
        38,
        13,
        86,
        60,
        905,
        25,
        20,
        765,
        620,
        33,
        12,
        17,
        65,
        818,
        35,
        90,
        39,
        9,
        3239,
        56,
        114,
        31,
        255,
        891,
        136,
        22,
        19,
        8,
        55,
        248,
        80,
        366,
        122,
        32,
        1143,
        436,
        21,
        34,
        14,
        11,
        69,
        224,
        178,
        18,
        97,
        54,
        182,
        74,
        130,
        30,
        45,
        117,
        28,
        683,
        72,
        842,
        394,
        63,
        1124,
        210,
        408,
        371,
        177,
        23,
        75,
        156,
        48,
        170,
        816,
        599,
        147,
        57,
        71,
        143,
        267,
        66,
        16,
        87,
        51,
        26,
        27,
        41,
        221,
        203,
        94,
        196,
        157,
        36,
        44,
        211,
        187,
        95,
        133,
        648,
        40,
        37,
        265,
        1835,
        47,
        4322,
        1139,
        254,
        207,
        276,
        49,
        101,
        154,
        43,
        1168,
        89,
        164,
        61,
        29,
        82,
        636,
        228,
        91,
        317,
        269,
        98,
        1663,
        262,
        134,
        105,
        83,
        557,
        1755,
        245,
        2640,
        302,
        308,
        329,
        77,
        103,
        672,
        496,
        123,
        234,
        165,
        2725,
        199,
        513,
        392,
        131,
        1146,
        517,
        1053,
        524,
        309,
        2202,
        109,
        598,
        46,
        227,
        42,
        168,
        124,
        1503,
        214,
        20116,
        73,
        2585,
        497,
        85,
        70,
        617,
        229,
        102,
        159,
        108,
        96,
        405,
        217,
        107,
        231,
        504,
        92,
        2657,
        313,
        453,
        140,
        955,
        158,
        58,
        319,
        112,
        145,
        62,
        3739,
        770,
        518,
        141,
        809,
        188,
        952,
        1184,
        295,
        516,
        127,
        166,
        126,
        406,
        79,
        197,
        520,
        412,
        195,
        1463,
        12486,
        1087,
        410,
        137,
        338,
        81,
        1428,
        279,
        205,
        113,
        285,
        626,
        339,
        3775,
        424,
        601,
        50,
        482,
        530,
        209,
        1153,
        225,
        351,
        459,
        5662,
        420,
        289,
        76,
        503,
        428,
        261,
        120,
        52,
        244,
        151,
        312,
        78,
        104,
        871,
        841,
        722,
        5627,
        1496,
        206,
        190,
        119,
        115,
        590,
        2331,
        186,
        192,
        1367,
        635,
        1430,
        2034,
        1274,
        600,
        67,
        3901,
        959,
        1097,
        118,
        1223,
        204,
        618,
        773,
        1271,
        1185,
        93,
        1971,
        173,
        1425,
        1537,
        68,
        2819,
        282,
        167,
        181,
        438,
        152,
        9912,
        314,
        2186,
        223,
        3353,
        201,
        444,
        1270,
        266,
        1656,
        1238,
        4891,
        1999,
        714,
        370,
        758,
        138,
        2105,
        5429,
        218,
        2928,
        257,
        1157,
        208,
        3796,
        677,
        172,
        527,
        336,
        180,
        509,
        2093,
        2098,
        484,
        155,
        272,
        296,
        3834,
        1363,
        149,
        1039,
        943,
        3587,
        3703,
        242,
        457,
        185,
        334,
        10597,
        1727,
        311,
        328,
        240,
        3138,
        1431,
        847,
        220,
        320,
        359,
        139,
        99,
        833,
        132,
        1661,
        449,
        5871,
        815,
        400,
        216,
        579,
        280,
        200,
        327,
        298,
        1076,
        1094,
        18681,
        268,
        59,
        316,
        14827,
        878,
        3307,
        734,
        507,
        2285,
        383,
        325,
        782,
        369,
        3187,
        135,
        606,
        6293,
        555,
        259,
        235,
        456,
        193,
        384,
        471,
        2025,
        3105,
        1314,
        2089,
        402,
        640,
        8011,
        1682,
        1504,
        125,
        129,
        647,
        358,
        247,
        361,
        144,
        110,
        121,
        894,
        88,
        213,
        660,
        337,
        398,
        284,
        100,
        230,
        1650,
        148,
        2591,
        3959,
        4707,
        297,
        746,
        237,
        1372,
        286,
        560,
        1563,
        591,
        249,
        1910,
        2030,
        10431,
        241,
        374,
        702,
        2245,
        822,
        1098,
        1869,
        288,
        293,
        766,
        106,
        9742,
        111,
        1218,
        393,
        2111,
        292,
        202,
        161,
        916,
        1595,
        447,
        849,
        174,
        10444,
        667,
        455,
        1208,
        315,
        674,
        2194,
        176,
        291,
        345,
        390,
        233,
        537,
        711,
        1458,
        443,
        695,
        191,
        2254,
        744,
        925,
        273,
        1707,
        687,
        1312,
        179,
        3264,
        594,
        8283,
        874,
        3321,
        6703,
        473,
        270,
        236,
        3740,
        275,
        281,
        427,
        435,
        499,
        381,
        409,
        194,
        3473,
        539,
        3247,
        407,
        142,
        834,
        2342,
        8429,
        2528,
        593,
        2674,
        972,
        150,
        1542,
        625,
        343,
        1473,
        1573,
        911,
        380,
        153,
        445,
        958,
        1045,
        566,
        562,
        887,
        890,
        169,
        1273,
        183,
        171,
        2753,
        690,
        2729,
        651,
        446,
        323,
        480,
        304,
        1743,
        4135,
        1460,
        341,
        546,
        671,
        493,
        184,
        1118,
        250,
        331,
        6068,
        1526,
        175,
        18806,
        915,
        3943,
        1204,
        347,
        468,
        2578,
        558,
        1817,
        1469,
        1279,
        1024,
        1522,
        608,
        258,
        342,
        670,
        1980,
        2488,
        1162,
        418,
        146,
        965,
        512,
        198,
        924,
        271,
        367,
        278,
        543,
        575,
        411,
        728,
        256,
        1111,
        627,
        2036,
        1059,
        305,
        987,
        13900,
        884,
        1427,
        1845,
        8991,
        160,
        576,
        1467,
        290,
        1706,
        335,
        974,
        697,
        263,
        116,
        377,
        2664,
        1815,
        2130,
        2120,
        2390,
        303,
        253,
        4830,
        935,
        9302,
        1621,
        3902,
        521,
        3595,
        310,
        3984,
        5590,
        486,
        701,
        1064,
        243,
        1974,
        1035,
        3191,
        1802,
        553,
        1357,
        299,
        502,
        532,
        506,
        2484,
        246,
        356,
        1040,
        1599,
        1936,
        238,
        657,
        429,
        609,
        355,
        1361,
        572,
        525,
        362,
        801,
        333,
        3038,
        751,
        2468,
        929,
        215,
        603,
        349,
        881,
        1220,
        877,
        5740,
        694,
        692,
        2259,
        1335,
        1206,
        5566,
        910,
        1642,
        505,
        10413,
        388,
        1451,
        354,
        976,
        395,
        8233,
        662,
        2027,
        460,
        11270,
        128,
        2932,
        1217,
        1680,
        9202,
        2452,
        4814,
        1391,
        931,
        3871,
        552,
        720,
        623,
        360,
        1069,
        921,
        19815,
        483,
        886,
        3953,
        251,
        1875,
        1653,
        489,
        430,
        219,
        1502,
        451,
        2471,
        686,
        750,
        9832,
        1256,
        1029,
        551,
        2103,
        1027,
        898,
        396,
        596,
        798,
        664,
        7102,
        5539,
        163,
        283,
        3130,
        944,
        1807,
        761,
        239,
        277,
        2780,
        476,
        1281,
        260,
        403,
        3814,
        8013,
        1919,
        737,
        212,
        2414,
        226,
        526,
        819,
        432,
        621,
        1876,
        934,
        222,
        397,
        545,
        983,
        14642,
        330,
        2747,
        469,
        902,
        1423,
        8320,
        15249,
        1399,
        11372,
        1074,
        1095,
        875,
        2145,
        851,
        1394,
        340,
        1786,
        1199,
        6444,
        763,
        372,
        991,
        2455,
        431,
        804,
        2889,
        947,
        274,
        2457,
        413,
        807,
        837,
        4782,
        1307,
        404,
        232,
        665,
        1180,
        495,
        2712,
        475,
        529,
        659,
        790,
        642,
        650,
        1979,
        11836,
        3369,
        1531,
        1262,
        1798,
        2562,
        946,
        448,
        477,
        11059,
        353,
        893,
        4944,
        830,
        466,
        1505,
        434,
        189,
        2288,
        678,
        1349,
        1089,
        846,
        1333,
        1512,
        389,
        1610,
        2097,
        462,
        880,
        9884,
        963,
        6353,
        1062,
        1255,
        1629,
        693,
        425,
        422,
        1812,
        294,
        252,
        307,
        3535,
        979,
        322,
        1354,
        11615,
        554,
        582,
        2708,
        1092,
        306,
        1833,
        2479,
        365,
        2178,
        727,
        1794,
        1443,
        710,
        22410,
        2228,
        1038,
        8280,
        382,
        3280,
        615,
        624,
        1137,
        9211,
        658,
        633,
        850,
        421,
        426,
        508,
        376,
        433,
        4886,
        1347,
        1119,
        3855,
        6607,
        162,
        348,
        604,
        2976,
        755,
        1276,
        549,
        2757,
        867,
        1677,
        492,
        1837,
        1036,
        7244,
        661,
        491,
        1517,
        324,
        352,
        479,
        2717,
        982,
        3846,
        10563,
        1356,
        2014,
        514,
        287,
        1608,
        1136,
        1759,
        909,
        739,
        1289,
        3664,
        1997,
        439,
        375,
        364,
        2710,
        14381,
        2606,
        1121,
        729,
        1421,
        580,
        3982,
        2214,
        5858,
        1641,
        567,
        1741,
        368,
        719,
        2110,
        844,
        752,
        1880,
        2600,
        862,
        3886,
        1331,
        3542,
        768,
        2004,
        414,
        614,
        771,
        487,
        326,
        8798,
        523,
        681,
        823,
        1302,
        10973,
        1581,
        1260,
        1852,
        3338,
        1317,
        930,
        1296,
        536,
        1912,
        1155,
        1201,
        574,
        668,
        2991,
        1170,
        318,
        866,
        901,
        811,
        1007,
        724,
        861,
        1756,
        2167,
        534,
        1602,
        515,
        1941,
        577,
        485,
        1366,
        993,
        1151,
        960,
        4796,
        470,
        2219,
        5479,
        855,
        22336,
        385,
        1197,
        1200,
        540,
        2530,
        1426,
        828,
        585,
        1020,
        638,
        684,
        2256,
        2053,
        1005,
        870,
        2082,
        2967,
        848,
        796,
        948,
        533,
        2746,
        2340,
        879,
        775,
        18630,
        550,
        1736,
        357,
        932,
        1995,
        417,
        906,
        5319,
        602,
        8050,
        5392,
        709,
        332,
        1485,
        1398,
        363,
        883,
        3903,
        1808,
        3687,
        966,
        2006,
        1125,
        708,
        3399,
        386,
        1477,
        10294,
        639,
        399,
        6412,
        559,
        568,
        564,
        1093,
        6405,
        2504,
        2412,
        762,
        3060,
        1898,
        4375,
        4132,
        4930,
        2730,
        1160,
        1867,
        820,
        1112,
        1930,
        653,
        437,
        1612,
        474,
        912,
        498,
        676,
        740,
        2638,
        738,
        561,
        2286
    ],
    "embedding": [
        -1.0,
        -1.0,
        -1.0,
        1.0,
        -1.0,
        1.0,
        -1.0,
        -1.0,
        -1.0,
        -1.0,
        1.0,
        -1.0,
        -1.0,
        1.0,
        1.0,
        1.0,
        1.0,
        -1.0,
        1.0,
        -1.0,
        1.0,
        -1.0,
        1.0,
        -1.0,
        1.0,
        -1.0,
        -1.0,
        1.0,
        -1.0,
        -1.0,
        1.0,
        1.0,
        -1.0,
        -1.0,
        -1.0,
        1.0,
        -1.0,
        1.0,
        1.0,
        -1.0,
        -1.0,
        1.0,
        -1.0,
        -1.0,
        -1.0,
        -1.0,
        1.0,
        -1.0,
        -1.0,
        -0.31411439180374146,
        -1.0,
        1.0,
        1.0,
        1.0,
        -1.0,
        1.0,
        1.0,
        1.0,
        -1.0,
        0.7334698438644409,
        -1.0,
        -1.0,
        1.0,
        -1.0,
        1.0,
        -1.0,
        1.0,
        -1.0,
        1.0,
        1.0,
        1.0,
        -1.0,
        -1.0,
        -1.0,
        -1.0,
        1.0,
        1.0,
        1.0,
        1.0,
        1.0,
        1.0,
        1.0,
        1.0,
        -1.0,
        -1.0,
        1.0,
        -1.0,
        1.0,
        1.0,
        1.0,
        -1.0,
        1.0,
        1.0,
        -1.0,
        1.0,
        -1.0,
        1.0,
        -1.0,
        -1.0,
        -1.0,
        -0.9209842681884766,
        -1.0,
        1.0,
        -1.0,
        -1.0,
        1.0,
        1.0,
        1.0,
        -1.0,
        -1.0,
        1.0,
        -1.0,
        -1.0,
        1.0,
        1.0,
        1.0,
        1.0,
        1.0,
        1.0,
        -1.0,
        -1.0,
        1.0,
        -1.0,
        -1.0,
        1.0,
        -1.0,
        -1.0,
        -1.0,
        -1.0,
        1.0,
        -1.0,
        1.0,
        -1.0,
        -1.0,
        1.0,
        -1.0,
        -1.0,
        1.0,
        1.0,
        -1.0,
        1.0,
        1.0,
        1.0,
        -1.0,
        1.0,
        -1.0,
        1.0,
        -1.0,
        -1.0,
        -1.0,
        0.9999973177909851,
        -1.0,
        1.0,
        -1.0,
        1.0,
        -1.0,
        1.0,
        -1.0,
        1.0,
        -1.0,
        -1.0,
        1.0,
        -1.0,
        -1.0,
        1.0,
        -1.0,
        1.0,
        -1.0,
        -1.0,
        -1.0,
        -1.0,
        -1.0,
        1.0,
        1.0,
        -1.0,
        -1.0,
        1.0,
        -1.0,
        -1.0,
        -1.0,
        1.0,
        -1.0,
        -1.0,
        -1.0,
        1.0,
        -1.0,
        1.0,
        -1.0,
        -1.0,
        -1.0,
        1.0,
        1.0,
        1.0,
        1.0,
        -1.0,
        -1.0,
        1.0,
        -1.0,
        -1.0,
        1.0,
        -1.0,
        1.0,
        -1.0,
        -1.0,
        -1.0,
        -1.0,
        1.0,
        1.0,
        -1.0,
        -1.0,
        -1.0,
        1.0,
        -1.0,
        -1.0,
        -1.0,
        1.0,
        -1.0,
        1.0,
        -1.0,
        -1.0,
        1.0,
        -1.0,
        -1.0,
        1.0,
        -1.0,
        -0.31542661786079407,
        1.0,
        -1.0,
        -1.0,
        -1.0,
        1.0,
        -1.0,
        1.0,
        -1.0,
        -1.0,
        1.0,
        -1.0,
        1.0,
        1.0,
        -1.0,
        1.0,
        -0.29422810673713684,
        1.0,
        -1.0,
        1.0,
        1.0,
        -1.0,
        -1.0,
        -1.0,
        1.0,
        1.0,
        1.0,
        -1.0,
        -1.0,
        -1.0,
        1.0,
        1.0,
        -1.0,
        -1.0,
        -1.0,
        1.0,
        1.0,
        1.0,
        -1.0,
        1.0,
        -1.0,
        -1.0,
        -1.0,
        1.0,
        1.0,
        -0.9011998772621155,
        -1.0,
        -1.0,
        1.0,
        -1.0,
        1.0,
        1.0,
        1.0,
        1.0,
        1.0,
        1.0,
        -1.0,
        1.0,
        1.0,
        1.0,
        -1.0,
        -1.0,
        1.0,
        -1.0,
        -1.0,
        -1.0,
        1.0,
        -1.0,
        -1.0,
        -1.0,
        -1.0,
        -1.0,
        1.0,
        1.0,
        1.0
    ],
    "embedding_scaling_factor": 407.4449768066406,
    "samples": [
        0,
        3,
        0,
        0,
        0,
        1,
        16,
        0,
        3,
        0,
        0,
        0,
        34,
        24,
        1,
        0,
        7,
        1,
        1,
        4,
        5,
        0,
        31,
        4,
        30,
        0,
        0,
        0,
        2,
        0,
        53,
        0,
        0,
        0,
        1,
        4,
        0,
        0,
        0,
        0,
        4,
        29,
        6,
        3,
        0,
        2,
        24,
        0,
        18,
        0,
        0,
        80,
        11,
        67,
        1,
        0,
        182,
        0,
        1,
        0,
        8,
        2,
        0,
        0,
        3,
        3,
        0,
        1,
        9,
        39,
        0,
        1,
        7,
        1,
        1,
        2,
        1,
        3,
        15,
        0,
        1,
        192,
        672,
        232,
        86,
        91,
        5,
        0,
        0,
        0,
        0,
        3,
        42,
        83,
        5,
        0,
        2,
        0,
        499,
        0
    ],
    "category_values_ratio": {
        "0": 15993,
        "1": 6577,
        "2": 3579,
        "3": 2268,
        "4": 1595,
        "5": 1230,
        "6": 914,
        "7": 789,
        "8": 621,
        "9": 529,
        "10": 430,
        "11": 425,
        "12": 391,
        "13": 333,
        "14": 301,
        "15": 295,
        "16": 246,
        "17": 229,
        "18": 212,
        "19": 178,
        "20": 177,
        "21": 169,
        "23": 160,
        "22": 150,
        "24": 133,
        "25": 129,
        "26": 124,
        "27": 116,
        "28": 110,
        "30": 109,
        "31": 92,
        "29": 89,
        "32": 85,
        "37": 84,
        "34": 81,
        "33": 80,
        "35": 78,
        "36": 76,
        "45": 67,
        "38": 65,
        "41": 62,
        "40": 62,
        "42": 61,
        "53": 60,
        "39": 58,
        "47": 57,
        "44": 56,
        "48": 50,
        "49": 49,
        "43": 47,
        "51": 47,
        "52": 46,
        "62": 44,
        "56": 42,
        "54": 42,
        "58": 41,
        "55": 41,
        "50": 40,
        "61": 40,
        "46": 39,
        "64": 36,
        "72": 35,
        "57": 35,
        "60": 35,
        "66": 34,
        "79": 33,
        "67": 33,
        "77": 31,
        "65": 30,
        "80": 29,
        "63": 29,
        "91": 28,
        "74": 28,
        "83": 27,
        "59": 26,
        "85": 25,
        "109": 25,
        "69": 24,
        "81": 24,
        "68": 24,
        "84": 24,
        "87": 24,
        "70": 24,
        "89": 24,
        "82": 24,
        "86": 23,
        "76": 23,
        "126": 22,
        "97": 21,
        "73": 21,
        "98": 21,
        "75": 21,
        "78": 20,
        "88": 19,
        "110": 19,
        "104": 19,
        "71": 18,
        "105": 17,
        "102": 17,
        "113": 17,
        "92": 17,
        "103": 17,
        "95": 17,
        "112": 17,
        "117": 16,
        "122": 16,
        "137": 16,
        "119": 16,
        "121": 15,
        "94": 15,
        "107": 15,
        "111": 15,
        "115": 15,
        "96": 15,
        "99": 15,
        "114": 14,
        "120": 14,
        "108": 14,
        "132": 13,
        "123": 13,
        "90": 13,
        "124": 13,
        "93": 13,
        "130": 13,
        "164": 12,
        "221": 12,
        "171": 12,
        "143": 12,
        "116": 12,
        "131": 12,
        "135": 12,
        "147": 12,
        "158": 11,
        "214": 11,
        "125": 11,
        "139": 10,
        "118": 10,
        "100": 10,
        "133": 10,
        "203": 10,
        "106": 10,
        "188": 10,
        "174": 10,
        "142": 10,
        "150": 10,
        "155": 10,
        "136": 10,
        "178": 9,
        "193": 9,
        "187": 9,
        "148": 9,
        "204": 9,
        "186": 9,
        "181": 9,
        "144": 9,
        "129": 9,
        "153": 9,
        "161": 9,
        "165": 9,
        "154": 8,
        "152": 8,
        "141": 8,
        "194": 8,
        "225": 8,
        "175": 8,
        "134": 8,
        "319": 8,
        "245": 8,
        "168": 8,
        "163": 8,
        "101": 8,
        "185": 8,
        "241": 8,
        "138": 8,
        "140": 8,
        "157": 8,
        "177": 7,
        "196": 7,
        "210": 7,
        "304": 7,
        "183": 7,
        "176": 7,
        "156": 7,
        "169": 7,
        "200": 7,
        "191": 7,
        "192": 7,
        "182": 7,
        "151": 7,
        "127": 7,
        "208": 7,
        "197": 7,
        "180": 7,
        "336": 7,
        "285": 7,
        "184": 7,
        "172": 7,
        "288": 7,
        "149": 7,
        "173": 7,
        "160": 6,
        "211": 6,
        "483": 6,
        "311": 6,
        "286": 6,
        "291": 6,
        "289": 6,
        "205": 6,
        "308": 6,
        "255": 6,
        "290": 6,
        "361": 6,
        "201": 6,
        "295": 6,
        "303": 6,
        "218": 6,
        "270": 6,
        "209": 6,
        "162": 6,
        "207": 6,
        "268": 5,
        "220": 5,
        "281": 5,
        "159": 5,
        "227": 5,
        "198": 5,
        "242": 5,
        "265": 5,
        "199": 5,
        "195": 5,
        "167": 5,
        "179": 5,
        "296": 5,
        "428": 5,
        "128": 5,
        "261": 5,
        "315": 5,
        "215": 5,
        "206": 5,
        "230": 5,
        "237": 5,
        "213": 5,
        "284": 5,
        "170": 5,
        "263": 5,
        "239": 4,
        "451": 4,
        "228": 4,
        "404": 4,
        "269": 4,
        "496": 4,
        "262": 4,
        "260": 4,
        "234": 4,
        "371": 4,
        "219": 4,
        "212": 4,
        "394": 4,
        "267": 4,
        "226": 4,
        "166": 4,
        "413": 4,
        "504": 4,
        "251": 4,
        "217": 4,
        "623": 4,
        "190": 4,
        "313": 4,
        "146": 4,
        "320": 4,
        "145": 4,
        "342": 4,
        "327": 4,
        "247": 4,
        "282": 4,
        "393": 4,
        "292": 4,
        "278": 4,
        "328": 4,
        "202": 4,
        "216": 4,
        "271": 4,
        "249": 4,
        "280": 4,
        "240": 4,
        "246": 4,
        "272": 4,
        "236": 4,
        "409": 4,
        "235": 4,
        "243": 4,
        "273": 4,
        "383": 4,
        "297": 4,
        "384": 4,
        "233": 4,
        "596": 3,
        "411": 3,
        "223": 3,
        "576": 3,
        "279": 3,
        "987": 3,
        "256": 3,
        "693": 3,
        "370": 3,
        "672": 3,
        "351": 3,
        "424": 3,
        "229": 3,
        "606": 3,
        "539": 3,
        "347": 3,
        "329": 3,
        "686": 3,
        "530": 3,
        "388": 3,
        "1064": 3,
        "575": 3,
        "435": 3,
        "527": 3,
        "412": 3,
        "621": 3,
        "468": 3,
        "258": 3,
        "518": 3,
        "293": 3,
        "692": 3,
        "257": 3,
        "572": 3,
        "609": 3,
        "429": 3,
        "238": 3,
        "489": 3,
        "244": 3,
        "299": 3,
        "430": 3,
        "499": 3,
        "326": 3,
        "427": 3,
        "431": 3,
        "513": 3,
        "405": 3,
        "231": 3,
        "546": 3,
        "400": 3,
        "497": 3,
        "232": 3,
        "495": 3,
        "298": 3,
        "507": 3,
        "477": 3,
        "517": 3,
        "380": 3,
        "911": 3,
        "469": 3,
        "343": 3,
        "309": 3,
        "252": 3,
        "395": 3,
        "340": 3,
        "354": 3,
        "345": 3,
        "874": 3,
        "369": 3,
        "1794": 3,
        "636": 3,
        "254": 3,
        "337": 3,
        "537": 3,
        "408": 3,
        "189": 3,
        "746": 3,
        "560": 3,
        "523": 3,
        "366": 3,
        "248": 3,
        "443": 3,
        "674": 3,
        "766": 3,
        "599": 2,
        "915": 2,
        "4135": 2,
        "402": 2,
        "2285": 2,
        "406": 2,
        "714": 2,
        "392": 2,
        "338": 2,
        "640": 2,
        "1157": 2,
        "944": 2,
        "509": 2,
        "407": 2,
        "377": 2,
        "335": 2,
        "283": 2,
        "330": 2,
        "678": 2,
        "670": 2,
        "526": 2,
        "381": 2,
        "396": 2,
        "1460": 2,
        "275": 2,
        "322": 2,
        "253": 2,
        "482": 2,
        "259": 2,
        "317": 2,
        "1835": 2,
        "334": 2,
        "432": 2,
        "224": 2,
        "683": 2,
        "374": 2,
        "524": 2,
        "444": 2,
        "770": 2,
        "266": 2,
        "816": 2,
        "436": 2,
        "359": 2,
        "833": 2,
        "449": 2,
        "484": 2,
        "457": 2,
        "815": 2,
        "590": 2,
        "1076": 2,
        "312": 2,
        "503": 2,
        "316": 2,
        "420": 2,
        "878": 2,
        "358": 2,
        "635": 2,
        "325": 2,
        "306": 2,
        "577": 2,
        "403": 2,
        "671": 2,
        "930": 2,
        "1602": 2,
        "1151": 2,
        "470": 2,
        "357": 2,
        "363": 2,
        "505": 2,
        "719": 2,
        "665": 2,
        "1875": 2,
        "624": 2,
        "421": 2,
        "508": 2,
        "310": 2,
        "695": 2,
        "983": 2,
        "493": 2,
        "433": 2,
        "502": 2,
        "506": 2,
        "492": 2,
        "287": 2,
        "1199": 2,
        "1469": 2,
        "439": 2,
        "965": 2,
        "558": 2,
        "376": 2,
        "455": 2,
        "466": 2,
        "367": 2,
        "305": 2,
        "881": 2,
        "650": 2,
        "476": 2,
        "562": 2,
        "958": 2,
        "445": 2,
        "446": 2,
        "353": 2,
        "512": 2,
        "1573": 2,
        "728": 2,
        "277": 2,
        "690": 2,
        "222": 2,
        "525": 2,
        "355": 2,
        "614": 2,
        "844": 2,
        "250": 2,
        "2471": 2,
        "761": 2,
        "834": 2,
        "593": 2,
        "331": 2,
        "2245": 1,
        "916": 1,
        "1218": 1,
        "702": 1,
        "2111": 1,
        "10431": 1,
        "2030": 1,
        "1910": 1,
        "1595": 1,
        "447": 1,
        "1504": 1,
        "849": 1,
        "687": 1,
        "10444": 1,
        "667": 1,
        "822": 1,
        "9742": 1,
        "1458": 1,
        "591": 1,
        "660": 1,
        "3959": 1,
        "625": 1,
        "2591": 1,
        "390": 1,
        "1650": 1,
        "398": 1,
        "1312": 1,
        "894": 1,
        "1208": 1,
        "2254": 1,
        "744": 1,
        "925": 1,
        "647": 1,
        "1707": 1,
        "1372": 1,
        "1563": 1,
        "887": 1,
        "8011": 1,
        "782": 1,
        "2089": 1,
        "8283": 1,
        "1682": 1,
        "3321": 1,
        "6703": 1,
        "473": 1,
        "2194": 1,
        "3740": 1,
        "1314": 1,
        "2342": 1,
        "3105": 1,
        "2025": 1,
        "471": 1,
        "456": 1,
        "3473": 1,
        "4830": 1,
        "9302": 1,
        "594": 1,
        "555": 1,
        "3247": 1,
        "6293": 1,
        "8429": 1,
        "2528": 1,
        "2674": 1,
        "972": 1,
        "1542": 1,
        "734": 1,
        "3264": 1,
        "1473": 1,
        "3307": 1,
        "14827": 1,
        "18681": 1,
        "1094": 1,
        "1045": 1,
        "566": 1,
        "3187": 1,
        "4707": 1,
        "2120": 1,
        "711": 1,
        "341": 1,
        "2729": 1,
        "651": 1,
        "1661": 1,
        "323": 1,
        "480": 1,
        "541": 1,
        "6068": 1,
        "847": 1,
        "2186": 1,
        "1431": 1,
        "3138": 1,
        "1727": 1,
        "1118": 1,
        "10597": 1,
        "1162": 1,
        "418": 1,
        "2753": 1,
        "5871": 1,
        "1743": 1,
        "935": 1,
        "943": 1,
        "2578": 1,
        "1039": 1,
        "1817": 1,
        "1279": 1,
        "18806": 1,
        "1024": 1,
        "1522": 1,
        "608": 1,
        "3834": 1,
        "2098": 1,
        "1980": 1,
        "2488": 1,
        "3703": 1,
        "1526": 1,
        "2093": 1,
        "1656": 1,
        "890": 1,
        "1111": 1,
        "924": 1,
        "2928": 1,
        "5429": 1,
        "543": 1,
        "2105": 1,
        "758": 1,
        "1999": 1,
        "627": 1,
        "1467": 1,
        "2036": 1,
        "1059": 1,
        "4891": 1,
        "1238": 1,
        "13900": 1,
        "1273": 1,
        "579": 1,
        "3796": 1,
        "884": 1,
        "1427": 1,
        "1845": 1,
        "1270": 1,
        "1706": 1,
        "974": 1,
        "697": 1,
        "3353": 1,
        "314": 1,
        "677": 1,
        "2664": 1,
        "1815": 1,
        "2130": 1,
        "5539": 1,
        "2390": 1,
        "9912": 1,
        "438": 1,
        "8991": 1,
        "763": 1,
        "9832": 1,
        "2103": 1,
        "701": 1,
        "3902": 1,
        "521": 1,
        "3595": 1,
        "2819": 1,
        "3984": 1,
        "5590": 1,
        "486": 1,
        "1537": 1,
        "931": 1,
        "1425": 1,
        "1974": 1,
        "1035": 1,
        "3191": 1,
        "1802": 1,
        "553": 1,
        "801": 1,
        "1357": 1,
        "1971": 1,
        "1185": 1,
        "532": 1,
        "2484": 1,
        "773": 1,
        "356": 1,
        "1040": 1,
        "1599": 1,
        "1936": 1,
        "657": 1,
        "333": 1,
        "1223": 1,
        "1097": 1,
        "959": 1,
        "1361": 1,
        "3901": 1,
        "600": 1,
        "362": 1,
        "3038": 1,
        "11270": 1,
        "1027": 1,
        "877": 1,
        "2468": 1,
        "929": 1,
        "1274": 1,
        "603": 1,
        "349": 1,
        "2034": 1,
        "1220": 1,
        "5740": 1,
        "1451": 1,
        "694": 1,
        "1430": 1,
        "2259": 1,
        "1335": 1,
        "1206": 1,
        "5566": 1,
        "1204": 1,
        "910": 1,
        "1642": 1,
        "10413": 1,
        "1367": 1,
        "2331": 1,
        "976": 1,
        "8233": 1,
        "662": 1,
        "2027": 1,
        "460": 1,
        "1496": 1,
        "751": 1,
        "2932": 1,
        "1217": 1,
        "1680": 1,
        "9202": 1,
        "2452": 1,
        "4814": 1,
        "1391": 1,
        "1271": 1,
        "618": 1,
        "3871": 1,
        "871": 1,
        "360": 1,
        "1069": 1,
        "921": 1,
        "19815": 1,
        "722": 1,
        "886": 1,
        "841": 1,
        "1653": 1,
        "552": 1,
        "1502": 1,
        "5662": 1,
        "459": 1,
        "1153": 1,
        "750": 1,
        "1087": 1,
        "1281": 1,
        "5627": 1,
        "3953": 1,
        "1621": 1,
        "1256": 1,
        "898": 1,
        "601": 1,
        "798": 1,
        "664": 1,
        "7102": 1,
        "3775": 1,
        "1029": 1,
        "339": 1,
        "3130": 1,
        "626": 1,
        "1807": 1,
        "1428": 1,
        "410": 1,
        "2780": 1,
        "551": 1,
        "12486": 1,
        "1095": 1,
        "902": 1,
        "14642": 1,
        "8013": 1,
        "1919": 1,
        "737": 1,
        "520": 1,
        "2414": 1,
        "516": 1,
        "819": 1,
        "1184": 1,
        "952": 1,
        "1876": 1,
        "934": 1,
        "809": 1,
        "397": 1,
        "545": 1,
        "720": 1,
        "3814": 1,
        "3739": 1,
        "1423": 1,
        "2747": 1,
        "1098": 1,
        "15249": 1,
        "1399": 1,
        "11372": 1,
        "1074": 1,
        "875": 1,
        "1463": 1,
        "2145": 1,
        "851": 1,
        "1394": 1,
        "453": 1,
        "1786": 1,
        "2657": 1,
        "6444": 1,
        "955": 1,
        "3587": 1,
        "2014": 1,
        "3943": 1,
        "1505": 1,
        "4782": 1,
        "1307": 1,
        "20116": 1,
        "1503": 1,
        "598": 1,
        "1180": 1,
        "2202": 1,
        "434": 1,
        "557": 1,
        "2725": 1,
        "1354": 1,
        "1812": 1,
        "294": 1,
        "1755": 1,
        "307": 1,
        "3535": 1,
        "2712": 1,
        "837": 1,
        "2585": 1,
        "2457": 1,
        "1053": 1,
        "11059": 1,
        "1146": 1,
        "893": 1,
        "4944": 1,
        "830": 1,
        "659": 1,
        "529": 1,
        "475": 1,
        "807": 1,
        "617": 1,
        "804": 1,
        "2889": 1,
        "947": 1,
        "274": 1,
        "979": 1,
        "11615": 1,
        "5392": 1,
        "1255": 1,
        "1629": 1,
        "462": 1,
        "880": 1,
        "9884": 1,
        "963": 1,
        "6353": 1,
        "1062": 1,
        "14381": 1,
        "425": 1,
        "2110": 1,
        "1121": 1,
        "332": 1,
        "417": 1,
        "906": 1,
        "5319": 1,
        "602": 1,
        "2097": 1,
        "389": 1,
        "1512": 1,
        "1333": 1,
        "2606": 1,
        "582": 1,
        "2708": 1,
        "1092": 1,
        "1663": 1,
        "1833": 1,
        "2479": 1,
        "422": 1,
        "2640": 1,
        "2288": 1,
        "1610": 1,
        "302": 1,
        "1349": 1,
        "1089": 1,
        "846": 1,
        "448": 1,
        "946": 1,
        "2562": 1,
        "710": 1,
        "1124": 1,
        "8280": 1,
        "1038": 1,
        "375": 1,
        "2228": 1,
        "22410": 1,
        "364": 1,
        "1443": 1,
        "1798": 1,
        "2710": 1,
        "3280": 1,
        "4322": 1,
        "1139": 1,
        "727": 1,
        "352": 1,
        "491": 1,
        "1997": 1,
        "382": 1,
        "3664": 1,
        "426": 1,
        "633": 1,
        "658": 1,
        "1608": 1,
        "850": 1,
        "1168": 1,
        "1759": 1,
        "909": 1,
        "739": 1,
        "276": 1,
        "9211": 1,
        "1137": 1,
        "1289": 1,
        "1136": 1,
        "1517": 1,
        "615": 1,
        "661": 1,
        "7244": 1,
        "1036": 1,
        "1119": 1,
        "1347": 1,
        "4886": 1,
        "1356": 1,
        "324": 1,
        "1869": 1,
        "554": 1,
        "2178": 1,
        "365": 1,
        "790": 1,
        "642": 1,
        "1979": 1,
        "11836": 1,
        "3369": 1,
        "1531": 1,
        "1262": 1,
        "10563": 1,
        "3855": 1,
        "1837": 1,
        "6607": 1,
        "1677": 1,
        "867": 1,
        "479": 1,
        "2757": 1,
        "549": 1,
        "2717": 1,
        "1276": 1,
        "755": 1,
        "2976": 1,
        "514": 1,
        "982": 1,
        "604": 1,
        "348": 1,
        "648": 1,
        "3846": 1,
        "8050": 1,
        "709": 1,
        "1363": 1,
        "752": 1,
        "5858": 1,
        "1641": 1,
        "567": 1,
        "368": 1,
        "1331": 1,
        "842": 1,
        "991": 1,
        "1880": 1,
        "620": 1,
        "2600": 1,
        "862": 1,
        "3886": 1,
        "536": 1,
        "1155": 1,
        "585": 1,
        "855": 1,
        "2214": 1,
        "3982": 1,
        "580": 1,
        "1421": 1,
        "681": 1,
        "823": 1,
        "10973": 1,
        "768": 1,
        "1581": 1,
        "1260": 1,
        "1852": 1,
        "3338": 1,
        "1317": 1,
        "891": 1,
        "1296": 1,
        "2004": 1,
        "3542": 1,
        "1912": 1,
        "1741": 1,
        "993": 1,
        "960": 1,
        "1485": 1,
        "861": 1,
        "1170": 1,
        "318": 1,
        "866": 1,
        "901": 1,
        "1007": 1,
        "1941": 1,
        "724": 1,
        "1756": 1,
        "4796": 1,
        "2167": 1,
        "534": 1,
        "3239": 1,
        "515": 1,
        "2455": 1,
        "8320": 1,
        "372": 1,
        "2991": 1,
        "668": 1,
        "574": 1,
        "811": 1,
        "765": 1,
        "2219": 1,
        "5479": 1,
        "22336": 1,
        "485": 1,
        "385": 1,
        "1197": 1,
        "1200": 1,
        "540": 1,
        "2530": 1,
        "1426": 1,
        "828": 1,
        "1366": 1,
        "818": 1,
        "1201": 1,
        "1143": 1,
        "8798": 1,
        "487": 1,
        "18630": 1,
        "948": 1,
        "1736": 1,
        "533": 1,
        "2746": 1,
        "2340": 1,
        "879": 1,
        "775": 1,
        "550": 1,
        "771": 1,
        "2006": 1,
        "708": 1,
        "638": 1,
        "1612": 1,
        "1160": 1,
        "1867": 1,
        "820": 1,
        "848": 1,
        "2967": 1,
        "2082": 1,
        "870": 1,
        "932": 1,
        "1398": 1,
        "1142": 1,
        "883": 1,
        "3903": 1,
        "1808": 1,
        "3687": 1,
        "966": 1,
        "1995": 1,
        "905": 1,
        "1125": 1,
        "796": 1,
        "2256": 1,
        "2053": 1,
        "1005": 1,
        "1112": 1,
        "1930": 1,
        "653": 1,
        "399": 1,
        "559": 1,
        "564": 1,
        "4375": 1,
        "1093": 1,
        "6405": 1,
        "2504": 1,
        "2412": 1,
        "762": 1,
        "3060": 1,
        "1898": 1,
        "684": 1,
        "1020": 1,
        "729": 1,
        "1302": 1,
        "414": 1,
        "6412": 1,
        "639": 1,
        "437": 1,
        "10294": 1,
        "474": 1,
        "4930": 1,
        "912": 1,
        "498": 1,
        "676": 1,
        "740": 1,
        "2638": 1,
        "738": 1,
        "561": 1,
        "2730": 1,
        "4132": 1,
        "3399": 1,
        "568": 1,
        "386": 1,
        "1477": 1,
        "2286": 1
    },
    "nrows": 43873
}