{
    "column_id": "Yelp/Users.csvUsers.csv/review_count",
    "dataset_name": "Users.csv",
    "dataset_id": "Yelp/Users.csv",
    "path": "/home/ubuntu/CatDB/Experiments/data/Yelp/Users.csv",
    "table_name": "Users.csv",
    "table_id": "Yelp/Users.csvUsers.csv",
    "column_name": "review_count",
    "data_source": "Yelp",
    "data_type": "int",
    "total_values_count": 43873,
    "distinct_values_count": 853,
    "missing_values_count": 0,
    "true_ratio": null,
    "min_value": 1.0,
    "max_value": 5807.0,
    "mean": 38.85872860301324,
    "median": 7.0,
    "iqr": 21.0,
    "category_values": [
        11,
        187,
        1,
        2,
        19,
        31,
        6,
        68,
        9,
        26,
        141,
        7,
        67,
        3,
        8,
        235,
        5,
        21,
        453,
        12,
        15,
        37,
        4,
        16,
        23,
        10,
        20,
        127,
        62,
        140,
        18,
        540,
        79,
        52,
        339,
        49,
        342,
        34,
        35,
        53,
        512,
        94,
        28,
        14,
        148,
        86,
        42,
        146,
        92,
        13,
        46,
        17,
        258,
        73,
        82,
        22,
        61,
        32,
        330,
        54,
        221,
        71,
        30,
        398,
        391,
        332,
        96,
        25,
        158,
        110,
        85,
        176,
        250,
        317,
        123,
        367,
        131,
        100,
        44,
        91,
        234,
        27,
        182,
        41,
        74,
        99,
        215,
        36,
        39,
        354,
        66,
        149,
        83,
        109,
        60,
        111,
        38,
        107,
        479,
        225,
        139,
        88,
        294,
        115,
        93,
        541,
        361,
        56,
        29,
        301,
        64,
        40,
        136,
        24,
        241,
        428,
        333,
        50,
        90,
        224,
        84,
        58,
        247,
        33,
        69,
        154,
        209,
        51,
        102,
        65,
        43,
        75,
        45,
        47,
        48,
        246,
        144,
        95,
        170,
        418,
        242,
        78,
        226,
        845,
        173,
        620,
        105,
        117,
        156,
        151,
        586,
        264,
        214,
        130,
        326,
        55,
        80,
        119,
        194,
        132,
        197,
        121,
        103,
        190,
        286,
        192,
        355,
        159,
        349,
        97,
        81,
        118,
        252,
        321,
        561,
        101,
        160,
        206,
        335,
        228,
        63,
        376,
        576,
        413,
        260,
        290,
        357,
        316,
        72,
        188,
        740,
        222,
        278,
        256,
        271,
        323,
        76,
        719,
        356,
        142,
        886,
        201,
        569,
        199,
        231,
        212,
        511,
        165,
        184,
        186,
        504,
        122,
        729,
        1518,
        529,
        120,
        185,
        134,
        108,
        98,
        263,
        420,
        400,
        164,
        304,
        106,
        189,
        172,
        387,
        749,
        388,
        125,
        112,
        327,
        239,
        210,
        77,
        437,
        59,
        135,
        557,
        338,
        314,
        191,
        104,
        474,
        397,
        299,
        766,
        133,
        693,
        410,
        70,
        423,
        1047,
        137,
        238,
        217,
        89,
        175,
        789,
        1583,
        351,
        129,
        503,
        116,
        675,
        266,
        295,
        207,
        223,
        198,
        113,
        470,
        616,
        277,
        580,
        703,
        163,
        871,
        991,
        128,
        584,
        291,
        150,
        257,
        544,
        464,
        447,
        311,
        750,
        152,
        183,
        124,
        168,
        87,
        762,
        912,
        373,
        114,
        167,
        157,
        473,
        202,
        527,
        193,
        567,
        404,
        1357,
        145,
        455,
        369,
        268,
        716,
        177,
        153,
        1188,
        1445,
        181,
        670,
        425,
        1039,
        244,
        143,
        386,
        203,
        195,
        57,
        1077,
        668,
        205,
        555,
        773,
        505,
        265,
        1389,
        138,
        967,
        227,
        218,
        162,
        283,
        126,
        353,
        1071,
        216,
        1698,
        466,
        819,
        334,
        169,
        178,
        1060,
        653,
        416,
        1085,
        196,
        615,
        267,
        180,
        526,
        501,
        1897,
        368,
        319,
        297,
        723,
        459,
        2848,
        642,
        269,
        379,
        358,
        627,
        325,
        1056,
        608,
        289,
        477,
        147,
        1383,
        506,
        298,
        174,
        434,
        792,
        292,
        243,
        347,
        1631,
        509,
        383,
        272,
        493,
        300,
        1497,
        2810,
        427,
        720,
        769,
        371,
        253,
        481,
        548,
        161,
        1007,
        166,
        308,
        219,
        320,
        232,
        994,
        828,
        1448,
        1511,
        399,
        551,
        436,
        678,
        700,
        293,
        412,
        401,
        279,
        302,
        491,
        524,
        458,
        282,
        255,
        900,
        489,
        443,
        630,
        522,
        1413,
        699,
        200,
        725,
        753,
        496,
        853,
        237,
        806,
        230,
        363,
        254,
        359,
        341,
        560,
        419,
        570,
        688,
        411,
        574,
        617,
        595,
        1977,
        440,
        742,
        5807,
        757,
        179,
        229,
        251,
        393,
        492,
        484,
        1037,
        417,
        2100,
        516,
        521,
        449,
        1696,
        155,
        860,
        784,
        467,
        451,
        322,
        1279,
        305,
        171,
        350,
        786,
        245,
        566,
        389,
        262,
        422,
        472,
        1033,
        568,
        441,
        1004,
        1084,
        1090,
        274,
        655,
        571,
        622,
        550,
        525,
        276,
        772,
        448,
        880,
        409,
        517,
        650,
        469,
        382,
        344,
        343,
        309,
        310,
        528,
        483,
        539,
        261,
        623,
        605,
        407,
        463,
        836,
        220,
        259,
        594,
        722,
        682,
        1021,
        303,
        362,
        346,
        446,
        213,
        1731,
        2012,
        296,
        208,
        588,
        764,
        978,
        535,
        462,
        424,
        370,
        408,
        905,
        318,
        288,
        204,
        348,
        438,
        421,
        461,
        625,
        377,
        312,
        384,
        1132,
        765,
        487,
        581,
        313,
        508,
        490,
        394,
        1295,
        1579,
        808,
        530,
        1253,
        307,
        240,
        559,
        531,
        233,
        236,
        543,
        721,
        921,
        1198,
        510,
        2038,
        601,
        280,
        430,
        1218,
        1695,
        1072,
        713,
        380,
        869,
        660,
        281,
        547,
        728,
        707,
        285,
        270,
        426,
        747,
        445,
        456,
        336,
        471,
        889,
        211,
        856,
        365,
        683,
        497,
        755,
        1521,
        867,
        611,
        552,
        1046,
        1718,
        444,
        534,
        1794,
        754,
        275,
        809,
        435,
        610,
        1009,
        328,
        578,
        402,
        575,
        661,
        1995,
        1270,
        366,
        980,
        315,
        984,
        823,
        814,
        593,
        364,
        1140,
        1314,
        482,
        1107,
        1091,
        532,
        546,
        249,
        612,
        911,
        452,
        273,
        914,
        499,
        619,
        1217,
        638,
        558,
        946,
        805,
        1073,
        694,
        396,
        811,
        476,
        632,
        403,
        2760,
        626,
        628,
        2109,
        1807,
        744,
        1556,
        1473,
        450,
        390,
        665,
        454,
        345,
        1064,
        538,
        583,
        647,
        1476,
        287,
        533,
        838,
        486,
        624,
        614,
        1477,
        460,
        1099,
        606,
        879,
        352,
        641,
        414,
        306,
        415,
        685,
        248,
        498,
        672,
        375,
        429,
        340,
        494,
        737,
        607,
        714,
        621,
        592,
        1325,
        824,
        324,
        1467,
        284,
        468,
        1120,
        1000,
        768,
        573,
        537,
        791,
        478,
        480,
        545,
        431,
        2587,
        817,
        709,
        847,
        1238,
        643,
        629,
        1749,
        582,
        1019,
        405,
        1589,
        1390,
        406,
        637,
        695,
        696,
        590,
        1055,
        1016,
        1453,
        563,
        708,
        927,
        687,
        392,
        565,
        938,
        770,
        395,
        997,
        654,
        439,
        894,
        1276,
        329,
        692,
        1001,
        671,
        1790,
        331,
        587,
        1555,
        985,
        378,
        859,
        891,
        360,
        663,
        739,
        1914,
        787,
        1115,
        1532,
        523,
        970,
        337,
        646,
        549,
        858,
        635,
        495,
        2448,
        804,
        658,
        488,
        475,
        992,
        1491,
        2274,
        1533,
        1063,
        518,
        777,
        1285,
        596,
        374,
        785,
        432,
        513,
        564,
        1006,
        553,
        1719,
        680,
        457,
        1104,
        677,
        681,
        1168,
        973,
        502,
        1259,
        1463,
        1496,
        1564,
        2191,
        904,
        1301,
        732,
        1100,
        834,
        634,
        1454,
        1151,
        735,
        961,
        664,
        939,
        730,
        598,
        381,
        979,
        433,
        870,
        1114,
        556,
        562
    ],
    "embedding": [
        -1.0,
        -1.0,
        -1.0,
        1.0,
        -1.0,
        1.0,
        -1.0,
        -1.0,
        -1.0,
        -1.0,
        1.0,
        -1.0,
        -1.0,
        1.0,
        1.0,
        1.0,
        1.0,
        -1.0,
        1.0,
        -1.0,
        1.0,
        -1.0,
        1.0,
        -1.0,
        1.0,
        -1.0,
        -1.0,
        1.0,
        -1.0,
        -1.0,
        1.0,
        1.0,
        -1.0,
        -1.0,
        -1.0,
        1.0,
        -1.0,
        1.0,
        1.0,
        -1.0,
        -1.0,
        1.0,
        -1.0,
        -1.0,
        -1.0,
        -1.0,
        1.0,
        -1.0,
        -1.0,
        -0.740032970905304,
        -1.0,
        1.0,
        1.0,
        1.0,
        -1.0,
        1.0,
        1.0,
        1.0,
        -1.0,
        0.7945548295974731,
        -1.0,
        -1.0,
        1.0,
        -1.0,
        1.0,
        -1.0,
        1.0,
        -1.0,
        1.0,
        1.0,
        1.0,
        -1.0,
        -1.0,
        -1.0,
        -1.0,
        1.0,
        1.0,
        1.0,
        1.0,
        1.0,
        1.0,
        1.0,
        1.0,
        -1.0,
        -1.0,
        1.0,
        -1.0,
        1.0,
        1.0,
        1.0,
        -1.0,
        1.0,
        1.0,
        -1.0,
        1.0,
        -1.0,
        1.0,
        -1.0,
        -1.0,
        -1.0,
        -0.970656156539917,
        -1.0,
        1.0,
        -1.0,
        -1.0,
        1.0,
        1.0,
        1.0,
        -1.0,
        -1.0,
        1.0,
        -1.0,
        -1.0,
        1.0,
        1.0,
        1.0,
        1.0,
        1.0,
        1.0,
        -1.0,
        -1.0,
        1.0,
        -1.0,
        -1.0,
        1.0,
        -1.0,
        -1.0,
        -0.9999998807907104,
        -1.0,
        1.0,
        -1.0,
        1.0,
        -1.0,
        -1.0,
        1.0,
        -1.0,
        -1.0,
        1.0,
        1.0,
        -1.0,
        1.0,
        1.0,
        1.0,
        -1.0,
        1.0,
        -1.0,
        1.0,
        -1.0,
        -1.0,
        -1.0,
        0.9999973177909851,
        -1.0,
        1.0,
        -1.0,
        1.0,
        -1.0,
        1.0,
        -1.0,
        1.0,
        -1.0,
        -1.0,
        1.0,
        -1.0,
        -1.0,
        1.0,
        -1.0,
        1.0,
        -1.0,
        -1.0,
        -1.0,
        -1.0,
        -1.0,
        1.0,
        1.0,
        -1.0,
        -1.0,
        1.0,
        -1.0,
        -1.0,
        -1.0,
        1.0,
        -1.0,
        -1.0,
        -1.0,
        1.0,
        -1.0,
        1.0,
        -1.0,
        -1.0,
        -1.0,
        1.0,
        1.0,
        1.0,
        1.0,
        -1.0,
        -1.0,
        1.0,
        -1.0,
        -1.0,
        1.0,
        -1.0,
        1.0,
        -1.0,
        -1.0,
        -1.0,
        -1.0,
        1.0,
        1.0,
        -1.0,
        -1.0,
        -1.0,
        1.0,
        -1.0,
        -1.0,
        -1.0,
        1.0,
        -1.0,
        1.0,
        -1.0,
        -1.0,
        1.0,
        -1.0,
        -1.0,
        1.0,
        -1.0,
        -0.733374834060669,
        1.0,
        -1.0,
        -1.0,
        -1.0,
        1.0,
        -1.0,
        1.0,
        -1.0,
        -1.0,
        1.0,
        -1.0,
        1.0,
        1.0,
        -1.0,
        1.0,
        -0.7288497686386108,
        1.0,
        -1.0,
        1.0,
        1.0,
        -1.0,
        -1.0,
        -1.0,
        1.0,
        1.0,
        1.0,
        -1.0,
        -1.0,
        -1.0,
        1.0,
        1.0,
        -1.0,
        -1.0,
        -1.0,
        1.0,
        1.0,
        1.0,
        -1.0,
        1.0,
        -1.0,
        -1.0,
        -1.0,
        1.0,
        1.0,
        -0.9513004422187805,
        -1.0,
        -1.0,
        1.0,
        -1.0,
        1.0,
        1.0,
        1.0,
        1.0,
        1.0,
        1.0,
        -1.0,
        1.0,
        1.0,
        1.0,
        -1.0,
        -1.0,
        1.0,
        -1.0,
        -1.0,
        -1.0,
        1.0,
        -1.0,
        -1.0,
        -1.0,
        -1.0,
        -1.0,
        1.0,
        1.0,
        1.0
    ],
    "embedding_scaling_factor": 644.8295288085938,
    "samples": [
        7,
        2760,
        33,
        1,
        5,
        55,
        188,
        6,
        2,
        2,
        1,
        21,
        13,
        20,
        8,
        1,
        3,
        20,
        8,
        40,
        13,
        49,
        2,
        8,
        21,
        2,
        1,
        10,
        18,
        2,
        2,
        34,
        36,
        1,
        1,
        6,
        8,
        4,
        99,
        3,
        3,
        14,
        1,
        12,
        2,
        3,
        12,
        17,
        5,
        4,
        1,
        4,
        16,
        20,
        10,
        4,
        6,
        30,
        305,
        27,
        3,
        7,
        3,
        38,
        7,
        6,
        141,
        95,
        13,
        3,
        1,
        3,
        1,
        5,
        6,
        2,
        29,
        43,
        1,
        10,
        1,
        14,
        5,
        12,
        169,
        5,
        2,
        262,
        5,
        3,
        12,
        25,
        7,
        14,
        12,
        5,
        3,
        7,
        7,
        1
    ],
    "category_values_ratio": {
        "1": 6390,
        "2": 5073,
        "3": 3557,
        "4": 2753,
        "5": 2210,
        "6": 1885,
        "7": 1544,
        "8": 1269,
        "9": 1090,
        "10": 931,
        "11": 836,
        "12": 703,
        "14": 676,
        "13": 663,
        "15": 558,
        "16": 494,
        "17": 478,
        "18": 413,
        "19": 386,
        "20": 350,
        "21": 329,
        "22": 303,
        "23": 289,
        "24": 285,
        "25": 266,
        "27": 248,
        "26": 235,
        "28": 220,
        "29": 204,
        "30": 190,
        "32": 180,
        "34": 179,
        "31": 165,
        "33": 146,
        "39": 145,
        "35": 145,
        "38": 130,
        "41": 128,
        "36": 123,
        "44": 121,
        "37": 120,
        "42": 101,
        "46": 100,
        "40": 99,
        "43": 99,
        "47": 96,
        "48": 93,
        "45": 93,
        "50": 91,
        "49": 88,
        "51": 80,
        "53": 78,
        "58": 78,
        "56": 76,
        "61": 74,
        "63": 71,
        "55": 71,
        "54": 69,
        "62": 68,
        "59": 68,
        "52": 67,
        "57": 66,
        "68": 65,
        "76": 64,
        "60": 64,
        "64": 62,
        "72": 61,
        "73": 61,
        "67": 56,
        "66": 54,
        "65": 53,
        "70": 52,
        "69": 51,
        "88": 47,
        "79": 47,
        "93": 46,
        "80": 46,
        "83": 45,
        "82": 45,
        "100": 43,
        "90": 43,
        "75": 42,
        "105": 42,
        "91": 41,
        "85": 41,
        "77": 41,
        "94": 40,
        "74": 40,
        "71": 39,
        "81": 38,
        "113": 37,
        "101": 37,
        "86": 36,
        "84": 35,
        "78": 35,
        "118": 35,
        "96": 35,
        "122": 34,
        "111": 34,
        "132": 33,
        "92": 33,
        "99": 33,
        "97": 33,
        "89": 33,
        "95": 33,
        "112": 33,
        "136": 32,
        "87": 32,
        "123": 32,
        "110": 32,
        "103": 31,
        "102": 31,
        "106": 31,
        "108": 31,
        "115": 30,
        "138": 30,
        "134": 30,
        "98": 29,
        "114": 29,
        "109": 28,
        "116": 27,
        "153": 25,
        "125": 25,
        "128": 25,
        "120": 25,
        "127": 24,
        "119": 24,
        "149": 23,
        "173": 23,
        "135": 23,
        "156": 22,
        "146": 22,
        "144": 22,
        "139": 22,
        "169": 21,
        "162": 21,
        "104": 21,
        "131": 21,
        "165": 20,
        "143": 20,
        "140": 20,
        "129": 20,
        "117": 20,
        "161": 19,
        "155": 19,
        "196": 19,
        "154": 19,
        "121": 19,
        "107": 19,
        "130": 18,
        "185": 18,
        "244": 18,
        "197": 18,
        "142": 18,
        "206": 18,
        "133": 18,
        "137": 18,
        "190": 17,
        "195": 17,
        "166": 17,
        "170": 17,
        "124": 17,
        "182": 17,
        "177": 17,
        "141": 17,
        "152": 17,
        "171": 16,
        "175": 16,
        "163": 16,
        "180": 16,
        "199": 16,
        "221": 16,
        "167": 16,
        "147": 16,
        "157": 15,
        "215": 15,
        "164": 15,
        "148": 15,
        "160": 15,
        "158": 15,
        "145": 15,
        "183": 15,
        "159": 15,
        "207": 14,
        "176": 14,
        "151": 14,
        "254": 14,
        "126": 14,
        "188": 14,
        "210": 14,
        "184": 14,
        "231": 14,
        "150": 13,
        "174": 13,
        "172": 13,
        "238": 13,
        "250": 13,
        "218": 13,
        "168": 13,
        "260": 13,
        "198": 12,
        "212": 12,
        "234": 12,
        "224": 12,
        "214": 12,
        "209": 12,
        "290": 12,
        "263": 12,
        "235": 12,
        "203": 12,
        "192": 11,
        "201": 11,
        "228": 11,
        "187": 11,
        "225": 11,
        "178": 11,
        "236": 10,
        "258": 10,
        "289": 10,
        "230": 10,
        "286": 10,
        "233": 10,
        "242": 10,
        "237": 10,
        "193": 10,
        "278": 10,
        "232": 10,
        "246": 10,
        "186": 10,
        "226": 10,
        "277": 10,
        "252": 10,
        "219": 10,
        "243": 10,
        "189": 9,
        "217": 9,
        "223": 9,
        "202": 9,
        "213": 9,
        "181": 9,
        "398": 9,
        "322": 9,
        "265": 9,
        "257": 9,
        "317": 9,
        "350": 9,
        "319": 9,
        "194": 8,
        "229": 8,
        "251": 8,
        "241": 8,
        "256": 8,
        "287": 8,
        "239": 8,
        "327": 8,
        "211": 8,
        "282": 8,
        "272": 8,
        "205": 8,
        "267": 8,
        "204": 8,
        "247": 8,
        "240": 8,
        "280": 8,
        "266": 8,
        "273": 8,
        "227": 8,
        "342": 8,
        "268": 8,
        "333": 7,
        "376": 7,
        "356": 7,
        "297": 7,
        "179": 7,
        "295": 7,
        "279": 7,
        "208": 7,
        "262": 7,
        "325": 7,
        "467": 7,
        "200": 7,
        "283": 7,
        "298": 7,
        "355": 7,
        "216": 7,
        "351": 7,
        "191": 7,
        "422": 6,
        "448": 6,
        "470": 6,
        "245": 6,
        "291": 6,
        "314": 6,
        "341": 6,
        "222": 6,
        "285": 6,
        "253": 6,
        "281": 6,
        "269": 6,
        "276": 6,
        "220": 6,
        "312": 6,
        "300": 6,
        "264": 6,
        "323": 6,
        "354": 6,
        "530": 5,
        "377": 5,
        "307": 5,
        "387": 5,
        "479": 5,
        "311": 5,
        "420": 5,
        "304": 5,
        "271": 5,
        "330": 5,
        "625": 5,
        "316": 5,
        "332": 5,
        "361": 5,
        "288": 5,
        "318": 5,
        "321": 5,
        "270": 5,
        "464": 5,
        "338": 5,
        "255": 5,
        "306": 5,
        "346": 5,
        "526": 5,
        "449": 5,
        "412": 5,
        "407": 5,
        "512": 5,
        "261": 5,
        "296": 5,
        "483": 5,
        "399": 5,
        "481": 5,
        "310": 5,
        "371": 5,
        "509": 5,
        "305": 5,
        "347": 5,
        "259": 5,
        "302": 5,
        "540": 4,
        "423": 4,
        "336": 4,
        "630": 4,
        "391": 4,
        "473": 4,
        "339": 4,
        "334": 4,
        "369": 4,
        "394": 4,
        "539": 4,
        "309": 4,
        "343": 4,
        "544": 4,
        "274": 4,
        "462": 4,
        "510": 4,
        "458": 4,
        "349": 4,
        "461": 4,
        "414": 4,
        "383": 4,
        "293": 4,
        "535": 4,
        "365": 4,
        "294": 4,
        "388": 4,
        "566": 4,
        "386": 4,
        "435": 4,
        "299": 4,
        "379": 4,
        "345": 4,
        "443": 4,
        "249": 4,
        "308": 4,
        "320": 4,
        "440": 4,
        "492": 4,
        "416": 3,
        "493": 3,
        "466": 3,
        "524": 3,
        "324": 3,
        "315": 3,
        "366": 3,
        "623": 3,
        "578": 3,
        "380": 3,
        "393": 3,
        "508": 3,
        "484": 3,
        "417": 3,
        "373": 3,
        "447": 3,
        "326": 3,
        "367": 3,
        "703": 3,
        "529": 3,
        "358": 3,
        "459": 3,
        "425": 3,
        "357": 3,
        "477": 3,
        "401": 3,
        "586": 3,
        "434": 3,
        "678": 3,
        "789": 3,
        "551": 3,
        "675": 3,
        "292": 3,
        "284": 3,
        "487": 3,
        "405": 3,
        "538": 3,
        "463": 3,
        "363": 3,
        "340": 3,
        "429": 3,
        "359": 3,
        "348": 3,
        "390": 3,
        "419": 3,
        "411": 3,
        "574": 3,
        "248": 3,
        "558": 3,
        "421": 3,
        "592": 3,
        "275": 3,
        "682": 3,
        "764": 3,
        "408": 3,
        "426": 3,
        "352": 3,
        "451": 3,
        "432": 3,
        "650": 3,
        "445": 3,
        "559": 3,
        "344": 3,
        "430": 3,
        "384": 3,
        "550": 3,
        "482": 3,
        "546": 3,
        "1033": 3,
        "518": 3,
        "1000": 2,
        "468": 2,
        "522": 2,
        "364": 2,
        "428": 2,
        "576": 2,
        "446": 2,
        "765": 2,
        "723": 2,
        "537": 2,
        "615": 2,
        "573": 2,
        "362": 2,
        "504": 2,
        "791": 2,
        "402": 2,
        "400": 2,
        "534": 2,
        "444": 2,
        "611": 2,
        "497": 2,
        "437": 2,
        "478": 2,
        "856": 2,
        "501": 2,
        "570": 2,
        "595": 2,
        "382": 2,
        "469": 2,
        "523": 2,
        "1021": 2,
        "699": 2,
        "635": 2,
        "594": 2,
        "337": 2,
        "725": 2,
        "853": 2,
        "452": 2,
        "436": 2,
        "608": 2,
        "627": 2,
        "1497": 2,
        "453": 2,
        "568": 2,
        "720": 2,
        "548": 2,
        "374": 2,
        "653": 2,
        "571": 2,
        "368": 2,
        "409": 2,
        "475": 2,
        "418": 2,
        "301": 2,
        "583": 2,
        "404": 2,
        "671": 2,
        "580": 2,
        "567": 2,
        "438": 2,
        "455": 2,
        "716": 2,
        "670": 2,
        "370": 2,
        "378": 2,
        "1077": 2,
        "555": 2,
        "543": 2,
        "313": 2,
        "584": 2,
        "456": 2,
        "406": 2,
        "766": 2,
        "728": 2,
        "713": 2,
        "1218": 2,
        "687": 2,
        "593": 2,
        "601": 2,
        "413": 2,
        "581": 2,
        "392": 2,
        "490": 2,
        "375": 2,
        "624": 2,
        "889": 2,
        "454": 2,
        "450": 2,
        "744": 2,
        "335": 2,
        "569": 2,
        "476": 2,
        "415": 2,
        "498": 2,
        "719": 2,
        "632": 2,
        "620": 2,
        "557": 2,
        "871": 2,
        "845": 2,
        "531": 2,
        "474": 2,
        "582": 2,
        "811": 2,
        "503": 2,
        "494": 2,
        "499": 2,
        "654": 2,
        "1279": 1,
        "860": 1,
        "506": 1,
        "1383": 1,
        "786": 1,
        "792": 1,
        "1056": 1,
        "1413": 1,
        "389": 1,
        "1007": 1,
        "5807": 1,
        "900": 1,
        "753": 1,
        "1631": 1,
        "496": 1,
        "784": 1,
        "762": 1,
        "769": 1,
        "1132": 1,
        "806": 1,
        "511": 1,
        "612": 1,
        "911": 1,
        "886": 1,
        "647": 1,
        "527": 1,
        "1696": 1,
        "427": 1,
        "2810": 1,
        "1037": 1,
        "2100": 1,
        "516": 1,
        "521": 1,
        "491": 1,
        "905": 1,
        "700": 1,
        "757": 1,
        "2012": 1,
        "967": 1,
        "668": 1,
        "978": 1,
        "1039": 1,
        "424": 1,
        "1445": 1,
        "1188": 1,
        "1357": 1,
        "588": 1,
        "353": 1,
        "836": 1,
        "1071": 1,
        "1004": 1,
        "1091": 1,
        "1731": 1,
        "773": 1,
        "505": 1,
        "994": 1,
        "560": 1,
        "688": 1,
        "1448": 1,
        "828": 1,
        "617": 1,
        "1977": 1,
        "742": 1,
        "303": 1,
        "1511": 1,
        "472": 1,
        "642": 1,
        "441": 1,
        "722": 1,
        "1389": 1,
        "532": 1,
        "693": 1,
        "1107": 1,
        "1314": 1,
        "707": 1,
        "1047": 1,
        "750": 1,
        "1295": 1,
        "1579": 1,
        "808": 1,
        "1253": 1,
        "991": 1,
        "616": 1,
        "547": 1,
        "721": 1,
        "1198": 1,
        "2038": 1,
        "1583": 1,
        "1695": 1,
        "1009": 1,
        "552": 1,
        "610": 1,
        "1521": 1,
        "1090": 1,
        "747": 1,
        "397": 1,
        "471": 1,
        "683": 1,
        "755": 1,
        "410": 1,
        "809": 1,
        "867": 1,
        "1046": 1,
        "1718": 1,
        "1794": 1,
        "754": 1,
        "749": 1,
        "1072": 1,
        "869": 1,
        "660": 1,
        "1270": 1,
        "1064": 1,
        "628": 1,
        "1217": 1,
        "619": 1,
        "914": 1,
        "1995": 1,
        "1518": 1,
        "740": 1,
        "980": 1,
        "729": 1,
        "984": 1,
        "823": 1,
        "814": 1,
        "1140": 1,
        "665": 1,
        "1473": 1,
        "921": 1,
        "694": 1,
        "328": 1,
        "575": 1,
        "661": 1,
        "946": 1,
        "805": 1,
        "1073": 1,
        "396": 1,
        "1556": 1,
        "403": 1,
        "2760": 1,
        "638": 1,
        "626": 1,
        "2109": 1,
        "1807": 1,
        "1084": 1,
        "997": 1,
        "2848": 1,
        "1276": 1,
        "737": 1,
        "634": 1,
        "1454": 1,
        "677": 1,
        "1151": 1,
        "735": 1,
        "732": 1,
        "1477": 1,
        "961": 1,
        "672": 1,
        "664": 1,
        "460": 1,
        "1099": 1,
        "606": 1,
        "685": 1,
        "834": 1,
        "607": 1,
        "614": 1,
        "804": 1,
        "329": 1,
        "692": 1,
        "533": 1,
        "1001": 1,
        "658": 1,
        "1790": 1,
        "488": 1,
        "714": 1,
        "1104": 1,
        "1532": 1,
        "1238": 1,
        "641": 1,
        "870": 1,
        "1100": 1,
        "939": 1,
        "730": 1,
        "598": 1,
        "904": 1,
        "824": 1,
        "838": 1,
        "1463": 1,
        "556": 1,
        "1114": 1,
        "1467": 1,
        "2191": 1,
        "502": 1,
        "486": 1,
        "1120": 1,
        "1564": 1,
        "1496": 1,
        "768": 1,
        "979": 1,
        "1259": 1,
        "480": 1,
        "879": 1,
        "847": 1,
        "381": 1,
        "561": 1,
        "433": 1,
        "1325": 1,
        "621": 1,
        "1301": 1,
        "709": 1,
        "973": 1,
        "817": 1,
        "681": 1,
        "2587": 1,
        "431": 1,
        "545": 1,
        "1168": 1,
        "643": 1,
        "894": 1,
        "655": 1,
        "439": 1,
        "1063": 1,
        "777": 1,
        "1285": 1,
        "927": 1,
        "708": 1,
        "596": 1,
        "563": 1,
        "1453": 1,
        "1016": 1,
        "1055": 1,
        "785": 1,
        "590": 1,
        "938": 1,
        "696": 1,
        "637": 1,
        "1533": 1,
        "565": 1,
        "1589": 1,
        "1085": 1,
        "622": 1,
        "525": 1,
        "772": 1,
        "880": 1,
        "517": 1,
        "1897": 1,
        "528": 1,
        "489": 1,
        "1060": 1,
        "819": 1,
        "605": 1,
        "1698": 1,
        "912": 1,
        "1476": 1,
        "513": 1,
        "1390": 1,
        "564": 1,
        "1555": 1,
        "970": 1,
        "891": 1,
        "859": 1,
        "646": 1,
        "549": 1,
        "985": 1,
        "587": 1,
        "663": 1,
        "858": 1,
        "495": 1,
        "331": 1,
        "2448": 1,
        "1491": 1,
        "992": 1,
        "360": 1,
        "739": 1,
        "1006": 1,
        "457": 1,
        "553": 1,
        "1115": 1,
        "1719": 1,
        "541": 1,
        "1019": 1,
        "680": 1,
        "1749": 1,
        "1914": 1,
        "629": 1,
        "695": 1,
        "770": 1,
        "2274": 1,
        "395": 1,
        "787": 1,
        "562": 1
    },
    "nrows": 43873
}