{
    "column_id": "Lahman-2014/halloffame.csvhalloffame.csv/ballots",
    "dataset_name": "halloffame.csv",
    "dataset_id": "Lahman-2014/halloffame.csv",
    "path": "/home/ubuntu/CatDB/Experiments/data/Lahman-2014/halloffame.csv",
    "table_name": "halloffame.csv",
    "table_id": "Lahman-2014/halloffame.csvhalloffame.csv",
    "column_name": "ballots",
    "data_source": "Lahman-2014",
    "data_type": "int",
    "total_values_count": 3883,
    "distinct_values_count": 69,
    "missing_values_count": 169,
    "true_ratio": null,
    "min_value": 78.0,
    "max_value": 581.0,
    "mean": 317.85029617662894,
    "median": 274.0,
    "iqr": 197.0,
    "category_values": [
        415,
        516,
        201,
        262,
        274,
        233,
        247,
        202,
        161,
        121,
        153,
        168,
        226,
        234,
        264,
        252,
        251,
        302,
        266,
        269,
        432,
        520,
        385,
        460,
        374,
        395,
        425,
        413,
        427,
        447,
        444,
        443,
        430,
        423,
        456,
        470,
        473,
        78,
        539,
        581,
        569,
        193,
        543,
        401,
        403,
        160,
        283,
        340,
        300,
        360,
        396,
        380,
        365,
        362,
        388,
        383,
        379,
        573,
        545,
        292,
        515,
        497,
        499,
        472,
        496,
        506,
        263,
        187,
        306
    ],
    "embedding": [
        -1.0,
        -1.0,
        -1.0,
        1.0,
        -1.0,
        1.0,
        -1.0,
        -1.0,
        -0.9999990463256836,
        -1.0,
        1.0,
        -1.0,
        -1.0,
        1.0,
        1.0,
        1.0,
        1.0,
        -1.0,
        1.0,
        -1.0,
        1.0,
        -1.0,
        1.0,
        -1.0,
        1.0,
        -1.0,
        -1.0,
        1.0,
        -1.0,
        -1.0,
        1.0,
        1.0,
        -1.0,
        -1.0,
        -1.0,
        1.0,
        -1.0,
        1.0,
        1.0,
        -1.0,
        -1.0,
        1.0,
        -1.0,
        -1.0,
        -1.0,
        -1.0,
        1.0,
        -1.0,
        -0.9999954700469971,
        -0.9765360355377197,
        -1.0,
        1.0,
        1.0,
        1.0,
        -1.0,
        1.0,
        1.0,
        1.0,
        -1.0,
        0.9997573494911194,
        -1.0,
        -1.0,
        1.0,
        -1.0,
        1.0,
        -1.0,
        1.0,
        -1.0,
        1.0,
        1.0,
        1.0,
        -1.0,
        -1.0,
        -1.0,
        -1.0,
        1.0,
        1.0,
        1.0,
        1.0,
        1.0,
        1.0,
        1.0,
        1.0,
        -1.0,
        -1.0,
        1.0,
        -1.0,
        1.0,
        1.0,
        1.0,
        -1.0,
        1.0,
        1.0,
        -1.0,
        1.0,
        -1.0,
        1.0,
        -1.0,
        -1.0,
        -1.0,
        -0.9995394349098206,
        -1.0,
        1.0,
        -1.0,
        -1.0,
        1.0,
        1.0,
        1.0,
        -1.0,
        -1.0,
        1.0,
        -1.0,
        -1.0,
        1.0,
        1.0,
        1.0,
        1.0,
        1.0,
        1.0,
        -1.0,
        -1.0,
        1.0,
        -1.0,
        -1.0,
        1.0,
        -1.0,
        -1.0,
        -0.9995731115341187,
        -1.0,
        1.0,
        -1.0,
        1.0,
        -1.0,
        -1.0,
        1.0,
        -1.0,
        -1.0,
        1.0,
        1.0,
        -1.0,
        1.0,
        1.0,
        1.0,
        -1.0,
        1.0,
        -1.0,
        1.0,
        -1.0,
        -1.0,
        -1.0,
        0.9999725222587585,
        -1.0,
        1.0,
        -1.0,
        1.0,
        -1.0,
        1.0,
        -1.0,
        1.0,
        -1.0,
        -1.0,
        1.0,
        -1.0,
        -1.0,
        1.0,
        -1.0,
        1.0,
        -1.0,
        -1.0,
        -1.0,
        -1.0,
        -1.0,
        1.0,
        1.0,
        -1.0,
        -1.0,
        1.0,
        -1.0,
        -1.0,
        -1.0,
        1.0,
        -1.0,
        -1.0,
        -1.0,
        1.0,
        -1.0,
        1.0,
        -1.0,
        -1.0,
        -1.0,
        1.0,
        1.0,
        1.0,
        1.0,
        -1.0,
        -1.0,
        1.0,
        -1.0,
        -1.0,
        1.0,
        -1.0,
        1.0,
        -1.0,
        -1.0,
        -1.0,
        -1.0,
        1.0,
        1.0,
        -1.0,
        -1.0,
        -1.0,
        1.0,
        -1.0,
        -1.0,
        -1.0,
        1.0,
        -1.0,
        1.0,
        -1.0,
        -1.0,
        1.0,
        -1.0,
        -1.0,
        1.0,
        -0.9999996423721313,
        -0.9782539010047913,
        1.0,
        -1.0,
        -1.0,
        -1.0,
        1.0,
        -1.0,
        1.0,
        -1.0,
        -1.0,
        1.0,
        -1.0,
        1.0,
        1.0,
        -0.9999998211860657,
        1.0,
        -0.9721085429191589,
        1.0,
        -1.0,
        1.0,
        1.0,
        -1.0,
        -1.0,
        -1.0,
        1.0,
        1.0,
        1.0,
        -1.0,
        -1.0,
        -1.0,
        1.0,
        1.0,
        -1.0,
        -1.0,
        -1.0,
        1.0,
        1.0,
        1.0,
        -1.0,
        1.0,
        -1.0,
        -1.0,
        -1.0,
        1.0,
        1.0,
        -0.9995750784873962,
        -1.0,
        -1.0,
        1.0,
        -1.0,
        1.0,
        1.0,
        1.0,
        1.0,
        1.0,
        1.0,
        -1.0,
        1.0,
        1.0,
        1.0,
        -1.0,
        -1.0,
        1.0,
        -1.0,
        -1.0,
        -1.0,
        1.0,
        -1.0,
        -1.0,
        -1.0,
        -1.0,
        -1.0,
        1.0,
        1.0,
        1.0
    ],
    "embedding_scaling_factor": 27.102575302124023,
    "samples": [
        403,
        447,
        266,
        274,
        160,
        193,
        365,
        262,
        233,
        226,
        262,
        266,
        234,
        496,
        379,
        193,
        283,
        269,
        425,
        497,
        234,
        292,
        168,
        262,
        262,
        413,
        520,
        201,
        269,
        395,
        302,
        395,
        443,
        252,
        499,
        473,
        360,
        161,
        262,
        432,
        427,
        543,
        234,
        385,
        516,
        266,
        497,
        153,
        201,
        121,
        121,
        506,
        543,
        168,
        473,
        385,
        379,
        447,
        365,
        300,
        506,
        266,
        447,
        569,
        234,
        506,
        300,
        539,
        385,
        379,
        269,
        160,
        264,
        365,
        266,
        168,
        201,
        226,
        153,
        300,
        233,
        160,
        274,
        432,
        233,
        262,
        385,
        269,
        415,
        300,
        360,
        432,
        269,
        499,
        234,
        78
    ],
    "category_values_ratio": {
        "201": 171,
        "266": 154,
        "269": 134,
        "226": 133,
        "262": 120,
        "274": 108,
        "121": 106,
        "193": 106,
        "168": 100,
        "247": 95,
        "153": 95,
        "264": 83,
        "160": 79,
        "234": 75,
        "202": 73,
        "233": 72,
        "251": 64,
        "385": 61,
        "473": 56,
        "78": 54,
        "432": 54,
        "252": 53,
        "302": 49,
        "539": 49,
        "360": 48,
        "283": 48,
        "374": 46,
        "396": 46,
        "300": 46,
        "340": 46,
        "292": 45,
        "443": 45,
        "444": 44,
        "427": 44,
        "380": 44,
        "365": 44,
        "415": 42,
        "447": 41,
        "425": 41,
        "395": 41,
        "460": 39,
        "161": 39,
        "456": 39,
        "401": 39,
        "362": 37,
        "430": 37,
        "379": 37,
        "569": 37,
        "470": 35,
        "383": 34,
        "496": 33,
        "581": 33,
        "423": 33,
        "388": 32,
        "545": 32,
        "515": 32,
        "506": 32,
        "499": 30,
        "520": 29,
        "403": 29,
        "472": 28,
        "413": 28,
        "497": 28,
        "516": 27,
        "573": 27,
        "543": 25,
        "263": 3,
        "187": 3,
        "306": 2
    },
    "nrows": 3883
}