{
    "column_id": "Lahman-2014/halloffame.csvhalloffame.csv/needed",
    "dataset_name": "halloffame.csv",
    "dataset_id": "Lahman-2014/halloffame.csv",
    "path": "/home/ubuntu/CatDB/Experiments/data/Lahman-2014/halloffame.csv",
    "table_name": "halloffame.csv",
    "table_id": "Lahman-2014/halloffame.csvhalloffame.csv",
    "column_name": "needed",
    "data_source": "Lahman-2014",
    "data_type": "int",
    "total_values_count": 3883,
    "distinct_values_count": 60,
    "missing_values_count": 251,
    "true_ratio": null,
    "min_value": 59.0,
    "max_value": 436.0,
    "mean": 240.64289647577093,
    "median": 206.0,
    "iqr": 144.0,
    "category_values": [
        312,
        387,
        151,
        197,
        206,
        175,
        186,
        121,
        91,
        115,
        126,
        170,
        176,
        198,
        189,
        227,
        200,
        202,
        324,
        390,
        289,
        345,
        281,
        297,
        319,
        310,
        321,
        336,
        333,
        323,
        318,
        342,
        353,
        59,
        405,
        436,
        427,
        145,
        408,
        301,
        303,
        120,
        213,
        255,
        225,
        270,
        285,
        274,
        272,
        291,
        288,
        430,
        409,
        219,
        373,
        355,
        375,
        354,
        372,
        380
    ],
    "embedding": [
        -1.0,
        -1.0,
        -1.0,
        1.0,
        -1.0,
        1.0,
        -1.0,
        -1.0,
        -0.9999991059303284,
        -1.0,
        1.0,
        -1.0,
        -1.0,
        1.0,
        1.0,
        1.0,
        1.0,
        -1.0,
        1.0,
        -1.0,
        1.0,
        -1.0,
        1.0,
        -1.0,
        1.0,
        -1.0,
        -1.0,
        1.0,
        -1.0,
        -1.0,
        1.0,
        1.0,
        -1.0,
        -1.0,
        -1.0,
        1.0,
        -1.0,
        1.0,
        1.0,
        -1.0,
        -1.0,
        1.0,
        -1.0,
        -1.0,
        -1.0,
        -1.0,
        1.0,
        -1.0,
        -0.9999958872795105,
        -0.9999868869781494,
        -1.0,
        1.0,
        1.0,
        1.0,
        -1.0,
        1.0,
        1.0,
        1.0,
        -1.0,
        0.999876856803894,
        -1.0,
        -1.0,
        1.0,
        -1.0,
        1.0,
        -1.0,
        1.0,
        -1.0,
        1.0,
        1.0,
        1.0,
        -1.0,
        -1.0,
        -1.0,
        -1.0,
        1.0,
        1.0,
        1.0,
        1.0,
        1.0,
        1.0,
        1.0,
        1.0,
        -1.0,
        -1.0,
        1.0,
        -1.0,
        1.0,
        1.0,
        1.0,
        -1.0,
        1.0,
        1.0,
        -1.0,
        1.0,
        -1.0,
        1.0,
        -1.0,
        -1.0,
        -1.0,
        -0.9998974800109863,
        -1.0,
        1.0,
        -1.0,
        -1.0,
        1.0,
        1.0,
        1.0,
        -1.0,
        -1.0,
        1.0,
        -1.0,
        -1.0,
        1.0,
        1.0,
        1.0,
        1.0,
        1.0,
        1.0,
        -1.0,
        -1.0,
        1.0,
        -1.0,
        -1.0,
        1.0,
        -1.0,
        -1.0,
        -0.9996119141578674,
        -1.0,
        1.0,
        -1.0,
        1.0,
        -1.0,
        -1.0,
        1.0,
        -1.0,
        -1.0,
        1.0,
        1.0,
        -1.0,
        1.0,
        1.0,
        1.0,
        -1.0,
        1.0,
        -1.0,
        1.0,
        -1.0,
        -1.0,
        -1.0,
        0.9999749660491943,
        -1.0,
        1.0,
        -1.0,
        1.0,
        -1.0,
        1.0,
        -1.0,
        1.0,
        -1.0,
        -1.0,
        1.0,
        -1.0,
        -1.0,
        1.0,
        -1.0,
        1.0,
        -1.0,
        -1.0,
        -1.0,
        -1.0,
        -1.0,
        1.0,
        1.0,
        -1.0,
        -1.0,
        1.0,
        -1.0,
        -1.0,
        -1.0,
        1.0,
        -1.0,
        -1.0,
        -1.0,
        1.0,
        -1.0,
        1.0,
        -1.0,
        -1.0,
        -1.0,
        1.0,
        1.0,
        1.0,
        1.0,
        -1.0,
        -1.0,
        1.0,
        -1.0,
        -1.0,
        1.0,
        -1.0,
        1.0,
        -1.0,
        -1.0,
        -1.0,
        -1.0,
        1.0,
        1.0,
        -1.0,
        -1.0,
        -1.0,
        1.0,
        -1.0,
        -1.0,
        -1.0,
        1.0,
        -1.0,
        1.0,
        -1.0,
        -1.0,
        1.0,
        -1.0,
        -1.0,
        1.0,
        -0.9999996423721313,
        -0.9999915957450867,
        1.0,
        -1.0,
        -1.0,
        -1.0,
        1.0,
        -1.0,
        1.0,
        -1.0,
        -1.0,
        1.0,
        -1.0,
        1.0,
        1.0,
        -0.9999998211860657,
        1.0,
        -0.9999387264251709,
        1.0,
        -1.0,
        1.0,
        1.0,
        -1.0,
        -1.0,
        -1.0,
        1.0,
        1.0,
        1.0,
        -1.0,
        -1.0,
        -1.0,
        1.0,
        1.0,
        -1.0,
        -1.0,
        -1.0,
        1.0,
        1.0,
        1.0,
        -1.0,
        1.0,
        -1.0,
        -1.0,
        -1.0,
        1.0,
        1.0,
        -0.9999231100082397,
        -1.0,
        -1.0,
        1.0,
        -1.0,
        1.0,
        1.0,
        1.0,
        1.0,
        1.0,
        1.0,
        -1.0,
        1.0,
        1.0,
        1.0,
        -1.0,
        -1.0,
        1.0,
        -1.0,
        -1.0,
        -1.0,
        1.0,
        -1.0,
        -1.0,
        -1.0,
        -1.0,
        -1.0,
        1.0,
        1.0,
        1.0
    ],
    "embedding_scaling_factor": 128.38865661621094,
    "samples": [
        427,
        324,
        189,
        353,
        202,
        91,
        318,
        213,
        198,
        115,
        186,
        436,
        126,
        202,
        121,
        176,
        303,
        206,
        91,
        288,
        198,
        387,
        186,
        353,
        355,
        189,
        115,
        225,
        200,
        206,
        151,
        436,
        115,
        427,
        227,
        91,
        387,
        297,
        176,
        270,
        342,
        126,
        297,
        189,
        272,
        227,
        227,
        285,
        145,
        186,
        176,
        281,
        324,
        372,
        213,
        387,
        115,
        312,
        213,
        198,
        274,
        387,
        200,
        151,
        145,
        121,
        200,
        197,
        175,
        197,
        274,
        255,
        227,
        333,
        297,
        303,
        120,
        189,
        115,
        285,
        186,
        288,
        303,
        372,
        408,
        405,
        353,
        186,
        200
    ],
    "category_values_ratio": {
        "151": 167,
        "200": 154,
        "202": 134,
        "170": 133,
        "197": 120,
        "189": 117,
        "206": 108,
        "145": 106,
        "91": 106,
        "126": 100,
        "186": 95,
        "115": 95,
        "333": 89,
        "297": 87,
        "198": 86,
        "285": 81,
        "120": 79,
        "176": 75,
        "175": 72,
        "353": 65,
        "289": 61,
        "387": 59,
        "324": 54,
        "59": 54,
        "227": 49,
        "405": 49,
        "213": 48,
        "270": 48,
        "255": 46,
        "281": 46,
        "225": 46,
        "219": 45,
        "274": 44,
        "321": 44,
        "312": 42,
        "336": 41,
        "319": 41,
        "301": 39,
        "121": 39,
        "342": 39,
        "345": 39,
        "427": 37,
        "323": 37,
        "272": 37,
        "288": 34,
        "436": 33,
        "372": 33,
        "318": 33,
        "291": 32,
        "409": 32,
        "380": 32,
        "375": 30,
        "303": 29,
        "390": 29,
        "310": 28,
        "373": 28,
        "354": 28,
        "430": 27,
        "355": 26,
        "408": 25
    },
    "nrows": 3883
}