{
    "column_id": "Airline/Airline.csvAirline.csv/Origin",
    "dataset_name": "Airline.csv",
    "dataset_id": "Airline/Airline.csv",
    "path": "/home/ubuntu/CatDB/Experiments/data/Airline/Airline.csv",
    "table_name": "Airline.csv",
    "table_id": "Airline/Airline.csvAirline.csv",
    "column_name": "Origin",
    "data_source": "Airline",
    "data_type": "named_entity",
    "total_values_count": 445827,
    "distinct_values_count": 294,
    "missing_values_count": 0,
    "true_ratio": null,
    "min_value": null,
    "max_value": null,
    "mean": null,
    "median": null,
    "iqr": null,
    "category_values": [
        "DFW",
        "DTW",
        "SEA",
        "JFK",
        "SJC",
        "ORD",
        "PHX",
        "LGA",
        "STL",
        "FLL",
        "LAX",
        "MCO",
        "DEN",
        "MIA",
        "KOA",
        "IAH",
        "AUS",
        "LAS",
        "SLC",
        "TUS",
        "STT",
        "BOS",
        "SFO",
        "OGG",
        "TPA",
        "SNA",
        "OKC",
        "HNL",
        "CLT",
        "PHL",
        "RDU",
        "EWR",
        "DCA",
        "RIC",
        "ATL",
        "LBB",
        "PIT",
        "ELP",
        "SAN",
        "BNA",
        "JAC",
        "SMF",
        "IAD",
        "LIH",
        "SJU",
        "ABQ",
        "ORF",
        "JAX",
        "MSY",
        "SAT",
        "MCI",
        "GUC",
        "IND",
        "PSP",
        "PDX",
        "BWI",
        "MSP",
        "MKE",
        "TUL",
        "ONT",
        "RSW",
        "RNO",
        "DSM",
        "MFE",
        "OMA",
        "EGE",
        "PBI",
        "SDF",
        "FAT",
        "DAY",
        "STX",
        "COS",
        "CMH",
        "MTJ",
        "HDN",
        "GEG",
        "BOI",
        "BDL",
        "MEM",
        "CLE",
        "HOU",
        "OAK",
        "ANC",
        "BUF",
        "SYR",
        "ALB",
        "PVD",
        "ROC",
        "ILM",
        "ICT",
        "PWM",
        "GSO",
        "CHS",
        "MDT",
        "BHM",
        "ADQ",
        "BET",
        "BRW",
        "SCC",
        "FAI",
        "JNU",
        "KTN",
        "YAK",
        "CDV",
        "SIT",
        "PSG",
        "WRG",
        "OME",
        "OTZ",
        "BUR",
        "BLI",
        "ADK",
        "SWF",
        "LGB",
        "PSE",
        "BQN",
        "HPN",
        "SAV",
        "SRQ",
        "BTV",
        "ORH",
        "DAB",
        "CVG",
        "BIS",
        "AVL",
        "GRR",
        "FNT",
        "MYR",
        "JAN",
        "BIL",
        "FAR",
        "PNS",
        "AGS",
        "GSP",
        "LEX",
        "DAL",
        "ATW",
        "GPT",
        "MLB",
        "BZN",
        "CAK",
        "CHO",
        "MSN",
        "EYW",
        "TRI",
        "LFT",
        "ROA",
        "ECP",
        "VPS",
        "XNA",
        "EVV",
        "AVP",
        "MDW",
        "HSV",
        "FAY",
        "LIT",
        "TYS",
        "TLH",
        "MSO",
        "CHA",
        "TTN",
        "UST",
        "MOB",
        "PHF",
        "CAE",
        "FSD",
        "ITO",
        "LBE",
        "ABE",
        "BMI",
        "CRW",
        "ACY",
        "PPG",
        "IAG",
        "ACT",
        "MLU",
        "GRK",
        "SHV",
        "FSM",
        "MAF",
        "SAF",
        "JLN",
        "LRD",
        "BRO",
        "TYR",
        "YUM",
        "GJT",
        "DLH",
        "GRB",
        "LAN",
        "SBA",
        "ASE",
        "DRO",
        "IDA",
        "RAP",
        "FCA",
        "LNK",
        "AMA",
        "BFL",
        "FLG",
        "MLI",
        "LSE",
        "SBN",
        "PSC",
        "MOT",
        "ISN",
        "GFK",
        "GTF",
        "FWA",
        "MRY",
        "MBS",
        "PIA",
        "SUN",
        "TWF",
        "SGF",
        "CPR",
        "BTR",
        "PBG",
        "CRP",
        "MMH",
        "CID",
        "EKO",
        "SBP",
        "RKS",
        "CMX",
        "PLN",
        "GCC",
        "AZO",
        "MFR",
        "SMX",
        "EUG",
        "RST",
        "TVC",
        "SPI",
        "SGU",
        "HLN",
        "RDM",
        "ACV",
        "EAU",
        "DVL",
        "JMS",
        "MKG",
        "IMT",
        "HYS",
        "PAH",
        "COD",
        "ABR",
        "ITH",
        "APN",
        "ESC",
        "BJI",
        "MQT",
        "CIU",
        "BGM",
        "RHI",
        "LWS",
        "BRD",
        "INL",
        "PIH",
        "GUM",
        "HIB",
        "BTM",
        "CDC",
        "OTH",
        "RDD",
        "HRL",
        "ISP",
        "MHT",
        "LAR",
        "GNV",
        "MEI",
        "PIB",
        "BPT",
        "LAW",
        "AEX",
        "TXK",
        "ROW",
        "ERI",
        "CLL",
        "HOB",
        "LCH",
        "GTR",
        "DHN",
        "SCE",
        "MGM",
        "CSG",
        "CWA",
        "ELM",
        "OAJ",
        "VLD",
        "ABY",
        "BGR",
        "BQK",
        "EWN"
    ],
    "embedding": [
        0.9998471140861511,
        -0.9997268915176392,
        0.9862106442451477,
        -0.999952495098114,
        -0.7733211517333984,
        -0.9999760985374451,
        -0.9997597336769104,
        -0.9999867677688599,
        0.9997825026512146,
        0.9997186660766602,
        -0.9996768832206726,
        0.9999863505363464,
        -0.9998851418495178,
        0.9999563694000244,
        0.9997884035110474,
        -0.9997549057006836,
        0.9995927214622498,
        -0.9999828338623047,
        0.999681830406189,
        0.9997637867927551,
        0.9997152090072632,
        -0.9998736381530762,
        0.9999951720237732,
        0.9998335242271423,
        0.9997962713241577,
        -0.9999897480010986,
        -0.9999759793281555,
        -0.9999760985374451,
        0.7781559824943542,
        -0.9998998641967773,
        -0.9992526173591614,
        0.9862513542175293,
        -0.9998997449874878,
        0.9999668598175049,
        0.9997367858886719,
        -0.9997982978820801,
        -0.9997817277908325,
        0.7865860462188721,
        0.9997485280036926,
        -0.9999880194664001,
        -0.6796112060546875,
        0.9996463656425476,
        0.9998201131820679,
        -0.7800716161727905,
        -0.9997780323028564,
        -0.9999968409538269,
        -0.9999882578849792,
        -0.9997431039810181,
        -0.9999185800552368,
        0.9997109174728394,
        -0.9998500943183899,
        -0.9996045827865601,
        -0.9994633197784424,
        -0.9998749494552612,
        0.9999906420707703,
        0.9997267127037048,
        0.9997373223304749,
        -0.9999142289161682,
        -0.9996423125267029,
        0.9995331764221191,
        0.9999889731407166,
        -0.9996991753578186,
        0.9999393820762634,
        0.9991604089736938,
        -0.9998528957366943,
        0.9863022565841675,
        -0.9997846484184265,
        0.9998003840446472,
        0.9999560117721558,
        0.999991774559021,
        -0.9999014139175415,
        0.9996068477630615,
        0.9998373985290527,
        -0.9994420409202576,
        -0.9997745752334595,
        0.9995540380477905,
        0.9997698068618774,
        0.9998065233230591,
        0.7717714905738831,
        -0.999992311000824,
        -0.9985412955284119,
        0.9999852180480957,
        0.999947190284729,
        0.9999341368675232,
        0.9998198747634888,
        -0.9999855160713196,
        0.9999871253967285,
        -0.9999938011169434,
        0.9998667240142822,
        0.9998407959938049,
        -0.9987607002258301,
        -0.9997418522834778,
        -0.9998612403869629,
        -0.9996858239173889,
        0.9997797012329102,
        -0.9998825788497925,
        0.9999222159385681,
        0.9997320771217346,
        0.9984553456306458,
        0.9999556541442871,
        0.9998111128807068,
        -0.9999638795852661,
        -0.9998445510864258,
        -0.9995125532150269,
        -0.9999970197677612,
        0.9998916387557983,
        -0.9999943971633911,
        0.9999021887779236,
        -0.9999343752861023,
        0.9999701380729675,
        0.9997686743736267,
        -0.9996693134307861,
        -0.9999901056289673,
        -0.9997938275337219,
        0.9998162388801575,
        -0.9998623728752136,
        -0.999805212020874,
        0.9998812079429626,
        -0.9997729063034058,
        0.9986318945884705,
        -0.9999859929084778,
        -0.9999906420707703,
        0.9997770190238953,
        -0.9999850392341614,
        0.9997276663780212,
        -0.9998063445091248,
        0.9997097253799438,
        -0.9999938607215881,
        0.9997572302818298,
        0.9999140501022339,
        -0.9998735785484314,
        -0.7802081108093262,
        0.9997838139533997,
        0.9999794960021973,
        0.9999858736991882,
        0.9999843239784241,
        -0.7762526273727417,
        -0.99977046251297,
        -0.9999884366989136,
        0.9997760653495789,
        0.7809755802154541,
        -0.999993622303009,
        0.9998295903205872,
        0.9998009204864502,
        -0.9861928224563599,
        -0.9999850988388062,
        0.9999772310256958,
        0.9996565580368042,
        0.9998497366905212,
        0.9994617700576782,
        -0.9999802708625793,
        -0.9997127652168274,
        -0.9997765421867371,
        -0.9997550249099731,
        -0.9996739029884338,
        0.9999819397926331,
        0.9863322377204895,
        -0.9999828934669495,
        0.6131704449653625,
        -0.9992422461509705,
        0.9999261498451233,
        -0.9998986124992371,
        -0.780601441860199,
        -0.8104223012924194,
        0.9996262192726135,
        0.9998286366462708,
        -0.9999892115592957,
        0.9999209046363831,
        0.7826163172721863,
        0.9995779395103455,
        -0.9999909996986389,
        0.9998547434806824,
        -0.9999315738677979,
        0.9999886155128479,
        -0.9992331266403198,
        -0.9993139505386353,
        0.9999951124191284,
        -0.7811243534088135,
        0.9999392628669739,
        -0.9997600317001343,
        -0.9998212456703186,
        -0.9997038245201111,
        -0.9996495246887207,
        -0.9999780058860779,
        -0.9997155666351318,
        -0.776261031627655,
        -0.9999874830245972,
        -0.9995760917663574,
        -0.9591906070709229,
        0.7762517333030701,
        -0.9996232390403748,
        0.999617338180542,
        0.9996764063835144,
        -0.9999774098396301,
        0.9999219179153442,
        -0.999712347984314,
        -0.9996897578239441,
        -0.7768903970718384,
        -0.9999397397041321,
        -0.9999345541000366,
        0.9998103976249695,
        -0.9997537136077881,
        0.999897837638855,
        -0.9997212886810303,
        0.999841570854187,
        0.9996742606163025,
        -0.9999824166297913,
        0.9999505877494812,
        -0.7705960273742676,
        -0.9999567866325378,
        -0.9999578595161438,
        0.9997202157974243,
        0.9997034072875977,
        -0.9991233944892883,
        0.9999029040336609,
        -0.999989926815033,
        -0.9998031854629517,
        0.9999895095825195,
        -0.9999871850013733,
        0.9863491654396057,
        0.7679084539413452,
        -0.999848484992981,
        -0.9999739527702332,
        0.9996256828308105,
        0.9998694658279419,
        0.9999585747718811,
        -0.99981689453125,
        -0.9996961355209351,
        -0.9999850988388062,
        -0.9997854232788086,
        -0.7721895575523376,
        0.9997542500495911,
        0.9999865889549255,
        0.9999868273735046,
        0.9999605417251587,
        -0.9999812245368958,
        0.9999850988388062,
        -0.9998598694801331,
        0.9862329959869385,
        -0.9999889731407166,
        0.7881466150283813,
        0.9996474981307983,
        -0.9997451901435852,
        -0.9998282790184021,
        0.9999648928642273,
        -0.9999098181724548,
        0.9999169111251831,
        0.9999768733978271,
        -0.9999736547470093,
        -0.9998701214790344,
        0.9999800324440002,
        0.9999868273735046,
        0.9997981190681458,
        0.9998391270637512,
        0.9996364712715149,
        0.9998518228530884,
        -0.9998249411582947,
        -0.9999275207519531,
        0.9999011754989624,
        0.9998726844787598,
        0.9997731447219849,
        -0.999946653842926,
        0.9998154044151306,
        0.9999977946281433,
        -0.9999939799308777,
        -0.9606983065605164,
        0.9998795986175537,
        -0.9996718764305115,
        -0.9999709129333496,
        0.9996987581253052,
        -0.99998539686203,
        -0.9999643564224243,
        -0.9997817277908325,
        -0.999785304069519,
        0.999991774559021,
        0.9999690055847168,
        -0.9999284148216248,
        0.9996849894523621,
        -0.9998317956924438,
        -0.9993751645088196,
        0.9996707439422607,
        0.9999735355377197,
        -0.99973064661026,
        0.9999852776527405,
        0.7843703031539917,
        0.9998228549957275,
        -0.9999002814292908,
        -0.9999688863754272,
        0.7819797992706299,
        -0.9999859929084778,
        0.9999940395355225,
        -0.9999752044677734,
        0.9999805688858032,
        -0.9999662637710571,
        -0.9988986253738403,
        -0.9999637007713318,
        -0.9998284578323364,
        -0.99959397315979,
        -0.9997464418411255,
        -0.9996146559715271
    ],
    "embedding_scaling_factor": 2.270630121231079,
    "samples": [
        "ORD",
        "JFK",
        "CAE",
        "BZN",
        "SFO",
        "HOU",
        "DCA",
        "TPA",
        "ISN",
        "DEN",
        "SFO",
        "HOU",
        "PHX",
        "SJC",
        "DFW",
        "LAS",
        "ORD",
        "ATL",
        "SJU",
        "MSY",
        "HNL",
        "ILM",
        "OAK",
        "RSW",
        "RNO",
        "EWR",
        "MLU",
        "LAX",
        "MIA",
        "SLC",
        "MKE",
        "SFO",
        "OMA",
        "MDW",
        "IAH",
        "MSP",
        "BWI",
        "ATL",
        "HNL",
        "BOS",
        "SJU",
        "BOS",
        "ATL",
        "LAX",
        "PHX",
        "STT",
        "EWR",
        "EGE",
        "LGA",
        "BOS",
        "SLC",
        "DTW",
        "SFO",
        "MSP",
        "SAN",
        "BUF",
        "JFK",
        "DEN",
        "DCA",
        "SLC",
        "ITH",
        "MIA",
        "ANC",
        "SNA",
        "LAS",
        "ATL",
        "SNA",
        "FLL",
        "DTW",
        "BOS",
        "ATL",
        "HLN",
        "CLE",
        "DAL",
        "DTW",
        "MCO",
        "MCO",
        "LAX",
        "DFW",
        "DAL",
        "ATL",
        "EWR",
        "OGG",
        "MSP",
        "MCO",
        "BPT",
        "HPN",
        "HOU",
        "TPA",
        "EWR",
        "DAL",
        "PHX",
        "LAX",
        "CLT",
        "ATL",
        "LGA",
        "ORD",
        "MIA",
        "MSP",
        "HNL"
    ],
    "category_values_ratio": {
        "ATL": 29870,
        "ORD": 18610,
        "DEN": 17519,
        "DFW": 16565,
        "LAX": 16427,
        "SFO": 13207,
        "PHX": 13024,
        "LAS": 12246,
        "IAH": 11660,
        "MCO": 10739,
        "SEA": 9749,
        "MSP": 9581,
        "DTW": 9489,
        "CLT": 9213,
        "BOS": 9088,
        "SLC": 8684,
        "EWR": 8526,
        "LGA": 8028,
        "JFK": 8027,
        "FLL": 7678,
        "BWI": 7181,
        "MDW": 6679,
        "DCA": 6447,
        "MIA": 6083,
        "SAN": 6016,
        "TPA": 6006,
        "DAL": 5795,
        "PHL": 5664,
        "HOU": 4540,
        "STL": 4321,
        "PDX": 4136,
        "BNA": 3898,
        "HNL": 3870,
        "OAK": 3654,
        "AUS": 3581,
        "MSY": 3507,
        "SNA": 3465,
        "MCI": 3320,
        "RSW": 3294,
        "SJC": 3214,
        "SMF": 3152,
        "MKE": 2703,
        "CLE": 2680,
        "RDU": 2569,
        "IAD": 2537,
        "PBI": 2436,
        "SJU": 2408,
        "SAT": 2342,
        "IND": 2209,
        "OGG": 1909,
        "PIT": 1887,
        "BUR": 1783,
        "CMH": 1774,
        "ONT": 1598,
        "BDL": 1520,
        "JAX": 1500,
        "ABQ": 1443,
        "TUS": 1419,
        "OMA": 1409,
        "OKC": 1322,
        "BUF": 1307,
        "CVG": 1253,
        "ANC": 1232,
        "TUL": 1199,
        "BOI": 1172,
        "RIC": 1155,
        "MEM": 1151,
        "CHS": 1015,
        "LIH": 1005,
        "RNO": 1001,
        "PVD": 996,
        "KOA": 990,
        "PSP": 978,
        "BHM": 891,
        "ELP": 879,
        "GEG": 857,
        "ORF": 846,
        "ALB": 758,
        "LGB": 755,
        "GRR": 753,
        "SDF": 746,
        "ICT": 688,
        "DSM": 656,
        "COS": 628,
        "LIT": 614,
        "ASE": 607,
        "FAT": 598,
        "BTR": 590,
        "ROC": 585,
        "MSN": 576,
        "DAY": 572,
        "HPN": 548,
        "GSP": 536,
        "SAV": 531,
        "TYS": 525,
        "SBA": 500,
        "CAK": 493,
        "ITO": 492,
        "SHV": 481,
        "MAF": 471,
        "SYR": 458,
        "STT": 448,
        "PNS": 443,
        "MHT": 443,
        "JAN": 429,
        "CAE": 427,
        "GSO": 427,
        "JAC": 403,
        "LBB": 399,
        "SBN": 396,
        "ISP": 381,
        "PWM": 377,
        "FAR": 374,
        "XNA": 367,
        "LEX": 365,
        "VPS": 360,
        "MOB": 353,
        "JNU": 345,
        "CHA": 343,
        "FSD": 343,
        "SRQ": 327,
        "ECP": 323,
        "HSV": 314,
        "ACY": 310,
        "EGE": 309,
        "FWA": 308,
        "PSC": 298,
        "FNT": 296,
        "EUG": 291,
        "BIL": 283,
        "ATW": 270,
        "BZN": 269,
        "LFT": 269,
        "BTV": 264,
        "GPT": 264,
        "PIA": 249,
        "LAN": 249,
        "CRP": 248,
        "MLU": 247,
        "AMA": 246,
        "HRL": 244,
        "CID": 242,
        "GRB": 241,
        "MFR": 235,
        "SGF": 231,
        "LNK": 231,
        "MYR": 228,
        "SBP": 221,
        "EVV": 220,
        "RAP": 218,
        "MLI": 216,
        "GRK": 214,
        "MRY": 210,
        "IDA": 208,
        "AEX": 208,
        "TLH": 208,
        "BIS": 208,
        "AZO": 206,
        "AVL": 204,
        "ILM": 196,
        "AGS": 196,
        "CRW": 196,
        "GNV": 194,
        "MFE": 194,
        "MGM": 191,
        "MBS": 189,
        "MDT": 189,
        "BFL": 188,
        "GJT": 188,
        "BRO": 187,
        "KTN": 186,
        "HDN": 185,
        "EYW": 184,
        "RDM": 183,
        "ROA": 183,
        "MSO": 181,
        "ABE": 180,
        "ELM": 179,
        "YUM": 177,
        "FAI": 174,
        "DLH": 173,
        "BQN": 172,
        "TYR": 170,
        "CHO": 170,
        "ISN": 169,
        "TTN": 168,
        "LRD": 162,
        "TRI": 162,
        "FLG": 157,
        "FAY": 154,
        "MTJ": 153,
        "AVP": 153,
        "SGU": 153,
        "GTF": 151,
        "MOT": 151,
        "FSM": 148,
        "DAB": 147,
        "ACT": 145,
        "SPI": 142,
        "CPR": 139,
        "FCA": 138,
        "ACV": 125,
        "TWF": 122,
        "HLN": 118,
        "MLB": 117,
        "DHN": 116,
        "SUN": 115,
        "DRO": 105,
        "STX": 98,
        "BLI": 95,
        "TVC": 95,
        "GFK": 94,
        "LBE": 93,
        "SIT": 92,
        "BMI": 91,
        "OAJ": 90,
        "GCC": 88,
        "RHI": 88,
        "PHF": 88,
        "LAW": 87,
        "BQK": 86,
        "BPT": 85,
        "VLD": 84,
        "TXK": 83,
        "HIB": 83,
        "GTR": 83,
        "MEI": 83,
        "BET": 81,
        "CSG": 81,
        "SCC": 80,
        "BRW": 80,
        "ABY": 79,
        "RST": 77,
        "BGM": 76,
        "LCH": 75,
        "JMS": 74,
        "PSE": 73,
        "SWF": 67,
        "EAU": 62,
        "MKG": 62,
        "CMX": 62,
        "JLN": 62,
        "WRG": 62,
        "PSG": 62,
        "PAH": 62,
        "BJI": 62,
        "ABR": 62,
        "RDD": 61,
        "SMX": 61,
        "OME": 61,
        "OTZ": 61,
        "CDV": 60,
        "YAK": 60,
        "ORH": 60,
        "ITH": 59,
        "CIU": 58,
        "BTM": 58,
        "SCE": 58,
        "SAF": 58,
        "ERI": 58,
        "RKS": 57,
        "CWA": 57,
        "IMT": 57,
        "PIH": 56,
        "EWN": 55,
        "LWS": 55,
        "CLL": 54,
        "INL": 54,
        "PLN": 54,
        "MQT": 54,
        "EKO": 53,
        "PIB": 52,
        "BRD": 52,
        "ESC": 52,
        "APN": 52,
        "LAR": 52,
        "HYS": 52,
        "CDC": 51,
        "HOB": 49,
        "LSE": 49,
        "GUC": 48,
        "DVL": 48,
        "ADQ": 43,
        "COD": 33,
        "MMH": 32,
        "PBG": 31,
        "GUM": 31,
        "IAG": 31,
        "OTH": 17,
        "PPG": 10,
        "ADK": 9,
        "BGR": 6,
        "ROW": 4,
        "UST": 3
    },
    "nrows": 445827
}