{
    "column_id": "Airline/Airline.csvAirline.csv/Dest",
    "dataset_name": "Airline.csv",
    "dataset_id": "Airline/Airline.csv",
    "path": "/home/ubuntu/CatDB/Experiments/data/Airline/Airline.csv",
    "table_name": "Airline.csv",
    "table_id": "Airline/Airline.csvAirline.csv",
    "column_name": "Dest",
    "data_source": "Airline",
    "data_type": "named_entity",
    "total_values_count": 445827,
    "distinct_values_count": 294,
    "missing_values_count": 0,
    "true_ratio": null,
    "min_value": null,
    "max_value": null,
    "mean": null,
    "median": null,
    "iqr": null,
    "category_values": [
        "DTW",
        "DFW",
        "JFK",
        "SEA",
        "ORD",
        "SJC",
        "DCA",
        "PHL",
        "STL",
        "TPA",
        "MIA",
        "DEN",
        "LAX",
        "KOA",
        "IAH",
        "AUS",
        "MCO",
        "LAS",
        "SLC",
        "STT",
        "BOS",
        "FLL",
        "SFO",
        "HNL",
        "OGG",
        "TUL",
        "SNA",
        "IAD",
        "LGA",
        "CLT",
        "RDU",
        "EWR",
        "RIC",
        "PDX",
        "ELP",
        "SAN",
        "SAT",
        "MCI",
        "BNA",
        "PHX",
        "ONT",
        "TUS",
        "SMF",
        "OKC",
        "LIH",
        "ORF",
        "RSW",
        "BWI",
        "MSP",
        "GUC",
        "IND",
        "ATL",
        "SJU",
        "PSP",
        "MSY",
        "COS",
        "MKE",
        "JAX",
        "PIT",
        "RNO",
        "MFE",
        "PBI",
        "EGE",
        "DAY",
        "ABQ",
        "LBB",
        "SDF",
        "STX",
        "DSM",
        "OMA",
        "CLE",
        "BDL",
        "FAT",
        "CMH",
        "JAC",
        "MTJ",
        "HDN",
        "MEM",
        "BOI",
        "HOU",
        "OAK",
        "GEG",
        "ANC",
        "BUF",
        "ICT",
        "PVD",
        "ALB",
        "SYR",
        "ILM",
        "PWM",
        "ROC",
        "CHS",
        "MDT",
        "GSO",
        "BHM",
        "BLI",
        "BET",
        "ADQ",
        "BRW",
        "SCC",
        "FAI",
        "KTN",
        "YAK",
        "CDV",
        "JNU",
        "SIT",
        "WRG",
        "PSG",
        "OME",
        "OTZ",
        "BUR",
        "ADK",
        "PSE",
        "LGB",
        "SWF",
        "HPN",
        "BQN",
        "SRQ",
        "SAV",
        "BTV",
        "ORH",
        "DAB",
        "CVG",
        "FAR",
        "MSN",
        "GRR",
        "EVV",
        "AVP",
        "BIL",
        "AGS",
        "DAL",
        "TRI",
        "MDW",
        "GPT",
        "PHF",
        "MLB",
        "BZN",
        "CHA",
        "MSO",
        "CHO",
        "LEX",
        "EYW",
        "ECP",
        "VPS",
        "GSP",
        "ATW",
        "LFT",
        "SGF",
        "CAK",
        "FSD",
        "FAY",
        "PNS",
        "LIT",
        "ROA",
        "MHT",
        "JAN",
        "MYR",
        "HSV",
        "TYS",
        "FNT",
        "CID",
        "TTN",
        "BIS",
        "UST",
        "AVL",
        "CAE",
        "CRW",
        "ITO",
        "ACY",
        "LBE",
        "ABE",
        "XNA",
        "BMI",
        "PPG",
        "IAG",
        "JLN",
        "SHV",
        "TYR",
        "MLU",
        "GRK",
        "MAF",
        "BTR",
        "LAW",
        "SPI",
        "ACT",
        "BRO",
        "AEX",
        "LCH",
        "YUM",
        "DLH",
        "FWA",
        "GRB",
        "SBN",
        "LAN",
        "SBA",
        "DRO",
        "RAP",
        "ASE",
        "MOT",
        "EUG",
        "MMH",
        "LNK",
        "MFR",
        "GJT",
        "GTF",
        "SMX",
        "MLI",
        "LSE",
        "PSC",
        "FCA",
        "FLG",
        "HLN",
        "ACV",
        "MBS",
        "PIA",
        "RST",
        "PBG",
        "BFL",
        "SUN",
        "IDA",
        "MRY",
        "GFK",
        "AMA",
        "CRP",
        "SBP",
        "ISN",
        "SGU",
        "TWF",
        "PLN",
        "EKO",
        "CPR",
        "LAR",
        "TVC",
        "AZO",
        "RDM",
        "CLL",
        "CMX",
        "COD",
        "EAU",
        "JMS",
        "DVL",
        "PAH",
        "MQT",
        "MKG",
        "GCC",
        "ABR",
        "APN",
        "ITH",
        "CIU",
        "BGM",
        "RHI",
        "IMT",
        "LWS",
        "INL",
        "PIH",
        "GUM",
        "HIB",
        "ESC",
        "BJI",
        "BRD",
        "BTM",
        "CDC",
        "RKS",
        "HYS",
        "RDD",
        "OTH",
        "HRL",
        "ISP",
        "TLH",
        "MOB",
        "GNV",
        "PIB",
        "MEI",
        "FSM",
        "BPT",
        "SAF",
        "LRD",
        "TXK",
        "ROW",
        "HOB",
        "CWA",
        "ERI",
        "GTR",
        "DHN",
        "ELM",
        "SCE",
        "OAJ",
        "VLD",
        "MGM",
        "ABY",
        "BQK",
        "CSG",
        "BGR",
        "EWN"
    ],
    "embedding": [
        0.9998640418052673,
        -0.9997567534446716,
        0.9843317270278931,
        -0.9999523162841797,
        -0.7724640369415283,
        -0.9999759793281555,
        -0.9997861981391907,
        -0.9999867677688599,
        0.9998020529747009,
        0.999750018119812,
        -0.9997134804725647,
        0.9999864101409912,
        -0.999895453453064,
        0.9999564290046692,
        0.9998087286949158,
        -0.9997792840003967,
        0.9996407628059387,
        -0.9999827146530151,
        0.9997147917747498,
        0.9997860193252563,
        0.9997463226318359,
        -0.9998845458030701,
        0.9999954700469971,
        0.9998500943183899,
        0.999814510345459,
        -0.999989926815033,
        -0.9999789595603943,
        -0.9999791383743286,
        0.7746424674987793,
        -0.9999111294746399,
        -0.9993374347686768,
        0.9843986630439758,
        -0.9999099373817444,
        0.9999668598175049,
        0.9997593760490417,
        -0.9998188614845276,
        -0.999807596206665,
        0.783616840839386,
        0.9997681379318237,
        -0.9999884366989136,
        -0.6813951134681702,
        0.9996862411499023,
        0.9998361468315125,
        -0.776819109916687,
        -0.9998016357421875,
        -0.9999968409538269,
        -0.9999886155128479,
        -0.9997667670249939,
        -0.9999185800552368,
        0.9997425079345703,
        -0.9998648762702942,
        -0.999642014503479,
        -0.9995196461677551,
        -0.9998877644538879,
        0.999990701675415,
        0.9997544884681702,
        0.999767005443573,
        -0.9999213218688965,
        -0.9996843338012695,
        0.9995847940444946,
        0.9999889731407166,
        -0.9997276067733765,
        0.9999392628669739,
        0.9991339445114136,
        -0.9998656511306763,
        0.9844871759414673,
        -0.9998091459274292,
        0.9998217821121216,
        0.999955952167511,
        0.999991774559021,
        -0.9999093413352966,
        0.9996472597122192,
        0.9998531341552734,
        -0.9994924068450928,
        -0.9997996091842651,
        0.9996007084846497,
        0.9997960329055786,
        0.9998238682746887,
        0.7683631181716919,
        -0.999992311000824,
        -0.9984808564186096,
        0.9999850988388062,
        0.9999520778656006,
        0.9999341368675232,
        0.9998384118080139,
        -0.9999855160713196,
        0.9999871253967285,
        -0.9999944567680359,
        0.999880850315094,
        0.9998588562011719,
        -0.9987161159515381,
        -0.9997718334197998,
        -0.9998767375946045,
        -0.9997199773788452,
        0.9998018741607666,
        -0.9998934268951416,
        0.9999294877052307,
        0.9997591972351074,
        0.9983936548233032,
        0.999961256980896,
        0.9998273253440857,
        -0.9999638795852661,
        -0.9998599886894226,
        -0.9995630383491516,
        -0.9999972581863403,
        0.9999027252197266,
        -0.9999942183494568,
        0.9999093413352966,
        -0.9999342560768127,
        0.9999701380729675,
        0.9997914433479309,
        -0.9997022747993469,
        -0.9999901652336121,
        -0.9998167753219604,
        0.999832808971405,
        -0.9998780488967896,
        -0.9998243451118469,
        0.9998924732208252,
        -0.9997990727424622,
        0.9985781311988831,
        -0.9999859929084778,
        -0.9999905228614807,
        0.9998010993003845,
        -0.9999855160713196,
        0.9997561573982239,
        -0.9998268485069275,
        0.99974125623703,
        -0.9999938011169434,
        0.9997850656509399,
        0.9999140501022339,
        -0.9998868107795715,
        -0.7766586542129517,
        0.9998076558113098,
        0.9999794363975525,
        0.9999874830245972,
        0.9999849200248718,
        -0.7729002237319946,
        -0.9997921586036682,
        -0.999988317489624,
        0.9997982978820801,
        0.7779256105422974,
        -0.9999940395355225,
        0.9998459815979004,
        0.9998219609260559,
        -0.9843021035194397,
        -0.9999854564666748,
        0.9999772310256958,
        0.9996938705444336,
        0.9998674988746643,
        0.9995190501213074,
        -0.9999802708625793,
        -0.9997438192367554,
        -0.9997701048851013,
        -0.9997496008872986,
        -0.9997097253799438,
        0.9999839067459106,
        0.9845344424247742,
        -0.9999830722808838,
        0.6152410507202148,
        -0.999222457408905,
        0.9999260306358337,
        -0.9999098181724548,
        -0.7774718403816223,
        -0.807127058506012,
        0.9996670484542847,
        0.9998428821563721,
        -0.9999906420707703,
        0.9999209642410278,
        0.7790516018867493,
        0.9996241927146912,
        -0.9999918341636658,
        0.9998685717582703,
        -0.9999387264251709,
        0.9999886155128479,
        -0.9992116689682007,
        -0.9993926286697388,
        0.9999955296516418,
        -0.7777751684188843,
        0.9999392032623291,
        -0.999783992767334,
        -0.9998400807380676,
        -0.9997388124465942,
        -0.9996843934059143,
        -0.9999780058860779,
        -0.9997420310974121,
        -0.7729222178459167,
        -0.9999875426292419,
        -0.9996227025985718,
        -0.9592512845993042,
        0.772743284702301,
        -0.9996592402458191,
        0.9996621608734131,
        0.999710738658905,
        -0.9999797344207764,
        0.9999294877052307,
        -0.9997451901435852,
        -0.9997222423553467,
        -0.7734374403953552,
        -0.9999396204948425,
        -0.9999415874481201,
        0.9998309016227722,
        -0.9997797012329102,
        0.9999097585678101,
        -0.999750018119812,
        0.9998579025268555,
        0.9997128844261169,
        -0.9999831914901733,
        0.9999505877494812,
        -0.7699010968208313,
        -0.9999601244926453,
        -0.999961793422699,
        0.999750018119812,
        0.9997400045394897,
        -0.9990997910499573,
        0.9999134540557861,
        -0.9999901652336121,
        -0.9998238682746887,
        0.99998939037323,
        -0.9999871850013733,
        0.9845620393753052,
        0.7643803954124451,
        -0.999863862991333,
        -0.9999751448631287,
        0.9996627569198608,
        0.9998818635940552,
        0.9999584555625916,
        -0.9998355507850647,
        -0.9997284412384033,
        -0.9999849200248718,
        -0.9998093247413635,
        -0.7689619660377502,
        0.9997808933258057,
        0.9999865293502808,
        0.9999873042106628,
        0.9999604821205139,
        -0.9999810457229614,
        0.9999867081642151,
        -0.9998737573623657,
        0.9843682646751404,
        -0.9999890327453613,
        0.7851348519325256,
        0.9996829032897949,
        -0.9997731447219849,
        -0.9998469948768616,
        0.9999670386314392,
        -0.9999173879623413,
        0.9999167323112488,
        0.9999767541885376,
        -0.999973475933075,
        -0.9998825788497925,
        0.9999815225601196,
        0.9999867677688599,
        0.9998223185539246,
        0.999853789806366,
        0.9996742606163025,
        0.9998694658279419,
        -0.9998440146446228,
        -0.9999329447746277,
        0.9999118447303772,
        0.9998858571052551,
        0.9997949600219727,
        -0.999946653842926,
        0.9998335242271423,
        0.9999977350234985,
        -0.9999938607215881,
        -0.9607441425323486,
        0.999893307685852,
        -0.9997113943099976,
        -0.9999707937240601,
        0.9997334480285645,
        -0.9999852776527405,
        -0.9999643564224243,
        -0.9998005628585815,
        -0.9998068809509277,
        0.9999925494194031,
        0.9999709129333496,
        -0.9999367594718933,
        0.9997183680534363,
        -0.9998483061790466,
        -0.9994418621063232,
        0.9997037649154663,
        0.9999735355377197,
        -0.9997548460960388,
        0.9999852776527405,
        0.7812055945396423,
        0.9998435378074646,
        -0.9999117851257324,
        -0.9999690055847168,
        0.7784621119499207,
        -0.9999877214431763,
        0.9999942779541016,
        -0.9999750256538391,
        0.9999805688858032,
        -0.9999701380729675,
        -0.9988621473312378,
        -0.999963641166687,
        -0.9998453259468079,
        -0.999642014503479,
        -0.9997721910476685,
        -0.9996575117111206
    ],
    "embedding_scaling_factor": 3.0368850231170654,
    "samples": [
        "CLT",
        "RSW",
        "PVD",
        "LGB",
        "DEN",
        "ATL",
        "LGB",
        "ROA",
        "HNL",
        "CHA",
        "PHX",
        "BOS",
        "DFW",
        "LAX",
        "BDL",
        "BTR",
        "DTW",
        "ORD",
        "DTW",
        "MIA",
        "DCA",
        "MBS",
        "BLI",
        "PNS",
        "LAS",
        "DTW",
        "OMA",
        "HOU",
        "ATL",
        "MSY",
        "PBI",
        "DAL",
        "BNA",
        "SFO",
        "HOU",
        "SLC",
        "TPA",
        "DAL",
        "IAH",
        "BOS",
        "DSM",
        "SJC",
        "SLC",
        "BNA",
        "PHX",
        "HNL",
        "PBI",
        "BOS",
        "BWI",
        "BWI",
        "ATL",
        "MIA",
        "LAX",
        "ATL",
        "MLU",
        "JAX",
        "CMH",
        "MDW",
        "JAX",
        "LGA",
        "MSP",
        "IAH",
        "IAD",
        "MSP",
        "MSP",
        "LGA",
        "PHX",
        "SLC",
        "LGA",
        "DCA",
        "IAH",
        "SFO",
        "HNL",
        "SAN",
        "ATL",
        "MCO",
        "DEN",
        "SJU",
        "DEN",
        "LGB",
        "SAN",
        "RIC",
        "SFO",
        "DCA",
        "SJC",
        "LAS",
        "SJC",
        "RSW",
        "ORD",
        "AUS",
        "SEA",
        "GNV",
        "DTW",
        "ATL",
        "LAX",
        "ATL",
        "ORD",
        "BOS",
        "JFK",
        "DCA"
    ],
    "category_values_ratio": {
        "ATL": 29854,
        "ORD": 18605,
        "DEN": 17527,
        "DFW": 16572,
        "LAX": 16406,
        "SFO": 13206,
        "PHX": 13035,
        "LAS": 12245,
        "IAH": 11642,
        "MCO": 10730,
        "SEA": 9739,
        "MSP": 9585,
        "DTW": 9463,
        "CLT": 9224,
        "BOS": 9100,
        "SLC": 8699,
        "EWR": 8536,
        "LGA": 8035,
        "JFK": 8014,
        "FLL": 7665,
        "BWI": 7174,
        "MDW": 6676,
        "DCA": 6455,
        "MIA": 6088,
        "SAN": 6016,
        "TPA": 5996,
        "DAL": 5795,
        "PHL": 5671,
        "HOU": 4546,
        "STL": 4320,
        "PDX": 4143,
        "BNA": 3903,
        "HNL": 3878,
        "OAK": 3652,
        "AUS": 3581,
        "MSY": 3501,
        "SNA": 3463,
        "MCI": 3325,
        "RSW": 3288,
        "SJC": 3217,
        "SMF": 3154,
        "MKE": 2706,
        "CLE": 2688,
        "RDU": 2571,
        "IAD": 2533,
        "PBI": 2430,
        "SJU": 2395,
        "SAT": 2340,
        "IND": 2207,
        "OGG": 1906,
        "PIT": 1888,
        "BUR": 1783,
        "CMH": 1778,
        "ONT": 1598,
        "BDL": 1520,
        "JAX": 1499,
        "ABQ": 1445,
        "TUS": 1419,
        "OMA": 1414,
        "OKC": 1324,
        "BUF": 1314,
        "CVG": 1252,
        "ANC": 1230,
        "TUL": 1200,
        "BOI": 1172,
        "RIC": 1156,
        "MEM": 1154,
        "CHS": 1015,
        "LIH": 1005,
        "RNO": 1001,
        "PVD": 996,
        "KOA": 985,
        "PSP": 977,
        "BHM": 892,
        "ELP": 882,
        "GEG": 859,
        "ORF": 847,
        "ALB": 759,
        "GRR": 758,
        "LGB": 755,
        "SDF": 747,
        "ICT": 688,
        "DSM": 659,
        "COS": 629,
        "LIT": 614,
        "ASE": 607,
        "FAT": 598,
        "BTR": 589,
        "ROC": 585,
        "MSN": 577,
        "DAY": 573,
        "HPN": 545,
        "GSP": 538,
        "SAV": 531,
        "TYS": 523,
        "SBA": 500,
        "CAK": 492,
        "ITO": 492,
        "SHV": 481,
        "MAF": 472,
        "SYR": 458,
        "STT": 446,
        "MHT": 442,
        "PNS": 441,
        "CAE": 428,
        "JAN": 428,
        "GSO": 428,
        "JAC": 403,
        "LBB": 400,
        "SBN": 396,
        "ISP": 382,
        "PWM": 379,
        "FAR": 378,
        "LEX": 367,
        "XNA": 367,
        "VPS": 359,
        "MOB": 353,
        "FSD": 347,
        "JNU": 346,
        "CHA": 344,
        "SRQ": 327,
        "ECP": 324,
        "HSV": 315,
        "ACY": 310,
        "FWA": 309,
        "EGE": 308,
        "PSC": 298,
        "FNT": 297,
        "EUG": 290,
        "BIL": 281,
        "ATW": 272,
        "LFT": 270,
        "BZN": 267,
        "GPT": 264,
        "BTV": 262,
        "LAN": 251,
        "PIA": 250,
        "CRP": 247,
        "MLU": 246,
        "AMA": 246,
        "HRL": 245,
        "GRB": 243,
        "CID": 243,
        "MFR": 235,
        "LNK": 234,
        "SGF": 232,
        "MYR": 228,
        "EVV": 221,
        "SBP": 221,
        "MLI": 219,
        "RAP": 217,
        "GRK": 216,
        "MRY": 210,
        "AEX": 209,
        "TLH": 208,
        "BIS": 208,
        "AZO": 207,
        "IDA": 207,
        "AVL": 204,
        "ILM": 197,
        "AGS": 196,
        "CRW": 196,
        "GNV": 195,
        "MFE": 194,
        "MGM": 192,
        "MDT": 190,
        "BRO": 189,
        "MBS": 189,
        "BFL": 189,
        "GJT": 188,
        "KTN": 186,
        "HDN": 184,
        "EYW": 184,
        "RDM": 183,
        "ROA": 183,
        "ABE": 181,
        "MSO": 181,
        "ELM": 180,
        "YUM": 177,
        "FAI": 174,
        "DLH": 173,
        "TYR": 172,
        "BQN": 172,
        "CHO": 171,
        "ISN": 169,
        "TTN": 167,
        "LRD": 165,
        "TRI": 162,
        "FLG": 157,
        "AVP": 155,
        "FAY": 154,
        "SGU": 153,
        "GTF": 152,
        "MTJ": 152,
        "MOT": 150,
        "FSM": 149,
        "ACT": 146,
        "DAB": 146,
        "SPI": 143,
        "CPR": 139,
        "FCA": 137,
        "ACV": 125,
        "HLN": 119,
        "SUN": 118,
        "MLB": 117,
        "DHN": 116,
        "DRO": 105,
        "STX": 98,
        "BLI": 94,
        "TVC": 94,
        "GFK": 93,
        "LBE": 93,
        "SIT": 93,
        "BMI": 91,
        "OAJ": 90,
        "GCC": 88,
        "PHF": 88,
        "RHI": 88,
        "LAW": 88,
        "BQK": 86,
        "TWF": 86,
        "BPT": 85,
        "TXK": 84,
        "VLD": 84,
        "GTR": 84,
        "HIB": 83,
        "MEI": 83,
        "BET": 81,
        "CSG": 81,
        "ABY": 80,
        "BRW": 80,
        "SCC": 80,
        "RST": 78,
        "BGM": 76,
        "LCH": 76,
        "JMS": 74,
        "PSE": 72,
        "CMX": 63,
        "ABR": 62,
        "SWF": 62,
        "BJI": 62,
        "JLN": 62,
        "ORH": 62,
        "MKG": 62,
        "WRG": 62,
        "PSG": 62,
        "SMX": 62,
        "EAU": 62,
        "PAH": 62,
        "OME": 61,
        "RDD": 61,
        "OTZ": 61,
        "CDV": 60,
        "YAK": 60,
        "SCE": 60,
        "ITH": 59,
        "SAF": 59,
        "CIU": 58,
        "BTM": 58,
        "CWA": 58,
        "ERI": 58,
        "IMT": 57,
        "RKS": 57,
        "PIH": 56,
        "EWN": 55,
        "MQT": 55,
        "LWS": 55,
        "CLL": 55,
        "INL": 54,
        "PLN": 54,
        "EKO": 53,
        "HYS": 52,
        "BRD": 52,
        "ESC": 52,
        "PIB": 52,
        "APN": 52,
        "LAR": 52,
        "CDC": 51,
        "HOB": 49,
        "LSE": 49,
        "DVL": 48,
        "GUC": 48,
        "ADQ": 43,
        "COD": 33,
        "MMH": 32,
        "IAG": 31,
        "GUM": 31,
        "PBG": 31,
        "OTH": 17,
        "PPG": 10,
        "ADK": 9,
        "ROW": 4,
        "BGR": 4,
        "UST": 3
    },
    "nrows": 445827
}