{
    "column_id": "Airline/L_ONTIME_DELAY_GROUPS.csvL_ONTIME_DELAY_GROUPS.csv/Code",
    "dataset_name": "L_ONTIME_DELAY_GROUPS.csv",
    "dataset_id": "Airline/L_ONTIME_DELAY_GROUPS.csv",
    "path": "/home/ubuntu/CatDB/Experiments/data/Airline/L_ONTIME_DELAY_GROUPS.csv",
    "table_name": "L_ONTIME_DELAY_GROUPS.csv",
    "table_id": "Airline/L_ONTIME_DELAY_GROUPS.csvL_ONTIME_DELAY_GROUPS.csv",
    "column_name": "Code",
    "data_source": "Airline",
    "data_type": "int",
    "total_values_count": 15,
    "distinct_values_count": 15,
    "missing_values_count": 0,
    "true_ratio": null,
    "min_value": -2.0,
    "max_value": 12.0,
    "mean": 5.0,
    "median": 5.0,
    "iqr": 7.0,
    "category_values": [
        -2,
        -1,
        0,
        1,
        2,
        3,
        4,
        5,
        6,
        7,
        8,
        9,
        10,
        11,
        12
    ],
    "embedding": [
        -1.0,
        -1.0,
        -1.0,
        1.0,
        -1.0,
        0.9999998807907104,
        -1.0,
        -1.0,
        -1.0,
        -1.0,
        1.0,
        -1.0,
        -1.0,
        1.0,
        1.0,
        1.0,
        1.0,
        -1.0,
        1.0,
        -1.0,
        1.0,
        -1.0,
        1.0,
        -1.0,
        1.0,
        -1.0,
        -0.9999999403953552,
        1.0,
        -1.0,
        -1.0,
        1.0,
        1.0,
        -1.0,
        -1.0,
        -1.0,
        1.0,
        -1.0,
        1.0,
        1.0,
        -1.0,
        -1.0,
        1.0,
        -1.0,
        -1.0,
        -1.0,
        -1.0,
        1.0,
        -1.0,
        -1.0,
        -0.6171085834503174,
        -1.0,
        1.0,
        1.0,
        1.0,
        -0.9999998807907104,
        1.0,
        1.0,
        1.0,
        -1.0,
        0.8622499108314514,
        -1.0,
        -1.0,
        1.0,
        -1.0,
        1.0,
        -1.0,
        0.9999999403953552,
        -1.0,
        1.0,
        1.0,
        1.0,
        -1.0,
        -1.0,
        -1.0,
        -1.0,
        1.0,
        1.0,
        1.0,
        1.0,
        1.0,
        1.0,
        1.0,
        0.9999998807907104,
        -1.0,
        -1.0,
        1.0,
        -1.0,
        1.0,
        1.0,
        1.0,
        -1.0,
        0.9999997615814209,
        1.0,
        -1.0,
        1.0,
        -1.0,
        0.9999992847442627,
        -1.0,
        -1.0,
        -1.0,
        -0.8824222087860107,
        -1.0,
        1.0,
        -1.0,
        -1.0,
        1.0,
        0.9999999403953552,
        1.0,
        -1.0,
        -1.0,
        1.0,
        -1.0,
        -1.0,
        1.0,
        1.0,
        1.0,
        1.0,
        1.0,
        1.0,
        -1.0,
        -1.0,
        1.0,
        -1.0,
        -1.0,
        1.0,
        -1.0,
        -1.0,
        -1.0,
        -1.0,
        0.9999998807907104,
        -1.0,
        1.0,
        -1.0,
        -1.0,
        1.0,
        -1.0,
        -1.0,
        1.0,
        1.0,
        -1.0,
        1.0,
        1.0,
        1.0,
        -1.0,
        1.0,
        -0.9999999403953552,
        1.0,
        -1.0,
        -1.0,
        -1.0,
        1.0,
        -1.0,
        1.0,
        -1.0,
        1.0,
        -1.0,
        1.0,
        -1.0,
        1.0,
        -1.0,
        -1.0,
        1.0,
        -1.0,
        -1.0,
        1.0,
        -1.0,
        1.0,
        -1.0,
        -1.0,
        -1.0,
        -1.0,
        -0.9999999403953552,
        1.0,
        1.0,
        -1.0,
        -1.0,
        1.0,
        -1.0,
        -1.0,
        -1.0,
        1.0,
        -1.0,
        -1.0,
        -1.0,
        1.0,
        -0.9999999403953552,
        1.0,
        -1.0,
        -1.0,
        -1.0,
        1.0,
        0.9999998211860657,
        1.0,
        1.0,
        -1.0,
        -1.0,
        1.0,
        -1.0,
        -1.0,
        1.0,
        -1.0,
        1.0,
        -1.0,
        -0.9999998807907104,
        -0.9999998807907104,
        -1.0,
        1.0,
        1.0,
        -1.0,
        -1.0,
        -1.0,
        1.0,
        -1.0,
        -1.0,
        -1.0,
        1.0,
        -1.0,
        0.9999997615814209,
        -1.0,
        -0.9999998807907104,
        1.0,
        -1.0,
        -1.0,
        1.0,
        -1.0,
        -0.5952991247177124,
        1.0,
        -1.0,
        -1.0,
        -1.0,
        0.9999998807907104,
        -1.0,
        1.0,
        -1.0,
        -1.0,
        1.0,
        -1.0,
        1.0,
        1.0,
        -1.0,
        1.0,
        -0.593820333480835,
        1.0,
        -1.0,
        1.0,
        1.0,
        -1.0,
        -1.0,
        -1.0,
        1.0,
        1.0,
        1.0,
        -1.0,
        -1.0,
        -1.0,
        1.0,
        1.0,
        -1.0,
        -1.0,
        -1.0,
        1.0,
        1.0,
        1.0,
        -1.0,
        0.9999998807907104,
        -1.0,
        -1.0,
        -1.0,
        1.0,
        1.0,
        -0.8893197178840637,
        -1.0,
        -1.0,
        1.0,
        -1.0,
        1.0,
        1.0,
        1.0,
        1.0,
        1.0,
        1.0,
        -1.0,
        1.0,
        1.0,
        1.0,
        -1.0,
        -1.0,
        1.0,
        -1.0,
        -1.0,
        -1.0,
        1.0,
        -1.0,
        -1.0,
        -1.0,
        -1.0,
        -1.0,
        1.0,
        1.0,
        1.0
    ],
    "embedding_scaling_factor": 2000.168701171875,
    "samples": [
        0,
        6,
        8,
        9,
        11,
        5,
        2,
        12,
        -1,
        -2,
        3,
        7,
        10,
        1,
        4
    ],
    "category_values_ratio": {
        "-2": 1,
        "-1": 1,
        "0": 1,
        "1": 1,
        "2": 1,
        "3": 1,
        "4": 1,
        "5": 1,
        "6": 1,
        "7": 1,
        "8": 1,
        "9": 1,
        "10": 1,
        "11": 1,
        "12": 1
    },
    "nrows": 15
}