{
    "column_id": "oml_dataset_36_rnc/oml_dataset_36_rnc.csvoml_dataset_36_rnc.csv/c_14",
    "dataset_name": "oml_dataset_36_rnc.csv",
    "dataset_id": "oml_dataset_36_rnc/oml_dataset_36_rnc.csv",
    "path": "/home/ubuntu/CatDB/Experiments/data/oml_dataset_36_rnc/oml_dataset_36_rnc.csv",
    "table_name": "oml_dataset_36_rnc.csv",
    "table_id": "oml_dataset_36_rnc/oml_dataset_36_rnc.csvoml_dataset_36_rnc.csv",
    "column_name": "c_14",
    "data_source": "oml_dataset_36_rnc",
    "data_type": "int",
    "total_values_count": 452,
    "distinct_values_count": 69,
    "missing_values_count": 376,
    "true_ratio": null,
    "min_value": -179.0,
    "max_value": 178.0,
    "mean": -13.592105263157896,
    "median": -50.5,
    "iqr": 241.75,
    "category_values": null,
    "embedding": [
        -1.0,
        -1.0,
        -1.0,
        1.0,
        -1.0,
        0.9999991059303284,
        -1.0,
        -1.0,
        -0.7986839413642883,
        -1.0,
        1.0,
        -1.0,
        -1.0,
        1.0,
        1.0,
        0.9999998807907104,
        1.0,
        -0.9999998807907104,
        1.0,
        -1.0,
        1.0,
        -1.0,
        1.0,
        -1.0,
        1.0,
        -1.0,
        -0.9999992251396179,
        1.0,
        -1.0,
        -1.0,
        1.0,
        1.0,
        -1.0,
        -1.0,
        -1.0,
        1.0,
        -1.0,
        1.0,
        1.0,
        -1.0,
        -0.9999995827674866,
        1.0,
        -1.0,
        -1.0,
        -1.0,
        -1.0,
        1.0,
        -1.0,
        -0.7912490963935852,
        -0.768158495426178,
        -1.0,
        1.0,
        0.9999815225601196,
        1.0,
        -0.9999995231628418,
        1.0,
        1.0,
        1.0,
        -1.0,
        0.8344720005989075,
        -1.0,
        -1.0,
        1.0,
        -1.0,
        1.0,
        -1.0,
        0.9999991059303284,
        -1.0,
        1.0,
        1.0,
        1.0,
        -1.0,
        -1.0,
        -1.0,
        -1.0,
        1.0,
        1.0,
        0.9999998807907104,
        1.0,
        1.0,
        0.9997539520263672,
        1.0,
        0.9999988079071045,
        -1.0,
        -1.0,
        1.0,
        -1.0,
        1.0,
        1.0,
        1.0,
        -0.9999900460243225,
        0.9999992251396179,
        1.0,
        -1.0,
        1.0,
        -1.0,
        0.9999986886978149,
        -1.0,
        -0.9999998807907104,
        -1.0,
        -0.9914730191230774,
        -1.0,
        1.0,
        -1.0,
        -1.0,
        1.0,
        0.9999992847442627,
        1.0,
        -1.0,
        -1.0,
        0.9999998807907104,
        -1.0,
        -1.0,
        1.0,
        1.0,
        1.0,
        1.0,
        1.0,
        1.0,
        -1.0,
        -1.0,
        1.0,
        -1.0,
        -1.0,
        1.0,
        -1.0,
        -1.0,
        -0.7143029570579529,
        -1.0,
        0.9999988675117493,
        -1.0,
        1.0,
        -1.0,
        -1.0,
        1.0,
        -1.0,
        -1.0,
        1.0,
        1.0,
        -1.0,
        1.0,
        1.0,
        1.0,
        -0.9999938011169434,
        1.0,
        -0.9999991059303284,
        0.9999994039535522,
        -1.0,
        -1.0,
        -0.9999989867210388,
        0.5930449366569519,
        -1.0,
        1.0,
        -1.0,
        1.0,
        -1.0,
        1.0,
        -1.0,
        0.9999998807907104,
        -1.0,
        -1.0,
        0.9999998807907104,
        -1.0,
        -1.0,
        1.0,
        -1.0,
        1.0,
        -1.0,
        -1.0,
        -1.0,
        -1.0,
        -0.9999994039535522,
        1.0,
        1.0,
        -1.0,
        -1.0,
        1.0,
        -1.0,
        -1.0,
        -1.0,
        1.0,
        -1.0,
        -1.0,
        -1.0,
        1.0,
        -0.9999991059303284,
        1.0,
        -0.9132136106491089,
        -1.0,
        -1.0,
        1.0,
        0.9999989867210388,
        1.0,
        1.0,
        -1.0,
        -1.0,
        1.0,
        -1.0,
        -1.0,
        1.0,
        -1.0,
        1.0,
        -1.0,
        -0.9999992847442627,
        -0.9999992251396179,
        -1.0,
        1.0,
        1.0,
        -1.0,
        -1.0,
        -1.0,
        1.0,
        -1.0,
        -1.0,
        -0.9999653697013855,
        1.0,
        -1.0,
        0.9999989867210388,
        -1.0,
        -0.9999977946281433,
        1.0,
        -1.0,
        -1.0,
        0.9999998807907104,
        -0.8113847970962524,
        -0.7770271301269531,
        1.0,
        -0.9999998807907104,
        -1.0,
        -1.0,
        0.9999992847442627,
        -1.0,
        0.9999992847442627,
        -1.0,
        -1.0,
        0.9999998807907104,
        -1.0,
        1.0,
        0.9999998807907104,
        -0.7305116057395935,
        1.0,
        -0.8064681887626648,
        1.0,
        -1.0,
        1.0,
        0.9999909400939941,
        -1.0,
        -1.0,
        -1.0,
        1.0,
        1.0,
        1.0,
        -1.0,
        -1.0,
        -1.0,
        1.0,
        1.0,
        -1.0,
        -1.0,
        -1.0,
        1.0,
        1.0,
        1.0,
        -1.0,
        0.9999994039535522,
        -1.0,
        -1.0,
        -0.9999749064445496,
        1.0,
        1.0,
        -0.9923045635223389,
        -0.9999998211860657,
        -1.0,
        1.0,
        -1.0,
        1.0,
        1.0,
        1.0,
        1.0,
        1.0,
        1.0,
        -1.0,
        1.0,
        1.0,
        1.0,
        -1.0,
        -1.0,
        1.0,
        -1.0,
        -1.0,
        -1.0,
        1.0,
        -1.0,
        -0.9999998807907104,
        -1.0,
        -1.0,
        -1.0,
        1.0,
        1.0,
        0.8508308529853821
    ],
    "embedding_scaling_factor": 144.06680297851562,
    "samples": [
        132,
        -164,
        -93,
        -126,
        169,
        103,
        -44,
        -57,
        -105,
        62,
        -163,
        -150,
        -90,
        74,
        -93,
        114,
        84,
        153,
        -89,
        -124,
        -84
    ],
    "category_values_ratio": null,
    "nrows": 452
}