{
    "column_id": "IMDB_IJS/directors_genres.csvdirectors_genres.csv/director_id",
    "dataset_name": "directors_genres.csv",
    "dataset_id": "IMDB_IJS/directors_genres.csv",
    "path": "/home/ubuntu/CatDB/Experiments/data/IMDB_IJS/directors_genres.csv",
    "table_name": "directors_genres.csv",
    "table_id": "IMDB_IJS/directors_genres.csvdirectors_genres.csv",
    "column_name": "director_id",
    "data_source": "IMDB_IJS",
    "data_type": "int",
    "total_values_count": 156562,
    "distinct_values_count": 64909,
    "missing_values_count": 0,
    "true_ratio": null,
    "min_value": 2.0,
    "max_value": 88800.0,
    "mean": 44433.79871233122,
    "median": 44324.0,
    "iqr": 44187.25,
    "category_values": null,
    "embedding": [
        -1.0,
        -1.0,
        -1.0,
        1.0,
        -1.0,
        1.0,
        -1.0,
        -1.0,
        -0.999999463558197,
        -1.0,
        1.0,
        -1.0,
        -1.0,
        1.0,
        1.0,
        1.0,
        1.0,
        -1.0,
        1.0,
        -1.0,
        1.0,
        -1.0,
        1.0,
        -1.0,
        1.0,
        -1.0,
        -1.0,
        1.0,
        -1.0,
        -1.0,
        1.0,
        1.0,
        -1.0,
        -1.0,
        -1.0,
        1.0,
        -1.0,
        1.0,
        1.0,
        -1.0,
        -1.0,
        1.0,
        -1.0,
        -1.0,
        -1.0,
        -1.0,
        1.0,
        -1.0,
        -1.0,
        -0.996792733669281,
        -1.0,
        1.0,
        1.0,
        1.0,
        -1.0,
        1.0,
        1.0,
        1.0,
        -1.0,
        0.999525249004364,
        -1.0,
        -1.0,
        1.0,
        -1.0,
        1.0,
        -1.0,
        1.0,
        -1.0,
        1.0,
        1.0,
        1.0,
        -1.0,
        -1.0,
        -1.0,
        -1.0,
        1.0,
        1.0,
        1.0,
        1.0,
        1.0,
        1.0,
        1.0,
        1.0,
        -1.0,
        -1.0,
        1.0,
        -1.0,
        1.0,
        1.0,
        1.0,
        -1.0,
        1.0,
        1.0,
        -1.0,
        1.0,
        -1.0,
        1.0,
        -1.0,
        -1.0,
        -1.0,
        -0.9989764094352722,
        -1.0,
        1.0,
        -1.0,
        -1.0,
        1.0,
        1.0,
        1.0,
        -1.0,
        -1.0,
        1.0,
        -1.0,
        -1.0,
        1.0,
        1.0,
        1.0,
        1.0,
        1.0,
        1.0,
        -1.0,
        -1.0,
        1.0,
        -1.0,
        -1.0,
        1.0,
        -1.0,
        -1.0,
        -0.9999997615814209,
        -1.0,
        1.0,
        -1.0,
        1.0,
        -1.0,
        -1.0,
        1.0,
        -1.0,
        -1.0,
        1.0,
        1.0,
        -1.0,
        1.0,
        1.0,
        1.0,
        -1.0,
        1.0,
        -1.0,
        1.0,
        -1.0,
        -1.0,
        -1.0,
        1.0,
        -1.0,
        1.0,
        -1.0,
        1.0,
        -1.0,
        1.0,
        -1.0,
        1.0,
        -1.0,
        -1.0,
        1.0,
        -1.0,
        -1.0,
        1.0,
        -1.0,
        1.0,
        -1.0,
        -1.0,
        -1.0,
        -1.0,
        -1.0,
        1.0,
        1.0,
        -1.0,
        -1.0,
        1.0,
        -1.0,
        -1.0,
        -1.0,
        1.0,
        -1.0,
        -1.0,
        -1.0,
        1.0,
        -1.0,
        1.0,
        -1.0,
        -1.0,
        -1.0,
        1.0,
        1.0,
        1.0,
        1.0,
        -1.0,
        -1.0,
        1.0,
        -1.0,
        -1.0,
        1.0,
        -1.0,
        1.0,
        -1.0,
        -1.0,
        -1.0,
        -1.0,
        1.0,
        1.0,
        -1.0,
        -1.0,
        -1.0,
        1.0,
        -1.0,
        -1.0,
        -1.0,
        1.0,
        -1.0,
        1.0,
        -1.0,
        -1.0,
        1.0,
        -1.0,
        -1.0,
        1.0,
        -1.0,
        -0.9969097375869751,
        1.0,
        -1.0,
        -1.0,
        -1.0,
        1.0,
        -1.0,
        1.0,
        -1.0,
        -1.0,
        1.0,
        -1.0,
        1.0,
        1.0,
        -0.9999998807907104,
        1.0,
        -0.9951348900794983,
        1.0,
        -1.0,
        1.0,
        1.0,
        -1.0,
        -1.0,
        -1.0,
        1.0,
        1.0,
        1.0,
        -1.0,
        -1.0,
        -1.0,
        1.0,
        1.0,
        -1.0,
        -1.0,
        -1.0,
        1.0,
        1.0,
        1.0,
        -1.0,
        1.0,
        -1.0,
        -1.0,
        -1.0,
        1.0,
        1.0,
        -0.9990432262420654,
        -1.0,
        -1.0,
        1.0,
        -1.0,
        1.0,
        1.0,
        1.0,
        1.0,
        1.0,
        1.0,
        -1.0,
        1.0,
        1.0,
        1.0,
        -1.0,
        -1.0,
        1.0,
        -1.0,
        -1.0,
        -1.0,
        1.0,
        -1.0,
        -1.0,
        -1.0,
        -1.0,
        -1.0,
        1.0,
        1.0,
        1.0
    ],
    "embedding_scaling_factor": 19.019996643066406,
    "samples": [
        51071,
        22592,
        59655,
        15193,
        56014,
        58028,
        27549,
        64125,
        77370,
        27627,
        46349,
        82173,
        72627,
        68112,
        53047,
        1810,
        79711,
        56513,
        88336,
        26184,
        2303,
        47236,
        21489,
        11411,
        14219,
        52964,
        70696,
        871,
        88344,
        54001,
        14232,
        61682,
        54142,
        45394,
        56128,
        81753,
        12956,
        31975,
        18647,
        62993,
        35042,
        46320,
        34615,
        62398,
        34506,
        1025,
        52544,
        82266,
        7757,
        63004,
        34978,
        25565,
        83033,
        61100,
        61143,
        68590,
        74989,
        22771,
        35981,
        5491,
        67464,
        82229,
        18961,
        5467,
        86423,
        34676,
        6119,
        65637,
        21662,
        19201,
        26436,
        80271,
        2000,
        4860,
        4181,
        21792,
        88186,
        54879,
        47632,
        16555,
        44852,
        81590,
        76390,
        11915,
        15389,
        56409,
        29809,
        29770,
        77572,
        20069,
        55169,
        84939,
        47228,
        68377,
        59897,
        8073,
        65640,
        4251,
        4037,
        6394
    ],
    "category_values_ratio": null,
    "nrows": 156562
}