{
    "column_id": "Lahman-2014/awardsmanagers.csvawardsmanagers.csv/yearID",
    "dataset_name": "awardsmanagers.csv",
    "dataset_id": "Lahman-2014/awardsmanagers.csv",
    "path": "/home/ubuntu/CatDB/Experiments/data/Lahman-2014/awardsmanagers.csv",
    "table_name": "awardsmanagers.csv",
    "table_id": "Lahman-2014/awardsmanagers.csvawardsmanagers.csv",
    "column_name": "yearID",
    "data_source": "Lahman-2014",
    "data_type": "int",
    "total_values_count": 156,
    "distinct_values_count": 77,
    "missing_values_count": 0,
    "true_ratio": null,
    "min_value": 1936.0,
    "max_value": 2012.0,
    "mean": 1985.2884615384614,
    "median": 1991.0,
    "iqr": 25.25,
    "category_values": null,
    "embedding": [
        -1.0,
        -1.0,
        -1.0,
        1.0,
        -1.0,
        1.0,
        -1.0,
        -1.0,
        -1.0,
        -1.0,
        1.0,
        -1.0,
        -1.0,
        1.0,
        1.0,
        1.0,
        1.0,
        -1.0,
        1.0,
        -1.0,
        1.0,
        -1.0,
        1.0,
        -1.0,
        1.0,
        -1.0,
        -1.0,
        1.0,
        -1.0,
        -1.0,
        1.0,
        1.0,
        -1.0,
        -1.0,
        -1.0,
        1.0,
        -1.0,
        1.0,
        1.0,
        -1.0,
        -1.0,
        1.0,
        -1.0,
        -1.0,
        -1.0,
        -1.0,
        1.0,
        -1.0,
        -1.0,
        -0.98846834897995,
        -1.0,
        1.0,
        1.0,
        1.0,
        -1.0,
        1.0,
        1.0,
        1.0,
        -1.0,
        0.99996018409729,
        -1.0,
        -1.0,
        1.0,
        -1.0,
        1.0,
        -1.0,
        1.0,
        -1.0,
        1.0,
        1.0,
        1.0,
        -1.0,
        -1.0,
        -1.0,
        -1.0,
        1.0,
        1.0,
        1.0,
        1.0,
        1.0,
        1.0,
        1.0,
        1.0,
        -1.0,
        -1.0,
        1.0,
        -1.0,
        1.0,
        1.0,
        1.0,
        -1.0,
        1.0,
        1.0,
        -1.0,
        1.0,
        -1.0,
        1.0,
        -1.0,
        -1.0,
        -1.0,
        -0.9996406435966492,
        -1.0,
        1.0,
        -1.0,
        -1.0,
        1.0,
        1.0,
        1.0,
        -1.0,
        -1.0,
        1.0,
        -1.0,
        -1.0,
        1.0,
        1.0,
        1.0,
        1.0,
        1.0,
        1.0,
        -1.0,
        -1.0,
        1.0,
        -1.0,
        -1.0,
        1.0,
        -1.0,
        -1.0,
        -1.0,
        -1.0,
        1.0,
        -1.0,
        1.0,
        -1.0,
        -1.0,
        1.0,
        -1.0,
        -1.0,
        1.0,
        1.0,
        -1.0,
        1.0,
        1.0,
        1.0,
        -1.0,
        1.0,
        -1.0,
        1.0,
        -1.0,
        -1.0,
        -1.0,
        1.0,
        -1.0,
        1.0,
        -1.0,
        1.0,
        -1.0,
        1.0,
        -1.0,
        1.0,
        -1.0,
        -1.0,
        1.0,
        -1.0,
        -1.0,
        1.0,
        -1.0,
        1.0,
        -1.0,
        -1.0,
        -1.0,
        -1.0,
        -1.0,
        1.0,
        1.0,
        -1.0,
        -1.0,
        1.0,
        -1.0,
        -1.0,
        -1.0,
        1.0,
        -1.0,
        -1.0,
        -1.0,
        1.0,
        -1.0,
        1.0,
        -1.0,
        -1.0,
        -1.0,
        1.0,
        1.0,
        1.0,
        1.0,
        -1.0,
        -1.0,
        1.0,
        -1.0,
        -1.0,
        1.0,
        -1.0,
        1.0,
        -1.0,
        -1.0,
        -1.0,
        -1.0,
        1.0,
        1.0,
        -1.0,
        -1.0,
        -1.0,
        1.0,
        -1.0,
        -1.0,
        -1.0,
        1.0,
        -1.0,
        1.0,
        -1.0,
        -1.0,
        1.0,
        -1.0,
        -1.0,
        1.0,
        -1.0,
        -0.989048182964325,
        1.0,
        -1.0,
        -1.0,
        -1.0,
        1.0,
        -1.0,
        1.0,
        -1.0,
        -1.0,
        1.0,
        -1.0,
        1.0,
        1.0,
        -1.0,
        1.0,
        -0.9763010740280151,
        1.0,
        -1.0,
        1.0,
        1.0,
        -1.0,
        -1.0,
        -1.0,
        1.0,
        1.0,
        1.0,
        -1.0,
        -1.0,
        -1.0,
        1.0,
        1.0,
        -1.0,
        -1.0,
        -1.0,
        1.0,
        1.0,
        1.0,
        -1.0,
        1.0,
        -1.0,
        -1.0,
        -1.0,
        1.0,
        1.0,
        -0.9996633529663086,
        -1.0,
        -1.0,
        1.0,
        -1.0,
        1.0,
        1.0,
        1.0,
        1.0,
        1.0,
        1.0,
        -1.0,
        1.0,
        1.0,
        1.0,
        -1.0,
        -1.0,
        1.0,
        -1.0,
        -1.0,
        -1.0,
        1.0,
        -1.0,
        -1.0,
        -1.0,
        -1.0,
        -1.0,
        1.0,
        1.0,
        1.0
    ],
    "embedding_scaling_factor": 2.32583829529176e-06,
    "samples": [
        1993,
        1990,
        1960,
        1992,
        1986,
        1997,
        1996,
        1997,
        1988,
        2006,
        2010,
        2000,
        1974,
        1954,
        1992,
        2007,
        1987,
        1969,
        2005,
        2012,
        2004,
        1966,
        1995,
        1975,
        2003,
        1984,
        2003,
        1999,
        2007,
        2006,
        2008,
        1949,
        1990,
        2002,
        1996,
        2001,
        1986,
        1945,
        1950,
        1946,
        2003,
        2010,
        1978,
        1988,
        1989,
        1948,
        1943,
        2004,
        2012,
        1997,
        1996,
        1990,
        1994,
        2005,
        2007,
        1985,
        1965,
        1983,
        1942,
        1958,
        1988,
        1999,
        1977,
        1991,
        1987,
        1972,
        2007,
        1995,
        1962,
        2000,
        1961,
        1964,
        1997,
        1996,
        1995,
        2000,
        1990,
        2005,
        1970,
        1937,
        2001,
        2008,
        1991,
        1993,
        1989,
        1998,
        1973,
        1956,
        1939,
        1991,
        1967,
        1983,
        1987,
        1944,
        1996,
        1953,
        2011,
        1994,
        2003,
        2001
    ],
    "category_values_ratio": null,
    "nrows": 156
}