{
    "column_id": "IMDB/movies2directors.csvmovies2directors.csv/directorid",
    "dataset_name": "movies2directors.csv",
    "dataset_id": "IMDB/movies2directors.csv",
    "path": "/home/ubuntu/CatDB/Experiments/data/IMDB/movies2directors.csv",
    "table_name": "movies2directors.csv",
    "table_id": "IMDB/movies2directors.csvmovies2directors.csv",
    "column_name": "directorid",
    "data_source": "IMDB",
    "data_type": "int",
    "total_values_count": 4141,
    "distinct_values_count": 2201,
    "missing_values_count": 0,
    "true_ratio": null,
    "min_value": 67.0,
    "max_value": 306351.0,
    "mean": 152920.75440714802,
    "median": 150640.0,
    "iqr": 154987.0,
    "category_values": null,
    "embedding": [
        -1.0,
        -1.0,
        -1.0,
        1.0,
        -1.0,
        1.0,
        -1.0,
        -1.0,
        -1.0,
        -1.0,
        1.0,
        -1.0,
        -1.0,
        1.0,
        1.0,
        1.0,
        1.0,
        -1.0,
        1.0,
        -1.0,
        1.0,
        -1.0,
        1.0,
        -1.0,
        1.0,
        -1.0,
        -1.0,
        1.0,
        -1.0,
        -1.0,
        1.0,
        1.0,
        -1.0,
        -1.0,
        -1.0,
        1.0,
        -1.0,
        1.0,
        1.0,
        -1.0,
        -1.0,
        1.0,
        -1.0,
        -1.0,
        -1.0,
        -1.0,
        1.0,
        -1.0,
        -1.0,
        -0.7977604866027832,
        -1.0,
        1.0,
        1.0,
        1.0,
        -1.0,
        1.0,
        1.0,
        1.0,
        -1.0,
        0.9965795278549194,
        -1.0,
        -1.0,
        1.0,
        -1.0,
        1.0,
        -1.0,
        1.0,
        -1.0,
        1.0,
        1.0,
        1.0,
        -1.0,
        -1.0,
        -1.0,
        -1.0,
        1.0,
        1.0,
        1.0,
        1.0,
        1.0,
        1.0,
        1.0,
        1.0,
        -1.0,
        -1.0,
        1.0,
        -1.0,
        1.0,
        1.0,
        1.0,
        -1.0,
        1.0,
        1.0,
        -1.0,
        1.0,
        -1.0,
        1.0,
        -1.0,
        -1.0,
        -1.0,
        -0.9890830516815186,
        -1.0,
        1.0,
        -1.0,
        -1.0,
        1.0,
        1.0,
        1.0,
        -1.0,
        -1.0,
        1.0,
        -1.0,
        -1.0,
        1.0,
        1.0,
        1.0,
        1.0,
        1.0,
        1.0,
        -1.0,
        -1.0,
        1.0,
        -1.0,
        -1.0,
        1.0,
        -1.0,
        -1.0,
        -1.0,
        -1.0,
        1.0,
        -1.0,
        1.0,
        -1.0,
        -1.0,
        1.0,
        -1.0,
        -1.0,
        1.0,
        1.0,
        -1.0,
        1.0,
        1.0,
        1.0,
        -1.0,
        1.0,
        -1.0,
        1.0,
        -1.0,
        -1.0,
        -1.0,
        1.0,
        -1.0,
        1.0,
        -1.0,
        1.0,
        -1.0,
        1.0,
        -1.0,
        1.0,
        -1.0,
        -1.0,
        1.0,
        -1.0,
        -1.0,
        1.0,
        -1.0,
        1.0,
        -1.0,
        -1.0,
        -1.0,
        -1.0,
        -1.0,
        1.0,
        1.0,
        -1.0,
        -1.0,
        1.0,
        -1.0,
        -1.0,
        -1.0,
        1.0,
        -1.0,
        -1.0,
        -1.0,
        1.0,
        -1.0,
        1.0,
        -1.0,
        -1.0,
        -1.0,
        1.0,
        1.0,
        1.0,
        1.0,
        -1.0,
        -1.0,
        1.0,
        -1.0,
        -1.0,
        1.0,
        -1.0,
        1.0,
        -1.0,
        -1.0,
        -1.0,
        -1.0,
        1.0,
        1.0,
        -1.0,
        -1.0,
        -1.0,
        1.0,
        -1.0,
        -1.0,
        -1.0,
        1.0,
        -1.0,
        1.0,
        -1.0,
        -1.0,
        1.0,
        -1.0,
        -1.0,
        1.0,
        -1.0,
        -0.792073130607605,
        1.0,
        -1.0,
        -1.0,
        -1.0,
        1.0,
        -1.0,
        1.0,
        -1.0,
        -1.0,
        1.0,
        -1.0,
        1.0,
        1.0,
        -1.0,
        1.0,
        -0.7610818147659302,
        1.0,
        -1.0,
        1.0,
        1.0,
        -1.0,
        -1.0,
        -1.0,
        1.0,
        1.0,
        1.0,
        -1.0,
        -1.0,
        -1.0,
        1.0,
        1.0,
        -1.0,
        -1.0,
        -1.0,
        1.0,
        1.0,
        1.0,
        -1.0,
        1.0,
        -1.0,
        -1.0,
        -1.0,
        1.0,
        1.0,
        -0.9877296090126038,
        -1.0,
        -1.0,
        1.0,
        -1.0,
        1.0,
        1.0,
        1.0,
        1.0,
        1.0,
        1.0,
        -1.0,
        1.0,
        1.0,
        1.0,
        -1.0,
        -1.0,
        1.0,
        -1.0,
        -1.0,
        -1.0,
        1.0,
        -1.0,
        -1.0,
        -1.0,
        -1.0,
        -1.0,
        1.0,
        1.0,
        1.0
    ],
    "embedding_scaling_factor": 66.66275024414062,
    "samples": [
        16157,
        46944,
        302682,
        164962,
        122755,
        7366,
        236779,
        271339,
        91135,
        291323,
        109846,
        96107,
        88826,
        178314,
        28945,
        67,
        128080,
        200981,
        234788,
        297774,
        243574,
        54512,
        5185,
        276551,
        292753,
        90893,
        217675,
        258118,
        41939,
        39702,
        164372,
        110264,
        101647,
        270847,
        191216,
        5088,
        198029,
        184465,
        232141,
        137999,
        57620,
        99897,
        196811,
        235144,
        233447,
        106208,
        181544,
        103801,
        190139,
        54501,
        47042,
        267880,
        176568,
        22000,
        248272,
        158452,
        158966,
        108646,
        35749,
        7117,
        77485,
        50366,
        45120,
        41939,
        161997,
        45542,
        74571,
        287633,
        237473,
        222247,
        188940,
        99697,
        288883,
        30905,
        137425,
        28822,
        227135,
        248335,
        52953,
        117239,
        188968,
        116726,
        276032,
        52953,
        70986,
        100138,
        73435,
        33652,
        250638,
        176692,
        218240,
        73409,
        113501,
        190552,
        127537,
        9679,
        165371,
        218785,
        275755,
        78594
    ],
    "category_values_ratio": null,
    "nrows": 4141
}