{
    "column_id": "IMDB/movies2directors.csvmovies2directors.csv/movieid",
    "dataset_name": "movies2directors.csv",
    "dataset_id": "IMDB/movies2directors.csv",
    "path": "/home/ubuntu/CatDB/Experiments/data/IMDB/movies2directors.csv",
    "table_name": "movies2directors.csv",
    "table_id": "IMDB/movies2directors.csvmovies2directors.csv",
    "column_name": "movieid",
    "data_source": "IMDB",
    "data_type": "int",
    "total_values_count": 4141,
    "distinct_values_count": 3814,
    "missing_values_count": 0,
    "true_ratio": null,
    "min_value": 1672052.0,
    "max_value": 2593313.0,
    "mean": 2152296.768896402,
    "median": 2173296.0,
    "iqr": 489614.0,
    "category_values": null,
    "embedding": [
        -1.0,
        -1.0,
        -1.0,
        1.0,
        -1.0,
        1.0,
        -1.0,
        -1.0,
        -1.0,
        -1.0,
        1.0,
        -1.0,
        -1.0,
        1.0,
        1.0,
        1.0,
        1.0,
        -1.0,
        1.0,
        -1.0,
        1.0,
        -1.0,
        1.0,
        -1.0,
        1.0,
        -1.0,
        -1.0,
        1.0,
        -1.0,
        -1.0,
        1.0,
        1.0,
        -1.0,
        -1.0,
        -1.0,
        1.0,
        -1.0,
        1.0,
        1.0,
        -1.0,
        -1.0,
        1.0,
        -1.0,
        -1.0,
        -1.0,
        -1.0,
        1.0,
        -1.0,
        -1.0,
        -0.9527761340141296,
        -1.0,
        1.0,
        1.0,
        1.0,
        -1.0,
        1.0,
        1.0,
        1.0,
        -1.0,
        0.9980626106262207,
        -1.0,
        -1.0,
        1.0,
        -1.0,
        1.0,
        -1.0,
        1.0,
        -1.0,
        1.0,
        1.0,
        1.0,
        -1.0,
        -1.0,
        -1.0,
        -1.0,
        1.0,
        1.0,
        1.0,
        1.0,
        1.0,
        1.0,
        1.0,
        1.0,
        -1.0,
        -1.0,
        1.0,
        -1.0,
        1.0,
        1.0,
        1.0,
        -1.0,
        1.0,
        1.0,
        -1.0,
        1.0,
        -1.0,
        1.0,
        -1.0,
        -1.0,
        -1.0,
        -0.9980215430259705,
        -1.0,
        1.0,
        -1.0,
        -1.0,
        1.0,
        1.0,
        1.0,
        -1.0,
        -1.0,
        1.0,
        -1.0,
        -1.0,
        1.0,
        1.0,
        1.0,
        1.0,
        1.0,
        1.0,
        -1.0,
        -1.0,
        1.0,
        -1.0,
        -1.0,
        1.0,
        -1.0,
        -1.0,
        -1.0,
        -1.0,
        1.0,
        -1.0,
        1.0,
        -1.0,
        -1.0,
        1.0,
        -1.0,
        -1.0,
        1.0,
        1.0,
        -1.0,
        1.0,
        1.0,
        1.0,
        -1.0,
        1.0,
        -1.0,
        1.0,
        -1.0,
        -1.0,
        -1.0,
        1.0,
        -1.0,
        1.0,
        -1.0,
        1.0,
        -1.0,
        1.0,
        -1.0,
        1.0,
        -1.0,
        -1.0,
        1.0,
        -1.0,
        -1.0,
        1.0,
        -1.0,
        1.0,
        -1.0,
        -1.0,
        -1.0,
        -1.0,
        -1.0,
        1.0,
        1.0,
        -1.0,
        -1.0,
        1.0,
        -1.0,
        -1.0,
        -1.0,
        1.0,
        -1.0,
        -1.0,
        -1.0,
        1.0,
        -1.0,
        1.0,
        -1.0,
        -1.0,
        -1.0,
        1.0,
        1.0,
        1.0,
        1.0,
        -1.0,
        -1.0,
        1.0,
        -1.0,
        -1.0,
        1.0,
        -1.0,
        1.0,
        -1.0,
        -1.0,
        -1.0,
        -1.0,
        1.0,
        1.0,
        -1.0,
        -1.0,
        -1.0,
        1.0,
        -1.0,
        -1.0,
        -1.0,
        1.0,
        -1.0,
        1.0,
        -1.0,
        -1.0,
        1.0,
        -1.0,
        -1.0,
        1.0,
        -1.0,
        -0.9543241262435913,
        1.0,
        -1.0,
        -1.0,
        -1.0,
        1.0,
        -1.0,
        1.0,
        -1.0,
        -1.0,
        1.0,
        -1.0,
        1.0,
        1.0,
        -1.0,
        1.0,
        -0.947081983089447,
        1.0,
        -1.0,
        1.0,
        1.0,
        -1.0,
        -1.0,
        -1.0,
        1.0,
        1.0,
        1.0,
        -1.0,
        -1.0,
        -1.0,
        1.0,
        1.0,
        -1.0,
        -1.0,
        -1.0,
        1.0,
        1.0,
        1.0,
        -1.0,
        1.0,
        -1.0,
        -1.0,
        -1.0,
        1.0,
        1.0,
        -0.9978873133659363,
        -1.0,
        -1.0,
        1.0,
        -1.0,
        1.0,
        1.0,
        1.0,
        1.0,
        1.0,
        1.0,
        -1.0,
        1.0,
        1.0,
        1.0,
        -1.0,
        -1.0,
        1.0,
        -1.0,
        -1.0,
        -1.0,
        1.0,
        -1.0,
        -1.0,
        -1.0,
        -1.0,
        -1.0,
        1.0,
        1.0,
        1.0
    ],
    "embedding_scaling_factor": 8.529309272766113,
    "samples": [
        2366246,
        1785755,
        1976612,
        1704571,
        2138727,
        2261598,
        2524640,
        1749247,
        1824623,
        2351717,
        2274949,
        1703907,
        1806845,
        2106723,
        1753348,
        1698492,
        2237801,
        1715404,
        1948561,
        1792523,
        2437452,
        2361784,
        1854166,
        2445853,
        2341046,
        1790082,
        1992682,
        2311011,
        2572478,
        2469496,
        1995071,
        2524696,
        1787603,
        2357543,
        2167372,
        2531460,
        1949624,
        2148026,
        2140922,
        2375749,
        2532030,
        2485971,
        2409708,
        2236433,
        2491802,
        2335431,
        1930810,
        1678036,
        2404464,
        1921463,
        2216640,
        2356460,
        2190603,
        1790007,
        1992774,
        2273174,
        2084764,
        2151740,
        1685815,
        2418230,
        1963479,
        1779868,
        1868890,
        1674737,
        2310236,
        1895298,
        1944510,
        2412295,
        1696496,
        2462177,
        1748754,
        2370772,
        2428555,
        2408166,
        2088412,
        2459856,
        1875962,
        2460404,
        1790984,
        1753348,
        1984323,
        1866000,
        1853531,
        2280997,
        2018220,
        1810470,
        2495198,
        2291501,
        1955728,
        2251241,
        2446369,
        2109065,
        1788624,
        2416982,
        1946023,
        2187739,
        2259786,
        2167489,
        2430482,
        2475423
    ],
    "category_values_ratio": null,
    "nrows": 4141
}