{
    "column_id": "oml_dataset_24_rnc/oml_dataset_24_rnc.csvoml_dataset_24_rnc.csv/c_10",
    "dataset_name": "oml_dataset_24_rnc.csv",
    "dataset_id": "oml_dataset_24_rnc/oml_dataset_24_rnc.csv",
    "path": "/home/ubuntu/CatDB/Experiments/data/oml_dataset_24_rnc/oml_dataset_24_rnc.csv",
    "table_name": "oml_dataset_24_rnc.csv",
    "table_id": "oml_dataset_24_rnc/oml_dataset_24_rnc.csvoml_dataset_24_rnc.csv",
    "column_name": "c_10",
    "data_source": "oml_dataset_24_rnc",
    "data_type": "boolean",
    "total_values_count": 581835,
    "distinct_values_count": 2,
    "missing_values_count": 0,
    "true_ratio": 0.016533897067037905,
    "min_value": null,
    "max_value": null,
    "mean": null,
    "median": null,
    "iqr": null,
    "category_values": [
        0,
        1
    ],
    "embedding": null,
    "embedding_scaling_factor": null,
    "samples": [
        0,
        1,
        0,
        0,
        0,
        0,
        0,
        0,
        0,
        0,
        0,
        0,
        0,
        0,
        0,
        0,
        0,
        0,
        0,
        0,
        0,
        0,
        0,
        0,
        0,
        0,
        0,
        0,
        0,
        0,
        0,
        0,
        0,
        0,
        0,
        0,
        0,
        0,
        0,
        1,
        0,
        0,
        0,
        0,
        0,
        0,
        0,
        0,
        0,
        0,
        0,
        0,
        0,
        0,
        0,
        0,
        0,
        0,
        0,
        0,
        0,
        0,
        0,
        0,
        0,
        0,
        0,
        0,
        0,
        0,
        0,
        0,
        0,
        0,
        0,
        0,
        0,
        0,
        0,
        0,
        0,
        0,
        0,
        0,
        0,
        0,
        0,
        0,
        0,
        0,
        0,
        0,
        0,
        0,
        0,
        0,
        0,
        0,
        0,
        0
    ],
    "category_values_ratio": {
        "0": 572215,
        "1": 9620
    },
    "nrows": 581835
}