{
    "column_id": "Lahman-2014/batting.csvbatting.csv/BB",
    "dataset_name": "batting.csv",
    "dataset_id": "Lahman-2014/batting.csv",
    "path": "/home/ubuntu/CatDB/Experiments/data/Lahman-2014/batting.csv",
    "table_name": "batting.csv",
    "table_id": "Lahman-2014/batting.csvbatting.csv",
    "column_name": "BB",
    "data_source": "Lahman-2014",
    "data_type": "int",
    "total_values_count": 92353,
    "distinct_values_count": 154,
    "missing_values_count": 6123,
    "true_ratio": null,
    "min_value": 0.0,
    "max_value": 232.0,
    "mean": 14.482395917894005,
    "median": 4.0,
    "iqr": 21.0,
    "category_values": [
        0,
        28,
        49,
        37,
        57,
        59,
        51,
        60,
        56,
        66,
        78,
        62,
        76,
        63,
        64,
        87,
        74,
        71,
        92,
        68,
        39,
        70,
        35,
        41,
        11,
        1,
        21,
        6,
        3,
        2,
        7,
        52,
        40,
        65,
        58,
        19,
        12,
        9,
        43,
        27,
        5,
        16,
        36,
        22,
        14,
        10,
        25,
        20,
        4,
        72,
        89,
        84,
        109,
        100,
        106,
        104,
        127,
        117,
        91,
        33,
        73,
        94,
        18,
        17,
        13,
        8,
        26,
        55,
        29,
        15,
        50,
        44,
        42,
        45,
        24,
        23,
        31,
        32,
        46,
        30,
        48,
        54,
        53,
        47,
        77,
        34,
        61,
        85,
        95,
        69,
        38,
        67,
        75,
        93,
        99,
        103,
        90,
        80,
        98,
        82,
        96,
        81,
        86,
        113,
        122,
        105,
        121,
        125,
        79,
        97,
        116,
        88,
        135,
        149,
        107,
        101,
        111,
        118,
        132,
        102,
        83,
        128,
        112,
        110,
        126,
        120,
        151,
        145,
        130,
        177,
        198,
        148,
        232,
        115,
        119,
        114,
        108,
        124,
        136,
        137,
        123,
        129,
        131,
        133,
        146,
        162,
        150,
        170,
        142,
        144,
        147,
        138,
        156,
        141
    ],
    "embedding": [
        -1.0,
        -1.0,
        -1.0,
        1.0,
        -1.0,
        1.0,
        -1.0,
        -1.0,
        -1.0,
        -1.0,
        1.0,
        -1.0,
        -1.0,
        1.0,
        1.0,
        1.0,
        1.0,
        -1.0,
        1.0,
        -1.0,
        1.0,
        -1.0,
        1.0,
        -1.0,
        1.0,
        -1.0,
        -1.0,
        1.0,
        -1.0,
        -1.0,
        1.0,
        1.0,
        -1.0,
        -1.0,
        -1.0,
        1.0,
        -1.0,
        1.0,
        1.0,
        -1.0,
        -1.0,
        1.0,
        -1.0,
        -1.0,
        -1.0,
        -1.0,
        1.0,
        -1.0,
        -1.0,
        -0.45789358019828796,
        -1.0,
        1.0,
        1.0,
        1.0,
        -1.0,
        1.0,
        1.0,
        1.0,
        -1.0,
        0.794021487236023,
        -1.0,
        -1.0,
        1.0,
        -1.0,
        1.0,
        -1.0,
        1.0,
        -1.0,
        1.0,
        1.0,
        1.0,
        -1.0,
        -1.0,
        -1.0,
        -1.0,
        1.0,
        1.0,
        1.0,
        1.0,
        1.0,
        1.0,
        1.0,
        1.0,
        -1.0,
        -1.0,
        1.0,
        -1.0,
        1.0,
        1.0,
        1.0,
        -1.0,
        1.0,
        1.0,
        -1.0,
        1.0,
        -1.0,
        1.0,
        -1.0,
        -1.0,
        -1.0,
        -0.937947690486908,
        -1.0,
        1.0,
        -1.0,
        -1.0,
        1.0,
        1.0,
        1.0,
        -1.0,
        -1.0,
        1.0,
        -1.0,
        -1.0,
        1.0,
        1.0,
        1.0,
        1.0,
        1.0,
        1.0,
        -1.0,
        -1.0,
        1.0,
        -1.0,
        -1.0,
        1.0,
        -1.0,
        -1.0,
        -1.0,
        -1.0,
        1.0,
        -1.0,
        1.0,
        -1.0,
        -1.0,
        1.0,
        -1.0,
        -1.0,
        1.0,
        1.0,
        -1.0,
        1.0,
        1.0,
        1.0,
        -1.0,
        1.0,
        -1.0,
        1.0,
        -1.0,
        -1.0,
        -1.0,
        1.0,
        -1.0,
        1.0,
        -1.0,
        1.0,
        -1.0,
        1.0,
        -1.0,
        1.0,
        -1.0,
        -1.0,
        1.0,
        -1.0,
        -1.0,
        1.0,
        -1.0,
        1.0,
        -1.0,
        -1.0,
        -1.0,
        -1.0,
        -1.0,
        1.0,
        1.0,
        -1.0,
        -1.0,
        1.0,
        -1.0,
        -1.0,
        -1.0,
        1.0,
        -1.0,
        -1.0,
        -1.0,
        1.0,
        -1.0,
        1.0,
        -1.0,
        -1.0,
        -1.0,
        1.0,
        1.0,
        1.0,
        1.0,
        -1.0,
        -1.0,
        1.0,
        -1.0,
        -1.0,
        1.0,
        -1.0,
        1.0,
        -1.0,
        -1.0,
        -1.0,
        -1.0,
        1.0,
        1.0,
        -1.0,
        -1.0,
        -1.0,
        1.0,
        -1.0,
        -1.0,
        -1.0,
        1.0,
        -1.0,
        1.0,
        -1.0,
        -1.0,
        1.0,
        -1.0,
        -1.0,
        1.0,
        -1.0,
        -0.4577065408229828,
        1.0,
        -1.0,
        -1.0,
        -1.0,
        1.0,
        -1.0,
        1.0,
        -1.0,
        -1.0,
        1.0,
        -1.0,
        1.0,
        1.0,
        -1.0,
        1.0,
        -0.44102123379707336,
        1.0,
        -1.0,
        1.0,
        1.0,
        -1.0,
        -1.0,
        -1.0,
        1.0,
        1.0,
        1.0,
        -1.0,
        -1.0,
        -1.0,
        1.0,
        1.0,
        -1.0,
        -1.0,
        -1.0,
        1.0,
        1.0,
        1.0,
        -1.0,
        1.0,
        -1.0,
        -1.0,
        -1.0,
        1.0,
        1.0,
        -0.9228003025054932,
        -1.0,
        -1.0,
        1.0,
        -1.0,
        1.0,
        1.0,
        1.0,
        1.0,
        1.0,
        1.0,
        -1.0,
        1.0,
        1.0,
        1.0,
        -1.0,
        -1.0,
        1.0,
        -1.0,
        -1.0,
        -1.0,
        1.0,
        -1.0,
        -1.0,
        -1.0,
        -1.0,
        -1.0,
        1.0,
        1.0,
        1.0
    ],
    "embedding_scaling_factor": 334.5556640625,
    "samples": [
        30,
        0,
        0,
        0,
        1,
        20,
        0,
        19,
        0,
        0,
        27,
        5,
        0,
        1,
        1,
        1,
        7,
        0,
        29,
        37,
        21,
        118,
        0,
        3,
        55,
        1,
        46,
        27,
        23,
        6,
        4,
        19,
        2,
        24,
        8,
        0,
        0,
        78,
        0,
        0,
        17,
        8,
        0,
        4,
        0,
        14,
        5,
        0,
        18,
        3,
        27,
        0,
        70,
        14,
        0,
        0,
        12,
        48,
        30,
        0,
        2,
        17,
        5,
        1,
        4,
        18,
        17,
        1,
        48,
        38,
        7,
        2,
        3,
        23,
        0,
        0,
        2,
        2,
        95,
        0,
        53,
        0,
        0,
        0,
        0,
        1,
        0,
        52,
        135
    ],
    "category_values_ratio": {
        "0": 24315,
        "1": 8685,
        "2": 5391,
        "3": 3879,
        "4": 2934,
        "5": 2406,
        "6": 1935,
        "7": 1740,
        "8": 1502,
        "9": 1366,
        "10": 1174,
        "11": 1065,
        "12": 1021,
        "13": 979,
        "14": 931,
        "15": 866,
        "17": 852,
        "16": 831,
        "19": 782,
        "18": 781,
        "21": 742,
        "20": 716,
        "24": 702,
        "22": 672,
        "23": 666,
        "25": 653,
        "27": 615,
        "26": 596,
        "29": 596,
        "30": 572,
        "28": 568,
        "34": 544,
        "35": 524,
        "33": 518,
        "37": 518,
        "36": 509,
        "32": 507,
        "31": 484,
        "38": 466,
        "40": 460,
        "39": 441,
        "41": 419,
        "42": 394,
        "44": 385,
        "43": 384,
        "47": 368,
        "45": 340,
        "51": 333,
        "48": 325,
        "49": 318,
        "46": 313,
        "52": 312,
        "50": 309,
        "56": 290,
        "53": 289,
        "54": 251,
        "55": 251,
        "58": 251,
        "57": 245,
        "59": 238,
        "61": 209,
        "62": 207,
        "60": 205,
        "64": 197,
        "65": 179,
        "67": 178,
        "66": 173,
        "63": 169,
        "70": 157,
        "68": 152,
        "71": 149,
        "69": 148,
        "72": 135,
        "74": 135,
        "73": 132,
        "75": 120,
        "76": 107,
        "79": 101,
        "78": 100,
        "77": 93,
        "80": 92,
        "82": 90,
        "81": 88,
        "84": 76,
        "87": 75,
        "86": 66,
        "83": 66,
        "85": 60,
        "89": 59,
        "90": 51,
        "88": 51,
        "93": 50,
        "95": 49,
        "91": 46,
        "96": 45,
        "94": 39,
        "101": 39,
        "92": 38,
        "97": 37,
        "107": 31,
        "100": 30,
        "99": 29,
        "106": 29,
        "98": 29,
        "102": 28,
        "103": 27,
        "105": 26,
        "104": 22,
        "119": 19,
        "109": 18,
        "111": 16,
        "114": 15,
        "116": 15,
        "110": 15,
        "113": 13,
        "118": 13,
        "112": 13,
        "117": 11,
        "122": 10,
        "127": 10,
        "108": 10,
        "126": 8,
        "121": 8,
        "125": 7,
        "128": 7,
        "115": 7,
        "137": 7,
        "132": 7,
        "120": 6,
        "123": 6,
        "136": 6,
        "129": 5,
        "145": 4,
        "124": 4,
        "148": 3,
        "135": 3,
        "130": 3,
        "162": 3,
        "144": 3,
        "131": 3,
        "142": 2,
        "149": 2,
        "133": 2,
        "147": 2,
        "151": 2,
        "138": 1,
        "156": 1,
        "198": 1,
        "170": 1,
        "150": 1,
        "146": 1,
        "232": 1,
        "177": 1,
        "141": 1
    },
    "nrows": 92353
}