{
    "column_id": "Lahman-2014/batting.csvbatting.csv/SH",
    "dataset_name": "batting.csv",
    "dataset_id": "Lahman-2014/batting.csv",
    "path": "/home/ubuntu/CatDB/Experiments/data/Lahman-2014/batting.csv",
    "table_name": "batting.csv",
    "table_id": "Lahman-2014/batting.csvbatting.csv",
    "column_name": "SH",
    "data_source": "Lahman-2014",
    "data_type": "int",
    "total_values_count": 92353,
    "distinct_values_count": 54,
    "missing_values_count": 12454,
    "true_ratio": null,
    "min_value": 0.0,
    "max_value": 67.0,
    "mean": 2.660383734464762,
    "median": 1.0,
    "iqr": 3.0,
    "category_values": [
        0,
        1,
        6,
        7,
        5,
        4,
        3,
        2,
        17,
        13,
        22,
        25,
        8,
        10,
        9,
        27,
        14,
        12,
        19,
        16,
        21,
        15,
        11,
        18,
        20,
        26,
        30,
        34,
        35,
        23,
        28,
        31,
        24,
        54,
        37,
        39,
        46,
        60,
        52,
        48,
        40,
        33,
        32,
        45,
        67,
        50,
        41,
        29,
        36,
        42,
        38,
        43,
        47,
        44
    ],
    "embedding": [
        -1.0,
        -1.0,
        -1.0,
        1.0,
        -1.0,
        1.0,
        -1.0,
        -1.0,
        -1.0,
        -1.0,
        1.0,
        -1.0,
        -1.0,
        1.0,
        1.0,
        1.0,
        1.0,
        -1.0,
        1.0,
        -1.0,
        1.0,
        -1.0,
        1.0,
        -1.0,
        1.0,
        -1.0,
        -1.0,
        1.0,
        -1.0,
        -1.0,
        1.0,
        1.0,
        -1.0,
        -1.0,
        -1.0,
        1.0,
        -1.0,
        1.0,
        1.0,
        -1.0,
        -1.0,
        1.0,
        -1.0,
        -1.0,
        -1.0,
        -1.0,
        1.0,
        -1.0,
        -1.0,
        -0.1741715967655182,
        -1.0,
        1.0,
        1.0,
        1.0,
        -1.0,
        1.0,
        1.0,
        1.0,
        -1.0,
        0.6847708225250244,
        -1.0,
        -1.0,
        1.0,
        -1.0,
        1.0,
        -1.0,
        1.0,
        -1.0,
        1.0,
        1.0,
        1.0,
        -1.0,
        -1.0,
        -1.0,
        -1.0,
        1.0,
        1.0,
        1.0,
        1.0,
        1.0,
        1.0,
        1.0,
        1.0,
        -1.0,
        -1.0,
        1.0,
        -1.0,
        1.0,
        1.0,
        1.0,
        -1.0,
        1.0,
        1.0,
        -1.0,
        1.0,
        -1.0,
        1.0,
        -1.0,
        -1.0,
        -1.0,
        -0.9051206111907959,
        -1.0,
        1.0,
        -1.0,
        -1.0,
        1.0,
        1.0,
        1.0,
        -1.0,
        -1.0,
        1.0,
        -1.0,
        -1.0,
        1.0,
        1.0,
        1.0,
        1.0,
        1.0,
        1.0,
        -1.0,
        -1.0,
        1.0,
        -1.0,
        -1.0,
        1.0,
        -1.0,
        -1.0,
        -1.0,
        -1.0,
        1.0,
        -1.0,
        1.0,
        -1.0,
        -1.0,
        1.0,
        -1.0,
        -1.0,
        1.0,
        1.0,
        -1.0,
        1.0,
        1.0,
        1.0,
        -1.0,
        1.0,
        -1.0,
        1.0,
        -1.0,
        -1.0,
        -1.0,
        1.0,
        -1.0,
        1.0,
        -1.0,
        1.0,
        -1.0,
        1.0,
        -1.0,
        1.0,
        -1.0,
        -1.0,
        1.0,
        -1.0,
        -1.0,
        1.0,
        -1.0,
        1.0,
        -1.0,
        -1.0,
        -1.0,
        -1.0,
        -1.0,
        1.0,
        1.0,
        -1.0,
        -1.0,
        1.0,
        -1.0,
        -1.0,
        -1.0,
        1.0,
        -1.0,
        -1.0,
        -1.0,
        1.0,
        -1.0,
        1.0,
        -1.0,
        -1.0,
        -1.0,
        1.0,
        1.0,
        1.0,
        1.0,
        -1.0,
        -1.0,
        1.0,
        -1.0,
        -1.0,
        1.0,
        -1.0,
        1.0,
        -1.0,
        -1.0,
        -1.0,
        -1.0,
        1.0,
        1.0,
        -1.0,
        -1.0,
        -1.0,
        1.0,
        -1.0,
        -1.0,
        -1.0,
        1.0,
        -1.0,
        1.0,
        -1.0,
        -1.0,
        1.0,
        -1.0,
        -1.0,
        1.0,
        -1.0,
        -0.17560911178588867,
        1.0,
        -1.0,
        -1.0,
        -1.0,
        1.0,
        -1.0,
        1.0,
        -1.0,
        -1.0,
        1.0,
        -1.0,
        1.0,
        1.0,
        -1.0,
        1.0,
        -0.1502908170223236,
        1.0,
        -1.0,
        1.0,
        1.0,
        -1.0,
        -1.0,
        -1.0,
        1.0,
        1.0,
        1.0,
        -1.0,
        -1.0,
        -1.0,
        1.0,
        1.0,
        -1.0,
        -1.0,
        -1.0,
        1.0,
        1.0,
        1.0,
        -1.0,
        1.0,
        -1.0,
        -1.0,
        -1.0,
        1.0,
        1.0,
        -0.8818894624710083,
        -1.0,
        -1.0,
        1.0,
        -1.0,
        1.0,
        1.0,
        1.0,
        1.0,
        1.0,
        1.0,
        -1.0,
        1.0,
        1.0,
        1.0,
        -1.0,
        -1.0,
        1.0,
        -1.0,
        -1.0,
        -1.0,
        1.0,
        -1.0,
        -1.0,
        -1.0,
        -1.0,
        -1.0,
        1.0,
        1.0,
        1.0
    ],
    "embedding_scaling_factor": 466.95391845703125,
    "samples": [
        0,
        4,
        5,
        0,
        4,
        0,
        7,
        0,
        0,
        1,
        2,
        0,
        2,
        2,
        1,
        0,
        5,
        0,
        0,
        0,
        8,
        0,
        1,
        0,
        4,
        12,
        3,
        0,
        0,
        3,
        11,
        1,
        0,
        3,
        3,
        0,
        0,
        1,
        0,
        0,
        3,
        0,
        0,
        0,
        6,
        1,
        0,
        14,
        0,
        5,
        2,
        5,
        1,
        0,
        1,
        0,
        0,
        11,
        1,
        0,
        6,
        0,
        2,
        0,
        0,
        0,
        1,
        0,
        0,
        0,
        0,
        0,
        22,
        0,
        0,
        0,
        1,
        6,
        0,
        0,
        0,
        0,
        16,
        0,
        0,
        1,
        0
    ],
    "category_values_ratio": {
        "0": 35560,
        "1": 12006,
        "2": 7229,
        "3": 5379,
        "4": 4059,
        "5": 3010,
        "6": 2424,
        "7": 1913,
        "8": 1463,
        "9": 1228,
        "10": 906,
        "11": 740,
        "12": 602,
        "13": 557,
        "14": 412,
        "15": 319,
        "16": 294,
        "17": 260,
        "19": 216,
        "18": 197,
        "20": 164,
        "21": 137,
        "23": 121,
        "22": 113,
        "26": 73,
        "24": 70,
        "25": 67,
        "27": 59,
        "28": 57,
        "31": 38,
        "29": 33,
        "30": 29,
        "33": 28,
        "34": 19,
        "35": 18,
        "32": 16,
        "40": 15,
        "36": 14,
        "37": 11,
        "42": 8,
        "39": 7,
        "41": 5,
        "46": 4,
        "43": 4,
        "38": 3,
        "52": 2,
        "48": 2,
        "45": 2,
        "47": 1,
        "67": 1,
        "50": 1,
        "54": 1,
        "60": 1,
        "44": 1
    },
    "nrows": 92353
}