{
    "column_id": "KDD98/KDD98.csvKDD98.csv/HHAS2",
    "dataset_name": "KDD98.csv",
    "dataset_id": "KDD98/KDD98.csv",
    "path": "/home/ubuntu/CatDB-VLDB2025-V1/Experiments/data/KDD98/KDD98.csv",
    "table_name": "KDD98.csv",
    "table_id": "KDD98/KDD98.csvKDD98.csv",
    "column_name": "HHAS2",
    "data_source": "KDD98",
    "data_type": "int",
    "total_values_count": 82318,
    "distinct_values_count": 72,
    "missing_values_count": 0,
    "true_ratio": null,
    "min_value": 0.0,
    "max_value": 99.0,
    "mean": 6.114264194951287,
    "median": 4.0,
    "iqr": 6.0,
    "category_values": [
        5,
        2,
        7,
        8,
        3,
        1,
        9,
        15,
        0,
        6,
        4,
        12,
        16,
        14,
        13,
        17,
        19,
        11,
        23,
        20,
        10,
        28,
        33,
        21,
        32,
        18,
        34,
        24,
        30,
        26,
        41,
        22,
        40,
        35,
        46,
        36,
        47,
        31,
        29,
        25,
        69,
        37,
        57,
        27,
        49,
        44,
        54,
        52,
        45,
        39,
        42,
        59,
        38,
        43,
        48,
        50,
        99,
        53,
        61,
        55,
        51,
        77,
        64,
        60,
        80,
        58,
        73,
        76,
        68,
        65,
        62,
        67
    ],
    "embedding": [
        -1.0,
        -1.0,
        -1.0,
        1.0,
        -1.0,
        1.0,
        -1.0,
        -1.0,
        -1.0,
        -1.0,
        1.0,
        -1.0,
        -1.0,
        1.0,
        1.0,
        1.0,
        1.0,
        -1.0,
        1.0,
        -1.0,
        1.0,
        -1.0,
        1.0,
        -1.0,
        1.0,
        -1.0,
        -1.0,
        1.0,
        -1.0,
        -1.0,
        1.0,
        1.0,
        -1.0,
        -1.0,
        -1.0,
        1.0,
        -1.0,
        1.0,
        1.0,
        -1.0,
        -1.0,
        1.0,
        -1.0,
        -1.0,
        -1.0,
        -1.0,
        1.0,
        -1.0,
        -1.0,
        -0.5961607694625854,
        -1.0,
        1.0,
        1.0,
        1.0,
        -1.0,
        1.0,
        1.0,
        1.0,
        -1.0,
        0.7687251567840576,
        -1.0,
        -1.0,
        1.0,
        -1.0,
        1.0,
        -1.0,
        1.0,
        -1.0,
        1.0,
        1.0,
        1.0,
        -1.0,
        -1.0,
        -1.0,
        -1.0,
        1.0,
        1.0,
        1.0,
        1.0,
        1.0,
        1.0,
        1.0,
        1.0,
        -1.0,
        -1.0,
        1.0,
        -1.0,
        1.0,
        1.0,
        1.0,
        -1.0,
        1.0,
        1.0,
        -1.0,
        1.0,
        -1.0,
        1.0,
        -1.0,
        -1.0,
        -1.0,
        -0.9547185301780701,
        -1.0,
        1.0,
        -1.0,
        -1.0,
        1.0,
        1.0,
        1.0,
        -1.0,
        -1.0,
        1.0,
        -1.0,
        -1.0,
        1.0,
        1.0,
        1.0,
        1.0,
        1.0,
        1.0,
        -1.0,
        -1.0,
        1.0,
        -1.0,
        -1.0,
        1.0,
        -1.0,
        -1.0,
        -1.0,
        -1.0,
        1.0,
        -1.0,
        1.0,
        -1.0,
        -1.0,
        1.0,
        -1.0,
        -1.0,
        1.0,
        1.0,
        -1.0,
        1.0,
        1.0,
        1.0,
        -1.0,
        1.0,
        -1.0,
        1.0,
        -1.0,
        -1.0,
        -1.0,
        1.0,
        -1.0,
        1.0,
        -1.0,
        1.0,
        -1.0,
        1.0,
        -1.0,
        1.0,
        -1.0,
        -1.0,
        1.0,
        -1.0,
        -1.0,
        1.0,
        -1.0,
        1.0,
        -1.0,
        -1.0,
        -1.0,
        -1.0,
        -1.0,
        1.0,
        1.0,
        -1.0,
        -1.0,
        1.0,
        -1.0,
        -1.0,
        -1.0,
        1.0,
        -1.0,
        -1.0,
        -1.0,
        1.0,
        -1.0,
        1.0,
        -1.0,
        -1.0,
        -1.0,
        1.0,
        1.0,
        1.0,
        1.0,
        -1.0,
        -1.0,
        1.0,
        -1.0,
        -1.0,
        1.0,
        -1.0,
        1.0,
        -1.0,
        -1.0,
        -1.0,
        -1.0,
        1.0,
        1.0,
        -1.0,
        -1.0,
        -1.0,
        1.0,
        -1.0,
        -1.0,
        -1.0,
        1.0,
        -1.0,
        1.0,
        -1.0,
        -1.0,
        1.0,
        -1.0,
        -1.0,
        1.0,
        -1.0,
        -0.5889776349067688,
        1.0,
        -1.0,
        -1.0,
        -1.0,
        1.0,
        -1.0,
        1.0,
        -1.0,
        -1.0,
        1.0,
        -1.0,
        1.0,
        1.0,
        -1.0,
        1.0,
        -0.5771296620368958,
        1.0,
        -1.0,
        1.0,
        1.0,
        -1.0,
        -1.0,
        -1.0,
        1.0,
        1.0,
        1.0,
        -1.0,
        -1.0,
        -1.0,
        1.0,
        1.0,
        -1.0,
        -1.0,
        -1.0,
        1.0,
        1.0,
        1.0,
        -1.0,
        1.0,
        -1.0,
        -1.0,
        -1.0,
        1.0,
        1.0,
        -0.9345442652702332,
        -1.0,
        -1.0,
        1.0,
        -1.0,
        1.0,
        1.0,
        1.0,
        1.0,
        1.0,
        1.0,
        -1.0,
        1.0,
        1.0,
        1.0,
        -1.0,
        -1.0,
        1.0,
        -1.0,
        -1.0,
        -1.0,
        1.0,
        -1.0,
        -1.0,
        -1.0,
        -1.0,
        -1.0,
        1.0,
        1.0,
        1.0
    ],
    "embedding_scaling_factor": 680.1809692382812,
    "samples": [
        4,
        4,
        10,
        5,
        12,
        5,
        5,
        0,
        6,
        5,
        6,
        5,
        8,
        6,
        8,
        13,
        9,
        6,
        12,
        5,
        8,
        2,
        3,
        3,
        3,
        4,
        2,
        12,
        11,
        21,
        4,
        0,
        11,
        8,
        14,
        15,
        2,
        4,
        8,
        4,
        5,
        5,
        5,
        2,
        3,
        13,
        5,
        5,
        3,
        2,
        2,
        0,
        10,
        0,
        7,
        2,
        11,
        6,
        16,
        4,
        2,
        7,
        8,
        2,
        6,
        8,
        2,
        6,
        4,
        13,
        7,
        17,
        2,
        2,
        2,
        1,
        16,
        8,
        6,
        1,
        4,
        13,
        0,
        3,
        1,
        12,
        10,
        4,
        0,
        19,
        3,
        3,
        9,
        3,
        6,
        0,
        10,
        11,
        4,
        8
    ],
    "category_values_ratio": {
        "2": 9596,
        "3": 9021,
        "0": 8671,
        "4": 8055,
        "5": 6984,
        "1": 6233,
        "6": 5721,
        "7": 4777,
        "8": 4033,
        "9": 3142,
        "10": 2675,
        "11": 2178,
        "12": 1756,
        "13": 1411,
        "14": 1267,
        "15": 960,
        "16": 831,
        "17": 703,
        "18": 582,
        "19": 534,
        "20": 428,
        "21": 346,
        "22": 314,
        "23": 269,
        "24": 236,
        "25": 218,
        "26": 144,
        "28": 129,
        "27": 128,
        "29": 96,
        "32": 92,
        "31": 92,
        "34": 77,
        "30": 73,
        "33": 64,
        "36": 53,
        "37": 46,
        "35": 44,
        "38": 37,
        "40": 31,
        "39": 27,
        "41": 25,
        "42": 24,
        "43": 24,
        "44": 22,
        "46": 18,
        "47": 15,
        "49": 14,
        "50": 11,
        "48": 11,
        "51": 10,
        "45": 8,
        "55": 7,
        "54": 7,
        "52": 6,
        "53": 6,
        "99": 5,
        "57": 4,
        "59": 4,
        "60": 4,
        "58": 4,
        "61": 3,
        "80": 2,
        "65": 2,
        "69": 1,
        "77": 1,
        "64": 1,
        "73": 1,
        "76": 1,
        "68": 1,
        "62": 1,
        "67": 1
    },
    "nrows": 82318
}