{
    "column_id": "KDD98/KDD98.csvKDD98.csv/MINRDATE",
    "dataset_name": "KDD98.csv",
    "dataset_id": "KDD98/KDD98.csv",
    "path": "/home/ubuntu/CatDB-VLDB2025-V1/Experiments/data/KDD98/KDD98.csv",
    "table_name": "KDD98.csv",
    "table_id": "KDD98/KDD98.csvKDD98.csv",
    "column_name": "MINRDATE",
    "data_source": "KDD98",
    "data_type": "int",
    "total_values_count": 82318,
    "distinct_values_count": 145,
    "missing_values_count": 0,
    "true_ratio": null,
    "min_value": 7808.0,
    "max_value": 9702.0,
    "mean": 9251.820391651887,
    "median": 9308.0,
    "iqr": 403.0,
    "category_values": [
        9102,
        9106,
        9101,
        8904,
        9404,
        9409,
        9511,
        9210,
        9009,
        9209,
        9503,
        9311,
        9111,
        8811,
        9601,
        9305,
        9603,
        9602,
        9203,
        9302,
        8812,
        9403,
        8907,
        9401,
        9105,
        9508,
        9510,
        9310,
        9110,
        9509,
        8909,
        9010,
        9312,
        9103,
        9410,
        8905,
        8804,
        8912,
        9502,
        9504,
        9407,
        9104,
        9701,
        9003,
        9206,
        8911,
        9408,
        9406,
        8903,
        9112,
        9411,
        9303,
        9512,
        8706,
        9004,
        8901,
        8906,
        8807,
        9309,
        9501,
        8711,
        9507,
        9304,
        8705,
        9201,
        9002,
        9011,
        9012,
        9211,
        9207,
        9005,
        9505,
        9301,
        9402,
        8902,
        9506,
        8702,
        8611,
        8801,
        8808,
        9202,
        8810,
        8809,
        8709,
        9109,
        9204,
        9008,
        8607,
        8802,
        9107,
        8712,
        8609,
        8703,
        8612,
        9307,
        8910,
        9108,
        9212,
        9205,
        9609,
        9001,
        8707,
        9306,
        8704,
        8701,
        9208,
        9702,
        9610,
        8803,
        8710,
        9412,
        9308,
        8608,
        8708,
        9405,
        8806,
        9604,
        9006,
        8610,
        8805,
        9608,
        9605,
        8908,
        9612,
        9007,
        9611,
        9607,
        8506,
        9606,
        8305,
        8503,
        8411,
        8407,
        7808,
        8306,
        8401,
        8312,
        8408,
        8112,
        7811,
        8311,
        8402,
        8211,
        8504,
        8602
    ],
    "embedding": [
        -1.0,
        -1.0,
        -1.0,
        1.0,
        -1.0,
        1.0,
        -1.0,
        -1.0,
        -1.0,
        -1.0,
        1.0,
        -1.0,
        -1.0,
        1.0,
        1.0,
        1.0,
        1.0,
        -1.0,
        1.0,
        -1.0,
        1.0,
        -1.0,
        1.0,
        -1.0,
        1.0,
        -1.0,
        -1.0,
        1.0,
        -1.0,
        -1.0,
        1.0,
        1.0,
        -1.0,
        -1.0,
        -1.0,
        1.0,
        -1.0,
        1.0,
        1.0,
        -1.0,
        -1.0,
        1.0,
        -1.0,
        -1.0,
        -1.0,
        -1.0,
        1.0,
        -1.0,
        -1.0,
        -0.9884212017059326,
        -1.0,
        1.0,
        1.0,
        1.0,
        -1.0,
        1.0,
        1.0,
        1.0,
        -1.0,
        0.9992976188659668,
        -1.0,
        -1.0,
        1.0,
        -1.0,
        1.0,
        -1.0,
        1.0,
        -1.0,
        1.0,
        1.0,
        1.0,
        -1.0,
        -1.0,
        -1.0,
        -1.0,
        1.0,
        1.0,
        1.0,
        1.0,
        1.0,
        1.0,
        1.0,
        1.0,
        -1.0,
        -1.0,
        1.0,
        -1.0,
        1.0,
        1.0,
        1.0,
        -1.0,
        1.0,
        1.0,
        -1.0,
        1.0,
        -1.0,
        1.0,
        -1.0,
        -1.0,
        -1.0,
        -0.9982909560203552,
        -1.0,
        1.0,
        -1.0,
        -1.0,
        1.0,
        1.0,
        1.0,
        -1.0,
        -1.0,
        1.0,
        -1.0,
        -1.0,
        1.0,
        1.0,
        1.0,
        1.0,
        1.0,
        1.0,
        -1.0,
        -1.0,
        1.0,
        -1.0,
        -1.0,
        1.0,
        -1.0,
        -1.0,
        -1.0,
        -1.0,
        1.0,
        -1.0,
        1.0,
        -1.0,
        -1.0,
        1.0,
        -1.0,
        -1.0,
        1.0,
        1.0,
        -1.0,
        1.0,
        1.0,
        1.0,
        -1.0,
        1.0,
        -1.0,
        1.0,
        -1.0,
        -1.0,
        -1.0,
        1.0,
        -1.0,
        1.0,
        -1.0,
        1.0,
        -1.0,
        1.0,
        -1.0,
        1.0,
        -1.0,
        -1.0,
        1.0,
        -1.0,
        -1.0,
        1.0,
        -1.0,
        1.0,
        -1.0,
        -1.0,
        -1.0,
        -1.0,
        -1.0,
        1.0,
        1.0,
        -1.0,
        -1.0,
        1.0,
        -1.0,
        -1.0,
        -1.0,
        1.0,
        -1.0,
        -1.0,
        -1.0,
        1.0,
        -1.0,
        1.0,
        -1.0,
        -1.0,
        -1.0,
        1.0,
        1.0,
        1.0,
        1.0,
        -1.0,
        -1.0,
        1.0,
        -1.0,
        -1.0,
        1.0,
        -1.0,
        1.0,
        -1.0,
        -1.0,
        -1.0,
        -1.0,
        1.0,
        1.0,
        -1.0,
        -1.0,
        -1.0,
        1.0,
        -1.0,
        -1.0,
        -1.0,
        1.0,
        -1.0,
        1.0,
        -1.0,
        -1.0,
        1.0,
        -1.0,
        -1.0,
        1.0,
        -1.0,
        -0.9879927039146423,
        1.0,
        -1.0,
        -1.0,
        -1.0,
        1.0,
        -1.0,
        1.0,
        -1.0,
        -1.0,
        1.0,
        -1.0,
        1.0,
        1.0,
        -1.0,
        1.0,
        -0.9758276343345642,
        1.0,
        -1.0,
        1.0,
        1.0,
        -1.0,
        -1.0,
        -1.0,
        1.0,
        1.0,
        1.0,
        -1.0,
        -1.0,
        -1.0,
        1.0,
        1.0,
        -1.0,
        -1.0,
        -1.0,
        1.0,
        1.0,
        1.0,
        -1.0,
        1.0,
        -1.0,
        -1.0,
        -1.0,
        1.0,
        1.0,
        -0.9981268644332886,
        -1.0,
        -1.0,
        1.0,
        -1.0,
        1.0,
        1.0,
        1.0,
        1.0,
        1.0,
        1.0,
        -1.0,
        1.0,
        1.0,
        1.0,
        -1.0,
        -1.0,
        1.0,
        -1.0,
        -1.0,
        -1.0,
        1.0,
        -1.0,
        -1.0,
        -1.0,
        -1.0,
        -1.0,
        1.0,
        1.0,
        1.0
    ],
    "embedding_scaling_factor": 65.08702087402344,
    "samples": [
        9604,
        9509,
        8610,
        9202,
        9407,
        9412,
        9107,
        8912,
        8805,
        9412,
        9502,
        9208,
        9302,
        9301,
        9602,
        9511,
        9601,
        9510,
        9209,
        8805,
        9506,
        9501,
        9407,
        9212,
        9601,
        9506,
        9412,
        9510,
        9512,
        8909,
        9509,
        9302,
        9305,
        9501,
        9403,
        8809,
        9510,
        8910,
        8904,
        9412,
        9101,
        9404,
        8911,
        9005,
        9402,
        9209,
        9507,
        9112,
        9105,
        9510,
        9501,
        9305,
        8807,
        9002,
        9112,
        8905,
        8907,
        9310,
        9102,
        9401,
        9111,
        8707,
        9512,
        9206,
        9601,
        9202,
        9512,
        8809,
        9601,
        9309,
        9101,
        9102,
        9307,
        8904,
        9601,
        9502,
        9211,
        9003,
        9203,
        9101,
        9402,
        8810,
        9301,
        9602,
        9209,
        9312,
        9301,
        8701,
        9011,
        9512,
        9402,
        9205,
        9009,
        9509,
        8809,
        9012,
        9310,
        9410,
        9009,
        8909
    ],
    "category_values_ratio": {
        "9602": 2572,
        "9601": 2512,
        "9512": 2144,
        "9506": 2038,
        "9510": 1997,
        "9509": 1976,
        "9401": 1810,
        "9501": 1737,
        "9603": 1658,
        "9310": 1642,
        "9511": 1556,
        "9410": 1548,
        "9301": 1455,
        "9409": 1374,
        "9411": 1360,
        "9507": 1355,
        "9210": 1270,
        "9402": 1245,
        "9209": 1245,
        "9312": 1228,
        "9412": 1216,
        "9502": 1188,
        "9111": 1060,
        "9302": 1043,
        "9503": 1004,
        "9205": 953,
        "9309": 946,
        "9103": 936,
        "9201": 913,
        "9112": 891,
        "9311": 864,
        "9101": 852,
        "9102": 851,
        "8809": 841,
        "9011": 825,
        "9504": 815,
        "9404": 809,
        "9110": 807,
        "9211": 767,
        "9207": 765,
        "9202": 755,
        "9407": 749,
        "8801": 731,
        "9009": 728,
        "9212": 692,
        "9012": 672,
        "9508": 656,
        "9403": 643,
        "8909": 626,
        "9010": 612,
        "9001": 604,
        "9109": 597,
        "8912": 584,
        "9004": 583,
        "9104": 579,
        "8910": 557,
        "9002": 556,
        "8812": 537,
        "9204": 509,
        "8902": 503,
        "9406": 503,
        "8905": 501,
        "9203": 499,
        "9303": 497,
        "8811": 490,
        "9304": 489,
        "9003": 487,
        "8804": 466,
        "8706": 455,
        "8810": 443,
        "8707": 442,
        "9505": 437,
        "8906": 410,
        "9206": 410,
        "9105": 405,
        "9005": 370,
        "8911": 362,
        "8803": 348,
        "8806": 345,
        "8907": 344,
        "8802": 342,
        "8903": 335,
        "8703": 332,
        "8705": 331,
        "8904": 323,
        "8901": 318,
        "9106": 309,
        "9405": 300,
        "8704": 292,
        "8710": 282,
        "8807": 281,
        "9006": 262,
        "8709": 249,
        "9007": 239,
        "8712": 237,
        "9408": 227,
        "8701": 227,
        "9307": 224,
        "9208": 213,
        "8702": 211,
        "8711": 205,
        "9305": 197,
        "9008": 192,
        "8608": 190,
        "8612": 190,
        "8808": 185,
        "9702": 181,
        "9306": 164,
        "9107": 162,
        "9701": 156,
        "8610": 140,
        "8908": 139,
        "9108": 132,
        "8805": 131,
        "9308": 130,
        "9610": 122,
        "8611": 114,
        "8609": 112,
        "8708": 110,
        "9609": 106,
        "9612": 102,
        "9611": 92,
        "9608": 61,
        "9604": 53,
        "9605": 49,
        "9607": 40,
        "9606": 38,
        "8607": 29,
        "7808": 2,
        "8312": 1,
        "8305": 1,
        "8503": 1,
        "8411": 1,
        "8407": 1,
        "8306": 1,
        "8401": 1,
        "8506": 1,
        "8408": 1,
        "8112": 1,
        "7811": 1,
        "8311": 1,
        "8402": 1,
        "8211": 1,
        "8504": 1,
        "8602": 1
    },
    "nrows": 82318
}