{
    "column_id": "KDD98/KDD98.csvKDD98.csv/LSC2",
    "dataset_name": "KDD98.csv",
    "dataset_id": "KDD98/KDD98.csv",
    "path": "/home/ubuntu/CatDB-VLDB2025-V1/Experiments/data/KDD98/KDD98.csv",
    "table_name": "KDD98.csv",
    "table_id": "KDD98/KDD98.csvKDD98.csv",
    "column_name": "LSC2",
    "data_source": "KDD98",
    "data_type": "int",
    "total_values_count": 82318,
    "distinct_values_count": 100,
    "missing_values_count": 0,
    "true_ratio": null,
    "min_value": 0.0,
    "max_value": 99.0,
    "mean": 5.935530503656551,
    "median": 2.0,
    "iqr": 4.0,
    "category_values": [
        1,
        8,
        0,
        4,
        2,
        15,
        10,
        29,
        6,
        9,
        43,
        5,
        56,
        3,
        89,
        19,
        12,
        16,
        22,
        13,
        17,
        42,
        63,
        7,
        28,
        41,
        21,
        26,
        75,
        24,
        11,
        59,
        31,
        14,
        87,
        67,
        54,
        25,
        51,
        35,
        32,
        27,
        55,
        37,
        49,
        86,
        57,
        58,
        23,
        82,
        33,
        18,
        20,
        47,
        38,
        94,
        69,
        92,
        88,
        68,
        48,
        39,
        83,
        34,
        71,
        44,
        40,
        30,
        53,
        60,
        85,
        45,
        96,
        74,
        84,
        52,
        81,
        46,
        79,
        36,
        73,
        62,
        72,
        64,
        93,
        66,
        97,
        80,
        91,
        99,
        98,
        50,
        78,
        65,
        95,
        61,
        76,
        70,
        77,
        90
    ],
    "embedding": [
        -1.0,
        -1.0,
        -1.0,
        1.0,
        -1.0,
        1.0,
        -1.0,
        -1.0,
        -1.0,
        -1.0,
        1.0,
        -1.0,
        -1.0,
        1.0,
        1.0,
        1.0,
        1.0,
        -1.0,
        1.0,
        -1.0,
        1.0,
        -1.0,
        1.0,
        -1.0,
        1.0,
        -1.0,
        -1.0,
        1.0,
        -1.0,
        -1.0,
        1.0,
        1.0,
        -1.0,
        -1.0,
        -1.0,
        1.0,
        -1.0,
        1.0,
        1.0,
        -1.0,
        -1.0,
        1.0,
        -1.0,
        -1.0,
        -1.0,
        -1.0,
        1.0,
        -1.0,
        -1.0,
        -0.4321090281009674,
        -1.0,
        1.0,
        1.0,
        1.0,
        -1.0,
        1.0,
        1.0,
        1.0,
        -1.0,
        0.6947306394577026,
        -1.0,
        -1.0,
        1.0,
        -1.0,
        1.0,
        -1.0,
        1.0,
        -1.0,
        1.0,
        1.0,
        1.0,
        -1.0,
        -1.0,
        -1.0,
        -1.0,
        1.0,
        1.0,
        1.0,
        1.0,
        1.0,
        1.0,
        1.0,
        1.0,
        -1.0,
        -1.0,
        1.0,
        -1.0,
        1.0,
        1.0,
        1.0,
        -1.0,
        1.0,
        1.0,
        -1.0,
        1.0,
        -1.0,
        1.0,
        -1.0,
        -1.0,
        -1.0,
        -0.9347501993179321,
        -1.0,
        1.0,
        -1.0,
        -1.0,
        1.0,
        1.0,
        1.0,
        -1.0,
        -1.0,
        1.0,
        -1.0,
        -1.0,
        1.0,
        1.0,
        1.0,
        1.0,
        1.0,
        1.0,
        -1.0,
        -1.0,
        1.0,
        -1.0,
        -1.0,
        1.0,
        -1.0,
        -1.0,
        -1.0,
        -1.0,
        1.0,
        -1.0,
        1.0,
        -1.0,
        -1.0,
        1.0,
        -1.0,
        -1.0,
        1.0,
        1.0,
        -1.0,
        1.0,
        1.0,
        1.0,
        -1.0,
        1.0,
        -1.0,
        1.0,
        -1.0,
        -1.0,
        -1.0,
        1.0,
        -1.0,
        1.0,
        -1.0,
        1.0,
        -1.0,
        1.0,
        -1.0,
        1.0,
        -1.0,
        -1.0,
        1.0,
        -1.0,
        -1.0,
        1.0,
        -1.0,
        1.0,
        -1.0,
        -1.0,
        -1.0,
        -1.0,
        -1.0,
        1.0,
        1.0,
        -1.0,
        -1.0,
        1.0,
        -1.0,
        -1.0,
        -1.0,
        1.0,
        -1.0,
        -1.0,
        -1.0,
        1.0,
        -1.0,
        1.0,
        -1.0,
        -1.0,
        -1.0,
        1.0,
        1.0,
        1.0,
        1.0,
        -1.0,
        -1.0,
        1.0,
        -1.0,
        -1.0,
        1.0,
        -1.0,
        1.0,
        -1.0,
        -1.0,
        -1.0,
        -1.0,
        1.0,
        1.0,
        -1.0,
        -1.0,
        -1.0,
        1.0,
        -1.0,
        -1.0,
        -1.0,
        1.0,
        -1.0,
        1.0,
        -1.0,
        -1.0,
        1.0,
        -1.0,
        -1.0,
        1.0,
        -1.0,
        -0.43007025122642517,
        1.0,
        -1.0,
        -1.0,
        -1.0,
        1.0,
        -1.0,
        1.0,
        -1.0,
        -1.0,
        1.0,
        -1.0,
        1.0,
        1.0,
        -1.0,
        1.0,
        -0.4164528250694275,
        1.0,
        -1.0,
        1.0,
        1.0,
        -1.0,
        -1.0,
        -1.0,
        1.0,
        1.0,
        1.0,
        -1.0,
        -1.0,
        -1.0,
        1.0,
        1.0,
        -1.0,
        -1.0,
        -1.0,
        1.0,
        1.0,
        1.0,
        -1.0,
        1.0,
        -1.0,
        -1.0,
        -1.0,
        1.0,
        1.0,
        -0.9087768793106079,
        -1.0,
        -1.0,
        1.0,
        -1.0,
        1.0,
        1.0,
        1.0,
        1.0,
        1.0,
        1.0,
        -1.0,
        1.0,
        1.0,
        1.0,
        -1.0,
        -1.0,
        1.0,
        -1.0,
        -1.0,
        -1.0,
        1.0,
        -1.0,
        -1.0,
        -1.0,
        -1.0,
        -1.0,
        1.0,
        1.0,
        1.0
    ],
    "embedding_scaling_factor": 678.054931640625,
    "samples": [
        0,
        4,
        40,
        12,
        3,
        0,
        0,
        4,
        5,
        13,
        2,
        7,
        24,
        12,
        1,
        1,
        0,
        0,
        4,
        6,
        0,
        2,
        0,
        23,
        1,
        4,
        1,
        1,
        1,
        4,
        4,
        2,
        1,
        10,
        10,
        4,
        2,
        1,
        3,
        6,
        2,
        4,
        0,
        5,
        2,
        0,
        46,
        0,
        1,
        1,
        63,
        2,
        3,
        2,
        1,
        1,
        3,
        2,
        2,
        3,
        1,
        0,
        0,
        13,
        1,
        5,
        0,
        7,
        3,
        2,
        3,
        7,
        11,
        11,
        0,
        0,
        1,
        0,
        3,
        3,
        1,
        2,
        17,
        1,
        6,
        25,
        1,
        2,
        2,
        1,
        18,
        0,
        1,
        1,
        0,
        2,
        3,
        1,
        0,
        1
    ],
    "category_values_ratio": {
        "1": 19993,
        "0": 16289,
        "2": 11378,
        "3": 6653,
        "4": 4612,
        "5": 3370,
        "6": 2478,
        "7": 1949,
        "8": 1743,
        "9": 1320,
        "10": 1132,
        "11": 991,
        "12": 851,
        "13": 668,
        "14": 622,
        "15": 526,
        "16": 456,
        "17": 446,
        "18": 397,
        "20": 348,
        "19": 339,
        "21": 316,
        "24": 298,
        "22": 273,
        "23": 261,
        "25": 239,
        "27": 213,
        "26": 200,
        "28": 166,
        "29": 165,
        "32": 149,
        "30": 144,
        "31": 131,
        "34": 125,
        "33": 112,
        "36": 111,
        "41": 105,
        "35": 104,
        "37": 101,
        "39": 99,
        "40": 98,
        "38": 97,
        "43": 96,
        "46": 85,
        "44": 82,
        "42": 79,
        "51": 72,
        "48": 71,
        "47": 70,
        "45": 62,
        "52": 58,
        "49": 56,
        "58": 54,
        "53": 53,
        "57": 52,
        "54": 51,
        "59": 51,
        "50": 49,
        "64": 49,
        "61": 46,
        "68": 44,
        "56": 42,
        "66": 41,
        "60": 40,
        "86": 40,
        "85": 39,
        "55": 37,
        "94": 36,
        "78": 36,
        "71": 35,
        "69": 34,
        "62": 34,
        "79": 32,
        "75": 32,
        "74": 30,
        "65": 30,
        "88": 29,
        "82": 29,
        "83": 28,
        "63": 28,
        "77": 28,
        "87": 27,
        "93": 27,
        "90": 26,
        "92": 26,
        "89": 26,
        "70": 24,
        "84": 24,
        "80": 23,
        "91": 23,
        "67": 23,
        "81": 21,
        "72": 19,
        "76": 18,
        "73": 17,
        "96": 17,
        "95": 15,
        "97": 14,
        "98": 12,
        "99": 8
    },
    "nrows": 82318
}