{
    "column_id": "KDD98/KDD98.csvKDD98.csv/RP4",
    "dataset_name": "KDD98.csv",
    "dataset_id": "KDD98/KDD98.csv",
    "path": "/home/ubuntu/CatDB-VLDB2025-V1/Experiments/data/KDD98/KDD98.csv",
    "table_name": "KDD98.csv",
    "table_id": "KDD98/KDD98.csvKDD98.csv",
    "column_name": "RP4",
    "data_source": "KDD98",
    "data_type": "int",
    "total_values_count": 82318,
    "distinct_values_count": 100,
    "missing_values_count": 0,
    "true_ratio": null,
    "min_value": 0.0,
    "max_value": 99.0,
    "mean": 76.74419932457057,
    "median": 86.0,
    "iqr": 30.0,
    "category_values": [
        47,
        99,
        8,
        24,
        74,
        85,
        98,
        62,
        79,
        97,
        91,
        96,
        48,
        87,
        45,
        41,
        93,
        53,
        6,
        88,
        71,
        60,
        9,
        84,
        0,
        95,
        78,
        90,
        86,
        94,
        73,
        89,
        28,
        29,
        77,
        27,
        82,
        92,
        67,
        66,
        63,
        21,
        69,
        59,
        70,
        75,
        52,
        80,
        81,
        36,
        46,
        55,
        31,
        18,
        64,
        76,
        56,
        42,
        83,
        49,
        14,
        16,
        20,
        40,
        61,
        34,
        26,
        43,
        22,
        65,
        51,
        72,
        54,
        39,
        57,
        17,
        68,
        37,
        33,
        25,
        50,
        5,
        23,
        58,
        30,
        38,
        32,
        7,
        10,
        19,
        12,
        44,
        35,
        11,
        15,
        13,
        3,
        4,
        2,
        1
    ],
    "embedding": [
        -1.0,
        -1.0,
        -1.0,
        1.0,
        -1.0,
        1.0,
        -1.0,
        -1.0,
        -1.0,
        -1.0,
        1.0,
        -1.0,
        -1.0,
        1.0,
        1.0,
        1.0,
        1.0,
        -1.0,
        1.0,
        -1.0,
        1.0,
        -1.0,
        1.0,
        -1.0,
        1.0,
        -1.0,
        -1.0,
        1.0,
        -1.0,
        -1.0,
        1.0,
        1.0,
        -1.0,
        -1.0,
        -1.0,
        1.0,
        -1.0,
        1.0,
        1.0,
        -1.0,
        -1.0,
        1.0,
        -1.0,
        -1.0,
        -1.0,
        -1.0,
        1.0,
        -1.0,
        -1.0,
        -0.9763109683990479,
        -1.0,
        1.0,
        1.0,
        1.0,
        -1.0,
        1.0,
        1.0,
        1.0,
        -1.0,
        0.9958683252334595,
        -1.0,
        -1.0,
        1.0,
        -1.0,
        1.0,
        -1.0,
        1.0,
        -1.0,
        1.0,
        1.0,
        1.0,
        -1.0,
        -1.0,
        -1.0,
        -1.0,
        1.0,
        1.0,
        1.0,
        1.0,
        1.0,
        1.0,
        1.0,
        1.0,
        -1.0,
        -1.0,
        1.0,
        -1.0,
        1.0,
        1.0,
        1.0,
        -1.0,
        1.0,
        1.0,
        -1.0,
        1.0,
        -1.0,
        1.0,
        -1.0,
        -1.0,
        -1.0,
        -0.9980403780937195,
        -1.0,
        1.0,
        -1.0,
        -1.0,
        1.0,
        1.0,
        1.0,
        -1.0,
        -1.0,
        1.0,
        -1.0,
        -1.0,
        1.0,
        1.0,
        1.0,
        1.0,
        1.0,
        1.0,
        -1.0,
        -1.0,
        1.0,
        -1.0,
        -1.0,
        1.0,
        -1.0,
        -1.0,
        -1.0,
        -1.0,
        1.0,
        -1.0,
        1.0,
        -1.0,
        -1.0,
        1.0,
        -1.0,
        -1.0,
        1.0,
        1.0,
        -1.0,
        1.0,
        1.0,
        1.0,
        -1.0,
        1.0,
        -1.0,
        1.0,
        -1.0,
        -1.0,
        -1.0,
        1.0,
        -1.0,
        1.0,
        -1.0,
        1.0,
        -1.0,
        1.0,
        -1.0,
        1.0,
        -1.0,
        -1.0,
        1.0,
        -1.0,
        -1.0,
        1.0,
        -1.0,
        1.0,
        -1.0,
        -1.0,
        -1.0,
        -1.0,
        -1.0,
        1.0,
        1.0,
        -1.0,
        -1.0,
        1.0,
        -1.0,
        -1.0,
        -1.0,
        1.0,
        -1.0,
        -1.0,
        -1.0,
        1.0,
        -1.0,
        1.0,
        -1.0,
        -1.0,
        -1.0,
        1.0,
        1.0,
        1.0,
        1.0,
        -1.0,
        -1.0,
        1.0,
        -1.0,
        -1.0,
        1.0,
        -1.0,
        1.0,
        -1.0,
        -1.0,
        -1.0,
        -1.0,
        1.0,
        1.0,
        -1.0,
        -1.0,
        -1.0,
        1.0,
        -1.0,
        -1.0,
        -1.0,
        1.0,
        -1.0,
        1.0,
        -1.0,
        -1.0,
        1.0,
        -1.0,
        -1.0,
        1.0,
        -1.0,
        -0.9767476916313171,
        1.0,
        -1.0,
        -1.0,
        -1.0,
        1.0,
        -1.0,
        1.0,
        -1.0,
        -1.0,
        1.0,
        -1.0,
        1.0,
        1.0,
        -1.0,
        1.0,
        -0.9770692586898804,
        1.0,
        -1.0,
        1.0,
        1.0,
        -1.0,
        -1.0,
        -1.0,
        1.0,
        1.0,
        1.0,
        -1.0,
        -1.0,
        -1.0,
        1.0,
        1.0,
        -1.0,
        -1.0,
        -1.0,
        1.0,
        1.0,
        1.0,
        -1.0,
        1.0,
        -1.0,
        -1.0,
        -1.0,
        1.0,
        1.0,
        -0.9978813529014587,
        -1.0,
        -1.0,
        1.0,
        -1.0,
        1.0,
        1.0,
        1.0,
        1.0,
        1.0,
        1.0,
        -1.0,
        1.0,
        1.0,
        1.0,
        -1.0,
        -1.0,
        1.0,
        -1.0,
        -1.0,
        -1.0,
        1.0,
        -1.0,
        -1.0,
        -1.0,
        -1.0,
        -1.0,
        1.0,
        1.0,
        1.0
    ],
    "embedding_scaling_factor": 21.644248962402344,
    "samples": [
        92,
        33,
        98,
        5,
        99,
        18,
        96,
        91,
        56,
        96,
        96,
        74,
        62,
        40,
        98,
        96,
        76,
        81,
        95,
        95,
        47,
        94,
        93,
        54,
        96,
        98,
        89,
        98,
        63,
        99,
        80,
        94,
        96,
        58,
        93,
        96,
        29,
        9,
        85,
        98,
        57,
        94,
        99,
        75,
        99,
        84,
        87,
        96,
        83,
        96,
        44,
        28,
        97,
        60,
        31,
        85,
        99,
        77,
        29,
        97,
        95,
        94,
        91,
        32,
        67,
        56,
        80,
        96,
        62,
        97,
        95,
        97,
        86,
        98,
        45,
        96,
        98,
        98,
        93,
        93,
        69,
        44,
        67,
        56,
        40,
        82,
        76,
        97,
        0,
        98,
        89,
        60,
        39,
        28,
        69,
        91,
        98,
        56,
        67,
        91
    ],
    "category_values_ratio": {
        "99": 6578,
        "98": 5137,
        "97": 4609,
        "96": 4028,
        "95": 3443,
        "94": 3011,
        "93": 2647,
        "92": 2290,
        "91": 2101,
        "90": 2014,
        "88": 1864,
        "89": 1861,
        "86": 1448,
        "85": 1424,
        "83": 1416,
        "87": 1392,
        "84": 1287,
        "82": 1184,
        "81": 1122,
        "80": 1098,
        "79": 1011,
        "78": 956,
        "75": 929,
        "77": 912,
        "74": 826,
        "73": 817,
        "76": 809,
        "70": 806,
        "67": 773,
        "71": 769,
        "69": 724,
        "0": 697,
        "72": 659,
        "63": 646,
        "65": 645,
        "50": 641,
        "68": 638,
        "64": 630,
        "60": 630,
        "66": 581,
        "62": 566,
        "61": 558,
        "58": 550,
        "56": 526,
        "57": 516,
        "59": 498,
        "53": 464,
        "54": 454,
        "44": 450,
        "55": 448,
        "52": 444,
        "51": 422,
        "45": 414,
        "48": 410,
        "42": 405,
        "49": 401,
        "47": 397,
        "38": 386,
        "33": 377,
        "43": 361,
        "46": 349,
        "40": 345,
        "41": 338,
        "35": 336,
        "39": 325,
        "36": 300,
        "32": 297,
        "34": 282,
        "37": 280,
        "31": 279,
        "20": 278,
        "29": 271,
        "27": 269,
        "28": 267,
        "25": 259,
        "23": 257,
        "26": 251,
        "22": 244,
        "17": 243,
        "30": 240,
        "24": 232,
        "21": 217,
        "19": 211,
        "16": 205,
        "18": 196,
        "15": 185,
        "13": 185,
        "14": 143,
        "10": 142,
        "11": 128,
        "9": 126,
        "12": 124,
        "8": 99,
        "6": 86,
        "7": 71,
        "5": 64,
        "4": 34,
        "3": 32,
        "2": 24,
        "1": 4
    },
    "nrows": 82318
}