{
    "column_id": "KDD98/KDD98.csvKDD98.csv/IC4",
    "dataset_name": "KDD98.csv",
    "dataset_id": "KDD98/KDD98.csv",
    "path": "/home/ubuntu/CatDB-VLDB2025-V1/Experiments/data/KDD98/KDD98.csv",
    "table_name": "KDD98.csv",
    "table_id": "KDD98/KDD98.csvKDD98.csv",
    "column_name": "IC4",
    "data_source": "KDD98",
    "data_type": "int",
    "total_values_count": 82318,
    "distinct_values_count": 1144,
    "missing_values_count": 0,
    "true_ratio": null,
    "min_value": 0.0,
    "max_value": 1500.0,
    "mean": 432.4903058869263,
    "median": 397.0,
    "iqr": 201.0,
    "category_values": null,
    "embedding": [
        -1.0,
        -1.0,
        -1.0,
        1.0,
        -1.0,
        1.0,
        -1.0,
        -1.0,
        -0.9993504285812378,
        -1.0,
        1.0,
        -1.0,
        -1.0,
        1.0,
        1.0,
        1.0,
        1.0,
        -1.0,
        1.0,
        -1.0,
        1.0,
        -1.0,
        1.0,
        -1.0,
        1.0,
        -1.0,
        -1.0,
        1.0,
        -1.0,
        -1.0,
        1.0,
        1.0,
        -1.0,
        -1.0,
        -1.0,
        1.0,
        -1.0,
        1.0,
        1.0,
        -1.0,
        -1.0,
        1.0,
        -1.0,
        -1.0,
        -1.0,
        -1.0,
        1.0,
        -1.0,
        -0.9996326565742493,
        -0.9666904211044312,
        -1.0,
        1.0,
        1.0,
        1.0,
        -1.0,
        1.0,
        1.0,
        1.0,
        -1.0,
        0.9962092041969299,
        -1.0,
        -1.0,
        1.0,
        -1.0,
        1.0,
        -1.0,
        1.0,
        -1.0,
        1.0,
        1.0,
        1.0,
        -1.0,
        -1.0,
        -1.0,
        -1.0,
        1.0,
        1.0,
        1.0,
        1.0,
        1.0,
        1.0,
        1.0,
        1.0,
        -1.0,
        -1.0,
        1.0,
        -1.0,
        1.0,
        1.0,
        1.0,
        -1.0,
        1.0,
        1.0,
        -1.0,
        1.0,
        -1.0,
        1.0,
        -1.0,
        -1.0,
        -1.0,
        -0.997286856174469,
        -1.0,
        1.0,
        -1.0,
        -1.0,
        1.0,
        1.0,
        1.0,
        -1.0,
        -1.0,
        1.0,
        -1.0,
        -1.0,
        1.0,
        1.0,
        1.0,
        1.0,
        1.0,
        1.0,
        -1.0,
        -1.0,
        1.0,
        -1.0,
        -1.0,
        1.0,
        -1.0,
        -1.0,
        -0.9968108534812927,
        -1.0,
        1.0,
        -1.0,
        1.0,
        -1.0,
        -1.0,
        1.0,
        -1.0,
        -1.0,
        1.0,
        1.0,
        -1.0,
        1.0,
        1.0,
        1.0,
        -1.0,
        1.0,
        -1.0,
        1.0,
        -1.0,
        -1.0,
        -1.0,
        0.9943633079528809,
        -1.0,
        1.0,
        -1.0,
        1.0,
        -1.0,
        1.0,
        -1.0,
        1.0,
        -1.0,
        -1.0,
        1.0,
        -1.0,
        -1.0,
        1.0,
        -1.0,
        1.0,
        -1.0,
        -1.0,
        -1.0,
        -1.0,
        -1.0,
        1.0,
        1.0,
        -1.0,
        -1.0,
        1.0,
        -1.0,
        -1.0,
        -1.0,
        1.0,
        -1.0,
        -1.0,
        -1.0,
        1.0,
        -1.0,
        1.0,
        -1.0,
        -1.0,
        -1.0,
        1.0,
        1.0,
        1.0,
        1.0,
        -1.0,
        -1.0,
        1.0,
        -1.0,
        -1.0,
        1.0,
        -1.0,
        1.0,
        -1.0,
        -1.0,
        -1.0,
        -1.0,
        1.0,
        1.0,
        -1.0,
        -1.0,
        -1.0,
        1.0,
        -1.0,
        -1.0,
        -1.0,
        1.0,
        -1.0,
        1.0,
        -1.0,
        -1.0,
        1.0,
        -1.0,
        -1.0,
        1.0,
        -0.9992824196815491,
        -0.9677229523658752,
        1.0,
        -1.0,
        -1.0,
        -1.0,
        1.0,
        -1.0,
        1.0,
        -1.0,
        -1.0,
        1.0,
        -1.0,
        1.0,
        1.0,
        -0.9997809529304504,
        1.0,
        -0.959583580493927,
        1.0,
        -1.0,
        1.0,
        1.0,
        -1.0,
        -1.0,
        -1.0,
        1.0,
        1.0,
        1.0,
        -1.0,
        -1.0,
        -1.0,
        1.0,
        1.0,
        -1.0,
        -1.0,
        -1.0,
        1.0,
        1.0,
        1.0,
        -1.0,
        1.0,
        -1.0,
        -1.0,
        -1.0,
        1.0,
        1.0,
        -0.997235119342804,
        -1.0,
        -1.0,
        1.0,
        -1.0,
        1.0,
        1.0,
        1.0,
        1.0,
        1.0,
        1.0,
        -1.0,
        1.0,
        1.0,
        1.0,
        -1.0,
        -1.0,
        1.0,
        -1.0,
        -1.0,
        -1.0,
        1.0,
        -1.0,
        -1.0,
        -1.0,
        -1.0,
        -1.0,
        1.0,
        1.0,
        0.9999994039535522
    ],
    "embedding_scaling_factor": 47.67938995361328,
    "samples": [
        98,
        258,
        619,
        348,
        272,
        467,
        420,
        394,
        564,
        771,
        411,
        376,
        363,
        370,
        384,
        394,
        446,
        298,
        275,
        315,
        249,
        331,
        730,
        270,
        380,
        457,
        665,
        500,
        318,
        255,
        413,
        332,
        367,
        376,
        567,
        349,
        336,
        419,
        640,
        963,
        433,
        568,
        628,
        289,
        656,
        398,
        404,
        449,
        478,
        479,
        472,
        348,
        682,
        303,
        413,
        438,
        324,
        261,
        828,
        275,
        345,
        337,
        365,
        361,
        267,
        174,
        355,
        665,
        434,
        297,
        568,
        602,
        238,
        353,
        545,
        349,
        280,
        296,
        316,
        495,
        264,
        513,
        537,
        217,
        294,
        297,
        481,
        223,
        704,
        454,
        422,
        422,
        383,
        306,
        362,
        397,
        213,
        313,
        665,
        864
    ],
    "category_values_ratio": null,
    "nrows": 82318
}