{
    "column_id": "KDD98/KDD98.csvKDD98.csv/FEDGOV",
    "dataset_name": "KDD98.csv",
    "dataset_id": "KDD98/KDD98.csv",
    "path": "/home/ubuntu/CatDB-VLDB2025-V1/Experiments/data/KDD98/KDD98.csv",
    "table_name": "KDD98.csv",
    "table_id": "KDD98/KDD98.csvKDD98.csv",
    "column_name": "FEDGOV",
    "data_source": "KDD98",
    "data_type": "int",
    "total_values_count": 82318,
    "distinct_values_count": 57,
    "missing_values_count": 0,
    "true_ratio": null,
    "min_value": 0.0,
    "max_value": 99.0,
    "mean": 3.117118977623363,
    "median": 2.0,
    "iqr": 3.0,
    "category_values": [
        1,
        4,
        2,
        5,
        0,
        3,
        6,
        7,
        12,
        9,
        13,
        14,
        8,
        22,
        11,
        26,
        15,
        19,
        21,
        27,
        10,
        24,
        25,
        40,
        23,
        39,
        20,
        18,
        32,
        28,
        17,
        38,
        49,
        16,
        37,
        43,
        33,
        34,
        36,
        29,
        30,
        35,
        44,
        31,
        41,
        46,
        42,
        47,
        56,
        52,
        45,
        99,
        51,
        53,
        87,
        60,
        54
    ],
    "embedding": [
        -1.0,
        -1.0,
        -1.0,
        1.0,
        -1.0,
        1.0,
        -1.0,
        -1.0,
        -1.0,
        -1.0,
        1.0,
        -1.0,
        -1.0,
        1.0,
        1.0,
        1.0,
        1.0,
        -1.0,
        1.0,
        -1.0,
        1.0,
        -1.0,
        1.0,
        -1.0,
        1.0,
        -1.0,
        -1.0,
        1.0,
        -1.0,
        -1.0,
        1.0,
        1.0,
        -1.0,
        -1.0,
        -1.0,
        1.0,
        -1.0,
        1.0,
        1.0,
        -1.0,
        -1.0,
        1.0,
        -1.0,
        -1.0,
        -1.0,
        -1.0,
        1.0,
        -1.0,
        -1.0,
        -0.296241819858551,
        -1.0,
        1.0,
        1.0,
        1.0,
        -1.0,
        1.0,
        1.0,
        1.0,
        -1.0,
        0.5997675657272339,
        -1.0,
        -1.0,
        1.0,
        -1.0,
        1.0,
        -1.0,
        1.0,
        -1.0,
        1.0,
        1.0,
        1.0,
        -1.0,
        -1.0,
        -1.0,
        -1.0,
        1.0,
        1.0,
        1.0,
        1.0,
        1.0,
        1.0,
        1.0,
        1.0,
        -1.0,
        -1.0,
        1.0,
        -1.0,
        1.0,
        1.0,
        1.0,
        -1.0,
        1.0,
        1.0,
        -1.0,
        1.0,
        -1.0,
        1.0,
        -1.0,
        -1.0,
        -1.0,
        -0.9191017746925354,
        -1.0,
        1.0,
        -1.0,
        -1.0,
        1.0,
        1.0,
        1.0,
        -1.0,
        -1.0,
        1.0,
        -1.0,
        -1.0,
        1.0,
        1.0,
        1.0,
        1.0,
        1.0,
        1.0,
        -1.0,
        -1.0,
        1.0,
        -1.0,
        -1.0,
        1.0,
        -1.0,
        -1.0,
        -1.0,
        -1.0,
        1.0,
        -1.0,
        1.0,
        -1.0,
        -1.0,
        1.0,
        -1.0,
        -1.0,
        1.0,
        1.0,
        -1.0,
        1.0,
        1.0,
        1.0,
        -1.0,
        1.0,
        -1.0,
        1.0,
        -1.0,
        -1.0,
        -1.0,
        1.0,
        -1.0,
        1.0,
        -1.0,
        1.0,
        -1.0,
        1.0,
        -1.0,
        1.0,
        -1.0,
        -1.0,
        1.0,
        -1.0,
        -1.0,
        1.0,
        -1.0,
        1.0,
        -1.0,
        -1.0,
        -1.0,
        -1.0,
        -1.0,
        1.0,
        1.0,
        -1.0,
        -1.0,
        1.0,
        -1.0,
        -1.0,
        -1.0,
        1.0,
        -1.0,
        -1.0,
        -1.0,
        1.0,
        -1.0,
        1.0,
        -1.0,
        -1.0,
        -1.0,
        1.0,
        1.0,
        1.0,
        1.0,
        -1.0,
        -1.0,
        1.0,
        -1.0,
        -1.0,
        1.0,
        -1.0,
        1.0,
        -1.0,
        -1.0,
        -1.0,
        -1.0,
        1.0,
        1.0,
        -1.0,
        -1.0,
        -1.0,
        1.0,
        -1.0,
        -1.0,
        -1.0,
        1.0,
        -1.0,
        1.0,
        -1.0,
        -1.0,
        1.0,
        -1.0,
        -1.0,
        1.0,
        -1.0,
        -0.2951838970184326,
        1.0,
        -1.0,
        -1.0,
        -1.0,
        1.0,
        -1.0,
        1.0,
        -1.0,
        -1.0,
        1.0,
        -1.0,
        1.0,
        1.0,
        -1.0,
        1.0,
        -0.27754655480384827,
        1.0,
        -1.0,
        1.0,
        1.0,
        -1.0,
        -1.0,
        -1.0,
        1.0,
        1.0,
        1.0,
        -1.0,
        -1.0,
        -1.0,
        1.0,
        1.0,
        -1.0,
        -1.0,
        -1.0,
        1.0,
        1.0,
        1.0,
        -1.0,
        1.0,
        -1.0,
        -1.0,
        -1.0,
        1.0,
        1.0,
        -0.8844161629676819,
        -1.0,
        -1.0,
        1.0,
        -1.0,
        1.0,
        1.0,
        1.0,
        1.0,
        1.0,
        1.0,
        -1.0,
        1.0,
        1.0,
        1.0,
        -1.0,
        -1.0,
        1.0,
        -1.0,
        -1.0,
        -1.0,
        1.0,
        -1.0,
        -1.0,
        -1.0,
        -1.0,
        -1.0,
        1.0,
        1.0,
        1.0
    ],
    "embedding_scaling_factor": 921.6227416992188,
    "samples": [
        2,
        5,
        1,
        2,
        4,
        3,
        5,
        11,
        6,
        2,
        2,
        1,
        1,
        4,
        4,
        0,
        1,
        1,
        4,
        2,
        0,
        0,
        9,
        1,
        1,
        8,
        3,
        2,
        0,
        17,
        1,
        1,
        2,
        2,
        2,
        0,
        0,
        0,
        5,
        1,
        3,
        4,
        3,
        9,
        1,
        1,
        0,
        3,
        1,
        0,
        2,
        2,
        3,
        0,
        6,
        2,
        1,
        5,
        1,
        8,
        5,
        3,
        2,
        2,
        2,
        1,
        25,
        1,
        3,
        2,
        4,
        0,
        6,
        19,
        0,
        5,
        2,
        1,
        3,
        3,
        1,
        4,
        5,
        7,
        4,
        0,
        0,
        1,
        0,
        1,
        0,
        4,
        0,
        9,
        7,
        3,
        7,
        10,
        3,
        19
    ],
    "category_values_ratio": {
        "0": 17740,
        "2": 15816,
        "1": 14558,
        "3": 10515,
        "4": 6834,
        "5": 4452,
        "6": 2988,
        "7": 2186,
        "8": 1581,
        "9": 1084,
        "10": 813,
        "11": 624,
        "12": 485,
        "13": 400,
        "14": 307,
        "15": 278,
        "16": 196,
        "17": 187,
        "19": 141,
        "18": 141,
        "20": 111,
        "22": 105,
        "21": 90,
        "23": 78,
        "24": 65,
        "25": 57,
        "26": 51,
        "27": 46,
        "34": 41,
        "28": 32,
        "33": 31,
        "31": 30,
        "30": 27,
        "29": 26,
        "39": 23,
        "35": 22,
        "36": 22,
        "32": 21,
        "38": 21,
        "37": 17,
        "40": 14,
        "41": 12,
        "46": 7,
        "44": 7,
        "49": 7,
        "43": 6,
        "51": 6,
        "42": 6,
        "45": 3,
        "60": 1,
        "87": 1,
        "53": 1,
        "47": 1,
        "99": 1,
        "52": 1,
        "56": 1,
        "54": 1
    },
    "nrows": 82318
}