{
    "column_id": "KDD98/KDD98.csvKDD98.csv/OCC4",
    "dataset_name": "KDD98.csv",
    "dataset_id": "KDD98/KDD98.csv",
    "path": "/home/ubuntu/CatDB-VLDB2025-V1/Experiments/data/KDD98/KDD98.csv",
    "table_name": "KDD98.csv",
    "table_id": "KDD98/KDD98.csvKDD98.csv",
    "column_name": "OCC4",
    "data_source": "KDD98",
    "data_type": "int",
    "total_values_count": 82318,
    "distinct_values_count": 59,
    "missing_values_count": 0,
    "true_ratio": null,
    "min_value": 0.0,
    "max_value": 99.0,
    "mean": 12.445382540878057,
    "median": 12.0,
    "iqr": 6.0,
    "category_values": [
        7,
        9,
        4,
        16,
        10,
        20,
        11,
        19,
        13,
        14,
        12,
        2,
        8,
        6,
        22,
        18,
        17,
        0,
        28,
        15,
        25,
        24,
        21,
        5,
        3,
        27,
        1,
        30,
        23,
        26,
        37,
        31,
        33,
        29,
        65,
        34,
        32,
        35,
        36,
        42,
        38,
        49,
        40,
        43,
        41,
        61,
        45,
        51,
        39,
        66,
        44,
        56,
        46,
        99,
        57,
        54,
        47,
        50,
        67
    ],
    "embedding": [
        -1.0,
        -1.0,
        -1.0,
        1.0,
        -1.0,
        1.0,
        -1.0,
        -1.0,
        -1.0,
        -1.0,
        1.0,
        -1.0,
        -1.0,
        1.0,
        1.0,
        1.0,
        1.0,
        -1.0,
        1.0,
        -1.0,
        1.0,
        -1.0,
        1.0,
        -1.0,
        1.0,
        -1.0,
        -1.0,
        1.0,
        -1.0,
        -1.0,
        1.0,
        1.0,
        -1.0,
        -1.0,
        -1.0,
        1.0,
        -1.0,
        1.0,
        1.0,
        -1.0,
        -1.0,
        1.0,
        -1.0,
        -1.0,
        -1.0,
        -1.0,
        1.0,
        -1.0,
        -1.0,
        -0.9519703388214111,
        -1.0,
        1.0,
        1.0,
        1.0,
        -1.0,
        1.0,
        1.0,
        1.0,
        -1.0,
        0.9865440130233765,
        -1.0,
        -1.0,
        1.0,
        -1.0,
        1.0,
        -1.0,
        1.0,
        -1.0,
        1.0,
        1.0,
        1.0,
        -1.0,
        -1.0,
        -1.0,
        -1.0,
        1.0,
        1.0,
        1.0,
        1.0,
        1.0,
        1.0,
        1.0,
        1.0,
        -1.0,
        -1.0,
        1.0,
        -1.0,
        1.0,
        1.0,
        1.0,
        -1.0,
        1.0,
        1.0,
        -1.0,
        1.0,
        -1.0,
        1.0,
        -1.0,
        -1.0,
        -1.0,
        -0.9950827956199646,
        -1.0,
        1.0,
        -1.0,
        -1.0,
        1.0,
        1.0,
        1.0,
        -1.0,
        -1.0,
        1.0,
        -1.0,
        -1.0,
        1.0,
        1.0,
        1.0,
        1.0,
        1.0,
        1.0,
        -1.0,
        -1.0,
        1.0,
        -1.0,
        -1.0,
        1.0,
        -1.0,
        -1.0,
        -1.0,
        -1.0,
        1.0,
        -1.0,
        1.0,
        -1.0,
        -1.0,
        1.0,
        -1.0,
        -1.0,
        1.0,
        1.0,
        -1.0,
        1.0,
        1.0,
        1.0,
        -1.0,
        1.0,
        -1.0,
        1.0,
        -1.0,
        -1.0,
        -1.0,
        1.0,
        -1.0,
        1.0,
        -1.0,
        1.0,
        -1.0,
        1.0,
        -1.0,
        1.0,
        -1.0,
        -1.0,
        1.0,
        -1.0,
        -1.0,
        1.0,
        -1.0,
        1.0,
        -1.0,
        -1.0,
        -1.0,
        -1.0,
        -1.0,
        1.0,
        1.0,
        -1.0,
        -1.0,
        1.0,
        -1.0,
        -1.0,
        -1.0,
        1.0,
        -1.0,
        -1.0,
        -1.0,
        1.0,
        -1.0,
        1.0,
        -1.0,
        -1.0,
        -1.0,
        1.0,
        1.0,
        1.0,
        1.0,
        -1.0,
        -1.0,
        1.0,
        -1.0,
        -1.0,
        1.0,
        -1.0,
        1.0,
        -1.0,
        -1.0,
        -1.0,
        -1.0,
        1.0,
        1.0,
        -1.0,
        -1.0,
        -1.0,
        1.0,
        -1.0,
        -1.0,
        -1.0,
        1.0,
        -1.0,
        1.0,
        -1.0,
        -1.0,
        1.0,
        -1.0,
        -1.0,
        1.0,
        -1.0,
        -0.9276571869850159,
        1.0,
        -1.0,
        -1.0,
        -1.0,
        1.0,
        -1.0,
        1.0,
        -1.0,
        -1.0,
        1.0,
        -1.0,
        1.0,
        1.0,
        -1.0,
        1.0,
        -0.9337654709815979,
        1.0,
        -1.0,
        1.0,
        1.0,
        -1.0,
        -1.0,
        -1.0,
        1.0,
        1.0,
        1.0,
        -1.0,
        -1.0,
        -1.0,
        1.0,
        1.0,
        -1.0,
        -1.0,
        -1.0,
        1.0,
        1.0,
        1.0,
        -1.0,
        1.0,
        -1.0,
        -1.0,
        -1.0,
        1.0,
        1.0,
        -0.9943708777427673,
        -1.0,
        -1.0,
        1.0,
        -1.0,
        1.0,
        1.0,
        1.0,
        1.0,
        1.0,
        1.0,
        -1.0,
        1.0,
        1.0,
        1.0,
        -1.0,
        -1.0,
        1.0,
        -1.0,
        -1.0,
        -1.0,
        1.0,
        -1.0,
        -1.0,
        -1.0,
        -1.0,
        -1.0,
        1.0,
        1.0,
        1.0
    ],
    "embedding_scaling_factor": 232.06033325195312,
    "samples": [
        17,
        14,
        10,
        7,
        8,
        9,
        12,
        27,
        6,
        12,
        19,
        9,
        13,
        13,
        7,
        10,
        5,
        7,
        12,
        12,
        8,
        6,
        8,
        9,
        0,
        12,
        13,
        20,
        8,
        11,
        10,
        24,
        5,
        13,
        14,
        18,
        9,
        15,
        12,
        14,
        4,
        11,
        7,
        5,
        16,
        10,
        12,
        19,
        15,
        16,
        13,
        16,
        16,
        13,
        17,
        17,
        16,
        10,
        14,
        10,
        13,
        27,
        13,
        11,
        10,
        6,
        0,
        10,
        20,
        10,
        22,
        16,
        18,
        4,
        8,
        12,
        17,
        18,
        15,
        0,
        16,
        10,
        13,
        8,
        10,
        10,
        8,
        16,
        9,
        8,
        17,
        13,
        9,
        14,
        22,
        13,
        20,
        11,
        16,
        11
    ],
    "category_values_ratio": {
        "12": 6848,
        "11": 6838,
        "10": 6714,
        "13": 6247,
        "9": 6093,
        "14": 5691,
        "8": 5198,
        "15": 4995,
        "7": 4206,
        "16": 4104,
        "17": 3401,
        "6": 2951,
        "18": 2804,
        "19": 2147,
        "5": 2129,
        "20": 1791,
        "0": 1393,
        "21": 1393,
        "4": 1317,
        "22": 1089,
        "23": 828,
        "3": 793,
        "24": 677,
        "25": 518,
        "2": 424,
        "26": 382,
        "27": 282,
        "28": 220,
        "29": 153,
        "30": 118,
        "31": 98,
        "1": 88,
        "32": 77,
        "33": 56,
        "34": 47,
        "36": 41,
        "35": 25,
        "40": 25,
        "38": 23,
        "37": 17,
        "42": 13,
        "41": 10,
        "43": 9,
        "39": 7,
        "99": 5,
        "44": 5,
        "61": 5,
        "45": 5,
        "49": 4,
        "56": 2,
        "46": 2,
        "65": 2,
        "51": 2,
        "66": 1,
        "57": 1,
        "54": 1,
        "47": 1,
        "50": 1,
        "67": 1
    },
    "nrows": 82318
}