{
    "column_id": "KDD98/KDD98.csvKDD98.csv/POP90C1",
    "dataset_name": "KDD98.csv",
    "dataset_id": "KDD98/KDD98.csv",
    "path": "/home/ubuntu/CatDB-VLDB2025-V1/Experiments/data/KDD98/KDD98.csv",
    "table_name": "KDD98.csv",
    "table_id": "KDD98/KDD98.csvKDD98.csv",
    "column_name": "POP90C1",
    "data_source": "KDD98",
    "data_type": "int",
    "total_values_count": 82318,
    "distinct_values_count": 100,
    "missing_values_count": 0,
    "true_ratio": null,
    "min_value": 0.0,
    "max_value": 99.0,
    "mean": 58.44249131417187,
    "median": 99.0,
    "iqr": 99.0,
    "category_values": [
        0,
        99,
        94,
        79,
        92,
        93,
        98,
        10,
        57,
        76,
        46,
        2,
        40,
        97,
        12,
        9,
        87,
        70,
        28,
        66,
        19,
        85,
        95,
        78,
        21,
        15,
        6,
        3,
        88,
        1,
        52,
        84,
        67,
        91,
        11,
        81,
        69,
        86,
        72,
        90,
        59,
        33,
        96,
        14,
        41,
        23,
        48,
        24,
        47,
        77,
        4,
        49,
        38,
        63,
        74,
        83,
        50,
        5,
        20,
        30,
        80,
        43,
        75,
        73,
        68,
        61,
        60,
        7,
        13,
        39,
        8,
        58,
        29,
        89,
        18,
        71,
        51,
        36,
        53,
        65,
        42,
        64,
        82,
        26,
        62,
        31,
        27,
        22,
        17,
        45,
        54,
        32,
        16,
        37,
        34,
        35,
        25,
        44,
        55,
        56
    ],
    "embedding": [
        -1.0,
        -1.0,
        -1.0,
        1.0,
        -1.0,
        1.0,
        -1.0,
        -1.0,
        -1.0,
        -1.0,
        1.0,
        -1.0,
        -1.0,
        1.0,
        1.0,
        1.0,
        1.0,
        -1.0,
        1.0,
        -1.0,
        1.0,
        -1.0,
        1.0,
        -1.0,
        1.0,
        -1.0,
        -1.0,
        1.0,
        -1.0,
        -1.0,
        1.0,
        1.0,
        -1.0,
        -1.0,
        -1.0,
        1.0,
        -1.0,
        1.0,
        1.0,
        -1.0,
        -1.0,
        1.0,
        -1.0,
        -1.0,
        -1.0,
        -1.0,
        1.0,
        -1.0,
        -1.0,
        -0.46542495489120483,
        -1.0,
        1.0,
        1.0,
        1.0,
        -1.0,
        1.0,
        1.0,
        1.0,
        -1.0,
        0.8624328374862671,
        -1.0,
        -1.0,
        1.0,
        -1.0,
        1.0,
        -1.0,
        1.0,
        -1.0,
        1.0,
        1.0,
        1.0,
        -1.0,
        -1.0,
        -1.0,
        -1.0,
        1.0,
        1.0,
        1.0,
        1.0,
        1.0,
        1.0,
        1.0,
        1.0,
        -1.0,
        -1.0,
        1.0,
        -1.0,
        1.0,
        1.0,
        1.0,
        -1.0,
        1.0,
        1.0,
        -1.0,
        1.0,
        -1.0,
        1.0,
        -1.0,
        -1.0,
        -1.0,
        -0.9384140968322754,
        -1.0,
        1.0,
        -1.0,
        -1.0,
        1.0,
        1.0,
        1.0,
        -1.0,
        -1.0,
        1.0,
        -1.0,
        -1.0,
        1.0,
        1.0,
        1.0,
        1.0,
        1.0,
        1.0,
        -1.0,
        -1.0,
        1.0,
        -1.0,
        -1.0,
        1.0,
        -1.0,
        -1.0,
        -1.0,
        -1.0,
        1.0,
        -1.0,
        1.0,
        -1.0,
        -1.0,
        1.0,
        -1.0,
        -1.0,
        1.0,
        1.0,
        -1.0,
        1.0,
        1.0,
        1.0,
        -1.0,
        1.0,
        -1.0,
        1.0,
        -1.0,
        -1.0,
        -1.0,
        1.0,
        -1.0,
        1.0,
        -1.0,
        1.0,
        -1.0,
        1.0,
        -1.0,
        1.0,
        -1.0,
        -1.0,
        1.0,
        -1.0,
        -1.0,
        1.0,
        -1.0,
        1.0,
        -1.0,
        -1.0,
        -1.0,
        -1.0,
        -1.0,
        1.0,
        1.0,
        -1.0,
        -1.0,
        1.0,
        -1.0,
        -1.0,
        -1.0,
        1.0,
        -1.0,
        -1.0,
        -1.0,
        1.0,
        -1.0,
        1.0,
        -1.0,
        -1.0,
        -1.0,
        1.0,
        1.0,
        1.0,
        1.0,
        -1.0,
        -1.0,
        1.0,
        -1.0,
        -1.0,
        1.0,
        -1.0,
        1.0,
        -1.0,
        -1.0,
        -1.0,
        -1.0,
        1.0,
        1.0,
        -1.0,
        -1.0,
        -1.0,
        1.0,
        -1.0,
        -1.0,
        -1.0,
        1.0,
        -1.0,
        1.0,
        -1.0,
        -1.0,
        1.0,
        -1.0,
        -1.0,
        1.0,
        -1.0,
        -0.47006919980049133,
        1.0,
        -1.0,
        -1.0,
        -1.0,
        1.0,
        -1.0,
        1.0,
        -1.0,
        -1.0,
        1.0,
        -1.0,
        1.0,
        1.0,
        -1.0,
        1.0,
        -0.4512769877910614,
        1.0,
        -1.0,
        1.0,
        1.0,
        -1.0,
        -1.0,
        -1.0,
        1.0,
        1.0,
        1.0,
        -1.0,
        -1.0,
        -1.0,
        1.0,
        1.0,
        -1.0,
        -1.0,
        -1.0,
        1.0,
        1.0,
        1.0,
        -1.0,
        1.0,
        -1.0,
        -1.0,
        -1.0,
        1.0,
        1.0,
        -0.9309187531471252,
        -1.0,
        -1.0,
        1.0,
        -1.0,
        1.0,
        1.0,
        1.0,
        1.0,
        1.0,
        1.0,
        -1.0,
        1.0,
        1.0,
        1.0,
        -1.0,
        -1.0,
        1.0,
        -1.0,
        -1.0,
        -1.0,
        1.0,
        -1.0,
        -1.0,
        -1.0,
        -1.0,
        -1.0,
        1.0,
        1.0,
        1.0
    ],
    "embedding_scaling_factor": 39.69325256347656,
    "samples": [
        99,
        41,
        99,
        96,
        99,
        99,
        0,
        99,
        90,
        99,
        99,
        99,
        0,
        0,
        99,
        99,
        99,
        0,
        99,
        99,
        99,
        99,
        99,
        99,
        99,
        0,
        99,
        0,
        0,
        0,
        0,
        99,
        99,
        0,
        77,
        99,
        91,
        99,
        95,
        85,
        99,
        99,
        0,
        99,
        99,
        99,
        0,
        99,
        31,
        99,
        0,
        0,
        99,
        99,
        99,
        0,
        99,
        99,
        99,
        0,
        19,
        1,
        99,
        0,
        99,
        0,
        99,
        99,
        99,
        99,
        99,
        99,
        99,
        0,
        99,
        99,
        99,
        0,
        0,
        99,
        99,
        99,
        99,
        99,
        0,
        99,
        99,
        0,
        99,
        0,
        0,
        95,
        99,
        0,
        0,
        0,
        99,
        99,
        99,
        99
    ],
    "category_values_ratio": {
        "99": 43544,
        "0": 30653,
        "98": 450,
        "97": 381,
        "96": 271,
        "95": 257,
        "94": 230,
        "1": 203,
        "91": 190,
        "93": 189,
        "88": 187,
        "90": 177,
        "2": 172,
        "85": 166,
        "89": 143,
        "92": 136,
        "84": 134,
        "3": 132,
        "86": 128,
        "87": 121,
        "4": 114,
        "80": 109,
        "79": 108,
        "82": 100,
        "76": 99,
        "78": 94,
        "77": 91,
        "81": 89,
        "83": 87,
        "75": 85,
        "6": 84,
        "7": 78,
        "67": 75,
        "8": 73,
        "24": 73,
        "73": 73,
        "61": 71,
        "71": 71,
        "9": 70,
        "62": 70,
        "11": 69,
        "51": 65,
        "65": 65,
        "5": 64,
        "19": 64,
        "63": 62,
        "70": 62,
        "68": 62,
        "53": 61,
        "12": 61,
        "13": 59,
        "14": 59,
        "64": 57,
        "69": 56,
        "17": 56,
        "72": 55,
        "59": 54,
        "48": 54,
        "66": 54,
        "46": 53,
        "15": 53,
        "20": 51,
        "74": 50,
        "58": 50,
        "41": 49,
        "10": 49,
        "33": 48,
        "56": 48,
        "50": 47,
        "47": 47,
        "57": 46,
        "34": 45,
        "29": 43,
        "32": 42,
        "26": 42,
        "28": 42,
        "36": 42,
        "35": 41,
        "18": 40,
        "22": 40,
        "60": 38,
        "43": 38,
        "54": 37,
        "49": 37,
        "16": 37,
        "21": 37,
        "31": 37,
        "38": 35,
        "27": 33,
        "23": 33,
        "52": 33,
        "55": 31,
        "37": 30,
        "42": 29,
        "40": 29,
        "45": 27,
        "44": 27,
        "30": 25,
        "25": 21,
        "39": 19
    },
    "nrows": 82318
}