{
    "column_id": "KDD98/KDD98.csvKDD98.csv/HHN2",
    "dataset_name": "KDD98.csv",
    "dataset_id": "KDD98/KDD98.csv",
    "path": "/home/ubuntu/CatDB-VLDB2025-V1/Experiments/data/KDD98/KDD98.csv",
    "table_name": "KDD98.csv",
    "table_id": "KDD98/KDD98.csvKDD98.csv",
    "column_name": "HHN2",
    "data_source": "KDD98",
    "data_type": "int",
    "total_values_count": 82318,
    "distinct_values_count": 83,
    "missing_values_count": 0,
    "true_ratio": null,
    "min_value": 0.0,
    "max_value": 99.0,
    "mean": 33.743859180252194,
    "median": 33.0,
    "iqr": 8.0,
    "category_values": [
        33,
        27,
        32,
        45,
        36,
        38,
        37,
        30,
        48,
        35,
        34,
        29,
        39,
        31,
        51,
        41,
        58,
        0,
        25,
        28,
        68,
        44,
        46,
        16,
        40,
        24,
        50,
        26,
        23,
        18,
        19,
        43,
        55,
        22,
        21,
        20,
        65,
        17,
        52,
        42,
        53,
        57,
        47,
        15,
        69,
        49,
        54,
        14,
        64,
        13,
        80,
        56,
        59,
        72,
        73,
        11,
        10,
        74,
        62,
        63,
        67,
        61,
        60,
        5,
        66,
        12,
        85,
        76,
        70,
        75,
        6,
        71,
        83,
        9,
        78,
        7,
        82,
        79,
        8,
        99,
        3,
        81,
        77
    ],
    "embedding": [
        -1.0,
        -1.0,
        -1.0,
        1.0,
        -1.0,
        1.0,
        -1.0,
        -1.0,
        -1.0,
        -1.0,
        1.0,
        -1.0,
        -1.0,
        1.0,
        1.0,
        1.0,
        1.0,
        -1.0,
        1.0,
        -1.0,
        1.0,
        -1.0,
        1.0,
        -1.0,
        1.0,
        -1.0,
        -1.0,
        1.0,
        -1.0,
        -1.0,
        1.0,
        1.0,
        -1.0,
        -1.0,
        -1.0,
        1.0,
        -1.0,
        1.0,
        1.0,
        -1.0,
        -1.0,
        1.0,
        -1.0,
        -1.0,
        -1.0,
        -1.0,
        1.0,
        -1.0,
        -1.0,
        -0.9801618456840515,
        -1.0,
        1.0,
        1.0,
        1.0,
        -1.0,
        1.0,
        1.0,
        1.0,
        -1.0,
        0.9961636066436768,
        -1.0,
        -1.0,
        1.0,
        -1.0,
        1.0,
        -1.0,
        1.0,
        -1.0,
        1.0,
        1.0,
        1.0,
        -1.0,
        -1.0,
        -1.0,
        -1.0,
        1.0,
        1.0,
        1.0,
        1.0,
        1.0,
        1.0,
        1.0,
        1.0,
        -1.0,
        -1.0,
        1.0,
        -1.0,
        1.0,
        1.0,
        1.0,
        -1.0,
        1.0,
        1.0,
        -1.0,
        1.0,
        -1.0,
        1.0,
        -1.0,
        -1.0,
        -1.0,
        -0.9965091347694397,
        -1.0,
        1.0,
        -1.0,
        -1.0,
        1.0,
        1.0,
        1.0,
        -1.0,
        -1.0,
        1.0,
        -1.0,
        -1.0,
        1.0,
        1.0,
        1.0,
        1.0,
        1.0,
        1.0,
        -1.0,
        -1.0,
        1.0,
        -1.0,
        -1.0,
        1.0,
        -1.0,
        -1.0,
        -1.0,
        -1.0,
        1.0,
        -1.0,
        1.0,
        -1.0,
        -1.0,
        1.0,
        -1.0,
        -1.0,
        1.0,
        1.0,
        -1.0,
        1.0,
        1.0,
        1.0,
        -1.0,
        1.0,
        -1.0,
        1.0,
        -1.0,
        -1.0,
        -1.0,
        1.0,
        -1.0,
        1.0,
        -1.0,
        1.0,
        -1.0,
        1.0,
        -1.0,
        1.0,
        -1.0,
        -1.0,
        1.0,
        -1.0,
        -1.0,
        1.0,
        -1.0,
        1.0,
        -1.0,
        -1.0,
        -1.0,
        -1.0,
        -1.0,
        1.0,
        1.0,
        -1.0,
        -1.0,
        1.0,
        -1.0,
        -1.0,
        -1.0,
        1.0,
        -1.0,
        -1.0,
        -1.0,
        1.0,
        -1.0,
        1.0,
        -1.0,
        -1.0,
        -1.0,
        1.0,
        1.0,
        1.0,
        1.0,
        -1.0,
        -1.0,
        1.0,
        -1.0,
        -1.0,
        1.0,
        -1.0,
        1.0,
        -1.0,
        -1.0,
        -1.0,
        -1.0,
        1.0,
        1.0,
        -1.0,
        -1.0,
        -1.0,
        1.0,
        -1.0,
        -1.0,
        -1.0,
        1.0,
        -1.0,
        1.0,
        -1.0,
        -1.0,
        1.0,
        -1.0,
        -1.0,
        1.0,
        -1.0,
        -0.9835106134414673,
        1.0,
        -1.0,
        -1.0,
        -1.0,
        1.0,
        -1.0,
        1.0,
        -1.0,
        -1.0,
        1.0,
        -1.0,
        1.0,
        1.0,
        -1.0,
        1.0,
        -0.9590529203414917,
        1.0,
        -1.0,
        1.0,
        1.0,
        -1.0,
        -1.0,
        -1.0,
        1.0,
        1.0,
        1.0,
        -1.0,
        -1.0,
        -1.0,
        1.0,
        1.0,
        -1.0,
        -1.0,
        -1.0,
        1.0,
        1.0,
        1.0,
        -1.0,
        1.0,
        -1.0,
        -1.0,
        -1.0,
        1.0,
        1.0,
        -0.9963192939758301,
        -1.0,
        -1.0,
        1.0,
        -1.0,
        1.0,
        1.0,
        1.0,
        1.0,
        1.0,
        1.0,
        -1.0,
        1.0,
        1.0,
        1.0,
        -1.0,
        -1.0,
        1.0,
        -1.0,
        -1.0,
        -1.0,
        1.0,
        -1.0,
        -1.0,
        -1.0,
        -1.0,
        -1.0,
        1.0,
        1.0,
        1.0
    ],
    "embedding_scaling_factor": 67.24864959716797,
    "samples": [
        0,
        33,
        33,
        66,
        40,
        43,
        31,
        21,
        19,
        34,
        33,
        34,
        38,
        36,
        32,
        42,
        33,
        25,
        33,
        43,
        26,
        31,
        38,
        34,
        27,
        35,
        36,
        34,
        24,
        28,
        31,
        0,
        25,
        28,
        35,
        21,
        28,
        35,
        32,
        48,
        20,
        35,
        32,
        34,
        31,
        26,
        33,
        41,
        30,
        30,
        30,
        29,
        31,
        39,
        33,
        33,
        43,
        25,
        36,
        21,
        41,
        52,
        34,
        27,
        38,
        34,
        25,
        30,
        39,
        34,
        36,
        41,
        56,
        19,
        43,
        40,
        29,
        34,
        41,
        39,
        35,
        32,
        37,
        28,
        37,
        34,
        30,
        46,
        34,
        35,
        31,
        23,
        44,
        41,
        38,
        34,
        72,
        41,
        34,
        33
    ],
    "category_values_ratio": {
        "33": 5984,
        "34": 5884,
        "32": 5549,
        "35": 5472,
        "31": 5153,
        "36": 4703,
        "37": 4303,
        "30": 4255,
        "29": 4019,
        "38": 3599,
        "28": 3148,
        "39": 3084,
        "27": 2545,
        "40": 2517,
        "26": 2037,
        "41": 1899,
        "25": 1659,
        "42": 1559,
        "24": 1366,
        "43": 1286,
        "23": 1022,
        "44": 935,
        "22": 927,
        "45": 875,
        "21": 689,
        "46": 662,
        "0": 602,
        "47": 553,
        "20": 540,
        "48": 452,
        "49": 431,
        "19": 422,
        "50": 363,
        "18": 351,
        "17": 260,
        "52": 257,
        "51": 253,
        "53": 235,
        "16": 209,
        "54": 187,
        "56": 183,
        "55": 180,
        "15": 166,
        "57": 146,
        "58": 126,
        "14": 121,
        "60": 98,
        "59": 94,
        "61": 89,
        "65": 84,
        "13": 72,
        "64": 70,
        "62": 60,
        "68": 53,
        "67": 50,
        "10": 47,
        "11": 43,
        "63": 43,
        "12": 42,
        "66": 37,
        "72": 31,
        "69": 29,
        "74": 27,
        "9": 22,
        "7": 16,
        "8": 15,
        "76": 14,
        "75": 13,
        "73": 12,
        "71": 12,
        "6": 11,
        "85": 10,
        "70": 10,
        "79": 10,
        "99": 7,
        "78": 7,
        "5": 6,
        "82": 5,
        "80": 4,
        "3": 2,
        "81": 2,
        "77": 2,
        "83": 1
    },
    "nrows": 82318
}