{
    "column_id": "KDD98/KDD98.csvKDD98.csv/HVP1",
    "dataset_name": "KDD98.csv",
    "dataset_id": "KDD98/KDD98.csv",
    "path": "/home/ubuntu/CatDB-VLDB2025-V1/Experiments/data/KDD98/KDD98.csv",
    "table_name": "KDD98.csv",
    "table_id": "KDD98/KDD98.csvKDD98.csv",
    "column_name": "HVP1",
    "data_source": "KDD98",
    "data_type": "int",
    "total_values_count": 82318,
    "distinct_values_count": 100,
    "missing_values_count": 0,
    "true_ratio": null,
    "min_value": 0.0,
    "max_value": 99.0,
    "mean": 13.807150319492699,
    "median": 1.0,
    "iqr": 10.0,
    "category_values": [
        0,
        3,
        5,
        2,
        17,
        1,
        33,
        16,
        6,
        21,
        18,
        19,
        96,
        29,
        93,
        75,
        42,
        63,
        47,
        69,
        98,
        26,
        28,
        10,
        4,
        34,
        85,
        7,
        77,
        95,
        22,
        36,
        48,
        55,
        12,
        92,
        61,
        11,
        8,
        30,
        97,
        70,
        46,
        99,
        13,
        53,
        9,
        88,
        79,
        51,
        65,
        84,
        27,
        23,
        56,
        86,
        82,
        14,
        90,
        41,
        80,
        39,
        32,
        94,
        44,
        72,
        24,
        58,
        89,
        62,
        15,
        59,
        91,
        67,
        87,
        40,
        76,
        43,
        64,
        83,
        66,
        68,
        50,
        37,
        35,
        52,
        38,
        78,
        81,
        45,
        71,
        20,
        31,
        60,
        57,
        73,
        74,
        25,
        54,
        49
    ],
    "embedding": [
        -1.0,
        -1.0,
        -1.0,
        1.0,
        -1.0,
        1.0,
        -1.0,
        -1.0,
        -1.0,
        -1.0,
        1.0,
        -1.0,
        -1.0,
        1.0,
        1.0,
        1.0,
        1.0,
        -1.0,
        1.0,
        -1.0,
        1.0,
        -1.0,
        1.0,
        -1.0,
        1.0,
        -1.0,
        -1.0,
        1.0,
        -1.0,
        -1.0,
        1.0,
        1.0,
        -1.0,
        -1.0,
        -1.0,
        1.0,
        -1.0,
        1.0,
        1.0,
        -1.0,
        -1.0,
        1.0,
        -1.0,
        -1.0,
        -1.0,
        -1.0,
        1.0,
        -1.0,
        -1.0,
        -0.28869882225990295,
        -1.0,
        1.0,
        1.0,
        1.0,
        -1.0,
        1.0,
        1.0,
        1.0,
        -1.0,
        0.7545926570892334,
        -1.0,
        -1.0,
        1.0,
        -1.0,
        1.0,
        -1.0,
        1.0,
        -1.0,
        1.0,
        1.0,
        1.0,
        -1.0,
        -1.0,
        -1.0,
        -1.0,
        1.0,
        1.0,
        1.0,
        1.0,
        1.0,
        1.0,
        1.0,
        1.0,
        -1.0,
        -1.0,
        1.0,
        -1.0,
        1.0,
        1.0,
        1.0,
        -1.0,
        1.0,
        1.0,
        -1.0,
        1.0,
        -1.0,
        1.0,
        -1.0,
        -1.0,
        -1.0,
        -0.9181259870529175,
        -1.0,
        1.0,
        -1.0,
        -1.0,
        1.0,
        1.0,
        1.0,
        -1.0,
        -1.0,
        1.0,
        -1.0,
        -1.0,
        1.0,
        1.0,
        1.0,
        1.0,
        1.0,
        1.0,
        -1.0,
        -1.0,
        1.0,
        -1.0,
        -1.0,
        1.0,
        -1.0,
        -1.0,
        -1.0,
        -1.0,
        1.0,
        -1.0,
        1.0,
        -1.0,
        -1.0,
        1.0,
        -1.0,
        -1.0,
        1.0,
        1.0,
        -1.0,
        1.0,
        1.0,
        1.0,
        -1.0,
        1.0,
        -1.0,
        1.0,
        -1.0,
        -1.0,
        -1.0,
        1.0,
        -1.0,
        1.0,
        -1.0,
        1.0,
        -1.0,
        1.0,
        -1.0,
        1.0,
        -1.0,
        -1.0,
        1.0,
        -1.0,
        -1.0,
        1.0,
        -1.0,
        1.0,
        -1.0,
        -1.0,
        -1.0,
        -1.0,
        -1.0,
        1.0,
        1.0,
        -1.0,
        -1.0,
        1.0,
        -1.0,
        -1.0,
        -1.0,
        1.0,
        -1.0,
        -1.0,
        -1.0,
        1.0,
        -1.0,
        1.0,
        -1.0,
        -1.0,
        -1.0,
        1.0,
        1.0,
        1.0,
        1.0,
        -1.0,
        -1.0,
        1.0,
        -1.0,
        -1.0,
        1.0,
        -1.0,
        1.0,
        -1.0,
        -1.0,
        -1.0,
        -1.0,
        1.0,
        1.0,
        -1.0,
        -1.0,
        -1.0,
        1.0,
        -1.0,
        -1.0,
        -1.0,
        1.0,
        -1.0,
        1.0,
        -1.0,
        -1.0,
        1.0,
        -1.0,
        -1.0,
        1.0,
        -1.0,
        -0.2915523648262024,
        1.0,
        -1.0,
        -1.0,
        -1.0,
        1.0,
        -1.0,
        1.0,
        -1.0,
        -1.0,
        1.0,
        -1.0,
        1.0,
        1.0,
        -1.0,
        1.0,
        -0.2682454586029053,
        1.0,
        -1.0,
        1.0,
        1.0,
        -1.0,
        -1.0,
        -1.0,
        1.0,
        1.0,
        1.0,
        -1.0,
        -1.0,
        -1.0,
        1.0,
        1.0,
        -1.0,
        -1.0,
        -1.0,
        1.0,
        1.0,
        1.0,
        -1.0,
        1.0,
        -1.0,
        -1.0,
        -1.0,
        1.0,
        1.0,
        -0.9010980129241943,
        -1.0,
        -1.0,
        1.0,
        -1.0,
        1.0,
        1.0,
        1.0,
        1.0,
        1.0,
        1.0,
        -1.0,
        1.0,
        1.0,
        1.0,
        -1.0,
        -1.0,
        1.0,
        -1.0,
        -1.0,
        -1.0,
        1.0,
        -1.0,
        -1.0,
        -1.0,
        -1.0,
        -1.0,
        1.0,
        1.0,
        1.0
    ],
    "embedding_scaling_factor": 290.04901123046875,
    "samples": [
        0,
        0,
        94,
        17,
        0,
        18,
        0,
        0,
        49,
        3,
        0,
        33,
        8,
        0,
        0,
        75,
        1,
        94,
        14,
        0,
        30,
        0,
        0,
        0,
        4,
        5,
        6,
        13,
        0,
        23,
        53,
        59,
        0,
        0,
        18,
        0,
        0,
        81,
        6,
        0,
        97,
        28,
        0,
        0,
        9,
        0,
        5,
        1,
        0,
        97,
        0,
        0,
        0,
        0,
        0,
        0,
        6,
        1,
        0,
        14,
        0,
        36,
        1,
        0,
        10,
        1,
        5,
        10,
        8,
        0,
        94,
        71,
        0,
        19,
        1,
        0,
        17,
        12,
        4,
        1,
        0,
        0,
        80,
        17,
        2,
        0,
        0,
        0,
        0,
        0,
        77,
        0,
        1,
        1,
        14,
        38,
        0,
        1,
        0,
        0
    ],
    "category_values_ratio": {
        "0": 34354,
        "1": 11713,
        "2": 4874,
        "3": 2924,
        "4": 2022,
        "5": 1618,
        "6": 1205,
        "7": 1118,
        "8": 968,
        "9": 773,
        "10": 683,
        "11": 657,
        "99": 601,
        "15": 551,
        "12": 545,
        "14": 537,
        "97": 472,
        "98": 465,
        "96": 454,
        "13": 424,
        "16": 422,
        "17": 410,
        "18": 387,
        "95": 380,
        "94": 374,
        "19": 364,
        "93": 336,
        "21": 334,
        "20": 310,
        "22": 296,
        "25": 285,
        "92": 278,
        "88": 267,
        "24": 264,
        "87": 258,
        "23": 249,
        "27": 240,
        "89": 234,
        "33": 227,
        "29": 227,
        "90": 224,
        "26": 222,
        "91": 222,
        "28": 206,
        "83": 199,
        "34": 193,
        "86": 187,
        "30": 185,
        "31": 183,
        "50": 183,
        "84": 181,
        "85": 179,
        "82": 177,
        "80": 174,
        "32": 173,
        "78": 171,
        "79": 168,
        "35": 167,
        "75": 166,
        "67": 166,
        "36": 166,
        "41": 165,
        "49": 162,
        "74": 160,
        "68": 156,
        "60": 154,
        "77": 153,
        "39": 153,
        "65": 153,
        "71": 147,
        "81": 146,
        "47": 145,
        "66": 143,
        "63": 143,
        "40": 141,
        "70": 141,
        "43": 141,
        "76": 141,
        "56": 140,
        "52": 140,
        "38": 139,
        "72": 138,
        "53": 138,
        "48": 136,
        "44": 134,
        "69": 133,
        "37": 133,
        "51": 132,
        "42": 131,
        "45": 130,
        "73": 129,
        "54": 128,
        "58": 127,
        "46": 125,
        "61": 117,
        "57": 116,
        "62": 110,
        "59": 108,
        "64": 100,
        "55": 98
    },
    "nrows": 82318
}