{
    "column_id": "KDD98/KDD98.csvKDD98.csv/HUPA5",
    "dataset_name": "KDD98.csv",
    "dataset_id": "KDD98/KDD98.csv",
    "path": "/home/ubuntu/CatDB-VLDB2025-V1/Experiments/data/KDD98/KDD98.csv",
    "table_name": "KDD98.csv",
    "table_id": "KDD98/KDD98.csvKDD98.csv",
    "column_name": "HUPA5",
    "data_source": "KDD98",
    "data_type": "int",
    "total_values_count": 82318,
    "distinct_values_count": 82,
    "missing_values_count": 0,
    "true_ratio": null,
    "min_value": 0.0,
    "max_value": 99.0,
    "mean": 5.194210257780801,
    "median": 2.0,
    "iqr": 7.0,
    "category_values": [
        4,
        1,
        0,
        9,
        5,
        6,
        11,
        13,
        20,
        19,
        12,
        8,
        2,
        7,
        3,
        22,
        15,
        21,
        25,
        32,
        10,
        33,
        14,
        17,
        23,
        26,
        18,
        39,
        16,
        38,
        24,
        42,
        37,
        27,
        43,
        31,
        34,
        28,
        35,
        62,
        50,
        45,
        60,
        29,
        49,
        30,
        36,
        66,
        41,
        56,
        63,
        40,
        47,
        54,
        48,
        51,
        55,
        44,
        52,
        46,
        73,
        53,
        68,
        92,
        69,
        58,
        80,
        57,
        71,
        59,
        76,
        64,
        84,
        75,
        61,
        99,
        77,
        78,
        65,
        90,
        67,
        82
    ],
    "embedding": [
        -1.0,
        -1.0,
        -1.0,
        1.0,
        -1.0,
        1.0,
        -1.0,
        -1.0,
        -1.0,
        -1.0,
        1.0,
        -1.0,
        -1.0,
        1.0,
        1.0,
        1.0,
        1.0,
        -1.0,
        1.0,
        -1.0,
        1.0,
        -1.0,
        1.0,
        -1.0,
        1.0,
        -1.0,
        -1.0,
        1.0,
        -1.0,
        -1.0,
        1.0,
        1.0,
        -1.0,
        -1.0,
        -1.0,
        1.0,
        -1.0,
        1.0,
        1.0,
        -1.0,
        -1.0,
        1.0,
        -1.0,
        -1.0,
        -1.0,
        -1.0,
        1.0,
        -1.0,
        -1.0,
        -0.4028274118900299,
        -1.0,
        1.0,
        1.0,
        1.0,
        -1.0,
        1.0,
        1.0,
        1.0,
        -1.0,
        0.7355414032936096,
        -1.0,
        -1.0,
        1.0,
        -1.0,
        1.0,
        -1.0,
        1.0,
        -1.0,
        1.0,
        1.0,
        1.0,
        -1.0,
        -1.0,
        -1.0,
        -1.0,
        1.0,
        1.0,
        1.0,
        1.0,
        1.0,
        1.0,
        1.0,
        1.0,
        -1.0,
        -1.0,
        1.0,
        -1.0,
        1.0,
        1.0,
        1.0,
        -1.0,
        1.0,
        1.0,
        -1.0,
        1.0,
        -1.0,
        1.0,
        -1.0,
        -1.0,
        -1.0,
        -0.9316708445549011,
        -1.0,
        1.0,
        -1.0,
        -1.0,
        1.0,
        1.0,
        1.0,
        -1.0,
        -1.0,
        1.0,
        -1.0,
        -1.0,
        1.0,
        1.0,
        1.0,
        1.0,
        1.0,
        1.0,
        -1.0,
        -1.0,
        1.0,
        -1.0,
        -1.0,
        1.0,
        -1.0,
        -1.0,
        -1.0,
        -1.0,
        1.0,
        -1.0,
        1.0,
        -1.0,
        -1.0,
        1.0,
        -1.0,
        -1.0,
        1.0,
        1.0,
        -1.0,
        1.0,
        1.0,
        1.0,
        -1.0,
        1.0,
        -1.0,
        1.0,
        -1.0,
        -1.0,
        -1.0,
        1.0,
        -1.0,
        1.0,
        -1.0,
        1.0,
        -1.0,
        1.0,
        -1.0,
        1.0,
        -1.0,
        -1.0,
        1.0,
        -1.0,
        -1.0,
        1.0,
        -1.0,
        1.0,
        -1.0,
        -1.0,
        -1.0,
        -1.0,
        -1.0,
        1.0,
        1.0,
        -1.0,
        -1.0,
        1.0,
        -1.0,
        -1.0,
        -1.0,
        1.0,
        -1.0,
        -1.0,
        -1.0,
        1.0,
        -1.0,
        1.0,
        -1.0,
        -1.0,
        -1.0,
        1.0,
        1.0,
        1.0,
        1.0,
        -1.0,
        -1.0,
        1.0,
        -1.0,
        -1.0,
        1.0,
        -1.0,
        1.0,
        -1.0,
        -1.0,
        -1.0,
        -1.0,
        1.0,
        1.0,
        -1.0,
        -1.0,
        -1.0,
        1.0,
        -1.0,
        -1.0,
        -1.0,
        1.0,
        -1.0,
        1.0,
        -1.0,
        -1.0,
        1.0,
        -1.0,
        -1.0,
        1.0,
        -1.0,
        -0.40104547142982483,
        1.0,
        -1.0,
        -1.0,
        -1.0,
        1.0,
        -1.0,
        1.0,
        -1.0,
        -1.0,
        1.0,
        -1.0,
        1.0,
        1.0,
        -1.0,
        1.0,
        -0.38279175758361816,
        1.0,
        -1.0,
        1.0,
        1.0,
        -1.0,
        -1.0,
        -1.0,
        1.0,
        1.0,
        1.0,
        -1.0,
        -1.0,
        -1.0,
        1.0,
        1.0,
        -1.0,
        -1.0,
        -1.0,
        1.0,
        1.0,
        1.0,
        -1.0,
        1.0,
        -1.0,
        -1.0,
        -1.0,
        1.0,
        1.0,
        -0.910731852054596,
        -1.0,
        -1.0,
        1.0,
        -1.0,
        1.0,
        1.0,
        1.0,
        1.0,
        1.0,
        1.0,
        -1.0,
        1.0,
        1.0,
        1.0,
        -1.0,
        -1.0,
        1.0,
        -1.0,
        -1.0,
        -1.0,
        1.0,
        -1.0,
        -1.0,
        -1.0,
        -1.0,
        -1.0,
        1.0,
        1.0,
        1.0
    ],
    "embedding_scaling_factor": 536.5166015625,
    "samples": [
        1,
        0,
        1,
        0,
        3,
        2,
        5,
        8,
        3,
        10,
        8,
        4,
        5,
        1,
        1,
        36,
        13,
        2,
        7,
        0,
        9,
        4,
        0,
        2,
        23,
        0,
        4,
        3,
        3,
        5,
        0,
        0,
        0,
        0,
        0,
        10,
        16,
        0,
        1,
        4,
        0,
        7,
        2,
        13,
        20,
        0,
        4,
        1,
        8,
        1,
        7,
        1,
        20,
        43,
        1,
        7,
        0,
        5,
        1,
        2,
        3,
        5,
        1,
        1,
        1,
        4,
        4,
        2,
        3,
        15,
        1,
        2,
        1,
        11,
        13,
        8,
        0,
        2,
        21,
        2,
        17,
        0,
        8,
        1,
        0,
        4,
        7,
        1,
        0,
        23,
        30,
        17,
        0,
        3,
        0,
        20,
        1,
        2,
        0,
        10
    ],
    "category_values_ratio": {
        "0": 22016,
        "1": 11618,
        "2": 7840,
        "3": 6306,
        "4": 4979,
        "5": 4241,
        "6": 3395,
        "7": 2904,
        "8": 2605,
        "9": 2068,
        "10": 1685,
        "11": 1462,
        "12": 1255,
        "13": 1167,
        "14": 990,
        "15": 853,
        "16": 781,
        "17": 692,
        "19": 557,
        "18": 543,
        "20": 452,
        "21": 371,
        "23": 341,
        "22": 320,
        "24": 320,
        "26": 254,
        "25": 248,
        "28": 210,
        "27": 201,
        "29": 154,
        "31": 138,
        "30": 137,
        "32": 129,
        "34": 107,
        "33": 96,
        "36": 93,
        "35": 83,
        "38": 68,
        "39": 66,
        "42": 55,
        "37": 54,
        "43": 49,
        "41": 45,
        "40": 44,
        "45": 42,
        "49": 28,
        "47": 28,
        "46": 27,
        "44": 26,
        "48": 23,
        "51": 19,
        "50": 18,
        "53": 16,
        "54": 14,
        "56": 13,
        "52": 8,
        "55": 7,
        "63": 6,
        "58": 6,
        "62": 5,
        "59": 5,
        "73": 4,
        "60": 4,
        "67": 3,
        "68": 2,
        "80": 2,
        "71": 2,
        "61": 2,
        "64": 2,
        "99": 2,
        "84": 1,
        "66": 1,
        "69": 1,
        "57": 1,
        "76": 1,
        "78": 1,
        "75": 1,
        "92": 1,
        "77": 1,
        "65": 1,
        "90": 1,
        "82": 1
    },
    "nrows": 82318
}