{
    "column_id": "KDD98/KDD98.csvKDD98.csv/HHD2",
    "dataset_name": "KDD98.csv",
    "dataset_id": "KDD98/KDD98.csv",
    "path": "/home/ubuntu/CatDB-VLDB2025-V1/Experiments/data/KDD98/KDD98.csv",
    "table_name": "KDD98.csv",
    "table_id": "KDD98/KDD98.csvKDD98.csv",
    "column_name": "HHD2",
    "data_source": "KDD98",
    "data_type": "int",
    "total_values_count": 82318,
    "distinct_values_count": 100,
    "missing_values_count": 0,
    "true_ratio": null,
    "min_value": 0.0,
    "max_value": 99.0,
    "mean": 71.64324935008139,
    "median": 75.0,
    "iqr": 15.0,
    "category_values": [
        75,
        64,
        73,
        81,
        80,
        63,
        86,
        84,
        79,
        61,
        72,
        66,
        50,
        34,
        71,
        74,
        54,
        77,
        56,
        59,
        78,
        87,
        69,
        0,
        29,
        62,
        82,
        52,
        70,
        85,
        88,
        67,
        76,
        94,
        58,
        90,
        68,
        83,
        91,
        36,
        60,
        37,
        53,
        57,
        55,
        93,
        44,
        47,
        46,
        21,
        89,
        65,
        27,
        41,
        45,
        96,
        33,
        28,
        43,
        92,
        51,
        48,
        26,
        31,
        39,
        49,
        95,
        42,
        40,
        17,
        18,
        11,
        32,
        35,
        22,
        99,
        38,
        23,
        97,
        14,
        20,
        30,
        4,
        16,
        9,
        10,
        3,
        19,
        12,
        25,
        24,
        7,
        13,
        98,
        15,
        6,
        8,
        1,
        2,
        5
    ],
    "embedding": [
        -1.0,
        -1.0,
        -1.0,
        1.0,
        -1.0,
        1.0,
        -1.0,
        -1.0,
        -1.0,
        -1.0,
        1.0,
        -1.0,
        -1.0,
        1.0,
        1.0,
        1.0,
        1.0,
        -1.0,
        1.0,
        -1.0,
        1.0,
        -1.0,
        1.0,
        -1.0,
        1.0,
        -1.0,
        -1.0,
        1.0,
        -1.0,
        -1.0,
        1.0,
        1.0,
        -1.0,
        -1.0,
        -1.0,
        1.0,
        -1.0,
        1.0,
        1.0,
        -1.0,
        -1.0,
        1.0,
        -1.0,
        -1.0,
        -1.0,
        -1.0,
        1.0,
        -1.0,
        -1.0,
        -0.9809032082557678,
        -1.0,
        1.0,
        1.0,
        1.0,
        -1.0,
        1.0,
        1.0,
        1.0,
        -1.0,
        0.9969764351844788,
        -1.0,
        -1.0,
        1.0,
        -1.0,
        1.0,
        -1.0,
        1.0,
        -1.0,
        1.0,
        1.0,
        1.0,
        -1.0,
        -1.0,
        -1.0,
        -1.0,
        1.0,
        1.0,
        1.0,
        1.0,
        1.0,
        1.0,
        1.0,
        1.0,
        -1.0,
        -1.0,
        1.0,
        -1.0,
        1.0,
        1.0,
        1.0,
        -1.0,
        1.0,
        1.0,
        -1.0,
        1.0,
        -1.0,
        1.0,
        -1.0,
        -1.0,
        -1.0,
        -0.9986619353294373,
        -1.0,
        1.0,
        -1.0,
        -1.0,
        1.0,
        1.0,
        1.0,
        -1.0,
        -1.0,
        1.0,
        -1.0,
        -1.0,
        1.0,
        1.0,
        1.0,
        1.0,
        1.0,
        1.0,
        -1.0,
        -1.0,
        1.0,
        -1.0,
        -1.0,
        1.0,
        -1.0,
        -1.0,
        -1.0,
        -1.0,
        1.0,
        -1.0,
        1.0,
        -1.0,
        -1.0,
        1.0,
        -1.0,
        -1.0,
        1.0,
        1.0,
        -1.0,
        1.0,
        1.0,
        1.0,
        -1.0,
        1.0,
        -1.0,
        1.0,
        -1.0,
        -1.0,
        -1.0,
        1.0,
        -1.0,
        1.0,
        -1.0,
        1.0,
        -1.0,
        1.0,
        -1.0,
        1.0,
        -1.0,
        -1.0,
        1.0,
        -1.0,
        -1.0,
        1.0,
        -1.0,
        1.0,
        -1.0,
        -1.0,
        -1.0,
        -1.0,
        -1.0,
        1.0,
        1.0,
        -1.0,
        -1.0,
        1.0,
        -1.0,
        -1.0,
        -1.0,
        1.0,
        -1.0,
        -1.0,
        -1.0,
        1.0,
        -1.0,
        1.0,
        -1.0,
        -1.0,
        -1.0,
        1.0,
        1.0,
        1.0,
        1.0,
        -1.0,
        -1.0,
        1.0,
        -1.0,
        -1.0,
        1.0,
        -1.0,
        1.0,
        -1.0,
        -1.0,
        -1.0,
        -1.0,
        1.0,
        1.0,
        -1.0,
        -1.0,
        -1.0,
        1.0,
        -1.0,
        -1.0,
        -1.0,
        1.0,
        -1.0,
        1.0,
        -1.0,
        -1.0,
        1.0,
        -1.0,
        -1.0,
        1.0,
        -1.0,
        -0.9818570613861084,
        1.0,
        -1.0,
        -1.0,
        -1.0,
        1.0,
        -1.0,
        1.0,
        -1.0,
        -1.0,
        1.0,
        -1.0,
        1.0,
        1.0,
        -1.0,
        1.0,
        -0.9835631847381592,
        1.0,
        -1.0,
        1.0,
        1.0,
        -1.0,
        -1.0,
        -1.0,
        1.0,
        1.0,
        1.0,
        -1.0,
        -1.0,
        -1.0,
        1.0,
        1.0,
        -1.0,
        -1.0,
        -1.0,
        1.0,
        1.0,
        1.0,
        -1.0,
        1.0,
        -1.0,
        -1.0,
        -1.0,
        1.0,
        1.0,
        -0.9985880255699158,
        -1.0,
        -1.0,
        1.0,
        -1.0,
        1.0,
        1.0,
        1.0,
        1.0,
        1.0,
        1.0,
        -1.0,
        1.0,
        1.0,
        1.0,
        -1.0,
        -1.0,
        1.0,
        -1.0,
        -1.0,
        -1.0,
        1.0,
        -1.0,
        -1.0,
        -1.0,
        -1.0,
        -1.0,
        1.0,
        1.0,
        1.0
    ],
    "embedding_scaling_factor": 16.693876266479492,
    "samples": [
        56,
        78,
        68,
        82,
        75,
        91,
        71,
        83,
        69,
        68,
        72,
        65,
        73,
        61,
        67,
        86,
        73,
        82,
        74,
        76,
        81,
        26,
        52,
        74,
        65,
        72,
        85,
        74,
        63,
        75,
        79,
        89,
        78,
        83,
        80,
        59,
        67,
        60,
        79,
        81,
        56,
        77,
        64,
        75,
        71,
        91,
        85,
        89,
        72,
        81,
        81,
        63,
        80,
        77,
        83,
        78,
        88,
        72,
        71,
        64,
        71,
        48,
        82,
        91,
        55,
        84,
        82,
        65,
        78,
        43,
        46,
        90,
        79,
        80,
        64,
        72,
        78,
        73,
        54,
        73,
        18,
        77,
        88,
        80,
        80,
        77,
        86,
        76,
        74,
        75,
        36,
        79,
        87,
        95,
        83,
        76,
        84,
        80,
        73,
        79
    ],
    "category_values_ratio": {
        "77": 3261,
        "75": 3139,
        "80": 3085,
        "78": 3078,
        "76": 3076,
        "79": 3052,
        "74": 2998,
        "73": 2972,
        "81": 2923,
        "82": 2820,
        "72": 2572,
        "84": 2521,
        "71": 2475,
        "83": 2471,
        "70": 2358,
        "85": 2187,
        "69": 2054,
        "68": 1942,
        "86": 1808,
        "67": 1775,
        "66": 1652,
        "87": 1626,
        "88": 1581,
        "65": 1444,
        "89": 1396,
        "64": 1287,
        "63": 1218,
        "62": 1079,
        "60": 1077,
        "61": 1033,
        "90": 936,
        "58": 885,
        "59": 857,
        "91": 760,
        "57": 702,
        "56": 674,
        "54": 657,
        "55": 623,
        "92": 602,
        "0": 587,
        "52": 567,
        "53": 561,
        "51": 502,
        "50": 476,
        "49": 463,
        "93": 458,
        "48": 391,
        "47": 359,
        "94": 345,
        "45": 304,
        "46": 298,
        "44": 277,
        "43": 271,
        "42": 252,
        "40": 241,
        "39": 239,
        "41": 207,
        "95": 203,
        "38": 178,
        "35": 165,
        "37": 164,
        "36": 155,
        "34": 135,
        "96": 126,
        "32": 116,
        "27": 114,
        "29": 114,
        "33": 105,
        "31": 103,
        "26": 100,
        "30": 98,
        "97": 82,
        "28": 79,
        "25": 76,
        "24": 76,
        "22": 67,
        "23": 65,
        "21": 60,
        "20": 56,
        "99": 53,
        "17": 43,
        "14": 39,
        "19": 33,
        "98": 32,
        "12": 32,
        "16": 32,
        "18": 30,
        "13": 28,
        "10": 19,
        "15": 19,
        "7": 16,
        "8": 11,
        "11": 10,
        "9": 10,
        "6": 7,
        "5": 5,
        "4": 3,
        "3": 2,
        "2": 2,
        "1": 1
    },
    "nrows": 82318
}