{
    "column_id": "KDD98/KDD98.csvKDD98.csv/DW8",
    "dataset_name": "KDD98.csv",
    "dataset_id": "KDD98/KDD98.csv",
    "path": "/home/ubuntu/CatDB-VLDB2025-V1/Experiments/data/KDD98/KDD98.csv",
    "table_name": "KDD98.csv",
    "table_id": "KDD98/KDD98.csvKDD98.csv",
    "column_name": "DW8",
    "data_source": "KDD98",
    "data_type": "int",
    "total_values_count": 82318,
    "distinct_values_count": 88,
    "missing_values_count": 0,
    "true_ratio": null,
    "min_value": 0.0,
    "max_value": 99.0,
    "mean": 1.1590296168517213,
    "median": 0.0,
    "iqr": 0.0,
    "category_values": [
        5,
        0,
        8,
        2,
        1,
        3,
        10,
        4,
        6,
        7,
        19,
        11,
        29,
        42,
        15,
        12,
        22,
        9,
        14,
        13,
        17,
        86,
        21,
        72,
        43,
        18,
        16,
        32,
        33,
        27,
        28,
        74,
        34,
        31,
        46,
        23,
        49,
        44,
        69,
        26,
        57,
        30,
        20,
        24,
        25,
        70,
        35,
        59,
        39,
        55,
        60,
        37,
        71,
        62,
        81,
        36,
        45,
        99,
        50,
        53,
        75,
        38,
        78,
        40,
        51,
        65,
        47,
        84,
        41,
        58,
        52,
        73,
        61,
        56,
        67,
        93,
        63,
        98,
        48,
        79,
        92,
        54,
        83,
        80,
        82,
        90,
        88,
        77
    ],
    "embedding": [
        -1.0,
        -1.0,
        -1.0,
        1.0,
        -1.0,
        1.0,
        -1.0,
        -1.0,
        -1.0,
        -1.0,
        1.0,
        -1.0,
        -1.0,
        1.0,
        1.0,
        1.0,
        1.0,
        -1.0,
        1.0,
        -1.0,
        1.0,
        -1.0,
        1.0,
        -1.0,
        1.0,
        -1.0,
        -1.0,
        1.0,
        -1.0,
        -1.0,
        1.0,
        1.0,
        -1.0,
        -1.0,
        -1.0,
        1.0,
        -1.0,
        1.0,
        1.0,
        -1.0,
        -1.0,
        1.0,
        -1.0,
        -1.0,
        -1.0,
        -1.0,
        1.0,
        -1.0,
        -1.0,
        0.20911531150341034,
        -1.0,
        1.0,
        1.0,
        1.0,
        -1.0,
        1.0,
        1.0,
        1.0,
        -1.0,
        0.6423757076263428,
        -1.0,
        -1.0,
        1.0,
        -1.0,
        1.0,
        -1.0,
        1.0,
        -1.0,
        1.0,
        1.0,
        1.0,
        -1.0,
        -1.0,
        -1.0,
        -1.0,
        1.0,
        1.0,
        1.0,
        1.0,
        1.0,
        1.0,
        1.0,
        1.0,
        -1.0,
        -1.0,
        1.0,
        -1.0,
        1.0,
        1.0,
        1.0,
        -1.0,
        1.0,
        1.0,
        -1.0,
        1.0,
        -1.0,
        1.0,
        -1.0,
        -1.0,
        -1.0,
        -0.8604893088340759,
        -1.0,
        1.0,
        -1.0,
        -1.0,
        1.0,
        1.0,
        1.0,
        -1.0,
        -1.0,
        1.0,
        -1.0,
        -1.0,
        1.0,
        1.0,
        1.0,
        1.0,
        1.0,
        1.0,
        -1.0,
        -1.0,
        1.0,
        -1.0,
        -1.0,
        1.0,
        -1.0,
        -1.0,
        -1.0,
        -1.0,
        1.0,
        -1.0,
        1.0,
        -1.0,
        -1.0,
        1.0,
        -1.0,
        -1.0,
        1.0,
        1.0,
        -1.0,
        1.0,
        1.0,
        1.0,
        -1.0,
        1.0,
        -1.0,
        1.0,
        -1.0,
        -1.0,
        -1.0,
        1.0,
        -1.0,
        1.0,
        -1.0,
        1.0,
        -1.0,
        1.0,
        -1.0,
        1.0,
        -1.0,
        -1.0,
        1.0,
        -1.0,
        -1.0,
        1.0,
        -1.0,
        1.0,
        -1.0,
        -1.0,
        -1.0,
        -1.0,
        -1.0,
        1.0,
        1.0,
        -1.0,
        -1.0,
        1.0,
        -1.0,
        -1.0,
        -1.0,
        1.0,
        -1.0,
        -1.0,
        -1.0,
        1.0,
        -1.0,
        1.0,
        -1.0,
        -1.0,
        -1.0,
        1.0,
        1.0,
        1.0,
        1.0,
        -1.0,
        -1.0,
        1.0,
        -1.0,
        -1.0,
        1.0,
        -1.0,
        1.0,
        -1.0,
        -1.0,
        -1.0,
        -1.0,
        1.0,
        1.0,
        -1.0,
        -1.0,
        -1.0,
        1.0,
        -1.0,
        -1.0,
        -1.0,
        1.0,
        -1.0,
        1.0,
        -1.0,
        -1.0,
        1.0,
        -1.0,
        -1.0,
        1.0,
        -1.0,
        0.2004113793373108,
        1.0,
        -1.0,
        -1.0,
        -1.0,
        1.0,
        -1.0,
        1.0,
        -1.0,
        -1.0,
        1.0,
        -1.0,
        1.0,
        1.0,
        -1.0,
        1.0,
        0.2411995679140091,
        1.0,
        -1.0,
        1.0,
        1.0,
        -1.0,
        -1.0,
        -1.0,
        1.0,
        1.0,
        1.0,
        -1.0,
        -1.0,
        -1.0,
        1.0,
        1.0,
        -1.0,
        -1.0,
        -1.0,
        1.0,
        1.0,
        1.0,
        -1.0,
        1.0,
        -1.0,
        -1.0,
        -1.0,
        1.0,
        1.0,
        -0.8382958769798279,
        -1.0,
        -1.0,
        1.0,
        -1.0,
        1.0,
        1.0,
        1.0,
        1.0,
        1.0,
        1.0,
        -1.0,
        1.0,
        1.0,
        1.0,
        -1.0,
        -1.0,
        1.0,
        -1.0,
        -1.0,
        -1.0,
        1.0,
        -1.0,
        -1.0,
        -1.0,
        -1.0,
        -1.0,
        1.0,
        1.0,
        1.0
    ],
    "embedding_scaling_factor": 207.90792846679688,
    "samples": [
        0,
        0,
        0,
        0,
        0,
        0,
        7,
        0,
        0,
        0,
        0,
        0,
        0,
        0,
        0,
        0,
        0,
        3,
        0,
        0,
        0,
        0,
        1,
        0,
        0,
        4,
        0,
        0,
        0,
        0,
        21,
        0,
        0,
        0,
        2,
        0,
        0,
        0,
        2,
        0,
        0,
        0,
        0,
        0,
        0,
        0,
        7,
        0,
        0,
        0,
        5,
        0,
        0,
        0,
        0,
        0,
        0,
        0,
        0,
        0,
        0,
        0,
        0,
        0,
        4,
        0,
        0,
        2,
        0,
        4,
        0,
        10,
        0,
        2,
        0,
        0,
        7,
        14,
        1,
        0,
        5,
        0,
        0,
        0,
        1,
        0,
        0,
        0,
        0,
        0,
        0,
        6,
        1,
        0,
        0,
        0,
        0,
        0,
        0,
        0
    ],
    "category_values_ratio": {
        "0": 64514,
        "1": 5004,
        "2": 3574,
        "3": 2038,
        "4": 1278,
        "5": 931,
        "6": 783,
        "7": 630,
        "8": 509,
        "10": 411,
        "9": 392,
        "11": 296,
        "12": 241,
        "13": 182,
        "14": 171,
        "15": 143,
        "16": 122,
        "17": 117,
        "19": 114,
        "18": 105,
        "20": 69,
        "21": 55,
        "22": 54,
        "23": 53,
        "26": 47,
        "25": 46,
        "24": 39,
        "28": 32,
        "29": 29,
        "30": 28,
        "32": 28,
        "27": 22,
        "31": 20,
        "34": 15,
        "37": 12,
        "36": 11,
        "39": 11,
        "33": 11,
        "42": 10,
        "41": 9,
        "40": 9,
        "35": 9,
        "45": 9,
        "99": 8,
        "57": 7,
        "59": 7,
        "43": 7,
        "38": 6,
        "44": 6,
        "70": 5,
        "53": 4,
        "50": 4,
        "49": 4,
        "78": 4,
        "61": 4,
        "60": 4,
        "63": 4,
        "84": 3,
        "72": 3,
        "71": 3,
        "62": 3,
        "55": 3,
        "77": 3,
        "58": 3,
        "65": 3,
        "67": 3,
        "52": 3,
        "46": 3,
        "48": 3,
        "83": 2,
        "54": 2,
        "75": 2,
        "80": 2,
        "69": 2,
        "74": 2,
        "81": 1,
        "73": 1,
        "47": 1,
        "56": 1,
        "93": 1,
        "98": 1,
        "92": 1,
        "79": 1,
        "86": 1,
        "82": 1,
        "90": 1,
        "88": 1,
        "51": 1
    },
    "nrows": 82318
}