{
    "column_id": "KDD98/KDD98.csvKDD98.csv/MALEVET",
    "dataset_name": "KDD98.csv",
    "dataset_id": "KDD98/KDD98.csv",
    "path": "/home/ubuntu/CatDB-VLDB2025-V1/Experiments/data/KDD98/KDD98.csv",
    "table_name": "KDD98.csv",
    "table_id": "KDD98/KDD98.csvKDD98.csv",
    "column_name": "MALEVET",
    "data_source": "KDD98",
    "data_type": "int",
    "total_values_count": 82318,
    "distinct_values_count": 88,
    "missing_values_count": 0,
    "true_ratio": null,
    "min_value": 0.0,
    "max_value": 99.0,
    "mean": 30.55185986054083,
    "median": 31.0,
    "iqr": 12.0,
    "category_values": [
        26,
        24,
        19,
        23,
        48,
        27,
        17,
        41,
        34,
        47,
        25,
        30,
        33,
        15,
        11,
        28,
        31,
        42,
        37,
        43,
        18,
        35,
        29,
        64,
        40,
        0,
        32,
        44,
        14,
        49,
        39,
        20,
        45,
        36,
        16,
        21,
        13,
        22,
        55,
        78,
        46,
        52,
        8,
        38,
        63,
        6,
        50,
        59,
        58,
        10,
        54,
        70,
        56,
        53,
        77,
        65,
        12,
        5,
        2,
        57,
        67,
        62,
        85,
        4,
        51,
        9,
        76,
        61,
        60,
        66,
        3,
        7,
        68,
        74,
        84,
        69,
        82,
        99,
        71,
        81,
        79,
        73,
        83,
        1,
        72,
        75,
        97,
        90
    ],
    "embedding": [
        -1.0,
        -1.0,
        -1.0,
        1.0,
        -1.0,
        1.0,
        -1.0,
        -1.0,
        -1.0,
        -1.0,
        1.0,
        -1.0,
        -1.0,
        1.0,
        1.0,
        1.0,
        1.0,
        -1.0,
        1.0,
        -1.0,
        1.0,
        -1.0,
        1.0,
        -1.0,
        1.0,
        -1.0,
        -1.0,
        1.0,
        -1.0,
        -1.0,
        1.0,
        1.0,
        -1.0,
        -1.0,
        -1.0,
        1.0,
        -1.0,
        1.0,
        1.0,
        -1.0,
        -1.0,
        1.0,
        -1.0,
        -1.0,
        -1.0,
        -1.0,
        1.0,
        -1.0,
        -1.0,
        -0.9455702900886536,
        -1.0,
        1.0,
        1.0,
        1.0,
        -1.0,
        1.0,
        1.0,
        1.0,
        -1.0,
        0.9865647554397583,
        -1.0,
        -1.0,
        1.0,
        -1.0,
        1.0,
        -1.0,
        1.0,
        -1.0,
        1.0,
        1.0,
        1.0,
        -1.0,
        -1.0,
        -1.0,
        -1.0,
        1.0,
        1.0,
        1.0,
        1.0,
        1.0,
        1.0,
        1.0,
        1.0,
        -1.0,
        -1.0,
        1.0,
        -1.0,
        1.0,
        1.0,
        1.0,
        -1.0,
        1.0,
        1.0,
        -1.0,
        1.0,
        -1.0,
        1.0,
        -1.0,
        -1.0,
        -1.0,
        -0.9931418895721436,
        -1.0,
        1.0,
        -1.0,
        -1.0,
        1.0,
        1.0,
        1.0,
        -1.0,
        -1.0,
        1.0,
        -1.0,
        -1.0,
        1.0,
        1.0,
        1.0,
        1.0,
        1.0,
        1.0,
        -1.0,
        -1.0,
        1.0,
        -1.0,
        -1.0,
        1.0,
        -1.0,
        -1.0,
        -1.0,
        -1.0,
        1.0,
        -1.0,
        1.0,
        -1.0,
        -1.0,
        1.0,
        -1.0,
        -1.0,
        1.0,
        1.0,
        -1.0,
        1.0,
        1.0,
        1.0,
        -1.0,
        1.0,
        -1.0,
        1.0,
        -1.0,
        -1.0,
        -1.0,
        1.0,
        -1.0,
        1.0,
        -1.0,
        1.0,
        -1.0,
        1.0,
        -1.0,
        1.0,
        -1.0,
        -1.0,
        1.0,
        -1.0,
        -1.0,
        1.0,
        -1.0,
        1.0,
        -1.0,
        -1.0,
        -1.0,
        -1.0,
        -1.0,
        1.0,
        1.0,
        -1.0,
        -1.0,
        1.0,
        -1.0,
        -1.0,
        -1.0,
        1.0,
        -1.0,
        -1.0,
        -1.0,
        1.0,
        -1.0,
        1.0,
        -1.0,
        -1.0,
        -1.0,
        1.0,
        1.0,
        1.0,
        1.0,
        -1.0,
        -1.0,
        1.0,
        -1.0,
        -1.0,
        1.0,
        -1.0,
        1.0,
        -1.0,
        -1.0,
        -1.0,
        -1.0,
        1.0,
        1.0,
        -1.0,
        -1.0,
        -1.0,
        1.0,
        -1.0,
        -1.0,
        -1.0,
        1.0,
        -1.0,
        1.0,
        -1.0,
        -1.0,
        1.0,
        -1.0,
        -1.0,
        1.0,
        -1.0,
        -0.9472271203994751,
        1.0,
        -1.0,
        -1.0,
        -1.0,
        1.0,
        -1.0,
        1.0,
        -1.0,
        -1.0,
        1.0,
        -1.0,
        1.0,
        1.0,
        -1.0,
        1.0,
        -0.9316539168357849,
        1.0,
        -1.0,
        1.0,
        1.0,
        -1.0,
        -1.0,
        -1.0,
        1.0,
        1.0,
        1.0,
        -1.0,
        -1.0,
        -1.0,
        1.0,
        1.0,
        -1.0,
        -1.0,
        -1.0,
        1.0,
        1.0,
        1.0,
        -1.0,
        1.0,
        -1.0,
        -1.0,
        -1.0,
        1.0,
        1.0,
        -0.9924654960632324,
        -1.0,
        -1.0,
        1.0,
        -1.0,
        1.0,
        1.0,
        1.0,
        1.0,
        1.0,
        1.0,
        -1.0,
        1.0,
        1.0,
        1.0,
        -1.0,
        -1.0,
        1.0,
        -1.0,
        -1.0,
        -1.0,
        1.0,
        -1.0,
        -1.0,
        -1.0,
        -1.0,
        -1.0,
        1.0,
        1.0,
        1.0
    ],
    "embedding_scaling_factor": 59.74113082885742,
    "samples": [
        26,
        22,
        36,
        28,
        19,
        34,
        51,
        0,
        10,
        28,
        9,
        73,
        34,
        14,
        31,
        40,
        31,
        7,
        0,
        31,
        43,
        34,
        0,
        15,
        18,
        44,
        23,
        31,
        31,
        33,
        46,
        38,
        24,
        36,
        29,
        21,
        33,
        33,
        30,
        24,
        26,
        16,
        0,
        46,
        32,
        32,
        37,
        21,
        24,
        22,
        27,
        42,
        31,
        24,
        30,
        33,
        17,
        25,
        16,
        32,
        25,
        47,
        35,
        24,
        18,
        34,
        41,
        31,
        17,
        35,
        25,
        40,
        33,
        39,
        27,
        23,
        28,
        40,
        22,
        33,
        29,
        25,
        27,
        25,
        17,
        23,
        34,
        34,
        32,
        44,
        16,
        34,
        29,
        30,
        37,
        22,
        12,
        38,
        26,
        38
    ],
    "category_values_ratio": {
        "31": 3751,
        "30": 3710,
        "32": 3524,
        "29": 3510,
        "33": 3486,
        "28": 3406,
        "34": 3291,
        "27": 3169,
        "35": 3120,
        "26": 3039,
        "0": 2820,
        "36": 2792,
        "25": 2749,
        "37": 2632,
        "24": 2464,
        "38": 2423,
        "23": 2209,
        "39": 2074,
        "22": 2026,
        "40": 1893,
        "41": 1755,
        "21": 1588,
        "42": 1453,
        "20": 1441,
        "43": 1315,
        "19": 1212,
        "44": 1135,
        "18": 1082,
        "45": 1056,
        "17": 974,
        "46": 868,
        "16": 786,
        "47": 751,
        "48": 672,
        "15": 639,
        "49": 595,
        "14": 579,
        "50": 543,
        "13": 474,
        "51": 464,
        "12": 376,
        "52": 360,
        "11": 347,
        "53": 333,
        "10": 280,
        "9": 242,
        "54": 233,
        "56": 230,
        "55": 214,
        "57": 205,
        "8": 205,
        "7": 185,
        "58": 163,
        "6": 154,
        "59": 144,
        "4": 126,
        "5": 117,
        "61": 105,
        "62": 88,
        "60": 81,
        "65": 70,
        "3": 70,
        "63": 68,
        "64": 60,
        "2": 50,
        "66": 48,
        "67": 38,
        "70": 38,
        "69": 35,
        "77": 23,
        "68": 23,
        "76": 19,
        "1": 17,
        "79": 16,
        "71": 16,
        "99": 12,
        "73": 12,
        "85": 9,
        "78": 8,
        "74": 7,
        "72": 6,
        "84": 4,
        "83": 3,
        "75": 3,
        "97": 2,
        "82": 1,
        "81": 1,
        "90": 1
    },
    "nrows": 82318
}