{
    "column_id": "KDD98/KDD98.csvKDD98.csv/HUR2",
    "dataset_name": "KDD98.csv",
    "dataset_id": "KDD98/KDD98.csv",
    "path": "/home/ubuntu/CatDB-VLDB2025-V1/Experiments/data/KDD98/KDD98.csv",
    "table_name": "KDD98.csv",
    "table_id": "KDD98/KDD98.csvKDD98.csv",
    "column_name": "HUR2",
    "data_source": "KDD98",
    "data_type": "int",
    "total_values_count": 82318,
    "distinct_values_count": 100,
    "missing_values_count": 0,
    "true_ratio": null,
    "min_value": 0.0,
    "max_value": 99.0,
    "mean": 45.89242935931388,
    "median": 44.0,
    "iqr": 28.0,
    "category_values": [
        59,
        51,
        56,
        41,
        83,
        33,
        86,
        72,
        37,
        39,
        63,
        17,
        26,
        3,
        48,
        15,
        70,
        36,
        64,
        44,
        67,
        53,
        62,
        50,
        80,
        22,
        47,
        66,
        18,
        25,
        0,
        65,
        1,
        52,
        40,
        42,
        60,
        38,
        46,
        23,
        97,
        69,
        35,
        34,
        75,
        49,
        20,
        90,
        12,
        45,
        2,
        92,
        57,
        74,
        88,
        84,
        28,
        6,
        29,
        43,
        14,
        31,
        61,
        93,
        98,
        79,
        21,
        99,
        58,
        30,
        73,
        32,
        19,
        5,
        82,
        91,
        68,
        87,
        8,
        81,
        71,
        24,
        27,
        77,
        94,
        54,
        76,
        13,
        55,
        95,
        11,
        89,
        16,
        85,
        7,
        78,
        9,
        10,
        96,
        4
    ],
    "embedding": [
        -1.0,
        -1.0,
        -1.0,
        1.0,
        -1.0,
        1.0,
        -1.0,
        -1.0,
        -1.0,
        -1.0,
        1.0,
        -1.0,
        -1.0,
        1.0,
        1.0,
        1.0,
        1.0,
        -1.0,
        1.0,
        -1.0,
        1.0,
        -1.0,
        1.0,
        -1.0,
        1.0,
        -1.0,
        -1.0,
        1.0,
        -1.0,
        -1.0,
        1.0,
        1.0,
        -1.0,
        -1.0,
        -1.0,
        1.0,
        -1.0,
        1.0,
        1.0,
        -1.0,
        -1.0,
        1.0,
        -1.0,
        -1.0,
        -1.0,
        -1.0,
        1.0,
        -1.0,
        -1.0,
        -0.960894763469696,
        -1.0,
        1.0,
        1.0,
        1.0,
        -1.0,
        1.0,
        1.0,
        1.0,
        -1.0,
        0.9887404441833496,
        -1.0,
        -1.0,
        1.0,
        -1.0,
        1.0,
        -1.0,
        1.0,
        -1.0,
        1.0,
        1.0,
        1.0,
        -1.0,
        -1.0,
        -1.0,
        -1.0,
        1.0,
        1.0,
        1.0,
        1.0,
        1.0,
        1.0,
        1.0,
        1.0,
        -1.0,
        -1.0,
        1.0,
        -1.0,
        1.0,
        1.0,
        1.0,
        -1.0,
        1.0,
        1.0,
        -1.0,
        1.0,
        -1.0,
        1.0,
        -1.0,
        -1.0,
        -1.0,
        -0.9964984655380249,
        -1.0,
        1.0,
        -1.0,
        -1.0,
        1.0,
        1.0,
        1.0,
        -1.0,
        -1.0,
        1.0,
        -1.0,
        -1.0,
        1.0,
        1.0,
        1.0,
        1.0,
        1.0,
        1.0,
        -1.0,
        -1.0,
        1.0,
        -1.0,
        -1.0,
        1.0,
        -1.0,
        -1.0,
        -1.0,
        -1.0,
        1.0,
        -1.0,
        1.0,
        -1.0,
        -1.0,
        1.0,
        -1.0,
        -1.0,
        1.0,
        1.0,
        -1.0,
        1.0,
        1.0,
        1.0,
        -1.0,
        1.0,
        -1.0,
        1.0,
        -1.0,
        -1.0,
        -1.0,
        1.0,
        -1.0,
        1.0,
        -1.0,
        1.0,
        -1.0,
        1.0,
        -1.0,
        1.0,
        -1.0,
        -1.0,
        1.0,
        -1.0,
        -1.0,
        1.0,
        -1.0,
        1.0,
        -1.0,
        -1.0,
        -1.0,
        -1.0,
        -1.0,
        1.0,
        1.0,
        -1.0,
        -1.0,
        1.0,
        -1.0,
        -1.0,
        -1.0,
        1.0,
        -1.0,
        -1.0,
        -1.0,
        1.0,
        -1.0,
        1.0,
        -1.0,
        -1.0,
        -1.0,
        1.0,
        1.0,
        1.0,
        1.0,
        -1.0,
        -1.0,
        1.0,
        -1.0,
        -1.0,
        1.0,
        -1.0,
        1.0,
        -1.0,
        -1.0,
        -1.0,
        -1.0,
        1.0,
        1.0,
        -1.0,
        -1.0,
        -1.0,
        1.0,
        -1.0,
        -1.0,
        -1.0,
        1.0,
        -1.0,
        1.0,
        -1.0,
        -1.0,
        1.0,
        -1.0,
        -1.0,
        1.0,
        -1.0,
        -0.9614433646202087,
        1.0,
        -1.0,
        -1.0,
        -1.0,
        1.0,
        -1.0,
        1.0,
        -1.0,
        -1.0,
        1.0,
        -1.0,
        1.0,
        1.0,
        -1.0,
        1.0,
        -0.9597431421279907,
        1.0,
        -1.0,
        1.0,
        1.0,
        -1.0,
        -1.0,
        -1.0,
        1.0,
        1.0,
        1.0,
        -1.0,
        -1.0,
        -1.0,
        1.0,
        1.0,
        -1.0,
        -1.0,
        -1.0,
        1.0,
        1.0,
        1.0,
        -1.0,
        1.0,
        -1.0,
        -1.0,
        -1.0,
        1.0,
        1.0,
        -0.9957751631736755,
        -1.0,
        -1.0,
        1.0,
        -1.0,
        1.0,
        1.0,
        1.0,
        1.0,
        1.0,
        1.0,
        -1.0,
        1.0,
        1.0,
        1.0,
        -1.0,
        -1.0,
        1.0,
        -1.0,
        -1.0,
        -1.0,
        1.0,
        -1.0,
        -1.0,
        -1.0,
        -1.0,
        -1.0,
        1.0,
        1.0,
        1.0
    ],
    "embedding_scaling_factor": 60.54531478881836,
    "samples": [
        54,
        73,
        45,
        94,
        46,
        80,
        31,
        61,
        39,
        75,
        31,
        54,
        25,
        53,
        36,
        18,
        90,
        79,
        45,
        43,
        11,
        69,
        35,
        73,
        91,
        63,
        33,
        0,
        59,
        65,
        37,
        42,
        41,
        47,
        58,
        73,
        39,
        29,
        81,
        49,
        40,
        35,
        35,
        48,
        34,
        60,
        26,
        40,
        64,
        32,
        67,
        62,
        45,
        52,
        18,
        74,
        57,
        45,
        47,
        85,
        18,
        76,
        92,
        62,
        21,
        83,
        68,
        66,
        25,
        0,
        79,
        54,
        63,
        47,
        38,
        99,
        50,
        77,
        56,
        96,
        45,
        43,
        48,
        56,
        62,
        78,
        31,
        59,
        10,
        39,
        68,
        3,
        28,
        4,
        45,
        39,
        57,
        56,
        52,
        67
    ],
    "category_values_ratio": {
        "40": 1831,
        "39": 1821,
        "41": 1814,
        "38": 1786,
        "44": 1738,
        "42": 1730,
        "37": 1729,
        "36": 1721,
        "43": 1657,
        "35": 1591,
        "34": 1585,
        "45": 1555,
        "47": 1539,
        "46": 1537,
        "33": 1488,
        "48": 1470,
        "49": 1463,
        "31": 1428,
        "32": 1408,
        "52": 1360,
        "51": 1306,
        "30": 1305,
        "54": 1297,
        "50": 1283,
        "53": 1222,
        "28": 1209,
        "29": 1185,
        "55": 1166,
        "56": 1134,
        "57": 1027,
        "58": 1027,
        "27": 1012,
        "59": 1009,
        "26": 988,
        "60": 978,
        "61": 965,
        "25": 959,
        "62": 886,
        "68": 859,
        "24": 843,
        "63": 835,
        "65": 820,
        "64": 811,
        "23": 786,
        "21": 782,
        "66": 769,
        "22": 760,
        "67": 743,
        "69": 717,
        "70": 699,
        "20": 698,
        "0": 673,
        "19": 658,
        "72": 633,
        "18": 603,
        "73": 601,
        "71": 587,
        "75": 558,
        "15": 546,
        "17": 541,
        "74": 537,
        "16": 529,
        "77": 506,
        "76": 506,
        "14": 501,
        "13": 481,
        "12": 478,
        "78": 478,
        "81": 460,
        "84": 456,
        "79": 436,
        "80": 425,
        "82": 423,
        "86": 410,
        "10": 408,
        "11": 390,
        "83": 386,
        "89": 367,
        "88": 359,
        "85": 359,
        "90": 357,
        "9": 355,
        "8": 351,
        "93": 346,
        "92": 341,
        "7": 338,
        "87": 335,
        "94": 297,
        "91": 297,
        "4": 293,
        "5": 287,
        "95": 274,
        "6": 273,
        "96": 264,
        "2": 260,
        "3": 244,
        "1": 241,
        "97": 214,
        "98": 194,
        "99": 131
    },
    "nrows": 82318
}