{
    "column_id": "KDD98/KDD98.csvKDD98.csv/IC8",
    "dataset_name": "KDD98.csv",
    "dataset_id": "KDD98/KDD98.csv",
    "path": "/home/ubuntu/CatDB-VLDB2025-V1/Experiments/data/KDD98/KDD98.csv",
    "table_name": "KDD98.csv",
    "table_id": "KDD98/KDD98.csvKDD98.csv",
    "column_name": "IC8",
    "data_source": "KDD98",
    "data_type": "int",
    "total_values_count": 82318,
    "distinct_values_count": 61,
    "missing_values_count": 0,
    "true_ratio": null,
    "min_value": 0.0,
    "max_value": 99.0,
    "mean": 15.727738769163487,
    "median": 16.0,
    "iqr": 7.0,
    "category_values": [
        21,
        16,
        17,
        13,
        25,
        20,
        10,
        28,
        31,
        24,
        12,
        19,
        15,
        11,
        18,
        22,
        0,
        3,
        7,
        23,
        14,
        8,
        26,
        4,
        27,
        6,
        9,
        2,
        29,
        5,
        36,
        34,
        30,
        1,
        32,
        33,
        39,
        38,
        35,
        41,
        37,
        40,
        44,
        47,
        43,
        42,
        45,
        67,
        50,
        49,
        52,
        64,
        99,
        48,
        46,
        59,
        53,
        82,
        61,
        80,
        63
    ],
    "embedding": [
        -1.0,
        -1.0,
        -1.0,
        1.0,
        -1.0,
        1.0,
        -1.0,
        -1.0,
        -1.0,
        -1.0,
        1.0,
        -1.0,
        -1.0,
        1.0,
        1.0,
        1.0,
        1.0,
        -1.0,
        1.0,
        -1.0,
        1.0,
        -1.0,
        1.0,
        -1.0,
        1.0,
        -1.0,
        -1.0,
        1.0,
        -1.0,
        -1.0,
        1.0,
        1.0,
        -1.0,
        -1.0,
        -1.0,
        1.0,
        -1.0,
        1.0,
        1.0,
        -1.0,
        -1.0,
        1.0,
        -1.0,
        -1.0,
        -1.0,
        -1.0,
        1.0,
        -1.0,
        -1.0,
        -0.9586006999015808,
        -1.0,
        1.0,
        1.0,
        1.0,
        -1.0,
        1.0,
        1.0,
        1.0,
        -1.0,
        0.9846692085266113,
        -1.0,
        -1.0,
        1.0,
        -1.0,
        1.0,
        -1.0,
        1.0,
        -1.0,
        1.0,
        1.0,
        1.0,
        -1.0,
        -1.0,
        -1.0,
        -1.0,
        1.0,
        1.0,
        1.0,
        1.0,
        1.0,
        1.0,
        1.0,
        1.0,
        -1.0,
        -1.0,
        1.0,
        -1.0,
        1.0,
        1.0,
        1.0,
        -1.0,
        1.0,
        1.0,
        -1.0,
        1.0,
        -1.0,
        1.0,
        -1.0,
        -1.0,
        -1.0,
        -0.9952343106269836,
        -1.0,
        1.0,
        -1.0,
        -1.0,
        1.0,
        1.0,
        1.0,
        -1.0,
        -1.0,
        1.0,
        -1.0,
        -1.0,
        1.0,
        1.0,
        1.0,
        1.0,
        1.0,
        1.0,
        -1.0,
        -1.0,
        1.0,
        -1.0,
        -1.0,
        1.0,
        -1.0,
        -1.0,
        -1.0,
        -1.0,
        1.0,
        -1.0,
        1.0,
        -1.0,
        -1.0,
        1.0,
        -1.0,
        -1.0,
        1.0,
        1.0,
        -1.0,
        1.0,
        1.0,
        1.0,
        -1.0,
        1.0,
        -1.0,
        1.0,
        -1.0,
        -1.0,
        -1.0,
        1.0,
        -1.0,
        1.0,
        -1.0,
        1.0,
        -1.0,
        1.0,
        -1.0,
        1.0,
        -1.0,
        -1.0,
        1.0,
        -1.0,
        -1.0,
        1.0,
        -1.0,
        1.0,
        -1.0,
        -1.0,
        -1.0,
        -1.0,
        -1.0,
        1.0,
        1.0,
        -1.0,
        -1.0,
        1.0,
        -1.0,
        -1.0,
        -1.0,
        1.0,
        -1.0,
        -1.0,
        -1.0,
        1.0,
        -1.0,
        1.0,
        -1.0,
        -1.0,
        -1.0,
        1.0,
        1.0,
        1.0,
        1.0,
        -1.0,
        -1.0,
        1.0,
        -1.0,
        -1.0,
        1.0,
        -1.0,
        1.0,
        -1.0,
        -1.0,
        -1.0,
        -1.0,
        1.0,
        1.0,
        -1.0,
        -1.0,
        -1.0,
        1.0,
        -1.0,
        -1.0,
        -1.0,
        1.0,
        -1.0,
        1.0,
        -1.0,
        -1.0,
        1.0,
        -1.0,
        -1.0,
        1.0,
        -1.0,
        -0.9459231495857239,
        1.0,
        -1.0,
        -1.0,
        -1.0,
        1.0,
        -1.0,
        1.0,
        -1.0,
        -1.0,
        1.0,
        -1.0,
        1.0,
        1.0,
        -1.0,
        1.0,
        -0.9476461410522461,
        1.0,
        -1.0,
        1.0,
        1.0,
        -1.0,
        -1.0,
        -1.0,
        1.0,
        1.0,
        1.0,
        -1.0,
        -1.0,
        -1.0,
        1.0,
        1.0,
        -1.0,
        -1.0,
        -1.0,
        1.0,
        1.0,
        1.0,
        -1.0,
        1.0,
        -1.0,
        -1.0,
        -1.0,
        1.0,
        1.0,
        -0.9942489862442017,
        -1.0,
        -1.0,
        1.0,
        -1.0,
        1.0,
        1.0,
        1.0,
        1.0,
        1.0,
        1.0,
        -1.0,
        1.0,
        1.0,
        1.0,
        -1.0,
        -1.0,
        1.0,
        -1.0,
        -1.0,
        -1.0,
        1.0,
        -1.0,
        -1.0,
        -1.0,
        -1.0,
        -1.0,
        1.0,
        1.0,
        1.0
    ],
    "embedding_scaling_factor": 149.46192932128906,
    "samples": [
        17,
        24,
        14,
        12,
        11,
        4,
        26,
        19,
        17,
        0,
        9,
        12,
        19,
        0,
        18,
        15,
        17,
        15,
        23,
        21,
        15,
        19,
        10,
        21,
        13,
        14,
        6,
        12,
        14,
        16,
        7,
        10,
        21,
        14,
        12,
        13,
        19,
        6,
        18,
        15,
        7,
        20,
        8,
        39,
        14,
        21,
        29,
        17,
        12,
        11,
        14,
        16,
        11,
        0,
        20,
        13,
        12,
        3,
        18,
        15,
        10,
        17,
        15,
        18,
        21,
        13,
        13,
        16,
        3,
        13,
        18,
        16,
        5,
        11,
        21,
        19,
        0,
        15,
        16,
        18,
        11,
        14,
        17,
        2,
        19,
        6,
        6,
        28,
        21,
        21,
        12,
        8,
        26,
        5,
        10,
        15,
        6,
        10,
        12,
        16
    ],
    "category_values_ratio": {
        "16": 6242,
        "17": 6031,
        "18": 5964,
        "15": 5787,
        "14": 5296,
        "19": 5172,
        "13": 4609,
        "20": 4282,
        "12": 3908,
        "21": 3485,
        "11": 3294,
        "10": 2904,
        "22": 2781,
        "9": 2545,
        "8": 2262,
        "23": 2237,
        "7": 1834,
        "24": 1685,
        "25": 1469,
        "6": 1450,
        "0": 1231,
        "26": 1138,
        "5": 1137,
        "4": 969,
        "27": 855,
        "3": 667,
        "28": 629,
        "29": 459,
        "2": 441,
        "30": 345,
        "31": 286,
        "32": 191,
        "1": 171,
        "33": 144,
        "34": 112,
        "35": 70,
        "36": 57,
        "37": 44,
        "38": 27,
        "39": 20,
        "40": 15,
        "41": 11,
        "42": 11,
        "99": 7,
        "44": 7,
        "43": 5,
        "47": 5,
        "45": 4,
        "52": 4,
        "46": 3,
        "48": 3,
        "49": 3,
        "64": 2,
        "50": 1,
        "67": 1,
        "59": 1,
        "53": 1,
        "82": 1,
        "61": 1,
        "80": 1,
        "63": 1
    },
    "nrows": 82318
}