{
    "column_id": "KDD98/KDD98.csvKDD98.csv/LFC6",
    "dataset_name": "KDD98.csv",
    "dataset_id": "KDD98/KDD98.csv",
    "path": "/home/ubuntu/CatDB-VLDB2025-V1/Experiments/data/KDD98/KDD98.csv",
    "table_name": "KDD98.csv",
    "table_id": "KDD98/KDD98.csvKDD98.csv",
    "column_name": "LFC6",
    "data_source": "KDD98",
    "data_type": "int",
    "total_values_count": 82318,
    "distinct_values_count": 96,
    "missing_values_count": 0,
    "true_ratio": null,
    "min_value": 0.0,
    "max_value": 99.0,
    "mean": 64.24863334872082,
    "median": 66.0,
    "iqr": 17.0,
    "category_values": [
        74,
        83,
        78,
        55,
        73,
        66,
        68,
        76,
        95,
        75,
        81,
        93,
        40,
        70,
        92,
        69,
        88,
        77,
        63,
        71,
        46,
        58,
        67,
        0,
        53,
        60,
        85,
        43,
        80,
        62,
        29,
        59,
        42,
        64,
        84,
        54,
        50,
        86,
        57,
        72,
        44,
        49,
        65,
        52,
        90,
        48,
        99,
        82,
        51,
        79,
        61,
        47,
        41,
        56,
        89,
        34,
        22,
        38,
        87,
        19,
        33,
        45,
        37,
        91,
        31,
        35,
        32,
        94,
        30,
        36,
        8,
        39,
        17,
        26,
        27,
        11,
        23,
        16,
        28,
        25,
        96,
        6,
        24,
        10,
        18,
        21,
        14,
        20,
        15,
        3,
        12,
        97,
        13,
        7,
        98,
        9
    ],
    "embedding": [
        -1.0,
        -1.0,
        -1.0,
        1.0,
        -1.0,
        1.0,
        -1.0,
        -1.0,
        -1.0,
        -1.0,
        1.0,
        -1.0,
        -1.0,
        1.0,
        1.0,
        1.0,
        1.0,
        -1.0,
        1.0,
        -1.0,
        1.0,
        -1.0,
        1.0,
        -1.0,
        1.0,
        -1.0,
        -1.0,
        1.0,
        -1.0,
        -1.0,
        1.0,
        1.0,
        -1.0,
        -1.0,
        -1.0,
        1.0,
        -1.0,
        1.0,
        1.0,
        -1.0,
        -1.0,
        1.0,
        -1.0,
        -1.0,
        -1.0,
        -1.0,
        1.0,
        -1.0,
        -1.0,
        -0.9535571932792664,
        -1.0,
        1.0,
        1.0,
        1.0,
        -1.0,
        1.0,
        1.0,
        1.0,
        -1.0,
        0.9925429224967957,
        -1.0,
        -1.0,
        1.0,
        -1.0,
        1.0,
        -1.0,
        1.0,
        -1.0,
        1.0,
        1.0,
        1.0,
        -1.0,
        -1.0,
        -1.0,
        -1.0,
        1.0,
        1.0,
        1.0,
        1.0,
        1.0,
        1.0,
        1.0,
        1.0,
        -1.0,
        -1.0,
        1.0,
        -1.0,
        1.0,
        1.0,
        1.0,
        -1.0,
        1.0,
        1.0,
        -1.0,
        1.0,
        -1.0,
        1.0,
        -1.0,
        -1.0,
        -1.0,
        -0.9966290593147278,
        -1.0,
        1.0,
        -1.0,
        -1.0,
        1.0,
        1.0,
        1.0,
        -1.0,
        -1.0,
        1.0,
        -1.0,
        -1.0,
        1.0,
        1.0,
        1.0,
        1.0,
        1.0,
        1.0,
        -1.0,
        -1.0,
        1.0,
        -1.0,
        -1.0,
        1.0,
        -1.0,
        -1.0,
        -1.0,
        -1.0,
        1.0,
        -1.0,
        1.0,
        -1.0,
        -1.0,
        1.0,
        -1.0,
        -1.0,
        1.0,
        1.0,
        -1.0,
        1.0,
        1.0,
        1.0,
        -1.0,
        1.0,
        -1.0,
        1.0,
        -1.0,
        -1.0,
        -1.0,
        1.0,
        -1.0,
        1.0,
        -1.0,
        1.0,
        -1.0,
        1.0,
        -1.0,
        1.0,
        -1.0,
        -1.0,
        1.0,
        -1.0,
        -1.0,
        1.0,
        -1.0,
        1.0,
        -1.0,
        -1.0,
        -1.0,
        -1.0,
        -1.0,
        1.0,
        1.0,
        -1.0,
        -1.0,
        1.0,
        -1.0,
        -1.0,
        -1.0,
        1.0,
        -1.0,
        -1.0,
        -1.0,
        1.0,
        -1.0,
        1.0,
        -1.0,
        -1.0,
        -1.0,
        1.0,
        1.0,
        1.0,
        1.0,
        -1.0,
        -1.0,
        1.0,
        -1.0,
        -1.0,
        1.0,
        -1.0,
        1.0,
        -1.0,
        -1.0,
        -1.0,
        -1.0,
        1.0,
        1.0,
        -1.0,
        -1.0,
        -1.0,
        1.0,
        -1.0,
        -1.0,
        -1.0,
        1.0,
        -1.0,
        1.0,
        -1.0,
        -1.0,
        1.0,
        -1.0,
        -1.0,
        1.0,
        -1.0,
        -0.9556069374084473,
        1.0,
        -1.0,
        -1.0,
        -1.0,
        1.0,
        -1.0,
        1.0,
        -1.0,
        -1.0,
        1.0,
        -1.0,
        1.0,
        1.0,
        -1.0,
        1.0,
        -0.9603665471076965,
        1.0,
        -1.0,
        1.0,
        1.0,
        -1.0,
        -1.0,
        -1.0,
        1.0,
        1.0,
        1.0,
        -1.0,
        -1.0,
        -1.0,
        1.0,
        1.0,
        -1.0,
        -1.0,
        -1.0,
        1.0,
        1.0,
        1.0,
        -1.0,
        1.0,
        -1.0,
        -1.0,
        -1.0,
        1.0,
        1.0,
        -0.9964243173599243,
        -1.0,
        -1.0,
        1.0,
        -1.0,
        1.0,
        1.0,
        1.0,
        1.0,
        1.0,
        1.0,
        -1.0,
        1.0,
        1.0,
        1.0,
        -1.0,
        -1.0,
        1.0,
        -1.0,
        -1.0,
        -1.0,
        1.0,
        -1.0,
        -1.0,
        -1.0,
        -1.0,
        -1.0,
        1.0,
        1.0,
        1.0
    ],
    "embedding_scaling_factor": 13.350418090820312,
    "samples": [
        62,
        78,
        71,
        28,
        60,
        36,
        75,
        68,
        58,
        81,
        68,
        74,
        29,
        74,
        76,
        46,
        54,
        70,
        45,
        48,
        79,
        68,
        55,
        72,
        76,
        75,
        56,
        61,
        63,
        46,
        55,
        67,
        53,
        59,
        75,
        81,
        63,
        59,
        71,
        58,
        99,
        81,
        68,
        70,
        67,
        63,
        75,
        67,
        74,
        49,
        79,
        69,
        31,
        87,
        61,
        96,
        68,
        36,
        60,
        68,
        60,
        66,
        74,
        88,
        64,
        78,
        78,
        64,
        80,
        71,
        73,
        76,
        41,
        54,
        78,
        81,
        67,
        76,
        73,
        69,
        29,
        66,
        73,
        28,
        57,
        76,
        72,
        66,
        27,
        54,
        60,
        59,
        61,
        59,
        57,
        69,
        22,
        88,
        52,
        68
    ],
    "category_values_ratio": {
        "68": 2723,
        "69": 2683,
        "65": 2642,
        "71": 2608,
        "67": 2607,
        "70": 2603,
        "63": 2517,
        "66": 2504,
        "64": 2473,
        "72": 2416,
        "73": 2356,
        "74": 2293,
        "61": 2278,
        "62": 2232,
        "60": 2190,
        "75": 2136,
        "59": 2020,
        "76": 2005,
        "58": 1939,
        "57": 1819,
        "77": 1727,
        "56": 1666,
        "78": 1641,
        "55": 1545,
        "0": 1515,
        "54": 1434,
        "79": 1429,
        "99": 1335,
        "53": 1315,
        "80": 1192,
        "81": 1171,
        "52": 1167,
        "51": 1125,
        "50": 1004,
        "82": 956,
        "83": 944,
        "49": 896,
        "84": 844,
        "48": 842,
        "47": 840,
        "85": 704,
        "46": 660,
        "86": 630,
        "45": 579,
        "44": 510,
        "87": 500,
        "88": 494,
        "43": 491,
        "42": 429,
        "40": 398,
        "41": 371,
        "89": 358,
        "90": 358,
        "39": 338,
        "38": 301,
        "91": 283,
        "36": 264,
        "35": 235,
        "92": 231,
        "33": 229,
        "37": 223,
        "93": 201,
        "34": 192,
        "31": 145,
        "32": 140,
        "30": 140,
        "29": 136,
        "94": 125,
        "95": 111,
        "28": 91,
        "26": 86,
        "27": 83,
        "25": 79,
        "24": 70,
        "23": 58,
        "21": 56,
        "96": 51,
        "19": 45,
        "22": 42,
        "20": 36,
        "16": 29,
        "17": 27,
        "18": 27,
        "10": 20,
        "15": 19,
        "14": 18,
        "13": 16,
        "97": 13,
        "12": 10,
        "11": 9,
        "98": 5,
        "9": 5,
        "6": 4,
        "3": 4,
        "7": 4,
        "8": 3
    },
    "nrows": 82318
}