{
    "column_id": "KDD98/KDD98.csvKDD98.csv/IC10",
    "dataset_name": "KDD98.csv",
    "dataset_id": "KDD98/KDD98.csv",
    "path": "/home/ubuntu/CatDB-VLDB2025-V1/Experiments/data/KDD98/KDD98.csv",
    "table_name": "KDD98.csv",
    "table_id": "KDD98/KDD98.csvKDD98.csv",
    "column_name": "IC10",
    "data_source": "KDD98",
    "data_type": "int",
    "total_values_count": 82318,
    "distinct_values_count": 65,
    "missing_values_count": 0,
    "true_ratio": null,
    "min_value": 0.0,
    "max_value": 99.0,
    "mean": 15.998457202555942,
    "median": 15.0,
    "iqr": 14.0,
    "category_values": [
        7,
        30,
        5,
        14,
        13,
        46,
        29,
        6,
        16,
        26,
        12,
        8,
        9,
        17,
        32,
        19,
        15,
        23,
        0,
        21,
        20,
        25,
        22,
        11,
        31,
        4,
        10,
        34,
        28,
        33,
        3,
        42,
        24,
        27,
        48,
        44,
        2,
        37,
        18,
        41,
        39,
        35,
        40,
        38,
        45,
        49,
        36,
        1,
        50,
        52,
        43,
        47,
        57,
        99,
        51,
        54,
        56,
        68,
        61,
        53,
        67,
        58,
        60,
        55,
        63
    ],
    "embedding": [
        -1.0,
        -1.0,
        -1.0,
        1.0,
        -1.0,
        1.0,
        -1.0,
        -1.0,
        -1.0,
        -1.0,
        1.0,
        -1.0,
        -1.0,
        1.0,
        1.0,
        1.0,
        1.0,
        -1.0,
        1.0,
        -1.0,
        1.0,
        -1.0,
        1.0,
        -1.0,
        1.0,
        -1.0,
        -1.0,
        1.0,
        -1.0,
        -1.0,
        1.0,
        1.0,
        -1.0,
        -1.0,
        -1.0,
        1.0,
        -1.0,
        1.0,
        1.0,
        -1.0,
        -1.0,
        1.0,
        -1.0,
        -1.0,
        -1.0,
        -1.0,
        1.0,
        -1.0,
        -1.0,
        -0.9286549687385559,
        -1.0,
        1.0,
        1.0,
        1.0,
        -1.0,
        1.0,
        1.0,
        1.0,
        -1.0,
        0.9705827832221985,
        -1.0,
        -1.0,
        1.0,
        -1.0,
        1.0,
        -1.0,
        1.0,
        -1.0,
        1.0,
        1.0,
        1.0,
        -1.0,
        -1.0,
        -1.0,
        -1.0,
        1.0,
        1.0,
        1.0,
        1.0,
        1.0,
        1.0,
        1.0,
        1.0,
        -1.0,
        -1.0,
        1.0,
        -1.0,
        1.0,
        1.0,
        1.0,
        -1.0,
        1.0,
        1.0,
        -1.0,
        1.0,
        -1.0,
        1.0,
        -1.0,
        -1.0,
        -1.0,
        -0.9921829700469971,
        -1.0,
        1.0,
        -1.0,
        -1.0,
        1.0,
        1.0,
        1.0,
        -1.0,
        -1.0,
        1.0,
        -1.0,
        -1.0,
        1.0,
        1.0,
        1.0,
        1.0,
        1.0,
        1.0,
        -1.0,
        -1.0,
        1.0,
        -1.0,
        -1.0,
        1.0,
        -1.0,
        -1.0,
        -1.0,
        -1.0,
        1.0,
        -1.0,
        1.0,
        -1.0,
        -1.0,
        1.0,
        -1.0,
        -1.0,
        1.0,
        1.0,
        -1.0,
        1.0,
        1.0,
        1.0,
        -1.0,
        1.0,
        -1.0,
        1.0,
        -1.0,
        -1.0,
        -1.0,
        1.0,
        -1.0,
        1.0,
        -1.0,
        1.0,
        -1.0,
        1.0,
        -1.0,
        1.0,
        -1.0,
        -1.0,
        1.0,
        -1.0,
        -1.0,
        1.0,
        -1.0,
        1.0,
        -1.0,
        -1.0,
        -1.0,
        -1.0,
        -1.0,
        1.0,
        1.0,
        -1.0,
        -1.0,
        1.0,
        -1.0,
        -1.0,
        -1.0,
        1.0,
        -1.0,
        -1.0,
        -1.0,
        1.0,
        -1.0,
        1.0,
        -1.0,
        -1.0,
        -1.0,
        1.0,
        1.0,
        1.0,
        1.0,
        -1.0,
        -1.0,
        1.0,
        -1.0,
        -1.0,
        1.0,
        -1.0,
        1.0,
        -1.0,
        -1.0,
        -1.0,
        -1.0,
        1.0,
        1.0,
        -1.0,
        -1.0,
        -1.0,
        1.0,
        -1.0,
        -1.0,
        -1.0,
        1.0,
        -1.0,
        1.0,
        -1.0,
        -1.0,
        1.0,
        -1.0,
        -1.0,
        1.0,
        -1.0,
        -0.9155677556991577,
        1.0,
        -1.0,
        -1.0,
        -1.0,
        1.0,
        -1.0,
        1.0,
        -1.0,
        -1.0,
        1.0,
        -1.0,
        1.0,
        1.0,
        -1.0,
        1.0,
        -0.9124030470848083,
        1.0,
        -1.0,
        1.0,
        1.0,
        -1.0,
        -1.0,
        -1.0,
        1.0,
        1.0,
        1.0,
        -1.0,
        -1.0,
        -1.0,
        1.0,
        1.0,
        -1.0,
        -1.0,
        -1.0,
        1.0,
        1.0,
        1.0,
        -1.0,
        1.0,
        -1.0,
        -1.0,
        -1.0,
        1.0,
        1.0,
        -0.9899812936782837,
        -1.0,
        -1.0,
        1.0,
        -1.0,
        1.0,
        1.0,
        1.0,
        1.0,
        1.0,
        1.0,
        -1.0,
        1.0,
        1.0,
        1.0,
        -1.0,
        -1.0,
        1.0,
        -1.0,
        -1.0,
        -1.0,
        1.0,
        -1.0,
        -1.0,
        -1.0,
        -1.0,
        -1.0,
        1.0,
        1.0,
        1.0
    ],
    "embedding_scaling_factor": 207.66375732421875,
    "samples": [
        0,
        17,
        8,
        4,
        29,
        16,
        14,
        10,
        8,
        24,
        22,
        15,
        16,
        42,
        17,
        6,
        22,
        29,
        11,
        6,
        15,
        8,
        0,
        21,
        20,
        40,
        25,
        11,
        13,
        11,
        15,
        40,
        11,
        30,
        25,
        19,
        22,
        17,
        17,
        4,
        7,
        19,
        18,
        8,
        6,
        14,
        0,
        0,
        10,
        26,
        11,
        37,
        7,
        9,
        15,
        21,
        21,
        34,
        7,
        10,
        6,
        21,
        14,
        7,
        15,
        40,
        11,
        10,
        6,
        25,
        25,
        21,
        5,
        2,
        12,
        24,
        7,
        6,
        9,
        8,
        10,
        7,
        22,
        4,
        8,
        6,
        24,
        5,
        8,
        27,
        26,
        12,
        31,
        16,
        5,
        22,
        3,
        12,
        39,
        30
    ],
    "category_values_ratio": {
        "9": 3709,
        "8": 3689,
        "10": 3549,
        "7": 3541,
        "11": 3396,
        "12": 3334,
        "6": 3258,
        "13": 3171,
        "14": 3074,
        "15": 3011,
        "17": 2964,
        "16": 2927,
        "18": 2732,
        "5": 2669,
        "19": 2503,
        "20": 2460,
        "21": 2413,
        "22": 2269,
        "4": 2268,
        "23": 2100,
        "0": 2046,
        "24": 1873,
        "25": 1853,
        "3": 1695,
        "27": 1621,
        "26": 1613,
        "28": 1499,
        "29": 1261,
        "30": 1221,
        "2": 1152,
        "31": 1050,
        "32": 896,
        "33": 825,
        "34": 764,
        "35": 578,
        "36": 531,
        "37": 453,
        "1": 394,
        "38": 355,
        "39": 332,
        "41": 212,
        "40": 209,
        "42": 171,
        "44": 134,
        "43": 125,
        "45": 90,
        "47": 66,
        "46": 62,
        "48": 37,
        "49": 36,
        "50": 30,
        "51": 29,
        "52": 13,
        "53": 11,
        "54": 10,
        "99": 7,
        "55": 7,
        "57": 6,
        "58": 4,
        "56": 4,
        "68": 2,
        "61": 1,
        "67": 1,
        "60": 1,
        "63": 1
    },
    "nrows": 82318
}