{
    "column_id": "KDD98/KDD98.csvKDD98.csv/ETHC2",
    "dataset_name": "KDD98.csv",
    "dataset_id": "KDD98/KDD98.csv",
    "path": "/home/ubuntu/CatDB-VLDB2025-V1/Experiments/data/KDD98/KDD98.csv",
    "table_name": "KDD98.csv",
    "table_id": "KDD98/KDD98.csvKDD98.csv",
    "column_name": "ETHC2",
    "data_source": "KDD98",
    "data_type": "int",
    "total_values_count": 82318,
    "distinct_values_count": 95,
    "missing_values_count": 0,
    "true_ratio": null,
    "min_value": 0.0,
    "max_value": 99.0,
    "mean": 50.92094074200053,
    "median": 55.0,
    "iqr": 14.0,
    "category_values": [
        55,
        60,
        50,
        43,
        58,
        59,
        53,
        63,
        56,
        54,
        51,
        46,
        71,
        67,
        33,
        52,
        57,
        31,
        62,
        0,
        15,
        61,
        42,
        38,
        3,
        44,
        45,
        49,
        64,
        39,
        48,
        8,
        47,
        65,
        40,
        1,
        36,
        70,
        23,
        24,
        21,
        28,
        26,
        11,
        17,
        72,
        32,
        68,
        69,
        4,
        18,
        5,
        41,
        66,
        27,
        25,
        37,
        12,
        2,
        6,
        9,
        30,
        35,
        14,
        7,
        75,
        20,
        34,
        13,
        22,
        29,
        10,
        74,
        76,
        73,
        79,
        16,
        19,
        77,
        85,
        78,
        86,
        81,
        83,
        92,
        87,
        84,
        80,
        99,
        82,
        89,
        88,
        91,
        90,
        93
    ],
    "embedding": [
        -1.0,
        -1.0,
        -1.0,
        1.0,
        -1.0,
        1.0,
        -1.0,
        -1.0,
        -1.0,
        -1.0,
        1.0,
        -1.0,
        -1.0,
        1.0,
        1.0,
        1.0,
        1.0,
        -1.0,
        1.0,
        -1.0,
        1.0,
        -1.0,
        1.0,
        -1.0,
        1.0,
        -1.0,
        -1.0,
        1.0,
        -1.0,
        -1.0,
        1.0,
        1.0,
        -1.0,
        -1.0,
        -1.0,
        1.0,
        -1.0,
        1.0,
        1.0,
        -1.0,
        -1.0,
        1.0,
        -1.0,
        -1.0,
        -1.0,
        -1.0,
        1.0,
        -1.0,
        -1.0,
        -0.92899489402771,
        -1.0,
        1.0,
        1.0,
        1.0,
        -1.0,
        1.0,
        1.0,
        1.0,
        -1.0,
        0.9902535676956177,
        -1.0,
        -1.0,
        1.0,
        -1.0,
        1.0,
        -1.0,
        1.0,
        -1.0,
        1.0,
        1.0,
        1.0,
        -1.0,
        -1.0,
        -1.0,
        -1.0,
        1.0,
        1.0,
        1.0,
        1.0,
        1.0,
        1.0,
        1.0,
        1.0,
        -1.0,
        -1.0,
        1.0,
        -1.0,
        1.0,
        1.0,
        1.0,
        -1.0,
        1.0,
        1.0,
        -1.0,
        1.0,
        -1.0,
        1.0,
        -1.0,
        -1.0,
        -1.0,
        -0.9965428113937378,
        -1.0,
        1.0,
        -1.0,
        -1.0,
        1.0,
        1.0,
        1.0,
        -1.0,
        -1.0,
        1.0,
        -1.0,
        -1.0,
        1.0,
        1.0,
        1.0,
        1.0,
        1.0,
        1.0,
        -1.0,
        -1.0,
        1.0,
        -1.0,
        -1.0,
        1.0,
        -1.0,
        -1.0,
        -1.0,
        -1.0,
        1.0,
        -1.0,
        1.0,
        -1.0,
        -1.0,
        1.0,
        -1.0,
        -1.0,
        1.0,
        1.0,
        -1.0,
        1.0,
        1.0,
        1.0,
        -1.0,
        1.0,
        -1.0,
        1.0,
        -1.0,
        -1.0,
        -1.0,
        1.0,
        -1.0,
        1.0,
        -1.0,
        1.0,
        -1.0,
        1.0,
        -1.0,
        1.0,
        -1.0,
        -1.0,
        1.0,
        -1.0,
        -1.0,
        1.0,
        -1.0,
        1.0,
        -1.0,
        -1.0,
        -1.0,
        -1.0,
        -1.0,
        1.0,
        1.0,
        -1.0,
        -1.0,
        1.0,
        -1.0,
        -1.0,
        -1.0,
        1.0,
        -1.0,
        -1.0,
        -1.0,
        1.0,
        -1.0,
        1.0,
        -1.0,
        -1.0,
        -1.0,
        1.0,
        1.0,
        1.0,
        1.0,
        -1.0,
        -1.0,
        1.0,
        -1.0,
        -1.0,
        1.0,
        -1.0,
        1.0,
        -1.0,
        -1.0,
        -1.0,
        -1.0,
        1.0,
        1.0,
        -1.0,
        -1.0,
        -1.0,
        1.0,
        -1.0,
        -1.0,
        -1.0,
        1.0,
        -1.0,
        1.0,
        -1.0,
        -1.0,
        1.0,
        -1.0,
        -1.0,
        1.0,
        -1.0,
        -0.9323469400405884,
        1.0,
        -1.0,
        -1.0,
        -1.0,
        1.0,
        -1.0,
        1.0,
        -1.0,
        -1.0,
        1.0,
        -1.0,
        1.0,
        1.0,
        -1.0,
        1.0,
        -0.9455521106719971,
        1.0,
        -1.0,
        1.0,
        1.0,
        -1.0,
        -1.0,
        -1.0,
        1.0,
        1.0,
        1.0,
        -1.0,
        -1.0,
        -1.0,
        1.0,
        1.0,
        -1.0,
        -1.0,
        -1.0,
        1.0,
        1.0,
        1.0,
        -1.0,
        1.0,
        -1.0,
        -1.0,
        -1.0,
        1.0,
        1.0,
        -0.9962388277053833,
        -1.0,
        -1.0,
        1.0,
        -1.0,
        1.0,
        1.0,
        1.0,
        1.0,
        1.0,
        1.0,
        -1.0,
        1.0,
        1.0,
        1.0,
        -1.0,
        -1.0,
        1.0,
        -1.0,
        -1.0,
        -1.0,
        1.0,
        -1.0,
        -1.0,
        -1.0,
        -1.0,
        -1.0,
        1.0,
        1.0,
        1.0
    ],
    "embedding_scaling_factor": 34.5427360534668,
    "samples": [
        47,
        45,
        45,
        6,
        39,
        59,
        58,
        59,
        55,
        44,
        46,
        62,
        45,
        45,
        56,
        51,
        54,
        25,
        55,
        63,
        54,
        58,
        49,
        55,
        68,
        59,
        33,
        63,
        33,
        59,
        14,
        65,
        55,
        52,
        60,
        35,
        38,
        59,
        54,
        60,
        46,
        53,
        51,
        42,
        68,
        46,
        56,
        52,
        42,
        60,
        51,
        62,
        55,
        59,
        52,
        50,
        42,
        58,
        65,
        66,
        53,
        45,
        40,
        60,
        59,
        55,
        60,
        56,
        26,
        59,
        61,
        60,
        48,
        56,
        43,
        49,
        59,
        45,
        56,
        61,
        63,
        43,
        34,
        30,
        52,
        13,
        63,
        52,
        14,
        39,
        67,
        63,
        60,
        55,
        54,
        34,
        55,
        62,
        48,
        60
    ],
    "category_values_ratio": {
        "58": 3818,
        "59": 3809,
        "60": 3781,
        "57": 3645,
        "56": 3620,
        "61": 3570,
        "55": 3513,
        "54": 3369,
        "62": 3304,
        "53": 3087,
        "52": 3081,
        "63": 2975,
        "51": 2592,
        "50": 2451,
        "64": 2412,
        "49": 2157,
        "65": 1942,
        "48": 1931,
        "47": 1690,
        "46": 1484,
        "45": 1411,
        "66": 1351,
        "44": 1239,
        "43": 1165,
        "42": 1024,
        "67": 1007,
        "0": 982,
        "40": 905,
        "41": 881,
        "39": 822,
        "38": 776,
        "68": 676,
        "37": 645,
        "36": 545,
        "34": 531,
        "35": 520,
        "69": 464,
        "33": 457,
        "32": 455,
        "30": 398,
        "31": 363,
        "1": 352,
        "26": 349,
        "29": 346,
        "70": 331,
        "27": 320,
        "28": 317,
        "71": 254,
        "24": 248,
        "22": 240,
        "21": 226,
        "18": 224,
        "4": 219,
        "20": 218,
        "25": 217,
        "2": 207,
        "15": 201,
        "23": 197,
        "17": 183,
        "16": 180,
        "72": 178,
        "19": 178,
        "3": 174,
        "5": 163,
        "9": 162,
        "14": 155,
        "11": 154,
        "6": 149,
        "13": 142,
        "10": 133,
        "8": 129,
        "7": 126,
        "12": 121,
        "73": 113,
        "74": 109,
        "75": 77,
        "76": 64,
        "77": 54,
        "78": 49,
        "79": 40,
        "80": 34,
        "81": 22,
        "83": 21,
        "84": 21,
        "82": 15,
        "85": 13,
        "86": 9,
        "99": 9,
        "87": 8,
        "88": 6,
        "89": 5,
        "91": 3,
        "90": 3,
        "92": 1,
        "93": 1
    },
    "nrows": 82318
}