{
    "column_id": "KDD98/KDD98.csvKDD98.csv/AGE902",
    "dataset_name": "KDD98.csv",
    "dataset_id": "KDD98/KDD98.csv",
    "path": "/home/ubuntu/CatDB-VLDB2025-V1/Experiments/data/KDD98/KDD98.csv",
    "table_name": "KDD98.csv",
    "table_id": "KDD98/KDD98.csvKDD98.csv",
    "column_name": "AGE902",
    "data_source": "KDD98",
    "data_type": "int",
    "total_values_count": 82318,
    "distinct_values_count": 66,
    "missing_values_count": 0,
    "true_ratio": null,
    "min_value": 0.0,
    "max_value": 84.0,
    "mean": 42.021696348307785,
    "median": 41.0,
    "iqr": 7.0,
    "category_values": [
        45,
        33,
        46,
        42,
        56,
        43,
        35,
        49,
        50,
        38,
        37,
        47,
        32,
        39,
        21,
        44,
        41,
        57,
        58,
        0,
        48,
        40,
        34,
        63,
        36,
        29,
        75,
        53,
        68,
        55,
        51,
        54,
        65,
        62,
        31,
        52,
        59,
        27,
        64,
        30,
        61,
        60,
        26,
        78,
        66,
        28,
        72,
        70,
        79,
        67,
        76,
        69,
        22,
        24,
        20,
        71,
        25,
        80,
        74,
        77,
        73,
        23,
        19,
        82,
        81,
        84
    ],
    "embedding": [
        -1.0,
        -1.0,
        -1.0,
        1.0,
        -1.0,
        1.0,
        -1.0,
        -1.0,
        -1.0,
        -1.0,
        1.0,
        -1.0,
        -1.0,
        1.0,
        1.0,
        1.0,
        1.0,
        -1.0,
        1.0,
        -1.0,
        1.0,
        -1.0,
        1.0,
        -1.0,
        1.0,
        -1.0,
        -1.0,
        1.0,
        -1.0,
        -1.0,
        1.0,
        1.0,
        -1.0,
        -1.0,
        -1.0,
        1.0,
        -1.0,
        1.0,
        1.0,
        -1.0,
        -1.0,
        1.0,
        -1.0,
        -1.0,
        -1.0,
        -1.0,
        1.0,
        -1.0,
        -1.0,
        -0.9759814143180847,
        -1.0,
        1.0,
        1.0,
        1.0,
        -1.0,
        1.0,
        1.0,
        1.0,
        -1.0,
        0.9973505735397339,
        -1.0,
        -1.0,
        1.0,
        -1.0,
        1.0,
        -1.0,
        1.0,
        -1.0,
        1.0,
        1.0,
        1.0,
        -1.0,
        -1.0,
        -1.0,
        -1.0,
        1.0,
        1.0,
        1.0,
        1.0,
        1.0,
        1.0,
        1.0,
        1.0,
        -1.0,
        -1.0,
        1.0,
        -1.0,
        1.0,
        1.0,
        1.0,
        -1.0,
        1.0,
        1.0,
        -1.0,
        1.0,
        -1.0,
        1.0,
        -1.0,
        -1.0,
        -1.0,
        -0.9976575970649719,
        -1.0,
        1.0,
        -1.0,
        -1.0,
        1.0,
        1.0,
        1.0,
        -1.0,
        -1.0,
        1.0,
        -1.0,
        -1.0,
        1.0,
        1.0,
        1.0,
        1.0,
        1.0,
        1.0,
        -1.0,
        -1.0,
        1.0,
        -1.0,
        -1.0,
        1.0,
        -1.0,
        -1.0,
        -1.0,
        -1.0,
        1.0,
        -1.0,
        1.0,
        -1.0,
        -1.0,
        1.0,
        -1.0,
        -1.0,
        1.0,
        1.0,
        -1.0,
        1.0,
        1.0,
        1.0,
        -1.0,
        1.0,
        -1.0,
        1.0,
        -1.0,
        -1.0,
        -1.0,
        1.0,
        -1.0,
        1.0,
        -1.0,
        1.0,
        -1.0,
        1.0,
        -1.0,
        1.0,
        -1.0,
        -1.0,
        1.0,
        -1.0,
        -1.0,
        1.0,
        -1.0,
        1.0,
        -1.0,
        -1.0,
        -1.0,
        -1.0,
        -1.0,
        1.0,
        1.0,
        -1.0,
        -1.0,
        1.0,
        -1.0,
        -1.0,
        -1.0,
        1.0,
        -1.0,
        -1.0,
        -1.0,
        1.0,
        -1.0,
        1.0,
        -1.0,
        -1.0,
        -1.0,
        1.0,
        1.0,
        1.0,
        1.0,
        -1.0,
        -1.0,
        1.0,
        -1.0,
        -1.0,
        1.0,
        -1.0,
        1.0,
        -1.0,
        -1.0,
        -1.0,
        -1.0,
        1.0,
        1.0,
        -1.0,
        -1.0,
        -1.0,
        1.0,
        -1.0,
        -1.0,
        -1.0,
        1.0,
        -1.0,
        1.0,
        -1.0,
        -1.0,
        1.0,
        -1.0,
        -1.0,
        1.0,
        -1.0,
        -0.9812024831771851,
        1.0,
        -1.0,
        -1.0,
        -1.0,
        1.0,
        -1.0,
        1.0,
        -1.0,
        -1.0,
        1.0,
        -1.0,
        1.0,
        1.0,
        -1.0,
        1.0,
        -0.9772554636001587,
        1.0,
        -1.0,
        1.0,
        1.0,
        -1.0,
        -1.0,
        -1.0,
        1.0,
        1.0,
        1.0,
        -1.0,
        -1.0,
        -1.0,
        1.0,
        1.0,
        -1.0,
        -1.0,
        -1.0,
        1.0,
        1.0,
        1.0,
        -1.0,
        1.0,
        -1.0,
        -1.0,
        -1.0,
        1.0,
        1.0,
        -0.9974765777587891,
        -1.0,
        -1.0,
        1.0,
        -1.0,
        1.0,
        1.0,
        1.0,
        1.0,
        1.0,
        1.0,
        -1.0,
        1.0,
        1.0,
        1.0,
        -1.0,
        -1.0,
        1.0,
        -1.0,
        -1.0,
        -1.0,
        1.0,
        -1.0,
        -1.0,
        -1.0,
        -1.0,
        -1.0,
        1.0,
        1.0,
        1.0
    ],
    "embedding_scaling_factor": 37.99549102783203,
    "samples": [
        40,
        44,
        39,
        48,
        44,
        35,
        44,
        58,
        41,
        39,
        54,
        43,
        37,
        41,
        38,
        44,
        38,
        45,
        39,
        38,
        40,
        41,
        43,
        47,
        44,
        45,
        53,
        48,
        36,
        50,
        42,
        58,
        49,
        41,
        40,
        31,
        45,
        38,
        36,
        47,
        42,
        67,
        32,
        41,
        30,
        42,
        34,
        42,
        42,
        51,
        41,
        38,
        63,
        42,
        42,
        36,
        45,
        65,
        39,
        38,
        39,
        44,
        45,
        43,
        47,
        41,
        39,
        44,
        38,
        42,
        39,
        45,
        39,
        60,
        39,
        48,
        35,
        36,
        61,
        44,
        38,
        39,
        45,
        58,
        42,
        40,
        41,
        47,
        39,
        45,
        57,
        42,
        38,
        50,
        41,
        75,
        44,
        42,
        41,
        45
    ],
    "category_values_ratio": {
        "42": 6586,
        "41": 6527,
        "40": 6295,
        "43": 5790,
        "39": 5668,
        "38": 5442,
        "44": 4586,
        "37": 4444,
        "45": 3618,
        "36": 3494,
        "46": 3046,
        "35": 2675,
        "47": 2668,
        "34": 2311,
        "48": 2047,
        "33": 1785,
        "49": 1606,
        "50": 1239,
        "32": 1138,
        "51": 1079,
        "52": 875,
        "53": 756,
        "31": 685,
        "54": 614,
        "55": 550,
        "0": 543,
        "56": 471,
        "30": 436,
        "57": 409,
        "58": 378,
        "29": 331,
        "60": 324,
        "62": 314,
        "59": 309,
        "61": 302,
        "65": 285,
        "64": 269,
        "63": 262,
        "28": 190,
        "66": 185,
        "27": 183,
        "67": 154,
        "69": 152,
        "68": 148,
        "70": 115,
        "71": 106,
        "26": 101,
        "72": 87,
        "23": 76,
        "76": 74,
        "24": 73,
        "74": 72,
        "21": 59,
        "73": 57,
        "25": 56,
        "20": 56,
        "75": 55,
        "22": 54,
        "77": 32,
        "19": 29,
        "79": 18,
        "78": 15,
        "80": 9,
        "82": 2,
        "81": 2,
        "84": 1
    },
    "nrows": 82318
}