{
    "column_id": "KDD98/KDD98.csvKDD98.csv/AGEC1",
    "dataset_name": "KDD98.csv",
    "dataset_id": "KDD98/KDD98.csv",
    "path": "/home/ubuntu/CatDB-VLDB2025-V1/Experiments/data/KDD98/KDD98.csv",
    "table_name": "KDD98.csv",
    "table_id": "KDD98/KDD98.csvKDD98.csv",
    "column_name": "AGEC1",
    "data_source": "KDD98",
    "data_type": "int",
    "total_values_count": 82318,
    "distinct_values_count": 98,
    "missing_values_count": 0,
    "true_ratio": null,
    "min_value": 0.0,
    "max_value": 97.0,
    "mean": 12.193529969144052,
    "median": 11.0,
    "iqr": 5.0,
    "category_values": [
        10,
        15,
        5,
        17,
        6,
        8,
        7,
        13,
        12,
        19,
        57,
        9,
        14,
        0,
        22,
        3,
        11,
        18,
        35,
        21,
        16,
        1,
        23,
        24,
        30,
        25,
        20,
        26,
        36,
        41,
        27,
        2,
        34,
        4,
        40,
        45,
        29,
        67,
        31,
        28,
        64,
        39,
        55,
        32,
        49,
        72,
        43,
        71,
        86,
        42,
        37,
        85,
        44,
        62,
        54,
        47,
        56,
        92,
        75,
        83,
        79,
        38,
        33,
        52,
        51,
        88,
        58,
        74,
        46,
        50,
        48,
        69,
        95,
        63,
        61,
        59,
        70,
        65,
        60,
        73,
        90,
        53,
        82,
        93,
        81,
        89,
        87,
        66,
        91,
        76,
        84,
        77,
        78,
        97,
        80,
        96,
        94,
        68
    ],
    "embedding": [
        -1.0,
        -1.0,
        -1.0,
        1.0,
        -1.0,
        1.0,
        -1.0,
        -1.0,
        -1.0,
        -1.0,
        1.0,
        -1.0,
        -1.0,
        1.0,
        1.0,
        1.0,
        1.0,
        -1.0,
        1.0,
        -1.0,
        1.0,
        -1.0,
        1.0,
        -1.0,
        1.0,
        -1.0,
        -1.0,
        1.0,
        -1.0,
        -1.0,
        1.0,
        1.0,
        -1.0,
        -1.0,
        -1.0,
        1.0,
        -1.0,
        1.0,
        1.0,
        -1.0,
        -1.0,
        1.0,
        -1.0,
        -1.0,
        -1.0,
        -1.0,
        1.0,
        -1.0,
        -1.0,
        -0.9586346745491028,
        -1.0,
        1.0,
        1.0,
        1.0,
        -1.0,
        1.0,
        1.0,
        1.0,
        -1.0,
        0.9891810417175293,
        -1.0,
        -1.0,
        1.0,
        -1.0,
        1.0,
        -1.0,
        1.0,
        -1.0,
        1.0,
        1.0,
        1.0,
        -1.0,
        -1.0,
        -1.0,
        -1.0,
        1.0,
        1.0,
        1.0,
        1.0,
        1.0,
        1.0,
        1.0,
        1.0,
        -1.0,
        -1.0,
        1.0,
        -1.0,
        1.0,
        1.0,
        1.0,
        -1.0,
        1.0,
        1.0,
        -1.0,
        1.0,
        -1.0,
        1.0,
        -1.0,
        -1.0,
        -1.0,
        -0.9959065318107605,
        -1.0,
        1.0,
        -1.0,
        -1.0,
        1.0,
        1.0,
        1.0,
        -1.0,
        -1.0,
        1.0,
        -1.0,
        -1.0,
        1.0,
        1.0,
        1.0,
        1.0,
        1.0,
        1.0,
        -1.0,
        -1.0,
        1.0,
        -1.0,
        -1.0,
        1.0,
        -1.0,
        -1.0,
        -1.0,
        -1.0,
        1.0,
        -1.0,
        1.0,
        -1.0,
        -1.0,
        1.0,
        -1.0,
        -1.0,
        1.0,
        1.0,
        -1.0,
        1.0,
        1.0,
        1.0,
        -1.0,
        1.0,
        -1.0,
        1.0,
        -1.0,
        -1.0,
        -1.0,
        1.0,
        -1.0,
        1.0,
        -1.0,
        1.0,
        -1.0,
        1.0,
        -1.0,
        1.0,
        -1.0,
        -1.0,
        1.0,
        -1.0,
        -1.0,
        1.0,
        -1.0,
        1.0,
        -1.0,
        -1.0,
        -1.0,
        -1.0,
        -1.0,
        1.0,
        1.0,
        -1.0,
        -1.0,
        1.0,
        -1.0,
        -1.0,
        -1.0,
        1.0,
        -1.0,
        -1.0,
        -1.0,
        1.0,
        -1.0,
        1.0,
        -1.0,
        -1.0,
        -1.0,
        1.0,
        1.0,
        1.0,
        1.0,
        -1.0,
        -1.0,
        1.0,
        -1.0,
        -1.0,
        1.0,
        -1.0,
        1.0,
        -1.0,
        -1.0,
        -1.0,
        -1.0,
        1.0,
        1.0,
        -1.0,
        -1.0,
        -1.0,
        1.0,
        -1.0,
        -1.0,
        -1.0,
        1.0,
        -1.0,
        1.0,
        -1.0,
        -1.0,
        1.0,
        -1.0,
        -1.0,
        1.0,
        -1.0,
        -0.9271142482757568,
        1.0,
        -1.0,
        -1.0,
        -1.0,
        1.0,
        -1.0,
        1.0,
        -1.0,
        -1.0,
        1.0,
        -1.0,
        1.0,
        1.0,
        -1.0,
        1.0,
        -0.9370096325874329,
        1.0,
        -1.0,
        1.0,
        1.0,
        -1.0,
        -1.0,
        -1.0,
        1.0,
        1.0,
        1.0,
        -1.0,
        -1.0,
        -1.0,
        1.0,
        1.0,
        -1.0,
        -1.0,
        -1.0,
        1.0,
        1.0,
        1.0,
        -1.0,
        1.0,
        -1.0,
        -1.0,
        -1.0,
        1.0,
        1.0,
        -0.9954060912132263,
        -1.0,
        -1.0,
        1.0,
        -1.0,
        1.0,
        1.0,
        1.0,
        1.0,
        1.0,
        1.0,
        -1.0,
        1.0,
        1.0,
        1.0,
        -1.0,
        -1.0,
        1.0,
        -1.0,
        -1.0,
        -1.0,
        1.0,
        -1.0,
        -1.0,
        -1.0,
        -1.0,
        -1.0,
        1.0,
        1.0,
        1.0
    ],
    "embedding_scaling_factor": 265.08697509765625,
    "samples": [
        20,
        7,
        14,
        18,
        0,
        13,
        16,
        13,
        13,
        12,
        20,
        12,
        17,
        10,
        12,
        6,
        40,
        15,
        6,
        13,
        9,
        12,
        12,
        11,
        13,
        16,
        15,
        6,
        11,
        8,
        7,
        10,
        9,
        14,
        13,
        12,
        13,
        5,
        7,
        9,
        13,
        13,
        18,
        11,
        15,
        7,
        29,
        11,
        13,
        15,
        13,
        12,
        12,
        3,
        11,
        12,
        8,
        12,
        25,
        13,
        7,
        13,
        12,
        9,
        3,
        7,
        10,
        0,
        10,
        8,
        11,
        10,
        9,
        17,
        6,
        14,
        9,
        17,
        10,
        10,
        16,
        27,
        6,
        10,
        17,
        12,
        15,
        5,
        14,
        12,
        12,
        15,
        11,
        8,
        10,
        6,
        16,
        10,
        18,
        18
    ],
    "category_values_ratio": {
        "11": 9152,
        "12": 8724,
        "10": 8616,
        "13": 7669,
        "9": 7284,
        "14": 6087,
        "8": 5798,
        "15": 4417,
        "7": 3951,
        "16": 3190,
        "6": 2564,
        "17": 2453,
        "18": 1713,
        "5": 1557,
        "19": 1315,
        "20": 995,
        "0": 879,
        "4": 732,
        "21": 731,
        "22": 595,
        "23": 476,
        "3": 444,
        "24": 321,
        "25": 313,
        "2": 293,
        "1": 234,
        "26": 195,
        "27": 177,
        "28": 141,
        "29": 122,
        "30": 102,
        "31": 78,
        "32": 68,
        "33": 67,
        "34": 54,
        "36": 53,
        "35": 49,
        "37": 41,
        "38": 40,
        "39": 36,
        "40": 34,
        "44": 33,
        "42": 31,
        "46": 28,
        "45": 27,
        "41": 25,
        "48": 24,
        "50": 24,
        "47": 22,
        "56": 22,
        "43": 21,
        "55": 20,
        "51": 17,
        "53": 16,
        "58": 15,
        "57": 14,
        "49": 14,
        "61": 13,
        "52": 12,
        "62": 11,
        "54": 10,
        "64": 9,
        "67": 9,
        "66": 9,
        "59": 9,
        "75": 8,
        "60": 8,
        "71": 7,
        "65": 7,
        "69": 7,
        "73": 6,
        "88": 6,
        "82": 6,
        "63": 5,
        "79": 5,
        "70": 5,
        "81": 5,
        "83": 4,
        "90": 4,
        "74": 4,
        "72": 4,
        "78": 3,
        "85": 3,
        "95": 3,
        "77": 2,
        "68": 2,
        "94": 2,
        "80": 2,
        "91": 2,
        "84": 2,
        "86": 2,
        "87": 2,
        "93": 2,
        "89": 1,
        "76": 1,
        "92": 1,
        "97": 1,
        "96": 1
    },
    "nrows": 82318
}