{
    "column_id": "KDD98/KDD98.csvKDD98.csv/AGE907",
    "dataset_name": "KDD98.csv",
    "dataset_id": "KDD98/KDD98.csv",
    "path": "/home/ubuntu/CatDB-VLDB2025-V1/Experiments/data/KDD98/KDD98.csv",
    "table_name": "KDD98.csv",
    "table_id": "KDD98/KDD98.csvKDD98.csv",
    "column_name": "AGE907",
    "data_source": "KDD98",
    "data_type": "int",
    "total_values_count": 82318,
    "distinct_values_count": 60,
    "missing_values_count": 0,
    "true_ratio": null,
    "min_value": 0.0,
    "max_value": 75.0,
    "mean": 24.535289973031414,
    "median": 26.0,
    "iqr": 8.0,
    "category_values": [
        27,
        28,
        32,
        26,
        18,
        21,
        17,
        15,
        19,
        12,
        24,
        34,
        9,
        23,
        29,
        14,
        22,
        16,
        0,
        30,
        35,
        7,
        20,
        33,
        36,
        13,
        31,
        25,
        39,
        1,
        37,
        41,
        40,
        5,
        6,
        38,
        44,
        10,
        11,
        3,
        47,
        8,
        45,
        43,
        4,
        2,
        48,
        42,
        50,
        46,
        51,
        60,
        49,
        54,
        52,
        55,
        63,
        75,
        71,
        57
    ],
    "embedding": [
        -1.0,
        -1.0,
        -1.0,
        1.0,
        -1.0,
        1.0,
        -1.0,
        -1.0,
        -1.0,
        -1.0,
        1.0,
        -1.0,
        -1.0,
        1.0,
        1.0,
        1.0,
        1.0,
        -1.0,
        1.0,
        -1.0,
        1.0,
        -1.0,
        1.0,
        -1.0,
        1.0,
        -1.0,
        -1.0,
        1.0,
        -1.0,
        -1.0,
        1.0,
        1.0,
        -1.0,
        -1.0,
        -1.0,
        1.0,
        -1.0,
        1.0,
        1.0,
        -1.0,
        -1.0,
        1.0,
        -1.0,
        -1.0,
        -1.0,
        -1.0,
        1.0,
        -1.0,
        -1.0,
        -0.9783797860145569,
        -1.0,
        1.0,
        1.0,
        1.0,
        -1.0,
        1.0,
        1.0,
        1.0,
        -1.0,
        0.9917919635772705,
        -1.0,
        -1.0,
        1.0,
        -1.0,
        1.0,
        -1.0,
        1.0,
        -1.0,
        1.0,
        1.0,
        1.0,
        -1.0,
        -1.0,
        -1.0,
        -1.0,
        1.0,
        1.0,
        1.0,
        1.0,
        1.0,
        1.0,
        1.0,
        1.0,
        -1.0,
        -1.0,
        1.0,
        -1.0,
        1.0,
        1.0,
        1.0,
        -1.0,
        1.0,
        1.0,
        -1.0,
        1.0,
        -1.0,
        1.0,
        -1.0,
        -1.0,
        -1.0,
        -0.9968668222427368,
        -1.0,
        1.0,
        -1.0,
        -1.0,
        1.0,
        1.0,
        1.0,
        -1.0,
        -1.0,
        1.0,
        -1.0,
        -1.0,
        1.0,
        1.0,
        1.0,
        1.0,
        1.0,
        1.0,
        -1.0,
        -1.0,
        1.0,
        -1.0,
        -1.0,
        1.0,
        -1.0,
        -1.0,
        -1.0,
        -1.0,
        1.0,
        -1.0,
        1.0,
        -1.0,
        -1.0,
        1.0,
        -1.0,
        -1.0,
        1.0,
        1.0,
        -1.0,
        1.0,
        1.0,
        1.0,
        -1.0,
        1.0,
        -1.0,
        1.0,
        -1.0,
        -1.0,
        -1.0,
        1.0,
        -1.0,
        1.0,
        -1.0,
        1.0,
        -1.0,
        1.0,
        -1.0,
        1.0,
        -1.0,
        -1.0,
        1.0,
        -1.0,
        -1.0,
        1.0,
        -1.0,
        1.0,
        -1.0,
        -1.0,
        -1.0,
        -1.0,
        -1.0,
        1.0,
        1.0,
        -1.0,
        -1.0,
        1.0,
        -1.0,
        -1.0,
        -1.0,
        1.0,
        -1.0,
        -1.0,
        -1.0,
        1.0,
        -1.0,
        1.0,
        -1.0,
        -1.0,
        -1.0,
        1.0,
        1.0,
        1.0,
        1.0,
        -1.0,
        -1.0,
        1.0,
        -1.0,
        -1.0,
        1.0,
        -1.0,
        1.0,
        -1.0,
        -1.0,
        -1.0,
        -1.0,
        1.0,
        1.0,
        -1.0,
        -1.0,
        -1.0,
        1.0,
        -1.0,
        -1.0,
        -1.0,
        1.0,
        -1.0,
        1.0,
        -1.0,
        -1.0,
        1.0,
        -1.0,
        -1.0,
        1.0,
        -1.0,
        -0.9761874079704285,
        1.0,
        -1.0,
        -1.0,
        -1.0,
        1.0,
        -1.0,
        1.0,
        -1.0,
        -1.0,
        1.0,
        -1.0,
        1.0,
        1.0,
        -1.0,
        1.0,
        -0.9665014743804932,
        1.0,
        -1.0,
        1.0,
        1.0,
        -1.0,
        -1.0,
        -1.0,
        1.0,
        1.0,
        1.0,
        -1.0,
        -1.0,
        -1.0,
        1.0,
        1.0,
        -1.0,
        -1.0,
        -1.0,
        1.0,
        1.0,
        1.0,
        -1.0,
        1.0,
        -1.0,
        -1.0,
        -1.0,
        1.0,
        1.0,
        -0.9964757561683655,
        -1.0,
        -1.0,
        1.0,
        -1.0,
        1.0,
        1.0,
        1.0,
        1.0,
        1.0,
        1.0,
        -1.0,
        1.0,
        1.0,
        1.0,
        -1.0,
        -1.0,
        1.0,
        -1.0,
        -1.0,
        -1.0,
        1.0,
        -1.0,
        -1.0,
        -1.0,
        -1.0,
        -1.0,
        1.0,
        1.0,
        1.0
    ],
    "embedding_scaling_factor": 61.798526763916016,
    "samples": [
        21,
        22,
        26,
        28,
        47,
        29,
        33,
        18,
        31,
        21,
        35,
        24,
        27,
        20,
        14,
        23,
        25,
        31,
        27,
        29,
        27,
        24,
        32,
        26,
        19,
        32,
        27,
        27,
        25,
        23,
        33,
        13,
        23,
        27,
        34,
        18,
        45,
        24,
        18,
        0,
        0,
        26,
        24,
        23,
        12,
        23,
        27,
        27,
        21,
        31,
        23,
        22,
        24,
        41,
        21,
        28,
        18,
        22,
        22,
        34,
        31,
        33,
        30,
        14,
        25,
        22,
        29,
        33,
        27,
        27,
        18,
        10,
        21,
        14,
        26,
        25,
        19,
        20,
        23,
        25,
        25,
        26,
        36,
        25,
        28,
        25,
        26,
        29,
        17,
        28,
        32,
        33,
        20,
        21,
        21,
        12,
        23,
        27,
        35,
        21
    ],
    "category_values_ratio": {
        "26": 5819,
        "27": 5818,
        "25": 5397,
        "28": 5318,
        "29": 5039,
        "24": 4813,
        "23": 4307,
        "30": 4283,
        "22": 3812,
        "31": 3512,
        "21": 3276,
        "20": 2882,
        "32": 2705,
        "19": 2513,
        "33": 2339,
        "18": 2168,
        "17": 1740,
        "34": 1702,
        "16": 1385,
        "35": 1315,
        "15": 1188,
        "14": 1004,
        "36": 995,
        "0": 951,
        "13": 921,
        "12": 778,
        "37": 722,
        "11": 674,
        "10": 581,
        "38": 460,
        "9": 439,
        "8": 414,
        "39": 386,
        "7": 383,
        "5": 331,
        "6": 311,
        "40": 232,
        "4": 230,
        "3": 199,
        "1": 191,
        "2": 178,
        "41": 156,
        "42": 113,
        "43": 113,
        "45": 53,
        "44": 39,
        "47": 33,
        "46": 30,
        "48": 15,
        "50": 12,
        "49": 12,
        "51": 11,
        "52": 6,
        "60": 3,
        "55": 3,
        "71": 3,
        "63": 2,
        "54": 1,
        "75": 1,
        "57": 1
    },
    "nrows": 82318
}