{
    "column_id": "KDD98/KDD98.csvKDD98.csv/HHN4",
    "dataset_name": "KDD98.csv",
    "dataset_id": "KDD98/KDD98.csv",
    "path": "/home/ubuntu/CatDB-VLDB2025-V1/Experiments/data/KDD98/KDD98.csv",
    "table_name": "KDD98.csv",
    "table_id": "KDD98/KDD98.csvKDD98.csv",
    "column_name": "HHN4",
    "data_source": "KDD98",
    "data_type": "int",
    "total_values_count": 82318,
    "distinct_values_count": 84,
    "missing_values_count": 0,
    "true_ratio": null,
    "min_value": 0.0,
    "max_value": 99.0,
    "mean": 25.61575840034986,
    "median": 25.0,
    "iqr": 13.0,
    "category_values": [
        29,
        25,
        28,
        18,
        33,
        27,
        20,
        14,
        15,
        6,
        22,
        11,
        24,
        41,
        12,
        30,
        32,
        36,
        31,
        0,
        5,
        19,
        13,
        37,
        45,
        26,
        23,
        16,
        21,
        8,
        50,
        34,
        48,
        40,
        43,
        46,
        17,
        53,
        55,
        39,
        57,
        9,
        3,
        44,
        35,
        38,
        42,
        10,
        54,
        61,
        51,
        7,
        47,
        52,
        4,
        71,
        49,
        1,
        2,
        67,
        59,
        62,
        68,
        56,
        64,
        58,
        60,
        65,
        66,
        70,
        69,
        63,
        74,
        78,
        77,
        73,
        99,
        76,
        72,
        75,
        79,
        91,
        82,
        93
    ],
    "embedding": [
        -1.0,
        -1.0,
        -1.0,
        1.0,
        -1.0,
        1.0,
        -1.0,
        -1.0,
        -1.0,
        -1.0,
        1.0,
        -1.0,
        -1.0,
        1.0,
        1.0,
        1.0,
        1.0,
        -1.0,
        1.0,
        -1.0,
        1.0,
        -1.0,
        1.0,
        -1.0,
        1.0,
        -1.0,
        -1.0,
        1.0,
        -1.0,
        -1.0,
        1.0,
        1.0,
        -1.0,
        -1.0,
        -1.0,
        1.0,
        -1.0,
        1.0,
        1.0,
        -1.0,
        -1.0,
        1.0,
        -1.0,
        -1.0,
        -1.0,
        -1.0,
        1.0,
        -1.0,
        -1.0,
        -0.9617929458618164,
        -1.0,
        1.0,
        1.0,
        1.0,
        -1.0,
        1.0,
        1.0,
        1.0,
        -1.0,
        0.9860597848892212,
        -1.0,
        -1.0,
        1.0,
        -1.0,
        1.0,
        -1.0,
        1.0,
        -1.0,
        1.0,
        1.0,
        1.0,
        -1.0,
        -1.0,
        -1.0,
        -1.0,
        1.0,
        1.0,
        1.0,
        1.0,
        1.0,
        1.0,
        1.0,
        1.0,
        -1.0,
        -1.0,
        1.0,
        -1.0,
        1.0,
        1.0,
        1.0,
        -1.0,
        1.0,
        1.0,
        -1.0,
        1.0,
        -1.0,
        1.0,
        -1.0,
        -1.0,
        -1.0,
        -0.9951838850975037,
        -1.0,
        1.0,
        -1.0,
        -1.0,
        1.0,
        1.0,
        1.0,
        -1.0,
        -1.0,
        1.0,
        -1.0,
        -1.0,
        1.0,
        1.0,
        1.0,
        1.0,
        1.0,
        1.0,
        -1.0,
        -1.0,
        1.0,
        -1.0,
        -1.0,
        1.0,
        -1.0,
        -1.0,
        -1.0,
        -1.0,
        1.0,
        -1.0,
        1.0,
        -1.0,
        -1.0,
        1.0,
        -1.0,
        -1.0,
        1.0,
        1.0,
        -1.0,
        1.0,
        1.0,
        1.0,
        -1.0,
        1.0,
        -1.0,
        1.0,
        -1.0,
        -1.0,
        -1.0,
        1.0,
        -1.0,
        1.0,
        -1.0,
        1.0,
        -1.0,
        1.0,
        -1.0,
        1.0,
        -1.0,
        -1.0,
        1.0,
        -1.0,
        -1.0,
        1.0,
        -1.0,
        1.0,
        -1.0,
        -1.0,
        -1.0,
        -1.0,
        -1.0,
        1.0,
        1.0,
        -1.0,
        -1.0,
        1.0,
        -1.0,
        -1.0,
        -1.0,
        1.0,
        -1.0,
        -1.0,
        -1.0,
        1.0,
        -1.0,
        1.0,
        -1.0,
        -1.0,
        -1.0,
        1.0,
        1.0,
        1.0,
        1.0,
        -1.0,
        -1.0,
        1.0,
        -1.0,
        -1.0,
        1.0,
        -1.0,
        1.0,
        -1.0,
        -1.0,
        -1.0,
        -1.0,
        1.0,
        1.0,
        -1.0,
        -1.0,
        -1.0,
        1.0,
        -1.0,
        -1.0,
        -1.0,
        1.0,
        -1.0,
        1.0,
        -1.0,
        -1.0,
        1.0,
        -1.0,
        -1.0,
        1.0,
        -1.0,
        -0.9597049951553345,
        1.0,
        -1.0,
        -1.0,
        -1.0,
        1.0,
        -1.0,
        1.0,
        -1.0,
        -1.0,
        1.0,
        -1.0,
        1.0,
        1.0,
        -1.0,
        1.0,
        -0.9506390690803528,
        1.0,
        -1.0,
        1.0,
        1.0,
        -1.0,
        -1.0,
        -1.0,
        1.0,
        1.0,
        1.0,
        -1.0,
        -1.0,
        -1.0,
        1.0,
        1.0,
        -1.0,
        -1.0,
        -1.0,
        1.0,
        1.0,
        1.0,
        -1.0,
        1.0,
        -1.0,
        -1.0,
        -1.0,
        1.0,
        1.0,
        -0.9942858815193176,
        -1.0,
        -1.0,
        1.0,
        -1.0,
        1.0,
        1.0,
        1.0,
        1.0,
        1.0,
        1.0,
        -1.0,
        1.0,
        1.0,
        1.0,
        -1.0,
        -1.0,
        1.0,
        -1.0,
        -1.0,
        -1.0,
        1.0,
        -1.0,
        -1.0,
        -1.0,
        -1.0,
        -1.0,
        1.0,
        1.0,
        1.0
    ],
    "embedding_scaling_factor": 89.59171295166016,
    "samples": [
        44,
        0,
        21,
        9,
        22,
        21,
        23,
        20,
        16,
        15,
        32,
        15,
        26,
        35,
        17,
        28,
        20,
        27,
        50,
        32,
        39,
        29,
        3,
        71,
        17,
        3,
        26,
        4,
        25,
        6,
        33,
        27,
        37,
        32,
        7,
        33,
        15,
        30,
        39,
        24,
        42,
        19,
        20,
        39,
        29,
        25,
        30,
        25,
        36,
        53,
        30,
        22,
        31,
        33,
        25,
        0,
        30,
        19,
        23,
        38,
        17,
        39,
        28,
        24,
        16,
        17,
        37,
        21,
        22,
        33,
        27,
        27,
        26,
        30,
        31,
        20,
        23,
        25,
        7,
        22,
        39,
        20,
        12,
        39,
        23,
        8,
        18,
        25,
        36,
        25,
        50,
        18,
        29,
        29,
        30,
        33,
        37,
        41,
        28,
        19
    ],
    "category_values_ratio": {
        "25": 3685,
        "27": 3503,
        "23": 3472,
        "26": 3335,
        "24": 3298,
        "28": 3295,
        "29": 3088,
        "22": 3039,
        "30": 2908,
        "21": 2855,
        "31": 2677,
        "19": 2623,
        "20": 2603,
        "32": 2493,
        "33": 2321,
        "18": 2198,
        "17": 2067,
        "34": 2019,
        "16": 1854,
        "35": 1854,
        "15": 1659,
        "36": 1625,
        "14": 1435,
        "37": 1424,
        "38": 1339,
        "13": 1290,
        "39": 1254,
        "12": 1196,
        "11": 1083,
        "40": 1056,
        "0": 1039,
        "10": 984,
        "41": 913,
        "9": 875,
        "8": 759,
        "42": 739,
        "7": 655,
        "43": 643,
        "44": 611,
        "6": 535,
        "45": 518,
        "4": 498,
        "5": 482,
        "46": 429,
        "3": 424,
        "47": 415,
        "2": 383,
        "48": 341,
        "1": 338,
        "49": 292,
        "50": 271,
        "51": 227,
        "52": 214,
        "53": 190,
        "55": 150,
        "54": 148,
        "56": 121,
        "57": 110,
        "59": 68,
        "58": 65,
        "62": 46,
        "60": 42,
        "61": 41,
        "64": 34,
        "65": 26,
        "63": 22,
        "66": 19,
        "68": 15,
        "67": 15,
        "70": 12,
        "71": 11,
        "99": 7,
        "78": 6,
        "74": 6,
        "72": 5,
        "69": 5,
        "76": 4,
        "79": 4,
        "82": 3,
        "73": 3,
        "75": 3,
        "77": 2,
        "91": 1,
        "93": 1
    },
    "nrows": 82318
}