{
    "column_id": "KDD98/KDD98.csvKDD98.csv/TPE10",
    "dataset_name": "KDD98.csv",
    "dataset_id": "KDD98/KDD98.csv",
    "path": "/home/ubuntu/CatDB-VLDB2025-V1/Experiments/data/KDD98/KDD98.csv",
    "table_name": "KDD98.csv",
    "table_id": "KDD98/KDD98.csvKDD98.csv",
    "column_name": "TPE10",
    "data_source": "KDD98",
    "data_type": "int",
    "total_values_count": 82318,
    "distinct_values_count": 64,
    "missing_values_count": 0,
    "true_ratio": null,
    "min_value": 0.0,
    "max_value": 90.0,
    "mean": 19.52441750285478,
    "median": 19.0,
    "iqr": 8.0,
    "category_values": [
        12,
        23,
        5,
        25,
        22,
        19,
        18,
        17,
        13,
        10,
        16,
        21,
        28,
        9,
        26,
        20,
        29,
        14,
        27,
        0,
        11,
        15,
        30,
        31,
        32,
        24,
        8,
        34,
        33,
        41,
        40,
        51,
        36,
        35,
        7,
        37,
        6,
        45,
        90,
        42,
        44,
        48,
        39,
        53,
        47,
        64,
        46,
        38,
        50,
        4,
        3,
        65,
        49,
        55,
        60,
        43,
        56,
        52,
        54,
        1,
        63,
        59,
        73,
        2
    ],
    "embedding": [
        -1.0,
        -1.0,
        -1.0,
        1.0,
        -1.0,
        1.0,
        -1.0,
        -1.0,
        -1.0,
        -1.0,
        1.0,
        -1.0,
        -1.0,
        1.0,
        1.0,
        1.0,
        1.0,
        -1.0,
        1.0,
        -1.0,
        1.0,
        -1.0,
        1.0,
        -1.0,
        1.0,
        -1.0,
        -1.0,
        1.0,
        -1.0,
        -1.0,
        1.0,
        1.0,
        -1.0,
        -1.0,
        -1.0,
        1.0,
        -1.0,
        1.0,
        1.0,
        -1.0,
        -1.0,
        1.0,
        -1.0,
        -1.0,
        -1.0,
        -1.0,
        1.0,
        -1.0,
        -1.0,
        -0.9847201108932495,
        -1.0,
        1.0,
        1.0,
        1.0,
        -1.0,
        1.0,
        1.0,
        1.0,
        -1.0,
        0.9966185092926025,
        -1.0,
        -1.0,
        1.0,
        -1.0,
        1.0,
        -1.0,
        1.0,
        -1.0,
        1.0,
        1.0,
        1.0,
        -1.0,
        -1.0,
        -1.0,
        -1.0,
        1.0,
        1.0,
        1.0,
        1.0,
        1.0,
        1.0,
        1.0,
        1.0,
        -1.0,
        -1.0,
        1.0,
        -1.0,
        1.0,
        1.0,
        1.0,
        -1.0,
        1.0,
        1.0,
        -1.0,
        1.0,
        -1.0,
        1.0,
        -1.0,
        -1.0,
        -1.0,
        -0.9978845715522766,
        -1.0,
        1.0,
        -1.0,
        -1.0,
        1.0,
        1.0,
        1.0,
        -1.0,
        -1.0,
        1.0,
        -1.0,
        -1.0,
        1.0,
        1.0,
        1.0,
        1.0,
        1.0,
        1.0,
        -1.0,
        -1.0,
        1.0,
        -1.0,
        -1.0,
        1.0,
        -1.0,
        -1.0,
        -1.0,
        -1.0,
        1.0,
        -1.0,
        1.0,
        -1.0,
        -1.0,
        1.0,
        -1.0,
        -1.0,
        1.0,
        1.0,
        -1.0,
        1.0,
        1.0,
        1.0,
        -1.0,
        1.0,
        -1.0,
        1.0,
        -1.0,
        -1.0,
        -1.0,
        1.0,
        -1.0,
        1.0,
        -1.0,
        1.0,
        -1.0,
        1.0,
        -1.0,
        1.0,
        -1.0,
        -1.0,
        1.0,
        -1.0,
        -1.0,
        1.0,
        -1.0,
        1.0,
        -1.0,
        -1.0,
        -1.0,
        -1.0,
        -1.0,
        1.0,
        1.0,
        -1.0,
        -1.0,
        1.0,
        -1.0,
        -1.0,
        -1.0,
        1.0,
        -1.0,
        -1.0,
        -1.0,
        1.0,
        -1.0,
        1.0,
        -1.0,
        -1.0,
        -1.0,
        1.0,
        1.0,
        1.0,
        1.0,
        -1.0,
        -1.0,
        1.0,
        -1.0,
        -1.0,
        1.0,
        -1.0,
        1.0,
        -1.0,
        -1.0,
        -1.0,
        -1.0,
        1.0,
        1.0,
        -1.0,
        -1.0,
        -1.0,
        1.0,
        -1.0,
        -1.0,
        -1.0,
        1.0,
        -1.0,
        1.0,
        -1.0,
        -1.0,
        1.0,
        -1.0,
        -1.0,
        1.0,
        -1.0,
        -0.9754918217658997,
        1.0,
        -1.0,
        -1.0,
        -1.0,
        1.0,
        -1.0,
        1.0,
        -1.0,
        -1.0,
        1.0,
        -1.0,
        1.0,
        1.0,
        -1.0,
        1.0,
        -0.975866973400116,
        1.0,
        -1.0,
        1.0,
        1.0,
        -1.0,
        -1.0,
        -1.0,
        1.0,
        1.0,
        1.0,
        -1.0,
        -1.0,
        -1.0,
        1.0,
        1.0,
        -1.0,
        -1.0,
        -1.0,
        1.0,
        1.0,
        1.0,
        -1.0,
        1.0,
        -1.0,
        -1.0,
        -1.0,
        1.0,
        1.0,
        -0.9979466199874878,
        -1.0,
        -1.0,
        1.0,
        -1.0,
        1.0,
        1.0,
        1.0,
        1.0,
        1.0,
        1.0,
        -1.0,
        1.0,
        1.0,
        1.0,
        -1.0,
        -1.0,
        1.0,
        -1.0,
        -1.0,
        -1.0,
        1.0,
        -1.0,
        -1.0,
        -1.0,
        -1.0,
        -1.0,
        1.0,
        1.0,
        1.0
    ],
    "embedding_scaling_factor": 82.4894027709961,
    "samples": [
        22,
        13,
        16,
        19,
        12,
        19,
        26,
        18,
        24,
        21,
        19,
        16,
        17,
        19,
        26,
        18,
        24,
        20,
        13,
        17,
        41,
        30,
        14,
        25,
        16,
        17,
        24,
        20,
        17,
        21,
        7,
        15,
        15,
        21,
        17,
        11,
        28,
        30,
        22,
        10,
        19,
        11,
        25,
        27,
        21,
        24,
        13,
        21,
        30,
        23,
        16,
        11,
        20,
        22,
        17,
        20,
        23,
        12,
        18,
        32,
        18,
        18,
        21,
        32,
        13,
        14,
        20,
        30,
        13,
        18,
        25,
        23,
        23,
        13,
        22,
        21,
        34,
        15,
        9,
        23,
        18,
        23,
        19,
        17,
        30,
        21,
        11,
        12,
        18,
        13,
        24,
        20,
        21,
        27,
        17,
        0,
        22,
        11,
        33,
        21
    ],
    "category_values_ratio": {
        "19": 5992,
        "18": 5968,
        "20": 5726,
        "21": 5639,
        "17": 5549,
        "22": 5493,
        "23": 4831,
        "16": 4666,
        "14": 3972,
        "24": 3880,
        "15": 3803,
        "13": 3422,
        "12": 2762,
        "30": 2573,
        "11": 1916,
        "31": 1689,
        "25": 1643,
        "9": 1597,
        "26": 1486,
        "27": 1309,
        "10": 1227,
        "28": 1140,
        "32": 1049,
        "8": 1035,
        "29": 938,
        "33": 627,
        "0": 541,
        "7": 407,
        "34": 352,
        "6": 143,
        "90": 96,
        "35": 92,
        "40": 66,
        "36": 65,
        "41": 64,
        "5": 63,
        "37": 57,
        "42": 53,
        "38": 46,
        "45": 42,
        "4": 39,
        "39": 36,
        "43": 26,
        "47": 26,
        "48": 23,
        "3": 22,
        "46": 22,
        "44": 19,
        "51": 16,
        "49": 14,
        "60": 10,
        "53": 9,
        "50": 7,
        "52": 6,
        "55": 4,
        "1": 4,
        "59": 4,
        "56": 3,
        "64": 2,
        "65": 2,
        "2": 2,
        "54": 1,
        "63": 1,
        "73": 1
    },
    "nrows": 82318
}