{
    "column_id": "KDD98/KDD98.csvKDD98.csv/HC8",
    "dataset_name": "KDD98.csv",
    "dataset_id": "KDD98/KDD98.csv",
    "path": "/home/ubuntu/CatDB-VLDB2025-V1/Experiments/data/KDD98/KDD98.csv",
    "table_name": "KDD98.csv",
    "table_id": "KDD98/KDD98.csvKDD98.csv",
    "column_name": "HC8",
    "data_source": "KDD98",
    "data_type": "int",
    "total_values_count": 82318,
    "distinct_values_count": 100,
    "missing_values_count": 0,
    "true_ratio": null,
    "min_value": 0.0,
    "max_value": 99.0,
    "mean": 36.053366213950774,
    "median": 29.0,
    "iqr": 52.0,
    "category_values": [
        57,
        0,
        61,
        21,
        52,
        68,
        80,
        12,
        99,
        9,
        4,
        65,
        3,
        8,
        85,
        28,
        86,
        18,
        13,
        62,
        25,
        1,
        63,
        14,
        64,
        37,
        50,
        93,
        43,
        98,
        82,
        30,
        22,
        66,
        81,
        47,
        40,
        36,
        91,
        34,
        56,
        58,
        11,
        2,
        96,
        17,
        16,
        70,
        35,
        23,
        78,
        7,
        5,
        90,
        15,
        46,
        54,
        95,
        6,
        20,
        53,
        27,
        83,
        55,
        19,
        29,
        72,
        44,
        75,
        31,
        92,
        76,
        73,
        87,
        74,
        39,
        38,
        24,
        67,
        45,
        32,
        97,
        60,
        79,
        41,
        89,
        48,
        26,
        59,
        49,
        88,
        42,
        94,
        10,
        69,
        33,
        77,
        51,
        84,
        71
    ],
    "embedding": [
        -1.0,
        -1.0,
        -1.0,
        1.0,
        -1.0,
        1.0,
        -1.0,
        -1.0,
        -1.0,
        -1.0,
        1.0,
        -1.0,
        -1.0,
        1.0,
        1.0,
        1.0,
        1.0,
        -1.0,
        1.0,
        -1.0,
        1.0,
        -1.0,
        1.0,
        -1.0,
        1.0,
        -1.0,
        -1.0,
        1.0,
        -1.0,
        -1.0,
        1.0,
        1.0,
        -1.0,
        -1.0,
        -1.0,
        1.0,
        -1.0,
        1.0,
        1.0,
        -1.0,
        -1.0,
        1.0,
        -1.0,
        -1.0,
        -1.0,
        -1.0,
        1.0,
        -1.0,
        -1.0,
        -0.7777745127677917,
        -1.0,
        1.0,
        1.0,
        1.0,
        -1.0,
        1.0,
        1.0,
        1.0,
        -1.0,
        0.9141708612442017,
        -1.0,
        -1.0,
        1.0,
        -1.0,
        1.0,
        -1.0,
        1.0,
        -1.0,
        1.0,
        1.0,
        1.0,
        -1.0,
        -1.0,
        -1.0,
        -1.0,
        1.0,
        1.0,
        1.0,
        1.0,
        1.0,
        1.0,
        1.0,
        1.0,
        -1.0,
        -1.0,
        1.0,
        -1.0,
        1.0,
        1.0,
        1.0,
        -1.0,
        1.0,
        1.0,
        -1.0,
        1.0,
        -1.0,
        1.0,
        -1.0,
        -1.0,
        -1.0,
        -0.9750466346740723,
        -1.0,
        1.0,
        -1.0,
        -1.0,
        1.0,
        1.0,
        1.0,
        -1.0,
        -1.0,
        1.0,
        -1.0,
        -1.0,
        1.0,
        1.0,
        1.0,
        1.0,
        1.0,
        1.0,
        -1.0,
        -1.0,
        1.0,
        -1.0,
        -1.0,
        1.0,
        -1.0,
        -1.0,
        -1.0,
        -1.0,
        1.0,
        -1.0,
        1.0,
        -1.0,
        -1.0,
        1.0,
        -1.0,
        -1.0,
        1.0,
        1.0,
        -1.0,
        1.0,
        1.0,
        1.0,
        -1.0,
        1.0,
        -1.0,
        1.0,
        -1.0,
        -1.0,
        -1.0,
        1.0,
        -1.0,
        1.0,
        -1.0,
        1.0,
        -1.0,
        1.0,
        -1.0,
        1.0,
        -1.0,
        -1.0,
        1.0,
        -1.0,
        -1.0,
        1.0,
        -1.0,
        1.0,
        -1.0,
        -1.0,
        -1.0,
        -1.0,
        -1.0,
        1.0,
        1.0,
        -1.0,
        -1.0,
        1.0,
        -1.0,
        -1.0,
        -1.0,
        1.0,
        -1.0,
        -1.0,
        -1.0,
        1.0,
        -1.0,
        1.0,
        -1.0,
        -1.0,
        -1.0,
        1.0,
        1.0,
        1.0,
        1.0,
        -1.0,
        -1.0,
        1.0,
        -1.0,
        -1.0,
        1.0,
        -1.0,
        1.0,
        -1.0,
        -1.0,
        -1.0,
        -1.0,
        1.0,
        1.0,
        -1.0,
        -1.0,
        -1.0,
        1.0,
        -1.0,
        -1.0,
        -1.0,
        1.0,
        -1.0,
        1.0,
        -1.0,
        -1.0,
        1.0,
        -1.0,
        -1.0,
        1.0,
        -1.0,
        -0.7761142253875732,
        1.0,
        -1.0,
        -1.0,
        -1.0,
        1.0,
        -1.0,
        1.0,
        -1.0,
        -1.0,
        1.0,
        -1.0,
        1.0,
        1.0,
        -1.0,
        1.0,
        -0.7691314816474915,
        1.0,
        -1.0,
        1.0,
        1.0,
        -1.0,
        -1.0,
        -1.0,
        1.0,
        1.0,
        1.0,
        -1.0,
        -1.0,
        -1.0,
        1.0,
        1.0,
        -1.0,
        -1.0,
        -1.0,
        1.0,
        1.0,
        1.0,
        -1.0,
        1.0,
        -1.0,
        -1.0,
        -1.0,
        1.0,
        1.0,
        -0.9686616659164429,
        -1.0,
        -1.0,
        1.0,
        -1.0,
        1.0,
        1.0,
        1.0,
        1.0,
        1.0,
        1.0,
        -1.0,
        1.0,
        1.0,
        1.0,
        -1.0,
        -1.0,
        1.0,
        -1.0,
        -1.0,
        -1.0,
        1.0,
        -1.0,
        -1.0,
        -1.0,
        -1.0,
        -1.0,
        1.0,
        1.0,
        1.0
    ],
    "embedding_scaling_factor": 185.97047424316406,
    "samples": [
        0,
        0,
        13,
        57,
        32,
        26,
        3,
        51,
        70,
        88,
        42,
        21,
        2,
        35,
        25,
        61,
        29,
        40,
        81,
        88,
        44,
        17,
        1,
        88,
        87,
        5,
        28,
        18,
        2,
        59,
        98,
        22,
        23,
        5,
        30,
        88,
        52,
        0,
        37,
        50,
        0,
        0,
        0,
        93,
        44,
        39,
        8,
        1,
        0,
        6,
        45,
        0,
        99,
        18,
        63,
        40,
        30,
        35,
        41,
        0,
        92,
        0,
        86,
        26,
        85,
        18,
        11,
        26,
        32,
        46,
        18,
        24,
        96,
        32,
        74,
        19,
        18,
        18,
        0,
        18,
        56,
        26,
        6,
        81,
        70,
        32,
        24,
        97,
        0,
        69,
        12,
        0,
        25,
        70,
        94,
        8,
        90,
        23,
        17,
        0
    ],
    "category_values_ratio": {
        "0": 8679,
        "99": 2550,
        "2": 2122,
        "1": 2076,
        "3": 1764,
        "4": 1681,
        "5": 1460,
        "6": 1443,
        "7": 1222,
        "8": 1220,
        "9": 1095,
        "10": 1092,
        "12": 1066,
        "21": 1035,
        "22": 1027,
        "18": 1018,
        "23": 1015,
        "13": 996,
        "11": 965,
        "19": 963,
        "26": 946,
        "17": 940,
        "14": 938,
        "16": 931,
        "15": 926,
        "24": 919,
        "25": 911,
        "30": 898,
        "27": 882,
        "33": 878,
        "20": 874,
        "28": 864,
        "29": 855,
        "31": 853,
        "34": 829,
        "32": 829,
        "38": 807,
        "35": 776,
        "36": 775,
        "37": 775,
        "44": 694,
        "39": 665,
        "42": 660,
        "45": 646,
        "40": 640,
        "41": 634,
        "43": 619,
        "49": 615,
        "53": 613,
        "46": 608,
        "93": 605,
        "94": 596,
        "50": 587,
        "48": 582,
        "52": 579,
        "47": 574,
        "97": 571,
        "51": 566,
        "95": 550,
        "96": 549,
        "57": 544,
        "58": 535,
        "56": 528,
        "63": 528,
        "54": 516,
        "65": 509,
        "92": 507,
        "60": 506,
        "91": 494,
        "88": 493,
        "55": 492,
        "61": 484,
        "67": 482,
        "90": 473,
        "62": 472,
        "70": 471,
        "59": 461,
        "64": 459,
        "80": 457,
        "89": 453,
        "68": 448,
        "81": 448,
        "73": 446,
        "77": 440,
        "69": 437,
        "71": 433,
        "74": 430,
        "78": 428,
        "83": 428,
        "86": 426,
        "82": 422,
        "84": 419,
        "87": 417,
        "85": 416,
        "66": 409,
        "72": 408,
        "76": 398,
        "79": 396,
        "75": 388,
        "98": 369
    },
    "nrows": 82318
}