{
    "column_id": "KDD98/KDD98.csvKDD98.csv/HHD9",
    "dataset_name": "KDD98.csv",
    "dataset_id": "KDD98/KDD98.csv",
    "path": "/home/ubuntu/CatDB-VLDB2025-V1/Experiments/data/KDD98/KDD98.csv",
    "table_name": "KDD98.csv",
    "table_id": "KDD98/KDD98.csvKDD98.csv",
    "column_name": "HHD9",
    "data_source": "KDD98",
    "data_type": "int",
    "total_values_count": 82318,
    "distinct_values_count": 62,
    "missing_values_count": 0,
    "true_ratio": null,
    "min_value": 0.0,
    "max_value": 99.0,
    "mean": 6.235149056099517,
    "median": 5.0,
    "iqr": 5.0,
    "category_values": [
        3,
        2,
        1,
        4,
        6,
        5,
        10,
        7,
        0,
        13,
        12,
        8,
        9,
        11,
        38,
        23,
        35,
        15,
        28,
        14,
        17,
        18,
        16,
        22,
        27,
        19,
        21,
        29,
        36,
        25,
        24,
        26,
        20,
        31,
        46,
        42,
        33,
        30,
        40,
        51,
        32,
        50,
        39,
        34,
        43,
        47,
        60,
        49,
        52,
        41,
        48,
        44,
        55,
        37,
        53,
        54,
        62,
        58,
        61,
        57,
        99,
        56
    ],
    "embedding": [
        -1.0,
        -1.0,
        -1.0,
        1.0,
        -1.0,
        1.0,
        -1.0,
        -1.0,
        -1.0,
        -1.0,
        1.0,
        -1.0,
        -1.0,
        1.0,
        1.0,
        1.0,
        1.0,
        -1.0,
        1.0,
        -1.0,
        1.0,
        -1.0,
        1.0,
        -1.0,
        1.0,
        -1.0,
        -1.0,
        1.0,
        -1.0,
        -1.0,
        1.0,
        1.0,
        -1.0,
        -1.0,
        -1.0,
        1.0,
        -1.0,
        1.0,
        1.0,
        -1.0,
        -1.0,
        1.0,
        -1.0,
        -1.0,
        -1.0,
        -1.0,
        1.0,
        -1.0,
        -1.0,
        -0.7700181603431702,
        -1.0,
        1.0,
        1.0,
        1.0,
        -1.0,
        1.0,
        1.0,
        1.0,
        -1.0,
        0.8475577235221863,
        -1.0,
        -1.0,
        1.0,
        -1.0,
        1.0,
        -1.0,
        1.0,
        -1.0,
        1.0,
        1.0,
        1.0,
        -1.0,
        -1.0,
        -1.0,
        -1.0,
        1.0,
        1.0,
        1.0,
        1.0,
        1.0,
        1.0,
        1.0,
        1.0,
        -1.0,
        -1.0,
        1.0,
        -1.0,
        1.0,
        1.0,
        1.0,
        -1.0,
        1.0,
        1.0,
        -1.0,
        1.0,
        -1.0,
        1.0,
        -1.0,
        -1.0,
        -1.0,
        -0.9758895635604858,
        -1.0,
        1.0,
        -1.0,
        -1.0,
        1.0,
        1.0,
        1.0,
        -1.0,
        -1.0,
        1.0,
        -1.0,
        -1.0,
        1.0,
        1.0,
        1.0,
        1.0,
        1.0,
        1.0,
        -1.0,
        -1.0,
        1.0,
        -1.0,
        -1.0,
        1.0,
        -1.0,
        -1.0,
        -1.0,
        -1.0,
        1.0,
        -1.0,
        1.0,
        -1.0,
        -1.0,
        1.0,
        -1.0,
        -1.0,
        1.0,
        1.0,
        -1.0,
        1.0,
        1.0,
        1.0,
        -1.0,
        1.0,
        -1.0,
        1.0,
        -1.0,
        -1.0,
        -1.0,
        1.0,
        -1.0,
        1.0,
        -1.0,
        1.0,
        -1.0,
        1.0,
        -1.0,
        1.0,
        -1.0,
        -1.0,
        1.0,
        -1.0,
        -1.0,
        1.0,
        -1.0,
        1.0,
        -1.0,
        -1.0,
        -1.0,
        -1.0,
        -1.0,
        1.0,
        1.0,
        -1.0,
        -1.0,
        1.0,
        -1.0,
        -1.0,
        -1.0,
        1.0,
        -1.0,
        -1.0,
        -1.0,
        1.0,
        -1.0,
        1.0,
        -1.0,
        -1.0,
        -1.0,
        1.0,
        1.0,
        1.0,
        1.0,
        -1.0,
        -1.0,
        1.0,
        -1.0,
        -1.0,
        1.0,
        -1.0,
        1.0,
        -1.0,
        -1.0,
        -1.0,
        -1.0,
        1.0,
        1.0,
        -1.0,
        -1.0,
        -1.0,
        1.0,
        -1.0,
        -1.0,
        -1.0,
        1.0,
        -1.0,
        1.0,
        -1.0,
        -1.0,
        1.0,
        -1.0,
        -1.0,
        1.0,
        -1.0,
        -0.7600817084312439,
        1.0,
        -1.0,
        -1.0,
        -1.0,
        1.0,
        -1.0,
        1.0,
        -1.0,
        -1.0,
        1.0,
        -1.0,
        1.0,
        1.0,
        -1.0,
        1.0,
        -0.752681314945221,
        1.0,
        -1.0,
        1.0,
        1.0,
        -1.0,
        -1.0,
        -1.0,
        1.0,
        1.0,
        1.0,
        -1.0,
        -1.0,
        -1.0,
        1.0,
        1.0,
        -1.0,
        -1.0,
        -1.0,
        1.0,
        1.0,
        1.0,
        -1.0,
        1.0,
        -1.0,
        -1.0,
        -1.0,
        1.0,
        1.0,
        -0.9618796706199646,
        -1.0,
        -1.0,
        1.0,
        -1.0,
        1.0,
        1.0,
        1.0,
        1.0,
        1.0,
        1.0,
        -1.0,
        1.0,
        1.0,
        1.0,
        -1.0,
        -1.0,
        1.0,
        -1.0,
        -1.0,
        -1.0,
        1.0,
        -1.0,
        -1.0,
        -1.0,
        -1.0,
        -1.0,
        1.0,
        1.0,
        1.0
    ],
    "embedding_scaling_factor": 609.0055541992188,
    "samples": [
        11,
        9,
        6,
        6,
        8,
        17,
        12,
        4,
        2,
        7,
        10,
        5,
        4,
        19,
        9,
        5,
        5,
        9,
        11,
        4,
        3,
        2,
        5,
        6,
        9,
        7,
        5,
        7,
        6,
        5,
        11,
        5,
        3,
        12,
        8,
        8,
        8,
        4,
        6,
        3,
        5,
        9,
        10,
        8,
        4,
        10,
        5,
        10,
        3,
        2,
        9,
        5,
        5,
        7,
        7,
        19,
        9,
        5,
        5,
        3,
        2,
        4,
        8,
        24,
        4,
        8,
        12,
        4,
        13,
        7,
        10,
        1,
        8,
        5,
        3,
        6,
        5,
        1,
        5,
        17,
        6,
        6,
        3,
        4,
        7,
        4,
        2,
        4,
        26,
        6,
        2,
        1,
        7,
        10,
        7,
        6,
        7,
        12,
        6,
        6
    ],
    "category_values_ratio": {
        "4": 12032,
        "5": 11296,
        "3": 10234,
        "6": 9311,
        "7": 7214,
        "2": 6789,
        "8": 5041,
        "9": 3744,
        "10": 2702,
        "1": 2661,
        "11": 1874,
        "12": 1574,
        "0": 1565,
        "13": 1208,
        "14": 885,
        "15": 663,
        "16": 567,
        "17": 479,
        "18": 346,
        "19": 319,
        "21": 227,
        "20": 225,
        "22": 200,
        "23": 174,
        "24": 143,
        "25": 115,
        "27": 109,
        "26": 107,
        "28": 70,
        "29": 68,
        "31": 53,
        "30": 51,
        "32": 38,
        "35": 33,
        "36": 31,
        "33": 30,
        "38": 25,
        "40": 14,
        "34": 13,
        "39": 10,
        "37": 10,
        "43": 9,
        "44": 9,
        "42": 8,
        "46": 6,
        "41": 6,
        "50": 5,
        "48": 4,
        "49": 3,
        "55": 2,
        "58": 2,
        "53": 2,
        "47": 2,
        "60": 2,
        "52": 1,
        "54": 1,
        "62": 1,
        "51": 1,
        "61": 1,
        "57": 1,
        "99": 1,
        "56": 1
    },
    "nrows": 82318
}