{
    "column_id": "KDD98/KDD98.csvKDD98.csv/CHILC5",
    "dataset_name": "KDD98.csv",
    "dataset_id": "KDD98/KDD98.csv",
    "path": "/home/ubuntu/CatDB-VLDB2025-V1/Experiments/data/KDD98/KDD98.csv",
    "table_name": "KDD98.csv",
    "table_id": "KDD98/KDD98.csvKDD98.csv",
    "column_name": "CHILC5",
    "data_source": "KDD98",
    "data_type": "int",
    "total_values_count": 82318,
    "distinct_values_count": 97,
    "missing_values_count": 0,
    "true_ratio": null,
    "min_value": 0.0,
    "max_value": 99.0,
    "mean": 15.292147525450083,
    "median": 15.0,
    "iqr": 4.0,
    "category_values": [
        18,
        10,
        13,
        17,
        14,
        8,
        21,
        15,
        11,
        12,
        58,
        9,
        16,
        19,
        0,
        26,
        28,
        22,
        20,
        50,
        1,
        23,
        31,
        25,
        7,
        24,
        29,
        27,
        5,
        37,
        33,
        40,
        3,
        30,
        6,
        57,
        34,
        44,
        35,
        32,
        62,
        56,
        4,
        89,
        73,
        99,
        38,
        39,
        67,
        90,
        85,
        71,
        60,
        41,
        46,
        84,
        75,
        61,
        93,
        53,
        51,
        42,
        78,
        55,
        45,
        36,
        47,
        87,
        52,
        76,
        65,
        43,
        72,
        74,
        98,
        49,
        97,
        66,
        48,
        91,
        94,
        80,
        77,
        63,
        88,
        86,
        69,
        79,
        59,
        81,
        83,
        64,
        2,
        92,
        54,
        68,
        82
    ],
    "embedding": [
        -1.0,
        -1.0,
        -1.0,
        1.0,
        -1.0,
        1.0,
        -1.0,
        -1.0,
        -1.0,
        -1.0,
        1.0,
        -1.0,
        -1.0,
        1.0,
        1.0,
        1.0,
        1.0,
        -1.0,
        1.0,
        -1.0,
        1.0,
        -1.0,
        1.0,
        -1.0,
        1.0,
        -1.0,
        -1.0,
        1.0,
        -1.0,
        -1.0,
        1.0,
        1.0,
        -1.0,
        -1.0,
        -1.0,
        1.0,
        -1.0,
        1.0,
        1.0,
        -1.0,
        -1.0,
        1.0,
        -1.0,
        -1.0,
        -1.0,
        -1.0,
        1.0,
        -1.0,
        -1.0,
        -0.9784823060035706,
        -1.0,
        1.0,
        1.0,
        1.0,
        -1.0,
        1.0,
        1.0,
        1.0,
        -1.0,
        0.9971648454666138,
        -1.0,
        -1.0,
        1.0,
        -1.0,
        1.0,
        -1.0,
        1.0,
        -1.0,
        1.0,
        1.0,
        1.0,
        -1.0,
        -1.0,
        -1.0,
        -1.0,
        1.0,
        1.0,
        1.0,
        1.0,
        1.0,
        1.0,
        1.0,
        1.0,
        -1.0,
        -1.0,
        1.0,
        -1.0,
        1.0,
        1.0,
        1.0,
        -1.0,
        1.0,
        1.0,
        -1.0,
        1.0,
        -1.0,
        1.0,
        -1.0,
        -1.0,
        -1.0,
        -0.9975684881210327,
        -1.0,
        1.0,
        -1.0,
        -1.0,
        1.0,
        1.0,
        1.0,
        -1.0,
        -1.0,
        1.0,
        -1.0,
        -1.0,
        1.0,
        1.0,
        1.0,
        1.0,
        1.0,
        1.0,
        -1.0,
        -1.0,
        1.0,
        -1.0,
        -1.0,
        1.0,
        -1.0,
        -1.0,
        -1.0,
        -1.0,
        1.0,
        -1.0,
        1.0,
        -1.0,
        -1.0,
        1.0,
        -1.0,
        -1.0,
        1.0,
        1.0,
        -1.0,
        1.0,
        1.0,
        1.0,
        -1.0,
        1.0,
        -1.0,
        1.0,
        -1.0,
        -1.0,
        -1.0,
        1.0,
        -1.0,
        1.0,
        -1.0,
        1.0,
        -1.0,
        1.0,
        -1.0,
        1.0,
        -1.0,
        -1.0,
        1.0,
        -1.0,
        -1.0,
        1.0,
        -1.0,
        1.0,
        -1.0,
        -1.0,
        -1.0,
        -1.0,
        -1.0,
        1.0,
        1.0,
        -1.0,
        -1.0,
        1.0,
        -1.0,
        -1.0,
        -1.0,
        1.0,
        -1.0,
        -1.0,
        -1.0,
        1.0,
        -1.0,
        1.0,
        -1.0,
        -1.0,
        -1.0,
        1.0,
        1.0,
        1.0,
        1.0,
        -1.0,
        -1.0,
        1.0,
        -1.0,
        -1.0,
        1.0,
        -1.0,
        1.0,
        -1.0,
        -1.0,
        -1.0,
        -1.0,
        1.0,
        1.0,
        -1.0,
        -1.0,
        -1.0,
        1.0,
        -1.0,
        -1.0,
        -1.0,
        1.0,
        -1.0,
        1.0,
        -1.0,
        -1.0,
        1.0,
        -1.0,
        -1.0,
        1.0,
        -1.0,
        -0.9553624391555786,
        1.0,
        -1.0,
        -1.0,
        -1.0,
        1.0,
        -1.0,
        1.0,
        -1.0,
        -1.0,
        1.0,
        -1.0,
        1.0,
        1.0,
        -1.0,
        1.0,
        -0.966395378112793,
        1.0,
        -1.0,
        1.0,
        1.0,
        -1.0,
        -1.0,
        -1.0,
        1.0,
        1.0,
        1.0,
        -1.0,
        -1.0,
        -1.0,
        1.0,
        1.0,
        -1.0,
        -1.0,
        -1.0,
        1.0,
        1.0,
        1.0,
        -1.0,
        1.0,
        -1.0,
        -1.0,
        -1.0,
        1.0,
        1.0,
        -0.9976904392242432,
        -1.0,
        -1.0,
        1.0,
        -1.0,
        1.0,
        1.0,
        1.0,
        1.0,
        1.0,
        1.0,
        -1.0,
        1.0,
        1.0,
        1.0,
        -1.0,
        -1.0,
        1.0,
        -1.0,
        -1.0,
        -1.0,
        1.0,
        -1.0,
        -1.0,
        -1.0,
        -1.0,
        -1.0,
        1.0,
        1.0,
        1.0
    ],
    "embedding_scaling_factor": 128.23390197753906,
    "samples": [
        12,
        21,
        16,
        16,
        22,
        13,
        16,
        15,
        19,
        19,
        16,
        13,
        11,
        14,
        15,
        14,
        14,
        8,
        14,
        15,
        15,
        19,
        24,
        21,
        11,
        16,
        18,
        15,
        15,
        14,
        19,
        19,
        18,
        9,
        8,
        22,
        19,
        8,
        18,
        17,
        32,
        18,
        18,
        21,
        15,
        16,
        20,
        16,
        18,
        16,
        14,
        16,
        17,
        20,
        16,
        11,
        18,
        14,
        15,
        16,
        10,
        13,
        10,
        16,
        11,
        16,
        14,
        14,
        15,
        14,
        14,
        17,
        10,
        16,
        15,
        14,
        14,
        17,
        15,
        16,
        13,
        14,
        18,
        17,
        18,
        16,
        13,
        18,
        15,
        17,
        15,
        17,
        10,
        10,
        16,
        14,
        16,
        19,
        11,
        20
    ],
    "category_values_ratio": {
        "15": 10442,
        "14": 10368,
        "16": 9933,
        "13": 8404,
        "17": 7509,
        "12": 6276,
        "18": 5560,
        "11": 4475,
        "19": 3858,
        "10": 2785,
        "20": 2513,
        "9": 1748,
        "21": 1619,
        "22": 1034,
        "8": 927,
        "0": 789,
        "23": 675,
        "24": 514,
        "7": 481,
        "25": 330,
        "26": 225,
        "6": 225,
        "27": 151,
        "28": 130,
        "5": 120,
        "29": 109,
        "31": 75,
        "1": 65,
        "30": 61,
        "50": 58,
        "32": 57,
        "99": 56,
        "33": 52,
        "34": 51,
        "4": 48,
        "36": 36,
        "35": 35,
        "37": 32,
        "38": 31,
        "40": 28,
        "3": 27,
        "49": 26,
        "46": 23,
        "60": 22,
        "42": 20,
        "41": 20,
        "43": 19,
        "62": 19,
        "52": 17,
        "39": 14,
        "44": 14,
        "58": 13,
        "51": 13,
        "45": 11,
        "67": 11,
        "56": 10,
        "47": 9,
        "55": 9,
        "57": 9,
        "72": 8,
        "48": 8,
        "66": 7,
        "87": 7,
        "2": 7,
        "76": 6,
        "90": 5,
        "80": 5,
        "53": 5,
        "74": 5,
        "68": 4,
        "64": 4,
        "59": 4,
        "61": 4,
        "65": 3,
        "93": 3,
        "89": 3,
        "75": 3,
        "77": 3,
        "84": 3,
        "94": 3,
        "81": 3,
        "97": 2,
        "85": 2,
        "98": 2,
        "78": 2,
        "79": 2,
        "54": 2,
        "86": 2,
        "83": 2,
        "69": 1,
        "88": 1,
        "63": 1,
        "91": 1,
        "73": 1,
        "92": 1,
        "71": 1,
        "82": 1
    },
    "nrows": 82318
}