{
    "column_id": "KDD98/KDD98.csvKDD98.csv/ETH16",
    "dataset_name": "KDD98.csv",
    "dataset_id": "KDD98/KDD98.csv",
    "path": "/home/ubuntu/CatDB-VLDB2025-V1/Experiments/data/KDD98/KDD98.csv",
    "table_name": "KDD98.csv",
    "table_id": "KDD98/KDD98.csvKDD98.csv",
    "column_name": "ETH16",
    "data_source": "KDD98",
    "data_type": "int",
    "total_values_count": 82318,
    "distinct_values_count": 62,
    "missing_values_count": 0,
    "true_ratio": null,
    "min_value": 0.0,
    "max_value": 86.0,
    "mean": 1.5060618576738989,
    "median": 1.0,
    "iqr": 2.0,
    "category_values": [
        0,
        1,
        2,
        3,
        4,
        6,
        5,
        14,
        10,
        7,
        16,
        8,
        15,
        9,
        20,
        21,
        33,
        18,
        44,
        22,
        19,
        27,
        24,
        17,
        28,
        11,
        23,
        39,
        12,
        26,
        54,
        36,
        40,
        13,
        35,
        41,
        29,
        31,
        43,
        37,
        48,
        34,
        32,
        25,
        38,
        86,
        47,
        51,
        30,
        46,
        52,
        42,
        59,
        50,
        81,
        53,
        57,
        45,
        61,
        56,
        70,
        49
    ],
    "embedding": [
        -1.0,
        -1.0,
        -1.0,
        1.0,
        -1.0,
        1.0,
        -1.0,
        -1.0,
        -1.0,
        -1.0,
        1.0,
        -1.0,
        -1.0,
        1.0,
        1.0,
        1.0,
        1.0,
        -1.0,
        1.0,
        -1.0,
        1.0,
        -1.0,
        1.0,
        -1.0,
        1.0,
        -1.0,
        -1.0,
        1.0,
        -1.0,
        -1.0,
        1.0,
        1.0,
        -1.0,
        -1.0,
        -1.0,
        1.0,
        -1.0,
        1.0,
        1.0,
        -1.0,
        -1.0,
        1.0,
        -1.0,
        -1.0,
        -1.0,
        -1.0,
        1.0,
        -1.0,
        -1.0,
        -0.11717575788497925,
        -1.0,
        1.0,
        1.0,
        1.0,
        -1.0,
        1.0,
        1.0,
        1.0,
        -1.0,
        0.6422642469406128,
        -1.0,
        -1.0,
        1.0,
        -1.0,
        1.0,
        -1.0,
        1.0,
        -1.0,
        1.0,
        1.0,
        1.0,
        -1.0,
        -1.0,
        -1.0,
        -1.0,
        1.0,
        1.0,
        1.0,
        1.0,
        1.0,
        1.0,
        1.0,
        1.0,
        -1.0,
        -1.0,
        1.0,
        -1.0,
        1.0,
        1.0,
        1.0,
        -1.0,
        1.0,
        1.0,
        -1.0,
        1.0,
        -1.0,
        1.0,
        -1.0,
        -1.0,
        -1.0,
        -0.8980077505111694,
        -1.0,
        1.0,
        -1.0,
        -1.0,
        1.0,
        1.0,
        1.0,
        -1.0,
        -1.0,
        1.0,
        -1.0,
        -1.0,
        1.0,
        1.0,
        1.0,
        1.0,
        1.0,
        1.0,
        -1.0,
        -1.0,
        1.0,
        -1.0,
        -1.0,
        1.0,
        -1.0,
        -1.0,
        -1.0,
        -1.0,
        1.0,
        -1.0,
        1.0,
        -1.0,
        -1.0,
        1.0,
        -1.0,
        -1.0,
        1.0,
        1.0,
        -1.0,
        1.0,
        1.0,
        1.0,
        -1.0,
        1.0,
        -1.0,
        1.0,
        -1.0,
        -1.0,
        -1.0,
        1.0,
        -1.0,
        1.0,
        -1.0,
        1.0,
        -1.0,
        1.0,
        -1.0,
        1.0,
        -1.0,
        -1.0,
        1.0,
        -1.0,
        -1.0,
        1.0,
        -1.0,
        1.0,
        -1.0,
        -1.0,
        -1.0,
        -1.0,
        -1.0,
        1.0,
        1.0,
        -1.0,
        -1.0,
        1.0,
        -1.0,
        -1.0,
        -1.0,
        1.0,
        -1.0,
        -1.0,
        -1.0,
        1.0,
        -1.0,
        1.0,
        -1.0,
        -1.0,
        -1.0,
        1.0,
        1.0,
        1.0,
        1.0,
        -1.0,
        -1.0,
        1.0,
        -1.0,
        -1.0,
        1.0,
        -1.0,
        1.0,
        -1.0,
        -1.0,
        -1.0,
        -1.0,
        1.0,
        1.0,
        -1.0,
        -1.0,
        -1.0,
        1.0,
        -1.0,
        -1.0,
        -1.0,
        1.0,
        -1.0,
        1.0,
        -1.0,
        -1.0,
        1.0,
        -1.0,
        -1.0,
        1.0,
        -1.0,
        -0.1213059201836586,
        1.0,
        -1.0,
        -1.0,
        -1.0,
        1.0,
        -1.0,
        1.0,
        -1.0,
        -1.0,
        1.0,
        -1.0,
        1.0,
        1.0,
        -1.0,
        1.0,
        -0.0955168828368187,
        1.0,
        -1.0,
        1.0,
        1.0,
        -1.0,
        -1.0,
        -1.0,
        1.0,
        1.0,
        1.0,
        -1.0,
        -1.0,
        -1.0,
        1.0,
        1.0,
        -1.0,
        -1.0,
        -1.0,
        1.0,
        1.0,
        1.0,
        -1.0,
        1.0,
        -1.0,
        -1.0,
        -1.0,
        1.0,
        1.0,
        -0.8708775639533997,
        -1.0,
        -1.0,
        1.0,
        -1.0,
        1.0,
        1.0,
        1.0,
        1.0,
        1.0,
        1.0,
        -1.0,
        1.0,
        1.0,
        1.0,
        -1.0,
        -1.0,
        1.0,
        -1.0,
        -1.0,
        -1.0,
        1.0,
        -1.0,
        -1.0,
        -1.0,
        -1.0,
        -1.0,
        1.0,
        1.0,
        1.0
    ],
    "embedding_scaling_factor": 518.9764404296875,
    "samples": [
        1,
        1,
        1,
        0,
        0,
        0,
        0,
        0,
        0,
        4,
        1,
        1,
        1,
        3,
        0,
        35,
        0,
        0,
        1,
        1,
        0,
        0,
        3,
        2,
        1,
        0,
        2,
        0,
        0,
        1,
        0,
        0,
        17,
        0,
        0,
        0,
        0,
        5,
        2,
        2,
        0,
        0,
        1,
        0,
        0,
        2,
        0,
        1,
        0,
        0,
        0,
        0,
        0,
        0,
        0,
        0,
        0,
        1,
        1,
        1,
        3,
        0,
        1,
        7,
        3,
        1,
        2,
        0,
        1,
        1,
        0,
        0,
        0,
        2,
        1,
        12,
        0,
        1,
        0,
        2,
        0,
        5,
        1,
        1,
        0,
        3,
        1,
        0,
        0,
        2,
        1,
        4,
        1,
        1,
        2,
        0,
        2,
        6,
        1,
        0
    ],
    "category_values_ratio": {
        "0": 36847,
        "1": 22586,
        "2": 9655,
        "3": 4996,
        "4": 2707,
        "5": 1476,
        "6": 952,
        "7": 639,
        "8": 414,
        "9": 296,
        "10": 218,
        "12": 179,
        "11": 165,
        "13": 122,
        "14": 122,
        "15": 112,
        "16": 87,
        "17": 68,
        "19": 63,
        "20": 62,
        "18": 49,
        "21": 45,
        "24": 41,
        "26": 40,
        "22": 35,
        "25": 30,
        "23": 29,
        "28": 25,
        "31": 22,
        "33": 22,
        "32": 20,
        "29": 19,
        "35": 18,
        "27": 13,
        "39": 12,
        "43": 12,
        "40": 11,
        "30": 11,
        "34": 10,
        "37": 10,
        "54": 10,
        "36": 7,
        "48": 6,
        "38": 6,
        "44": 6,
        "46": 6,
        "41": 5,
        "47": 5,
        "53": 4,
        "57": 4,
        "86": 3,
        "42": 3,
        "45": 2,
        "52": 2,
        "56": 2,
        "70": 1,
        "61": 1,
        "59": 1,
        "81": 1,
        "50": 1,
        "51": 1,
        "49": 1
    },
    "nrows": 82318
}