{
    "column_id": "KDD98/KDD98.csvKDD98.csv/LFC10",
    "dataset_name": "KDD98.csv",
    "dataset_id": "KDD98/KDD98.csv",
    "path": "/home/ubuntu/CatDB-VLDB2025-V1/Experiments/data/KDD98/KDD98.csv",
    "table_name": "KDD98.csv",
    "table_id": "KDD98/KDD98.csvKDD98.csv",
    "column_name": "LFC10",
    "data_source": "KDD98",
    "data_type": "int",
    "total_values_count": 82318,
    "distinct_values_count": 89,
    "missing_values_count": 0,
    "true_ratio": null,
    "min_value": 0.0,
    "max_value": 99.0,
    "mean": 6.610474015403678,
    "median": 4.0,
    "iqr": 9.0,
    "category_values": [
        1,
        0,
        3,
        12,
        2,
        36,
        5,
        8,
        4,
        23,
        16,
        13,
        7,
        25,
        6,
        11,
        9,
        14,
        38,
        20,
        71,
        33,
        18,
        17,
        19,
        10,
        22,
        31,
        34,
        43,
        27,
        46,
        15,
        28,
        30,
        39,
        64,
        29,
        21,
        24,
        26,
        47,
        32,
        42,
        61,
        65,
        72,
        44,
        45,
        37,
        57,
        35,
        74,
        40,
        58,
        99,
        63,
        50,
        49,
        66,
        70,
        48,
        56,
        78,
        67,
        76,
        53,
        55,
        41,
        82,
        54,
        81,
        73,
        62,
        51,
        59,
        69,
        68,
        60,
        52,
        80,
        77,
        90,
        84,
        88,
        75,
        79,
        86,
        89
    ],
    "embedding": [
        -1.0,
        -1.0,
        -1.0,
        1.0,
        -1.0,
        1.0,
        -1.0,
        -1.0,
        -1.0,
        -1.0,
        1.0,
        -1.0,
        -1.0,
        1.0,
        1.0,
        1.0,
        1.0,
        -1.0,
        1.0,
        -1.0,
        1.0,
        -1.0,
        1.0,
        -1.0,
        1.0,
        -1.0,
        -1.0,
        1.0,
        -1.0,
        -1.0,
        1.0,
        1.0,
        -1.0,
        -1.0,
        -1.0,
        1.0,
        -1.0,
        1.0,
        1.0,
        -1.0,
        -1.0,
        1.0,
        -1.0,
        -1.0,
        -1.0,
        -1.0,
        1.0,
        -1.0,
        -1.0,
        -0.42528235912323,
        -1.0,
        1.0,
        1.0,
        1.0,
        -1.0,
        1.0,
        1.0,
        1.0,
        -1.0,
        0.7774456739425659,
        -1.0,
        -1.0,
        1.0,
        -1.0,
        1.0,
        -1.0,
        1.0,
        -1.0,
        1.0,
        1.0,
        1.0,
        -1.0,
        -1.0,
        -1.0,
        -1.0,
        1.0,
        1.0,
        1.0,
        1.0,
        1.0,
        1.0,
        1.0,
        1.0,
        -1.0,
        -1.0,
        1.0,
        -1.0,
        1.0,
        1.0,
        1.0,
        -1.0,
        1.0,
        1.0,
        -1.0,
        1.0,
        -1.0,
        1.0,
        -1.0,
        -1.0,
        -1.0,
        -0.9345303177833557,
        -1.0,
        1.0,
        -1.0,
        -1.0,
        1.0,
        1.0,
        1.0,
        -1.0,
        -1.0,
        1.0,
        -1.0,
        -1.0,
        1.0,
        1.0,
        1.0,
        1.0,
        1.0,
        1.0,
        -1.0,
        -1.0,
        1.0,
        -1.0,
        -1.0,
        1.0,
        -1.0,
        -1.0,
        -1.0,
        -1.0,
        1.0,
        -1.0,
        1.0,
        -1.0,
        -1.0,
        1.0,
        -1.0,
        -1.0,
        1.0,
        1.0,
        -1.0,
        1.0,
        1.0,
        1.0,
        -1.0,
        1.0,
        -1.0,
        1.0,
        -1.0,
        -1.0,
        -1.0,
        1.0,
        -1.0,
        1.0,
        -1.0,
        1.0,
        -1.0,
        1.0,
        -1.0,
        1.0,
        -1.0,
        -1.0,
        1.0,
        -1.0,
        -1.0,
        1.0,
        -1.0,
        1.0,
        -1.0,
        -1.0,
        -1.0,
        -1.0,
        -1.0,
        1.0,
        1.0,
        -1.0,
        -1.0,
        1.0,
        -1.0,
        -1.0,
        -1.0,
        1.0,
        -1.0,
        -1.0,
        -1.0,
        1.0,
        -1.0,
        1.0,
        -1.0,
        -1.0,
        -1.0,
        1.0,
        1.0,
        1.0,
        1.0,
        -1.0,
        -1.0,
        1.0,
        -1.0,
        -1.0,
        1.0,
        -1.0,
        1.0,
        -1.0,
        -1.0,
        -1.0,
        -1.0,
        1.0,
        1.0,
        -1.0,
        -1.0,
        -1.0,
        1.0,
        -1.0,
        -1.0,
        -1.0,
        1.0,
        -1.0,
        1.0,
        -1.0,
        -1.0,
        1.0,
        -1.0,
        -1.0,
        1.0,
        -1.0,
        -0.4219183921813965,
        1.0,
        -1.0,
        -1.0,
        -1.0,
        1.0,
        -1.0,
        1.0,
        -1.0,
        -1.0,
        1.0,
        -1.0,
        1.0,
        1.0,
        -1.0,
        1.0,
        -0.403490275144577,
        1.0,
        -1.0,
        1.0,
        1.0,
        -1.0,
        -1.0,
        -1.0,
        1.0,
        1.0,
        1.0,
        -1.0,
        -1.0,
        -1.0,
        1.0,
        1.0,
        -1.0,
        -1.0,
        -1.0,
        1.0,
        1.0,
        1.0,
        -1.0,
        1.0,
        -1.0,
        -1.0,
        -1.0,
        1.0,
        1.0,
        -0.9179802536964417,
        -1.0,
        -1.0,
        1.0,
        -1.0,
        1.0,
        1.0,
        1.0,
        1.0,
        1.0,
        1.0,
        -1.0,
        1.0,
        1.0,
        1.0,
        -1.0,
        -1.0,
        1.0,
        -1.0,
        -1.0,
        -1.0,
        1.0,
        -1.0,
        -1.0,
        -1.0,
        -1.0,
        -1.0,
        1.0,
        1.0,
        1.0
    ],
    "embedding_scaling_factor": 429.1029052734375,
    "samples": [
        5,
        0,
        3,
        3,
        7,
        0,
        10,
        3,
        0,
        9,
        15,
        0,
        11,
        0,
        33,
        0,
        12,
        0,
        1,
        6,
        0,
        12,
        7,
        0,
        3,
        0,
        3,
        0,
        12,
        1,
        2,
        7,
        6,
        0,
        0,
        0,
        12,
        5,
        13,
        7,
        12,
        12,
        0,
        2,
        0,
        18,
        9,
        16,
        0,
        0,
        14,
        6,
        0,
        5,
        4,
        12,
        0,
        0,
        0,
        11,
        16,
        3,
        0,
        22,
        5,
        4,
        0,
        0,
        1,
        19,
        6,
        7,
        3,
        0,
        0,
        12,
        5,
        0,
        9,
        3,
        1,
        0,
        1,
        27,
        0,
        0,
        7,
        1,
        5,
        4,
        1,
        19,
        14,
        6,
        32,
        0,
        0,
        8,
        0,
        0
    ],
    "category_values_ratio": {
        "0": 24195,
        "2": 5789,
        "3": 5587,
        "4": 5169,
        "5": 4632,
        "1": 4142,
        "6": 4016,
        "7": 3578,
        "8": 3071,
        "9": 2598,
        "10": 2247,
        "11": 2119,
        "12": 1625,
        "13": 1565,
        "14": 1283,
        "15": 1206,
        "16": 1045,
        "17": 910,
        "19": 743,
        "18": 687,
        "20": 602,
        "21": 505,
        "22": 451,
        "24": 419,
        "23": 383,
        "26": 325,
        "25": 310,
        "27": 292,
        "28": 231,
        "29": 215,
        "31": 182,
        "30": 172,
        "33": 170,
        "32": 167,
        "34": 134,
        "38": 103,
        "36": 100,
        "35": 91,
        "37": 87,
        "40": 81,
        "43": 78,
        "39": 72,
        "48": 67,
        "42": 66,
        "44": 65,
        "99": 57,
        "41": 57,
        "46": 52,
        "49": 47,
        "47": 46,
        "45": 40,
        "50": 35,
        "51": 32,
        "53": 29,
        "56": 28,
        "54": 28,
        "55": 22,
        "63": 22,
        "52": 19,
        "61": 18,
        "64": 17,
        "58": 16,
        "57": 16,
        "60": 15,
        "66": 15,
        "69": 13,
        "74": 10,
        "67": 10,
        "65": 10,
        "70": 9,
        "78": 9,
        "59": 9,
        "82": 7,
        "80": 6,
        "76": 5,
        "68": 5,
        "71": 5,
        "72": 5,
        "62": 5,
        "90": 4,
        "75": 3,
        "73": 3,
        "77": 3,
        "84": 3,
        "79": 3,
        "81": 2,
        "88": 1,
        "86": 1,
        "89": 1
    },
    "nrows": 82318
}