{
    "column_id": "KDD98/KDD98.csvKDD98.csv/HUPA4",
    "dataset_name": "KDD98.csv",
    "dataset_id": "KDD98/KDD98.csv",
    "path": "/home/ubuntu/CatDB-VLDB2025-V1/Experiments/data/KDD98/KDD98.csv",
    "table_name": "KDD98.csv",
    "table_id": "KDD98/KDD98.csvKDD98.csv",
    "column_name": "HUPA4",
    "data_source": "KDD98",
    "data_type": "int",
    "total_values_count": 82318,
    "distinct_values_count": 96,
    "missing_values_count": 0,
    "true_ratio": null,
    "min_value": 0.0,
    "max_value": 99.0,
    "mean": 11.19079666658568,
    "median": 10.0,
    "iqr": 9.0,
    "category_values": [
        9,
        14,
        7,
        10,
        12,
        2,
        8,
        13,
        17,
        31,
        4,
        15,
        5,
        0,
        21,
        1,
        3,
        11,
        6,
        18,
        19,
        27,
        30,
        26,
        20,
        24,
        42,
        23,
        16,
        28,
        22,
        44,
        39,
        32,
        25,
        29,
        34,
        37,
        57,
        38,
        41,
        35,
        36,
        63,
        61,
        96,
        89,
        51,
        56,
        46,
        47,
        33,
        40,
        78,
        45,
        48,
        49,
        81,
        87,
        93,
        50,
        43,
        92,
        67,
        53,
        69,
        71,
        85,
        68,
        55,
        84,
        86,
        97,
        94,
        72,
        99,
        88,
        70,
        64,
        82,
        52,
        60,
        54,
        74,
        59,
        95,
        77,
        90,
        76,
        62,
        65,
        98,
        79,
        58,
        80,
        73
    ],
    "embedding": [
        -1.0,
        -1.0,
        -1.0,
        1.0,
        -1.0,
        1.0,
        -1.0,
        -1.0,
        -1.0,
        -1.0,
        1.0,
        -1.0,
        -1.0,
        1.0,
        1.0,
        1.0,
        1.0,
        -1.0,
        1.0,
        -1.0,
        1.0,
        -1.0,
        1.0,
        -1.0,
        1.0,
        -1.0,
        -1.0,
        1.0,
        -1.0,
        -1.0,
        1.0,
        1.0,
        -1.0,
        -1.0,
        -1.0,
        1.0,
        -1.0,
        1.0,
        1.0,
        -1.0,
        -1.0,
        1.0,
        -1.0,
        -1.0,
        -1.0,
        -1.0,
        1.0,
        -1.0,
        -1.0,
        -0.8728821277618408,
        -1.0,
        1.0,
        1.0,
        1.0,
        -1.0,
        1.0,
        1.0,
        1.0,
        -1.0,
        0.9259225726127625,
        -1.0,
        -1.0,
        1.0,
        -1.0,
        1.0,
        -1.0,
        1.0,
        -1.0,
        1.0,
        1.0,
        1.0,
        -1.0,
        -1.0,
        -1.0,
        -1.0,
        1.0,
        1.0,
        1.0,
        1.0,
        1.0,
        1.0,
        1.0,
        1.0,
        -1.0,
        -1.0,
        1.0,
        -1.0,
        1.0,
        1.0,
        1.0,
        -1.0,
        1.0,
        1.0,
        -1.0,
        1.0,
        -1.0,
        1.0,
        -1.0,
        -1.0,
        -1.0,
        -0.9863864779472351,
        -1.0,
        1.0,
        -1.0,
        -1.0,
        1.0,
        1.0,
        1.0,
        -1.0,
        -1.0,
        1.0,
        -1.0,
        -1.0,
        1.0,
        1.0,
        1.0,
        1.0,
        1.0,
        1.0,
        -1.0,
        -1.0,
        1.0,
        -1.0,
        -1.0,
        1.0,
        -1.0,
        -1.0,
        -1.0,
        -1.0,
        1.0,
        -1.0,
        1.0,
        -1.0,
        -1.0,
        1.0,
        -1.0,
        -1.0,
        1.0,
        1.0,
        -1.0,
        1.0,
        1.0,
        1.0,
        -1.0,
        1.0,
        -1.0,
        1.0,
        -1.0,
        -1.0,
        -1.0,
        1.0,
        -1.0,
        1.0,
        -1.0,
        1.0,
        -1.0,
        1.0,
        -1.0,
        1.0,
        -1.0,
        -1.0,
        1.0,
        -1.0,
        -1.0,
        1.0,
        -1.0,
        1.0,
        -1.0,
        -1.0,
        -1.0,
        -1.0,
        -1.0,
        1.0,
        1.0,
        -1.0,
        -1.0,
        1.0,
        -1.0,
        -1.0,
        -1.0,
        1.0,
        -1.0,
        -1.0,
        -1.0,
        1.0,
        -1.0,
        1.0,
        -1.0,
        -1.0,
        -1.0,
        1.0,
        1.0,
        1.0,
        1.0,
        -1.0,
        -1.0,
        1.0,
        -1.0,
        -1.0,
        1.0,
        -1.0,
        1.0,
        -1.0,
        -1.0,
        -1.0,
        -1.0,
        1.0,
        1.0,
        -1.0,
        -1.0,
        -1.0,
        1.0,
        -1.0,
        -1.0,
        -1.0,
        1.0,
        -1.0,
        1.0,
        -1.0,
        -1.0,
        1.0,
        -1.0,
        -1.0,
        1.0,
        -1.0,
        -0.8566440939903259,
        1.0,
        -1.0,
        -1.0,
        -1.0,
        1.0,
        -1.0,
        1.0,
        -1.0,
        -1.0,
        1.0,
        -1.0,
        1.0,
        1.0,
        -1.0,
        1.0,
        -0.8558164238929749,
        1.0,
        -1.0,
        1.0,
        1.0,
        -1.0,
        -1.0,
        -1.0,
        1.0,
        1.0,
        1.0,
        -1.0,
        -1.0,
        -1.0,
        1.0,
        1.0,
        -1.0,
        -1.0,
        -1.0,
        1.0,
        1.0,
        1.0,
        -1.0,
        1.0,
        -1.0,
        -1.0,
        -1.0,
        1.0,
        1.0,
        -0.9799176454544067,
        -1.0,
        -1.0,
        1.0,
        -1.0,
        1.0,
        1.0,
        1.0,
        1.0,
        1.0,
        1.0,
        -1.0,
        1.0,
        1.0,
        1.0,
        -1.0,
        -1.0,
        1.0,
        -1.0,
        -1.0,
        -1.0,
        1.0,
        -1.0,
        -1.0,
        -1.0,
        -1.0,
        -1.0,
        1.0,
        1.0,
        1.0
    ],
    "embedding_scaling_factor": 380.2207336425781,
    "samples": [
        5,
        7,
        10,
        12,
        20,
        9,
        11,
        11,
        22,
        7,
        5,
        13,
        7,
        9,
        26,
        12,
        7,
        22,
        7,
        67,
        26,
        15,
        5,
        5,
        0,
        2,
        9,
        18,
        4,
        4,
        2,
        8,
        21,
        8,
        51,
        10,
        8,
        15,
        3,
        10,
        1,
        29,
        14,
        13,
        7,
        4,
        7,
        45,
        7,
        11,
        5,
        4,
        16,
        9,
        1,
        23,
        9,
        6,
        19,
        2,
        10,
        39,
        0,
        5,
        3,
        8,
        5,
        10,
        19,
        12,
        2,
        23,
        14,
        17,
        19,
        15,
        16,
        12,
        14,
        2,
        9,
        10,
        21,
        22,
        4,
        8,
        14,
        6,
        8,
        4,
        10,
        5,
        5,
        9,
        2,
        27,
        19,
        11,
        11,
        6
    ],
    "category_values_ratio": {
        "9": 5281,
        "8": 5265,
        "7": 5090,
        "6": 4989,
        "10": 4975,
        "11": 4640,
        "5": 4559,
        "12": 4316,
        "13": 4240,
        "4": 4111,
        "14": 3527,
        "3": 3491,
        "15": 3196,
        "2": 2894,
        "16": 2624,
        "17": 2268,
        "18": 1942,
        "1": 1887,
        "19": 1696,
        "0": 1653,
        "20": 1326,
        "21": 1300,
        "22": 1084,
        "23": 843,
        "24": 727,
        "25": 668,
        "26": 533,
        "27": 440,
        "28": 378,
        "30": 318,
        "29": 307,
        "31": 251,
        "32": 204,
        "34": 157,
        "33": 150,
        "35": 122,
        "38": 98,
        "39": 93,
        "36": 92,
        "37": 84,
        "40": 54,
        "42": 48,
        "41": 46,
        "43": 30,
        "45": 26,
        "44": 25,
        "46": 21,
        "47": 18,
        "48": 13,
        "50": 13,
        "49": 12,
        "99": 12,
        "56": 11,
        "51": 11,
        "67": 8,
        "59": 7,
        "54": 7,
        "80": 6,
        "68": 6,
        "61": 6,
        "63": 6,
        "62": 5,
        "78": 5,
        "95": 5,
        "69": 5,
        "53": 5,
        "82": 5,
        "57": 5,
        "92": 4,
        "55": 4,
        "89": 4,
        "86": 4,
        "97": 4,
        "72": 4,
        "77": 4,
        "70": 4,
        "74": 4,
        "94": 4,
        "88": 4,
        "64": 3,
        "58": 3,
        "65": 3,
        "96": 3,
        "76": 3,
        "81": 3,
        "52": 2,
        "85": 2,
        "87": 2,
        "71": 2,
        "93": 2,
        "90": 1,
        "60": 1,
        "98": 1,
        "79": 1,
        "84": 1,
        "73": 1
    },
    "nrows": 82318
}