{
    "column_id": "KDD98/KDD98.csvKDD98.csv/NUMPRM12",
    "dataset_name": "KDD98.csv",
    "dataset_id": "KDD98/KDD98.csv",
    "path": "/home/ubuntu/CatDB-VLDB2025-V1/Experiments/data/KDD98/KDD98.csv",
    "table_name": "KDD98.csv",
    "table_id": "KDD98/KDD98.csvKDD98.csv",
    "column_name": "NUMPRM12",
    "data_source": "KDD98",
    "data_type": "int",
    "total_values_count": 82318,
    "distinct_values_count": 61,
    "missing_values_count": 0,
    "true_ratio": null,
    "min_value": 1.0,
    "max_value": 76.0,
    "mean": 12.891178114142715,
    "median": 12.0,
    "iqr": 2.0,
    "category_values": [
        14,
        13,
        12,
        15,
        17,
        27,
        19,
        11,
        4,
        6,
        10,
        8,
        7,
        25,
        9,
        45,
        16,
        29,
        39,
        41,
        21,
        32,
        18,
        37,
        31,
        28,
        24,
        20,
        5,
        26,
        33,
        35,
        22,
        30,
        23,
        38,
        34,
        40,
        50,
        43,
        3,
        36,
        42,
        57,
        52,
        46,
        68,
        53,
        51,
        47,
        49,
        44,
        48,
        2,
        1,
        61,
        65,
        59,
        58,
        76,
        56
    ],
    "embedding": [
        -1.0,
        -1.0,
        -1.0,
        1.0,
        -1.0,
        1.0,
        -1.0,
        -1.0,
        -1.0,
        -1.0,
        1.0,
        -1.0,
        -1.0,
        1.0,
        1.0,
        1.0,
        1.0,
        -1.0,
        1.0,
        -1.0,
        1.0,
        -1.0,
        1.0,
        -1.0,
        1.0,
        -1.0,
        -1.0,
        1.0,
        -1.0,
        -1.0,
        1.0,
        1.0,
        -1.0,
        -1.0,
        -1.0,
        1.0,
        -1.0,
        1.0,
        1.0,
        -1.0,
        -1.0,
        1.0,
        -1.0,
        -1.0,
        -1.0,
        -1.0,
        1.0,
        -1.0,
        -1.0,
        -0.9794984459877014,
        -1.0,
        1.0,
        1.0,
        1.0,
        -1.0,
        1.0,
        1.0,
        1.0,
        -1.0,
        0.9993973970413208,
        -1.0,
        -1.0,
        1.0,
        -1.0,
        1.0,
        -1.0,
        1.0,
        -1.0,
        1.0,
        1.0,
        1.0,
        -1.0,
        -1.0,
        -1.0,
        -1.0,
        1.0,
        1.0,
        1.0,
        1.0,
        1.0,
        1.0,
        1.0,
        1.0,
        -1.0,
        -1.0,
        1.0,
        -1.0,
        1.0,
        1.0,
        1.0,
        -1.0,
        1.0,
        1.0,
        -1.0,
        1.0,
        -1.0,
        1.0,
        -1.0,
        -1.0,
        -1.0,
        -0.9985976219177246,
        -1.0,
        1.0,
        -1.0,
        -1.0,
        1.0,
        1.0,
        1.0,
        -1.0,
        -1.0,
        1.0,
        -1.0,
        -1.0,
        1.0,
        1.0,
        1.0,
        1.0,
        1.0,
        1.0,
        -1.0,
        -1.0,
        1.0,
        -1.0,
        -1.0,
        1.0,
        -1.0,
        -1.0,
        -1.0,
        -1.0,
        1.0,
        -1.0,
        1.0,
        -1.0,
        -1.0,
        1.0,
        -1.0,
        -1.0,
        1.0,
        1.0,
        -1.0,
        1.0,
        1.0,
        1.0,
        -1.0,
        1.0,
        -1.0,
        1.0,
        -1.0,
        -1.0,
        -1.0,
        1.0,
        -1.0,
        1.0,
        -1.0,
        1.0,
        -1.0,
        1.0,
        -1.0,
        1.0,
        -1.0,
        -1.0,
        1.0,
        -1.0,
        -1.0,
        1.0,
        -1.0,
        1.0,
        -1.0,
        -1.0,
        -1.0,
        -1.0,
        -1.0,
        1.0,
        1.0,
        -1.0,
        -1.0,
        1.0,
        -1.0,
        -1.0,
        -1.0,
        1.0,
        -1.0,
        -1.0,
        -1.0,
        1.0,
        -1.0,
        1.0,
        -1.0,
        -1.0,
        -1.0,
        1.0,
        1.0,
        1.0,
        1.0,
        -1.0,
        -1.0,
        1.0,
        -1.0,
        -1.0,
        1.0,
        -1.0,
        1.0,
        -1.0,
        -1.0,
        -1.0,
        -1.0,
        1.0,
        1.0,
        -1.0,
        -1.0,
        -1.0,
        1.0,
        -1.0,
        -1.0,
        -1.0,
        1.0,
        -1.0,
        1.0,
        -1.0,
        -1.0,
        1.0,
        -1.0,
        -1.0,
        1.0,
        -1.0,
        -0.9230458736419678,
        1.0,
        -1.0,
        -1.0,
        -1.0,
        1.0,
        -1.0,
        1.0,
        -1.0,
        -1.0,
        1.0,
        -1.0,
        1.0,
        1.0,
        -1.0,
        1.0,
        -0.9521938562393188,
        1.0,
        -1.0,
        1.0,
        1.0,
        -1.0,
        -1.0,
        -1.0,
        1.0,
        1.0,
        1.0,
        -1.0,
        -1.0,
        -1.0,
        1.0,
        1.0,
        -1.0,
        -1.0,
        -1.0,
        1.0,
        1.0,
        1.0,
        -1.0,
        1.0,
        -1.0,
        -1.0,
        -1.0,
        1.0,
        1.0,
        -0.9988956451416016,
        -1.0,
        -1.0,
        1.0,
        -1.0,
        1.0,
        1.0,
        1.0,
        1.0,
        1.0,
        1.0,
        -1.0,
        1.0,
        1.0,
        1.0,
        -1.0,
        -1.0,
        1.0,
        -1.0,
        -1.0,
        -1.0,
        1.0,
        -1.0,
        -1.0,
        -1.0,
        -1.0,
        -1.0,
        1.0,
        1.0,
        1.0
    ],
    "embedding_scaling_factor": 288.8627014160156,
    "samples": [
        10,
        10,
        10,
        10,
        13,
        19,
        13,
        8,
        12,
        13,
        5,
        10,
        12,
        12,
        11,
        14,
        9,
        37,
        15,
        13,
        14,
        17,
        12,
        13,
        12,
        14,
        8,
        18,
        10,
        9,
        10,
        12,
        16,
        11,
        12,
        7,
        13,
        12,
        12,
        12,
        11,
        13,
        13,
        11,
        9,
        8,
        13,
        11,
        12,
        12,
        12,
        43,
        11,
        11,
        27,
        13,
        10,
        12,
        12,
        11,
        10,
        10,
        13,
        13,
        12,
        13,
        13,
        11,
        10,
        14,
        7,
        13,
        10,
        11,
        5,
        10,
        13,
        14,
        14,
        13,
        8,
        13,
        12,
        14,
        31,
        8,
        12,
        11,
        12,
        12,
        28,
        11,
        12,
        24,
        33,
        8,
        12,
        12,
        12,
        13
    ],
    "category_values_ratio": {
        "13": 21240,
        "12": 15730,
        "11": 9243,
        "10": 8564,
        "14": 8106,
        "9": 3254,
        "15": 3041,
        "8": 2456,
        "7": 1787,
        "16": 959,
        "6": 794,
        "17": 439,
        "26": 409,
        "29": 397,
        "5": 390,
        "28": 381,
        "18": 371,
        "27": 365,
        "21": 352,
        "19": 350,
        "4": 348,
        "30": 338,
        "25": 336,
        "20": 335,
        "24": 323,
        "23": 315,
        "22": 312,
        "31": 279,
        "32": 225,
        "33": 181,
        "34": 130,
        "35": 118,
        "36": 76,
        "37": 59,
        "38": 54,
        "39": 52,
        "40": 31,
        "3": 24,
        "41": 23,
        "42": 22,
        "2": 15,
        "43": 15,
        "45": 14,
        "44": 11,
        "47": 11,
        "46": 9,
        "49": 6,
        "48": 5,
        "51": 4,
        "50": 4,
        "53": 3,
        "59": 2,
        "58": 2,
        "68": 1,
        "52": 1,
        "57": 1,
        "1": 1,
        "61": 1,
        "65": 1,
        "76": 1,
        "56": 1
    },
    "nrows": 82318
}