{
    "column_id": "KDD98/KDD98.csvKDD98.csv/STATEGOV",
    "dataset_name": "KDD98.csv",
    "dataset_id": "KDD98/KDD98.csv",
    "path": "/home/ubuntu/CatDB-VLDB2025-V1/Experiments/data/KDD98/KDD98.csv",
    "table_name": "KDD98.csv",
    "table_id": "KDD98/KDD98.csvKDD98.csv",
    "column_name": "STATEGOV",
    "data_source": "KDD98",
    "data_type": "int",
    "total_values_count": 82318,
    "distinct_values_count": 62,
    "missing_values_count": 0,
    "true_ratio": null,
    "min_value": 0.0,
    "max_value": 99.0,
    "mean": 4.600111761704609,
    "median": 3.0,
    "iqr": 5.0,
    "category_values": [
        1,
        5,
        2,
        7,
        4,
        3,
        20,
        10,
        0,
        6,
        16,
        19,
        9,
        11,
        12,
        34,
        8,
        18,
        14,
        13,
        17,
        24,
        60,
        15,
        23,
        26,
        29,
        28,
        31,
        38,
        25,
        21,
        30,
        22,
        39,
        49,
        40,
        33,
        47,
        35,
        55,
        27,
        37,
        52,
        36,
        50,
        43,
        42,
        48,
        32,
        99,
        58,
        44,
        56,
        45,
        46,
        51,
        41,
        61,
        65,
        73,
        57
    ],
    "embedding": [
        -1.0,
        -1.0,
        -1.0,
        1.0,
        -1.0,
        1.0,
        -1.0,
        -1.0,
        -1.0,
        -1.0,
        1.0,
        -1.0,
        -1.0,
        1.0,
        1.0,
        1.0,
        1.0,
        -1.0,
        1.0,
        -1.0,
        1.0,
        -1.0,
        1.0,
        -1.0,
        1.0,
        -1.0,
        -1.0,
        1.0,
        -1.0,
        -1.0,
        1.0,
        1.0,
        -1.0,
        -1.0,
        -1.0,
        1.0,
        -1.0,
        1.0,
        1.0,
        -1.0,
        -1.0,
        1.0,
        -1.0,
        -1.0,
        -1.0,
        -1.0,
        1.0,
        -1.0,
        -1.0,
        -0.4805687665939331,
        -1.0,
        1.0,
        1.0,
        1.0,
        -1.0,
        1.0,
        1.0,
        1.0,
        -1.0,
        0.6997951865196228,
        -1.0,
        -1.0,
        1.0,
        -1.0,
        1.0,
        -1.0,
        1.0,
        -1.0,
        1.0,
        1.0,
        1.0,
        -1.0,
        -1.0,
        -1.0,
        -1.0,
        1.0,
        1.0,
        1.0,
        1.0,
        1.0,
        1.0,
        1.0,
        1.0,
        -1.0,
        -1.0,
        1.0,
        -1.0,
        1.0,
        1.0,
        1.0,
        -1.0,
        1.0,
        1.0,
        -1.0,
        1.0,
        -1.0,
        1.0,
        -1.0,
        -1.0,
        -1.0,
        -0.9411726593971252,
        -1.0,
        1.0,
        -1.0,
        -1.0,
        1.0,
        1.0,
        1.0,
        -1.0,
        -1.0,
        1.0,
        -1.0,
        -1.0,
        1.0,
        1.0,
        1.0,
        1.0,
        1.0,
        1.0,
        -1.0,
        -1.0,
        1.0,
        -1.0,
        -1.0,
        1.0,
        -1.0,
        -1.0,
        -1.0,
        -1.0,
        1.0,
        -1.0,
        1.0,
        -1.0,
        -1.0,
        1.0,
        -1.0,
        -1.0,
        1.0,
        1.0,
        -1.0,
        1.0,
        1.0,
        1.0,
        -1.0,
        1.0,
        -1.0,
        1.0,
        -1.0,
        -1.0,
        -1.0,
        1.0,
        -1.0,
        1.0,
        -1.0,
        1.0,
        -1.0,
        1.0,
        -1.0,
        1.0,
        -1.0,
        -1.0,
        1.0,
        -1.0,
        -1.0,
        1.0,
        -1.0,
        1.0,
        -1.0,
        -1.0,
        -1.0,
        -1.0,
        -1.0,
        1.0,
        1.0,
        -1.0,
        -1.0,
        1.0,
        -1.0,
        -1.0,
        -1.0,
        1.0,
        -1.0,
        -1.0,
        -1.0,
        1.0,
        -1.0,
        1.0,
        -1.0,
        -1.0,
        -1.0,
        1.0,
        1.0,
        1.0,
        1.0,
        -1.0,
        -1.0,
        1.0,
        -1.0,
        -1.0,
        1.0,
        -1.0,
        1.0,
        -1.0,
        -1.0,
        -1.0,
        -1.0,
        1.0,
        1.0,
        -1.0,
        -1.0,
        -1.0,
        1.0,
        -1.0,
        -1.0,
        -1.0,
        1.0,
        -1.0,
        1.0,
        -1.0,
        -1.0,
        1.0,
        -1.0,
        -1.0,
        1.0,
        -1.0,
        -0.4763334095478058,
        1.0,
        -1.0,
        -1.0,
        -1.0,
        1.0,
        -1.0,
        1.0,
        -1.0,
        -1.0,
        1.0,
        -1.0,
        1.0,
        1.0,
        -1.0,
        1.0,
        -0.4615781903266907,
        1.0,
        -1.0,
        1.0,
        1.0,
        -1.0,
        -1.0,
        -1.0,
        1.0,
        1.0,
        1.0,
        -1.0,
        -1.0,
        -1.0,
        1.0,
        1.0,
        -1.0,
        -1.0,
        -1.0,
        1.0,
        1.0,
        1.0,
        -1.0,
        1.0,
        -1.0,
        -1.0,
        -1.0,
        1.0,
        1.0,
        -0.9149473905563354,
        -1.0,
        -1.0,
        1.0,
        -1.0,
        1.0,
        1.0,
        1.0,
        1.0,
        1.0,
        1.0,
        -1.0,
        1.0,
        1.0,
        1.0,
        -1.0,
        -1.0,
        1.0,
        -1.0,
        -1.0,
        -1.0,
        1.0,
        -1.0,
        -1.0,
        -1.0,
        -1.0,
        -1.0,
        1.0,
        1.0,
        1.0
    ],
    "embedding_scaling_factor": 799.8352661132812,
    "samples": [
        1,
        6,
        13,
        4,
        4,
        3,
        8,
        1,
        5,
        15,
        1,
        19,
        3,
        2,
        0,
        3,
        12,
        2,
        0,
        3,
        9,
        3,
        7,
        1,
        4,
        16,
        1,
        0,
        2,
        1,
        5,
        2,
        6,
        6,
        9,
        1,
        2,
        8,
        1,
        1,
        15,
        11,
        0,
        6,
        9,
        3,
        3,
        0,
        3,
        2,
        5,
        2,
        4,
        3,
        6,
        5,
        7,
        2,
        2,
        1,
        3,
        2,
        3,
        21,
        4,
        3,
        4,
        0,
        5,
        3,
        14,
        0,
        8,
        4,
        2,
        2,
        2,
        2,
        6,
        5,
        0,
        8,
        2,
        9,
        4,
        4,
        4,
        5,
        5,
        6,
        0,
        2,
        2,
        9,
        2,
        0,
        3,
        0,
        2,
        4
    ],
    "category_values_ratio": {
        "0": 12262,
        "2": 11969,
        "3": 10991,
        "1": 8917,
        "4": 8475,
        "5": 6392,
        "6": 4895,
        "7": 3810,
        "8": 2956,
        "9": 2189,
        "10": 1740,
        "11": 1387,
        "12": 1001,
        "13": 852,
        "14": 692,
        "15": 524,
        "16": 469,
        "17": 403,
        "18": 315,
        "19": 286,
        "20": 216,
        "21": 202,
        "22": 163,
        "25": 121,
        "24": 114,
        "23": 112,
        "26": 111,
        "27": 103,
        "28": 83,
        "30": 66,
        "29": 57,
        "32": 55,
        "31": 52,
        "33": 48,
        "34": 47,
        "36": 32,
        "40": 26,
        "38": 23,
        "35": 23,
        "37": 19,
        "39": 18,
        "50": 13,
        "42": 11,
        "41": 11,
        "44": 10,
        "43": 9,
        "46": 8,
        "47": 6,
        "45": 5,
        "48": 4,
        "55": 3,
        "51": 3,
        "49": 3,
        "58": 3,
        "56": 3,
        "61": 2,
        "60": 2,
        "52": 2,
        "99": 1,
        "65": 1,
        "73": 1,
        "57": 1
    },
    "nrows": 82318
}