{
    "column_id": "KDD98/KDD98.csvKDD98.csv/TPE13",
    "dataset_name": "KDD98.csv",
    "dataset_id": "KDD98/KDD98.csv",
    "path": "/home/ubuntu/CatDB-VLDB2025-V1/Experiments/data/KDD98/KDD98.csv",
    "table_name": "KDD98.csv",
    "table_id": "KDD98/KDD98.csvKDD98.csv",
    "column_name": "TPE13",
    "data_source": "KDD98",
    "data_type": "int",
    "total_values_count": 82318,
    "distinct_values_count": 100,
    "missing_values_count": 0,
    "true_ratio": null,
    "min_value": 0.0,
    "max_value": 99.0,
    "mean": 60.14754974610656,
    "median": 64.0,
    "iqr": 23.0,
    "category_values": [
        39,
        79,
        42,
        76,
        58,
        82,
        67,
        66,
        36,
        64,
        38,
        68,
        35,
        73,
        43,
        62,
        60,
        34,
        78,
        31,
        49,
        70,
        55,
        0,
        84,
        81,
        69,
        26,
        46,
        57,
        77,
        75,
        71,
        33,
        87,
        45,
        53,
        59,
        83,
        72,
        41,
        32,
        50,
        61,
        74,
        54,
        86,
        63,
        52,
        80,
        19,
        65,
        56,
        37,
        40,
        30,
        48,
        90,
        25,
        51,
        92,
        18,
        21,
        88,
        16,
        20,
        85,
        44,
        23,
        29,
        47,
        96,
        13,
        27,
        28,
        24,
        22,
        89,
        14,
        94,
        15,
        91,
        99,
        95,
        17,
        93,
        11,
        8,
        12,
        10,
        5,
        98,
        9,
        97,
        7,
        2,
        4,
        6,
        3,
        1
    ],
    "embedding": [
        -1.0,
        -1.0,
        -1.0,
        1.0,
        -1.0,
        1.0,
        -1.0,
        -1.0,
        -1.0,
        -1.0,
        1.0,
        -1.0,
        -1.0,
        1.0,
        1.0,
        1.0,
        1.0,
        -1.0,
        1.0,
        -1.0,
        1.0,
        -1.0,
        1.0,
        -1.0,
        1.0,
        -1.0,
        -1.0,
        1.0,
        -1.0,
        -1.0,
        1.0,
        1.0,
        -1.0,
        -1.0,
        -1.0,
        1.0,
        -1.0,
        1.0,
        1.0,
        -1.0,
        -1.0,
        1.0,
        -1.0,
        -1.0,
        -1.0,
        -1.0,
        1.0,
        -1.0,
        -1.0,
        -0.9678739905357361,
        -1.0,
        1.0,
        1.0,
        1.0,
        -1.0,
        1.0,
        1.0,
        1.0,
        -1.0,
        0.9959807991981506,
        -1.0,
        -1.0,
        1.0,
        -1.0,
        1.0,
        -1.0,
        1.0,
        -1.0,
        1.0,
        1.0,
        1.0,
        -1.0,
        -1.0,
        -1.0,
        -1.0,
        1.0,
        1.0,
        1.0,
        1.0,
        1.0,
        1.0,
        1.0,
        1.0,
        -1.0,
        -1.0,
        1.0,
        -1.0,
        1.0,
        1.0,
        1.0,
        -1.0,
        1.0,
        1.0,
        -1.0,
        1.0,
        -1.0,
        1.0,
        -1.0,
        -1.0,
        -1.0,
        -0.9981516599655151,
        -1.0,
        1.0,
        -1.0,
        -1.0,
        1.0,
        1.0,
        1.0,
        -1.0,
        -1.0,
        1.0,
        -1.0,
        -1.0,
        1.0,
        1.0,
        1.0,
        1.0,
        1.0,
        1.0,
        -1.0,
        -1.0,
        1.0,
        -1.0,
        -1.0,
        1.0,
        -1.0,
        -1.0,
        -1.0,
        -1.0,
        1.0,
        -1.0,
        1.0,
        -1.0,
        -1.0,
        1.0,
        -1.0,
        -1.0,
        1.0,
        1.0,
        -1.0,
        1.0,
        1.0,
        1.0,
        -1.0,
        1.0,
        -1.0,
        1.0,
        -1.0,
        -1.0,
        -1.0,
        1.0,
        -1.0,
        1.0,
        -1.0,
        1.0,
        -1.0,
        1.0,
        -1.0,
        1.0,
        -1.0,
        -1.0,
        1.0,
        -1.0,
        -1.0,
        1.0,
        -1.0,
        1.0,
        -1.0,
        -1.0,
        -1.0,
        -1.0,
        -1.0,
        1.0,
        1.0,
        -1.0,
        -1.0,
        1.0,
        -1.0,
        -1.0,
        -1.0,
        1.0,
        -1.0,
        -1.0,
        -1.0,
        1.0,
        -1.0,
        1.0,
        -1.0,
        -1.0,
        -1.0,
        1.0,
        1.0,
        1.0,
        1.0,
        -1.0,
        -1.0,
        1.0,
        -1.0,
        -1.0,
        1.0,
        -1.0,
        1.0,
        -1.0,
        -1.0,
        -1.0,
        -1.0,
        1.0,
        1.0,
        -1.0,
        -1.0,
        -1.0,
        1.0,
        -1.0,
        -1.0,
        -1.0,
        1.0,
        -1.0,
        1.0,
        -1.0,
        -1.0,
        1.0,
        -1.0,
        -1.0,
        1.0,
        -1.0,
        -0.9696773886680603,
        1.0,
        -1.0,
        -1.0,
        -1.0,
        1.0,
        -1.0,
        1.0,
        -1.0,
        -1.0,
        1.0,
        -1.0,
        1.0,
        1.0,
        -1.0,
        1.0,
        -0.9734769463539124,
        1.0,
        -1.0,
        1.0,
        1.0,
        -1.0,
        -1.0,
        -1.0,
        1.0,
        1.0,
        1.0,
        -1.0,
        -1.0,
        -1.0,
        1.0,
        1.0,
        -1.0,
        -1.0,
        -1.0,
        1.0,
        1.0,
        1.0,
        -1.0,
        1.0,
        -1.0,
        -1.0,
        -1.0,
        1.0,
        1.0,
        -0.9981189966201782,
        -1.0,
        -1.0,
        1.0,
        -1.0,
        1.0,
        1.0,
        1.0,
        1.0,
        1.0,
        1.0,
        -1.0,
        1.0,
        1.0,
        1.0,
        -1.0,
        -1.0,
        1.0,
        -1.0,
        -1.0,
        -1.0,
        1.0,
        -1.0,
        -1.0,
        -1.0,
        -1.0,
        -1.0,
        1.0,
        1.0,
        1.0
    ],
    "embedding_scaling_factor": 18.809053421020508,
    "samples": [
        64,
        78,
        73,
        74,
        48,
        71,
        45,
        70,
        46,
        37,
        55,
        20,
        55,
        77,
        50,
        70,
        34,
        71,
        38,
        72,
        55,
        51,
        14,
        79,
        71,
        51,
        63,
        40,
        76,
        79,
        75,
        60,
        72,
        79,
        44,
        68,
        59,
        66,
        66,
        52,
        69,
        72,
        67,
        69,
        43,
        28,
        49,
        20,
        54,
        78,
        54,
        71,
        83,
        71,
        7,
        86,
        80,
        61,
        76,
        13,
        49,
        79,
        29,
        69,
        69,
        38,
        78,
        60,
        72,
        38,
        49,
        62,
        49,
        54,
        74,
        32,
        69,
        74,
        83,
        63,
        32,
        72,
        36,
        45,
        65,
        44,
        55,
        38,
        60,
        93,
        46,
        78,
        49,
        52,
        70,
        80,
        54,
        70,
        77,
        36
    ],
    "category_values_ratio": {
        "71": 2333,
        "70": 2310,
        "72": 2308,
        "74": 2273,
        "68": 2268,
        "69": 2250,
        "67": 2231,
        "73": 2198,
        "65": 2153,
        "66": 2121,
        "75": 2078,
        "64": 2077,
        "63": 2038,
        "76": 2032,
        "61": 1911,
        "62": 1886,
        "77": 1773,
        "60": 1755,
        "78": 1702,
        "59": 1669,
        "79": 1554,
        "58": 1485,
        "57": 1478,
        "56": 1475,
        "55": 1470,
        "80": 1395,
        "53": 1310,
        "54": 1261,
        "52": 1204,
        "51": 1204,
        "81": 1185,
        "50": 1164,
        "49": 1071,
        "46": 1052,
        "48": 1010,
        "47": 987,
        "82": 931,
        "45": 916,
        "43": 867,
        "83": 859,
        "41": 795,
        "42": 770,
        "44": 758,
        "84": 712,
        "39": 700,
        "40": 691,
        "36": 672,
        "0": 671,
        "38": 641,
        "37": 634,
        "35": 564,
        "85": 559,
        "32": 556,
        "33": 542,
        "34": 529,
        "86": 475,
        "30": 434,
        "31": 430,
        "29": 429,
        "26": 389,
        "28": 379,
        "27": 372,
        "87": 371,
        "25": 311,
        "24": 284,
        "88": 278,
        "23": 275,
        "21": 263,
        "89": 238,
        "22": 227,
        "20": 219,
        "19": 207,
        "18": 186,
        "90": 165,
        "17": 156,
        "16": 129,
        "15": 123,
        "91": 119,
        "14": 112,
        "92": 96,
        "99": 90,
        "13": 84,
        "12": 60,
        "10": 58,
        "11": 58,
        "93": 51,
        "9": 39,
        "94": 37,
        "8": 26,
        "95": 25,
        "7": 18,
        "96": 16,
        "6": 12,
        "5": 9,
        "97": 8,
        "4": 6,
        "3": 6,
        "98": 5,
        "2": 4,
        "1": 1
    },
    "nrows": 82318
}