{
    "column_id": "KDD98/KDD98.csvKDD98.csv/EC7",
    "dataset_name": "KDD98.csv",
    "dataset_id": "KDD98/KDD98.csv",
    "path": "/home/ubuntu/CatDB-VLDB2025-V1/Experiments/data/KDD98/KDD98.csv",
    "table_name": "KDD98.csv",
    "table_id": "KDD98/KDD98.csvKDD98.csv",
    "column_name": "EC7",
    "data_source": "KDD98",
    "data_type": "int",
    "total_values_count": 82318,
    "distinct_values_count": 63,
    "missing_values_count": 0,
    "true_ratio": null,
    "min_value": 0.0,
    "max_value": 99.0,
    "mean": 14.164216817706942,
    "median": 12.0,
    "iqr": 13.0,
    "category_values": [
        6,
        22,
        5,
        15,
        7,
        45,
        19,
        11,
        30,
        13,
        28,
        8,
        20,
        35,
        21,
        41,
        17,
        12,
        10,
        34,
        23,
        14,
        0,
        24,
        9,
        29,
        39,
        31,
        16,
        1,
        49,
        18,
        3,
        4,
        32,
        25,
        27,
        43,
        36,
        26,
        2,
        33,
        44,
        46,
        37,
        42,
        50,
        47,
        40,
        38,
        53,
        55,
        48,
        99,
        61,
        56,
        51,
        67,
        54,
        58,
        52,
        57,
        65
    ],
    "embedding": [
        -1.0,
        -1.0,
        -1.0,
        1.0,
        -1.0,
        1.0,
        -1.0,
        -1.0,
        -1.0,
        -1.0,
        1.0,
        -1.0,
        -1.0,
        1.0,
        1.0,
        1.0,
        1.0,
        -1.0,
        1.0,
        -1.0,
        1.0,
        -1.0,
        1.0,
        -1.0,
        1.0,
        -1.0,
        -1.0,
        1.0,
        -1.0,
        -1.0,
        1.0,
        1.0,
        -1.0,
        -1.0,
        -1.0,
        1.0,
        -1.0,
        1.0,
        1.0,
        -1.0,
        -1.0,
        1.0,
        -1.0,
        -1.0,
        -1.0,
        -1.0,
        1.0,
        -1.0,
        -1.0,
        -0.9142014384269714,
        -1.0,
        1.0,
        1.0,
        1.0,
        -1.0,
        1.0,
        1.0,
        1.0,
        -1.0,
        0.957351803779602,
        -1.0,
        -1.0,
        1.0,
        -1.0,
        1.0,
        -1.0,
        1.0,
        -1.0,
        1.0,
        1.0,
        1.0,
        -1.0,
        -1.0,
        -1.0,
        -1.0,
        1.0,
        1.0,
        1.0,
        1.0,
        1.0,
        1.0,
        1.0,
        1.0,
        -1.0,
        -1.0,
        1.0,
        -1.0,
        1.0,
        1.0,
        1.0,
        -1.0,
        1.0,
        1.0,
        -1.0,
        1.0,
        -1.0,
        1.0,
        -1.0,
        -1.0,
        -1.0,
        -0.9908347725868225,
        -1.0,
        1.0,
        -1.0,
        -1.0,
        1.0,
        1.0,
        1.0,
        -1.0,
        -1.0,
        1.0,
        -1.0,
        -1.0,
        1.0,
        1.0,
        1.0,
        1.0,
        1.0,
        1.0,
        -1.0,
        -1.0,
        1.0,
        -1.0,
        -1.0,
        1.0,
        -1.0,
        -1.0,
        -1.0,
        -1.0,
        1.0,
        -1.0,
        1.0,
        -1.0,
        -1.0,
        1.0,
        -1.0,
        -1.0,
        1.0,
        1.0,
        -1.0,
        1.0,
        1.0,
        1.0,
        -1.0,
        1.0,
        -1.0,
        1.0,
        -1.0,
        -1.0,
        -1.0,
        1.0,
        -1.0,
        1.0,
        -1.0,
        1.0,
        -1.0,
        1.0,
        -1.0,
        1.0,
        -1.0,
        -1.0,
        1.0,
        -1.0,
        -1.0,
        1.0,
        -1.0,
        1.0,
        -1.0,
        -1.0,
        -1.0,
        -1.0,
        -1.0,
        1.0,
        1.0,
        -1.0,
        -1.0,
        1.0,
        -1.0,
        -1.0,
        -1.0,
        1.0,
        -1.0,
        -1.0,
        -1.0,
        1.0,
        -1.0,
        1.0,
        -1.0,
        -1.0,
        -1.0,
        1.0,
        1.0,
        1.0,
        1.0,
        -1.0,
        -1.0,
        1.0,
        -1.0,
        -1.0,
        1.0,
        -1.0,
        1.0,
        -1.0,
        -1.0,
        -1.0,
        -1.0,
        1.0,
        1.0,
        -1.0,
        -1.0,
        -1.0,
        1.0,
        -1.0,
        -1.0,
        -1.0,
        1.0,
        -1.0,
        1.0,
        -1.0,
        -1.0,
        1.0,
        -1.0,
        -1.0,
        1.0,
        -1.0,
        -0.9014487862586975,
        1.0,
        -1.0,
        -1.0,
        -1.0,
        1.0,
        -1.0,
        1.0,
        -1.0,
        -1.0,
        1.0,
        -1.0,
        1.0,
        1.0,
        -1.0,
        1.0,
        -0.8980071544647217,
        1.0,
        -1.0,
        1.0,
        1.0,
        -1.0,
        -1.0,
        -1.0,
        1.0,
        1.0,
        1.0,
        -1.0,
        -1.0,
        -1.0,
        1.0,
        1.0,
        -1.0,
        -1.0,
        -1.0,
        1.0,
        1.0,
        1.0,
        -1.0,
        1.0,
        -1.0,
        -1.0,
        -1.0,
        1.0,
        1.0,
        -0.9873139262199402,
        -1.0,
        -1.0,
        1.0,
        -1.0,
        1.0,
        1.0,
        1.0,
        1.0,
        1.0,
        1.0,
        -1.0,
        1.0,
        1.0,
        1.0,
        -1.0,
        -1.0,
        1.0,
        -1.0,
        -1.0,
        -1.0,
        1.0,
        -1.0,
        -1.0,
        -1.0,
        -1.0,
        -1.0,
        1.0,
        1.0,
        1.0
    ],
    "embedding_scaling_factor": 267.4928283691406,
    "samples": [
        11,
        17,
        10,
        15,
        30,
        4,
        19,
        18,
        31,
        13,
        7,
        4,
        23,
        19,
        2,
        27,
        5,
        9,
        11,
        21,
        11,
        7,
        5,
        9,
        26,
        10,
        7,
        0,
        7,
        12,
        11,
        0,
        9,
        0,
        6,
        10,
        6,
        7,
        2,
        28,
        14,
        19,
        25,
        13,
        46,
        13,
        7,
        0,
        17,
        11,
        6,
        27,
        14,
        16,
        0,
        20,
        12,
        21,
        25,
        20,
        23,
        35,
        35,
        8,
        3,
        9,
        20,
        8,
        1,
        12,
        10,
        33,
        8,
        7,
        3,
        2,
        26,
        8,
        7,
        23,
        20,
        5,
        19,
        25,
        6,
        4,
        12,
        3,
        15,
        15,
        1,
        6,
        9,
        18,
        26,
        6,
        38,
        2,
        13,
        5
    ],
    "category_values_ratio": {
        "7": 4742,
        "6": 4582,
        "8": 4507,
        "5": 4361,
        "9": 4137,
        "10": 3798,
        "4": 3682,
        "11": 3340,
        "12": 3149,
        "13": 2950,
        "14": 2855,
        "3": 2719,
        "15": 2608,
        "17": 2326,
        "16": 2317,
        "18": 2057,
        "19": 2035,
        "20": 1897,
        "2": 1890,
        "0": 1742,
        "21": 1726,
        "22": 1710,
        "23": 1460,
        "24": 1454,
        "26": 1326,
        "25": 1275,
        "27": 1133,
        "29": 1105,
        "28": 1094,
        "30": 964,
        "1": 926,
        "31": 912,
        "32": 795,
        "33": 739,
        "34": 642,
        "35": 608,
        "36": 467,
        "37": 411,
        "38": 379,
        "39": 334,
        "40": 243,
        "41": 207,
        "42": 156,
        "44": 125,
        "43": 111,
        "45": 86,
        "46": 49,
        "48": 45,
        "47": 28,
        "50": 25,
        "49": 19,
        "53": 16,
        "51": 13,
        "52": 9,
        "54": 7,
        "55": 6,
        "99": 6,
        "58": 6,
        "56": 2,
        "67": 2,
        "61": 1,
        "57": 1,
        "65": 1
    },
    "nrows": 82318
}