{
    "column_id": "KDD98/KDD98.csvKDD98.csv/IC9",
    "dataset_name": "KDD98.csv",
    "dataset_id": "KDD98/KDD98.csv",
    "path": "/home/ubuntu/CatDB-VLDB2025-V1/Experiments/data/KDD98/KDD98.csv",
    "table_name": "KDD98.csv",
    "table_id": "KDD98/KDD98.csvKDD98.csv",
    "column_name": "IC9",
    "data_source": "KDD98",
    "data_type": "int",
    "total_values_count": 82318,
    "distinct_values_count": 64,
    "missing_values_count": 0,
    "true_ratio": null,
    "min_value": 0.0,
    "max_value": 99.0,
    "mean": 18.339293957579144,
    "median": 18.0,
    "iqr": 9.0,
    "category_values": [
        19,
        24,
        14,
        26,
        22,
        12,
        11,
        28,
        21,
        25,
        18,
        27,
        20,
        17,
        29,
        7,
        16,
        0,
        13,
        9,
        6,
        8,
        23,
        15,
        10,
        4,
        32,
        36,
        30,
        5,
        35,
        34,
        33,
        31,
        38,
        40,
        37,
        1,
        3,
        2,
        43,
        41,
        39,
        42,
        44,
        53,
        48,
        99,
        49,
        57,
        47,
        55,
        61,
        45,
        46,
        50,
        56,
        52,
        67,
        51,
        60,
        69,
        65,
        59
    ],
    "embedding": [
        -1.0,
        -1.0,
        -1.0,
        1.0,
        -1.0,
        1.0,
        -1.0,
        -1.0,
        -1.0,
        -1.0,
        1.0,
        -1.0,
        -1.0,
        1.0,
        1.0,
        1.0,
        1.0,
        -1.0,
        1.0,
        -1.0,
        1.0,
        -1.0,
        1.0,
        -1.0,
        1.0,
        -1.0,
        -1.0,
        1.0,
        -1.0,
        -1.0,
        1.0,
        1.0,
        -1.0,
        -1.0,
        -1.0,
        1.0,
        -1.0,
        1.0,
        1.0,
        -1.0,
        -1.0,
        1.0,
        -1.0,
        -1.0,
        -1.0,
        -1.0,
        1.0,
        -1.0,
        -1.0,
        -0.9690571427345276,
        -1.0,
        1.0,
        1.0,
        1.0,
        -1.0,
        1.0,
        1.0,
        1.0,
        -1.0,
        0.9909228682518005,
        -1.0,
        -1.0,
        1.0,
        -1.0,
        1.0,
        -1.0,
        1.0,
        -1.0,
        1.0,
        1.0,
        1.0,
        -1.0,
        -1.0,
        -1.0,
        -1.0,
        1.0,
        1.0,
        1.0,
        1.0,
        1.0,
        1.0,
        1.0,
        1.0,
        -1.0,
        -1.0,
        1.0,
        -1.0,
        1.0,
        1.0,
        1.0,
        -1.0,
        1.0,
        1.0,
        -1.0,
        1.0,
        -1.0,
        1.0,
        -1.0,
        -1.0,
        -1.0,
        -0.9962306618690491,
        -1.0,
        1.0,
        -1.0,
        -1.0,
        1.0,
        1.0,
        1.0,
        -1.0,
        -1.0,
        1.0,
        -1.0,
        -1.0,
        1.0,
        1.0,
        1.0,
        1.0,
        1.0,
        1.0,
        -1.0,
        -1.0,
        1.0,
        -1.0,
        -1.0,
        1.0,
        -1.0,
        -1.0,
        -1.0,
        -1.0,
        1.0,
        -1.0,
        1.0,
        -1.0,
        -1.0,
        1.0,
        -1.0,
        -1.0,
        1.0,
        1.0,
        -1.0,
        1.0,
        1.0,
        1.0,
        -1.0,
        1.0,
        -1.0,
        1.0,
        -1.0,
        -1.0,
        -1.0,
        1.0,
        -1.0,
        1.0,
        -1.0,
        1.0,
        -1.0,
        1.0,
        -1.0,
        1.0,
        -1.0,
        -1.0,
        1.0,
        -1.0,
        -1.0,
        1.0,
        -1.0,
        1.0,
        -1.0,
        -1.0,
        -1.0,
        -1.0,
        -1.0,
        1.0,
        1.0,
        -1.0,
        -1.0,
        1.0,
        -1.0,
        -1.0,
        -1.0,
        1.0,
        -1.0,
        -1.0,
        -1.0,
        1.0,
        -1.0,
        1.0,
        -1.0,
        -1.0,
        -1.0,
        1.0,
        1.0,
        1.0,
        1.0,
        -1.0,
        -1.0,
        1.0,
        -1.0,
        -1.0,
        1.0,
        -1.0,
        1.0,
        -1.0,
        -1.0,
        -1.0,
        -1.0,
        1.0,
        1.0,
        -1.0,
        -1.0,
        -1.0,
        1.0,
        -1.0,
        -1.0,
        -1.0,
        1.0,
        -1.0,
        1.0,
        -1.0,
        -1.0,
        1.0,
        -1.0,
        -1.0,
        1.0,
        -1.0,
        -0.9589923620223999,
        1.0,
        -1.0,
        -1.0,
        -1.0,
        1.0,
        -1.0,
        1.0,
        -1.0,
        -1.0,
        1.0,
        -1.0,
        1.0,
        1.0,
        -1.0,
        1.0,
        -0.9594724178314209,
        1.0,
        -1.0,
        1.0,
        1.0,
        -1.0,
        -1.0,
        -1.0,
        1.0,
        1.0,
        1.0,
        -1.0,
        -1.0,
        -1.0,
        1.0,
        1.0,
        -1.0,
        -1.0,
        -1.0,
        1.0,
        1.0,
        1.0,
        -1.0,
        1.0,
        -1.0,
        -1.0,
        -1.0,
        1.0,
        1.0,
        -0.9958176612854004,
        -1.0,
        -1.0,
        1.0,
        -1.0,
        1.0,
        1.0,
        1.0,
        1.0,
        1.0,
        1.0,
        -1.0,
        1.0,
        1.0,
        1.0,
        -1.0,
        -1.0,
        1.0,
        -1.0,
        -1.0,
        -1.0,
        1.0,
        -1.0,
        -1.0,
        -1.0,
        -1.0,
        -1.0,
        1.0,
        1.0,
        1.0
    ],
    "embedding_scaling_factor": 110.39688110351562,
    "samples": [
        24,
        25,
        28,
        19,
        15,
        28,
        15,
        24,
        15,
        17,
        12,
        21,
        17,
        19,
        30,
        14,
        13,
        12,
        19,
        10,
        10,
        9,
        25,
        22,
        12,
        15,
        25,
        18,
        14,
        13,
        22,
        27,
        21,
        19,
        17,
        26,
        7,
        30,
        13,
        13,
        11,
        22,
        14,
        19,
        15,
        12,
        33,
        14,
        19,
        30,
        17,
        18,
        14,
        13,
        13,
        0,
        22,
        23,
        14,
        31,
        26,
        22,
        16,
        13,
        18,
        11,
        24,
        18,
        18,
        11,
        19,
        14,
        30,
        21,
        21,
        11,
        17,
        25,
        9,
        19,
        20,
        15,
        24,
        15,
        12,
        26,
        34,
        18,
        20,
        18,
        9,
        18,
        25,
        21,
        10,
        12,
        26,
        14,
        25,
        24
    ],
    "category_values_ratio": {
        "17": 4723,
        "18": 4707,
        "19": 4668,
        "16": 4463,
        "20": 4410,
        "15": 4407,
        "21": 4334,
        "14": 4197,
        "22": 3899,
        "23": 3583,
        "13": 3530,
        "12": 3209,
        "24": 3058,
        "11": 2932,
        "25": 2725,
        "26": 2362,
        "10": 2340,
        "27": 1955,
        "9": 1928,
        "28": 1666,
        "8": 1518,
        "29": 1336,
        "30": 1175,
        "0": 1115,
        "7": 1096,
        "6": 910,
        "31": 849,
        "32": 744,
        "5": 627,
        "33": 609,
        "4": 536,
        "34": 429,
        "3": 368,
        "35": 367,
        "36": 251,
        "37": 242,
        "2": 239,
        "38": 167,
        "39": 141,
        "41": 93,
        "40": 81,
        "1": 81,
        "43": 50,
        "42": 45,
        "44": 27,
        "45": 24,
        "48": 21,
        "47": 16,
        "46": 16,
        "49": 8,
        "50": 7,
        "99": 7,
        "55": 6,
        "53": 5,
        "51": 4,
        "57": 3,
        "56": 2,
        "61": 1,
        "52": 1,
        "67": 1,
        "60": 1,
        "69": 1,
        "65": 1,
        "59": 1
    },
    "nrows": 82318
}