{
    "column_id": "KDD98/KDD98.csvKDD98.csv/MC2",
    "dataset_name": "KDD98.csv",
    "dataset_id": "KDD98/KDD98.csv",
    "path": "/home/ubuntu/CatDB-VLDB2025-V1/Experiments/data/KDD98/KDD98.csv",
    "table_name": "KDD98.csv",
    "table_id": "KDD98/KDD98.csvKDD98.csv",
    "column_name": "MC2",
    "data_source": "KDD98",
    "data_type": "int",
    "total_values_count": 82318,
    "distinct_values_count": 99,
    "missing_values_count": 0,
    "true_ratio": null,
    "min_value": 0.0,
    "max_value": 99.0,
    "mean": 50.790143103573946,
    "median": 53.0,
    "iqr": 21.0,
    "category_values": [
        68,
        43,
        78,
        54,
        77,
        51,
        37,
        65,
        64,
        69,
        40,
        32,
        26,
        59,
        20,
        34,
        62,
        55,
        41,
        58,
        57,
        60,
        67,
        18,
        49,
        45,
        0,
        53,
        31,
        50,
        36,
        79,
        52,
        61,
        73,
        42,
        56,
        25,
        71,
        35,
        39,
        74,
        48,
        46,
        63,
        80,
        21,
        28,
        44,
        38,
        90,
        72,
        47,
        66,
        83,
        16,
        27,
        70,
        24,
        19,
        95,
        33,
        75,
        23,
        22,
        14,
        29,
        30,
        76,
        91,
        5,
        15,
        4,
        81,
        99,
        10,
        85,
        82,
        17,
        6,
        13,
        84,
        86,
        11,
        87,
        3,
        7,
        89,
        12,
        8,
        9,
        2,
        1,
        92,
        94,
        88,
        97,
        93,
        96
    ],
    "embedding": [
        -1.0,
        -1.0,
        -1.0,
        1.0,
        -1.0,
        1.0,
        -1.0,
        -1.0,
        -1.0,
        -1.0,
        1.0,
        -1.0,
        -1.0,
        1.0,
        1.0,
        1.0,
        1.0,
        -1.0,
        1.0,
        -1.0,
        1.0,
        -1.0,
        1.0,
        -1.0,
        1.0,
        -1.0,
        -1.0,
        1.0,
        -1.0,
        -1.0,
        1.0,
        1.0,
        -1.0,
        -1.0,
        -1.0,
        1.0,
        -1.0,
        1.0,
        1.0,
        -1.0,
        -1.0,
        1.0,
        -1.0,
        -1.0,
        -1.0,
        -1.0,
        1.0,
        -1.0,
        -1.0,
        -0.9555940628051758,
        -1.0,
        1.0,
        1.0,
        1.0,
        -1.0,
        1.0,
        1.0,
        1.0,
        -1.0,
        0.9935716390609741,
        -1.0,
        -1.0,
        1.0,
        -1.0,
        1.0,
        -1.0,
        1.0,
        -1.0,
        1.0,
        1.0,
        1.0,
        -1.0,
        -1.0,
        -1.0,
        -1.0,
        1.0,
        1.0,
        1.0,
        1.0,
        1.0,
        1.0,
        1.0,
        1.0,
        -1.0,
        -1.0,
        1.0,
        -1.0,
        1.0,
        1.0,
        1.0,
        -1.0,
        1.0,
        1.0,
        -1.0,
        1.0,
        -1.0,
        1.0,
        -1.0,
        -1.0,
        -1.0,
        -0.9975599646568298,
        -1.0,
        1.0,
        -1.0,
        -1.0,
        1.0,
        1.0,
        1.0,
        -1.0,
        -1.0,
        1.0,
        -1.0,
        -1.0,
        1.0,
        1.0,
        1.0,
        1.0,
        1.0,
        1.0,
        -1.0,
        -1.0,
        1.0,
        -1.0,
        -1.0,
        1.0,
        -1.0,
        -1.0,
        -1.0,
        -1.0,
        1.0,
        -1.0,
        1.0,
        -1.0,
        -1.0,
        1.0,
        -1.0,
        -1.0,
        1.0,
        1.0,
        -1.0,
        1.0,
        1.0,
        1.0,
        -1.0,
        1.0,
        -1.0,
        1.0,
        -1.0,
        -1.0,
        -1.0,
        1.0,
        -1.0,
        1.0,
        -1.0,
        1.0,
        -1.0,
        1.0,
        -1.0,
        1.0,
        -1.0,
        -1.0,
        1.0,
        -1.0,
        -1.0,
        1.0,
        -1.0,
        1.0,
        -1.0,
        -1.0,
        -1.0,
        -1.0,
        -1.0,
        1.0,
        1.0,
        -1.0,
        -1.0,
        1.0,
        -1.0,
        -1.0,
        -1.0,
        1.0,
        -1.0,
        -1.0,
        -1.0,
        1.0,
        -1.0,
        1.0,
        -1.0,
        -1.0,
        -1.0,
        1.0,
        1.0,
        1.0,
        1.0,
        -1.0,
        -1.0,
        1.0,
        -1.0,
        -1.0,
        1.0,
        -1.0,
        1.0,
        -1.0,
        -1.0,
        -1.0,
        -1.0,
        1.0,
        1.0,
        -1.0,
        -1.0,
        -1.0,
        1.0,
        -1.0,
        -1.0,
        -1.0,
        1.0,
        -1.0,
        1.0,
        -1.0,
        -1.0,
        1.0,
        -1.0,
        -1.0,
        1.0,
        -1.0,
        -0.9582101702690125,
        1.0,
        -1.0,
        -1.0,
        -1.0,
        1.0,
        -1.0,
        1.0,
        -1.0,
        -1.0,
        1.0,
        -1.0,
        1.0,
        1.0,
        -1.0,
        1.0,
        -0.9631062150001526,
        1.0,
        -1.0,
        1.0,
        1.0,
        -1.0,
        -1.0,
        -1.0,
        1.0,
        1.0,
        1.0,
        -1.0,
        -1.0,
        -1.0,
        1.0,
        1.0,
        -1.0,
        -1.0,
        -1.0,
        1.0,
        1.0,
        1.0,
        -1.0,
        1.0,
        -1.0,
        -1.0,
        -1.0,
        1.0,
        1.0,
        -0.9973441362380981,
        -1.0,
        -1.0,
        1.0,
        -1.0,
        1.0,
        1.0,
        1.0,
        1.0,
        1.0,
        1.0,
        -1.0,
        1.0,
        1.0,
        1.0,
        -1.0,
        -1.0,
        1.0,
        -1.0,
        -1.0,
        -1.0,
        1.0,
        -1.0,
        -1.0,
        -1.0,
        -1.0,
        -1.0,
        1.0,
        1.0,
        1.0
    ],
    "embedding_scaling_factor": 35.732383728027344,
    "samples": [
        58,
        54,
        42,
        25,
        38,
        67,
        66,
        65,
        53,
        57,
        49,
        42,
        69,
        59,
        40,
        9,
        65,
        38,
        70,
        58,
        36,
        66,
        69,
        66,
        63,
        48,
        52,
        17,
        25,
        66,
        46,
        72,
        59,
        61,
        62,
        44,
        55,
        63,
        52,
        65,
        29,
        46,
        64,
        68,
        59,
        43,
        46,
        56,
        70,
        66,
        42,
        43,
        29,
        30,
        54,
        76,
        31,
        38,
        69,
        11,
        58,
        68,
        40,
        40,
        56,
        45,
        44,
        75,
        58,
        38,
        49,
        69,
        48,
        70,
        43,
        41,
        63,
        48,
        36,
        41,
        56,
        69,
        69,
        14,
        42,
        47,
        78,
        72,
        33,
        58,
        15,
        38,
        36,
        72,
        51,
        61,
        59,
        48,
        58,
        54
    ],
    "category_values_ratio": {
        "57": 2326,
        "56": 2295,
        "60": 2262,
        "54": 2253,
        "59": 2235,
        "55": 2194,
        "53": 2189,
        "61": 2165,
        "58": 2149,
        "63": 2100,
        "50": 2096,
        "52": 2094,
        "51": 2081,
        "62": 2030,
        "64": 1984,
        "49": 1977,
        "48": 1870,
        "65": 1819,
        "46": 1716,
        "47": 1679,
        "66": 1640,
        "67": 1626,
        "45": 1597,
        "44": 1535,
        "43": 1440,
        "42": 1426,
        "41": 1406,
        "68": 1378,
        "69": 1374,
        "38": 1257,
        "40": 1248,
        "39": 1214,
        "37": 1181,
        "70": 1166,
        "71": 1114,
        "36": 1048,
        "35": 990,
        "33": 930,
        "34": 927,
        "72": 921,
        "32": 896,
        "73": 818,
        "31": 758,
        "30": 741,
        "74": 688,
        "0": 655,
        "29": 651,
        "75": 638,
        "27": 600,
        "28": 588,
        "76": 519,
        "25": 491,
        "26": 476,
        "23": 458,
        "24": 413,
        "77": 400,
        "21": 391,
        "22": 347,
        "78": 324,
        "20": 317,
        "79": 300,
        "18": 274,
        "17": 259,
        "16": 256,
        "19": 244,
        "15": 223,
        "80": 203,
        "14": 198,
        "82": 177,
        "81": 168,
        "13": 159,
        "10": 158,
        "9": 149,
        "11": 144,
        "12": 118,
        "83": 112,
        "5": 110,
        "7": 109,
        "8": 104,
        "84": 100,
        "2": 89,
        "4": 84,
        "6": 80,
        "3": 75,
        "85": 65,
        "86": 53,
        "87": 40,
        "1": 30,
        "99": 25,
        "88": 25,
        "89": 25,
        "90": 15,
        "91": 12,
        "92": 10,
        "94": 9,
        "93": 6,
        "95": 5,
        "97": 3,
        "96": 1
    },
    "nrows": 82318
}