{
    "column_id": "KDD98/KDD98.csvKDD98.csv/LFC2",
    "dataset_name": "KDD98.csv",
    "dataset_id": "KDD98/KDD98.csv",
    "path": "/home/ubuntu/CatDB-VLDB2025-V1/Experiments/data/KDD98/KDD98.csv",
    "table_name": "KDD98.csv",
    "table_id": "KDD98/KDD98.csvKDD98.csv",
    "column_name": "LFC2",
    "data_source": "KDD98",
    "data_type": "int",
    "total_values_count": 82318,
    "distinct_values_count": 100,
    "missing_values_count": 0,
    "true_ratio": null,
    "min_value": 0.0,
    "max_value": 99.0,
    "mean": 73.97327437498481,
    "median": 76.0,
    "iqr": 14.0,
    "category_values": [
        72,
        91,
        82,
        75,
        65,
        78,
        95,
        80,
        70,
        73,
        87,
        57,
        69,
        76,
        85,
        66,
        86,
        83,
        63,
        84,
        74,
        0,
        35,
        56,
        77,
        81,
        59,
        61,
        90,
        88,
        8,
        93,
        96,
        89,
        79,
        68,
        40,
        92,
        71,
        53,
        64,
        60,
        54,
        51,
        62,
        37,
        24,
        67,
        58,
        52,
        28,
        94,
        46,
        48,
        49,
        55,
        45,
        99,
        50,
        42,
        98,
        4,
        25,
        44,
        7,
        38,
        41,
        12,
        36,
        32,
        16,
        39,
        14,
        97,
        27,
        30,
        17,
        34,
        33,
        19,
        6,
        20,
        22,
        21,
        43,
        47,
        23,
        18,
        29,
        10,
        11,
        5,
        13,
        31,
        9,
        26,
        15,
        2,
        3,
        1
    ],
    "embedding": [
        -1.0,
        -1.0,
        -1.0,
        1.0,
        -1.0,
        1.0,
        -1.0,
        -1.0,
        -1.0,
        -1.0,
        1.0,
        -1.0,
        -1.0,
        1.0,
        1.0,
        1.0,
        1.0,
        -1.0,
        1.0,
        -1.0,
        1.0,
        -1.0,
        1.0,
        -1.0,
        1.0,
        -1.0,
        -1.0,
        1.0,
        -1.0,
        -1.0,
        1.0,
        1.0,
        -1.0,
        -1.0,
        -1.0,
        1.0,
        -1.0,
        1.0,
        1.0,
        -1.0,
        -1.0,
        1.0,
        -1.0,
        -1.0,
        -1.0,
        -1.0,
        1.0,
        -1.0,
        -1.0,
        -0.9796720743179321,
        -1.0,
        1.0,
        1.0,
        1.0,
        -1.0,
        1.0,
        1.0,
        1.0,
        -1.0,
        0.9961897134780884,
        -1.0,
        -1.0,
        1.0,
        -1.0,
        1.0,
        -1.0,
        1.0,
        -1.0,
        1.0,
        1.0,
        1.0,
        -1.0,
        -1.0,
        -1.0,
        -1.0,
        1.0,
        1.0,
        1.0,
        1.0,
        1.0,
        1.0,
        1.0,
        1.0,
        -1.0,
        -1.0,
        1.0,
        -1.0,
        1.0,
        1.0,
        1.0,
        -1.0,
        1.0,
        1.0,
        -1.0,
        1.0,
        -1.0,
        1.0,
        -1.0,
        -1.0,
        -1.0,
        -0.9983580708503723,
        -1.0,
        1.0,
        -1.0,
        -1.0,
        1.0,
        1.0,
        1.0,
        -1.0,
        -1.0,
        1.0,
        -1.0,
        -1.0,
        1.0,
        1.0,
        1.0,
        1.0,
        1.0,
        1.0,
        -1.0,
        -1.0,
        1.0,
        -1.0,
        -1.0,
        1.0,
        -1.0,
        -1.0,
        -1.0,
        -1.0,
        1.0,
        -1.0,
        1.0,
        -1.0,
        -1.0,
        1.0,
        -1.0,
        -1.0,
        1.0,
        1.0,
        -1.0,
        1.0,
        1.0,
        1.0,
        -1.0,
        1.0,
        -1.0,
        1.0,
        -1.0,
        -1.0,
        -1.0,
        1.0,
        -1.0,
        1.0,
        -1.0,
        1.0,
        -1.0,
        1.0,
        -1.0,
        1.0,
        -1.0,
        -1.0,
        1.0,
        -1.0,
        -1.0,
        1.0,
        -1.0,
        1.0,
        -1.0,
        -1.0,
        -1.0,
        -1.0,
        -1.0,
        1.0,
        1.0,
        -1.0,
        -1.0,
        1.0,
        -1.0,
        -1.0,
        -1.0,
        1.0,
        -1.0,
        -1.0,
        -1.0,
        1.0,
        -1.0,
        1.0,
        -1.0,
        -1.0,
        -1.0,
        1.0,
        1.0,
        1.0,
        1.0,
        -1.0,
        -1.0,
        1.0,
        -1.0,
        -1.0,
        1.0,
        -1.0,
        1.0,
        -1.0,
        -1.0,
        -1.0,
        -1.0,
        1.0,
        1.0,
        -1.0,
        -1.0,
        -1.0,
        1.0,
        -1.0,
        -1.0,
        -1.0,
        1.0,
        -1.0,
        1.0,
        -1.0,
        -1.0,
        1.0,
        -1.0,
        -1.0,
        1.0,
        -1.0,
        -0.9805787801742554,
        1.0,
        -1.0,
        -1.0,
        -1.0,
        1.0,
        -1.0,
        1.0,
        -1.0,
        -1.0,
        1.0,
        -1.0,
        1.0,
        1.0,
        -1.0,
        1.0,
        -0.9818043112754822,
        1.0,
        -1.0,
        1.0,
        1.0,
        -1.0,
        -1.0,
        -1.0,
        1.0,
        1.0,
        1.0,
        -1.0,
        -1.0,
        -1.0,
        1.0,
        1.0,
        -1.0,
        -1.0,
        -1.0,
        1.0,
        1.0,
        1.0,
        -1.0,
        1.0,
        -1.0,
        -1.0,
        -1.0,
        1.0,
        1.0,
        -0.9982264041900635,
        -1.0,
        -1.0,
        1.0,
        -1.0,
        1.0,
        1.0,
        1.0,
        1.0,
        1.0,
        1.0,
        -1.0,
        1.0,
        1.0,
        1.0,
        -1.0,
        -1.0,
        1.0,
        -1.0,
        -1.0,
        -1.0,
        1.0,
        -1.0,
        -1.0,
        -1.0,
        -1.0,
        -1.0,
        1.0,
        1.0,
        1.0
    ],
    "embedding_scaling_factor": 16.239770889282227,
    "samples": [
        34,
        83,
        64,
        80,
        96,
        88,
        84,
        74,
        94,
        79,
        84,
        78,
        50,
        59,
        22,
        59,
        77,
        47,
        88,
        73,
        71,
        12,
        84,
        89,
        74,
        80,
        82,
        94,
        85,
        83,
        82,
        81,
        71,
        88,
        42,
        83,
        72,
        74,
        0,
        90,
        93,
        75,
        91,
        83,
        78,
        79,
        70,
        69,
        77,
        87,
        57,
        81,
        80,
        88,
        73,
        88,
        67,
        90,
        84,
        84,
        83,
        73,
        77,
        81,
        88,
        74,
        93,
        83,
        75,
        72,
        86,
        81,
        77,
        69,
        75,
        65,
        89,
        74,
        69,
        65,
        58,
        76,
        70,
        78,
        58,
        91,
        68,
        85,
        69,
        58,
        87,
        86,
        58,
        82,
        86,
        83,
        83,
        46,
        80,
        74
    ],
    "category_values_ratio": {
        "78": 3204,
        "77": 3152,
        "80": 3133,
        "76": 3121,
        "79": 3092,
        "81": 3057,
        "82": 3037,
        "75": 2879,
        "74": 2878,
        "83": 2876,
        "73": 2866,
        "84": 2747,
        "72": 2538,
        "85": 2521,
        "71": 2415,
        "70": 2281,
        "86": 2246,
        "69": 2152,
        "87": 2133,
        "88": 1855,
        "68": 1829,
        "67": 1752,
        "89": 1570,
        "66": 1549,
        "65": 1398,
        "90": 1358,
        "64": 1215,
        "63": 1207,
        "91": 1187,
        "62": 1018,
        "92": 930,
        "61": 900,
        "60": 866,
        "93": 787,
        "59": 689,
        "0": 640,
        "57": 618,
        "58": 612,
        "94": 572,
        "56": 473,
        "54": 458,
        "55": 445,
        "53": 402,
        "95": 385,
        "96": 321,
        "52": 311,
        "50": 301,
        "51": 276,
        "49": 260,
        "48": 230,
        "46": 227,
        "99": 215,
        "97": 210,
        "45": 188,
        "47": 184,
        "44": 177,
        "38": 157,
        "42": 153,
        "43": 138,
        "40": 124,
        "39": 120,
        "41": 120,
        "36": 110,
        "98": 106,
        "37": 92,
        "35": 72,
        "34": 67,
        "31": 63,
        "25": 63,
        "30": 58,
        "27": 58,
        "28": 58,
        "22": 51,
        "32": 47,
        "13": 45,
        "33": 44,
        "14": 44,
        "29": 43,
        "23": 43,
        "24": 43,
        "16": 40,
        "11": 39,
        "19": 39,
        "26": 35,
        "7": 34,
        "21": 30,
        "9": 29,
        "18": 28,
        "17": 28,
        "15": 28,
        "8": 28,
        "10": 25,
        "12": 19,
        "6": 17,
        "5": 13,
        "20": 11,
        "3": 6,
        "4": 5,
        "2": 1,
        "1": 1
    },
    "nrows": 82318
}