{
    "column_id": "KDD98/KDD98.csvKDD98.csv/OCC2",
    "dataset_name": "KDD98.csv",
    "dataset_id": "KDD98/KDD98.csv",
    "path": "/home/ubuntu/CatDB-VLDB2025-V1/Experiments/data/KDD98/KDD98.csv",
    "table_name": "KDD98.csv",
    "table_id": "KDD98/KDD98.csvKDD98.csv",
    "column_name": "OCC2",
    "data_source": "KDD98",
    "data_type": "int",
    "total_values_count": 82318,
    "distinct_values_count": 61,
    "missing_values_count": 0,
    "true_ratio": null,
    "min_value": 0.0,
    "max_value": 99.0,
    "mean": 12.621261449500716,
    "median": 11.0,
    "iqr": 9.0,
    "category_values": [
        6,
        11,
        16,
        12,
        30,
        15,
        3,
        21,
        13,
        8,
        7,
        14,
        24,
        17,
        4,
        10,
        23,
        18,
        5,
        0,
        26,
        9,
        36,
        38,
        22,
        20,
        19,
        32,
        27,
        2,
        25,
        35,
        34,
        37,
        1,
        33,
        29,
        28,
        31,
        42,
        44,
        39,
        49,
        46,
        43,
        40,
        50,
        48,
        47,
        41,
        51,
        54,
        53,
        99,
        79,
        67,
        55,
        59,
        77,
        45,
        68
    ],
    "embedding": [
        -1.0,
        -1.0,
        -1.0,
        1.0,
        -1.0,
        1.0,
        -1.0,
        -1.0,
        -1.0,
        -1.0,
        1.0,
        -1.0,
        -1.0,
        1.0,
        1.0,
        1.0,
        1.0,
        -1.0,
        1.0,
        -1.0,
        1.0,
        -1.0,
        1.0,
        -1.0,
        1.0,
        -1.0,
        -1.0,
        1.0,
        -1.0,
        -1.0,
        1.0,
        1.0,
        -1.0,
        -1.0,
        -1.0,
        1.0,
        -1.0,
        1.0,
        1.0,
        -1.0,
        -1.0,
        1.0,
        -1.0,
        -1.0,
        -1.0,
        -1.0,
        1.0,
        -1.0,
        -1.0,
        -0.9285594820976257,
        -1.0,
        1.0,
        1.0,
        1.0,
        -1.0,
        1.0,
        1.0,
        1.0,
        -1.0,
        0.9736068844795227,
        -1.0,
        -1.0,
        1.0,
        -1.0,
        1.0,
        -1.0,
        1.0,
        -1.0,
        1.0,
        1.0,
        1.0,
        -1.0,
        -1.0,
        -1.0,
        -1.0,
        1.0,
        1.0,
        1.0,
        1.0,
        1.0,
        1.0,
        1.0,
        1.0,
        -1.0,
        -1.0,
        1.0,
        -1.0,
        1.0,
        1.0,
        1.0,
        -1.0,
        1.0,
        1.0,
        -1.0,
        1.0,
        -1.0,
        1.0,
        -1.0,
        -1.0,
        -1.0,
        -0.9925557374954224,
        -1.0,
        1.0,
        -1.0,
        -1.0,
        1.0,
        1.0,
        1.0,
        -1.0,
        -1.0,
        1.0,
        -1.0,
        -1.0,
        1.0,
        1.0,
        1.0,
        1.0,
        1.0,
        1.0,
        -1.0,
        -1.0,
        1.0,
        -1.0,
        -1.0,
        1.0,
        -1.0,
        -1.0,
        -1.0,
        -1.0,
        1.0,
        -1.0,
        1.0,
        -1.0,
        -1.0,
        1.0,
        -1.0,
        -1.0,
        1.0,
        1.0,
        -1.0,
        1.0,
        1.0,
        1.0,
        -1.0,
        1.0,
        -1.0,
        1.0,
        -1.0,
        -1.0,
        -1.0,
        1.0,
        -1.0,
        1.0,
        -1.0,
        1.0,
        -1.0,
        1.0,
        -1.0,
        1.0,
        -1.0,
        -1.0,
        1.0,
        -1.0,
        -1.0,
        1.0,
        -1.0,
        1.0,
        -1.0,
        -1.0,
        -1.0,
        -1.0,
        -1.0,
        1.0,
        1.0,
        -1.0,
        -1.0,
        1.0,
        -1.0,
        -1.0,
        -1.0,
        1.0,
        -1.0,
        -1.0,
        -1.0,
        1.0,
        -1.0,
        1.0,
        -1.0,
        -1.0,
        -1.0,
        1.0,
        1.0,
        1.0,
        1.0,
        -1.0,
        -1.0,
        1.0,
        -1.0,
        -1.0,
        1.0,
        -1.0,
        1.0,
        -1.0,
        -1.0,
        -1.0,
        -1.0,
        1.0,
        1.0,
        -1.0,
        -1.0,
        -1.0,
        1.0,
        -1.0,
        -1.0,
        -1.0,
        1.0,
        -1.0,
        1.0,
        -1.0,
        -1.0,
        1.0,
        -1.0,
        -1.0,
        1.0,
        -1.0,
        -0.9112724661827087,
        1.0,
        -1.0,
        -1.0,
        -1.0,
        1.0,
        -1.0,
        1.0,
        -1.0,
        -1.0,
        1.0,
        -1.0,
        1.0,
        1.0,
        -1.0,
        1.0,
        -0.9113285541534424,
        1.0,
        -1.0,
        1.0,
        1.0,
        -1.0,
        -1.0,
        -1.0,
        1.0,
        1.0,
        1.0,
        -1.0,
        -1.0,
        -1.0,
        1.0,
        1.0,
        -1.0,
        -1.0,
        -1.0,
        1.0,
        1.0,
        1.0,
        -1.0,
        1.0,
        -1.0,
        -1.0,
        -1.0,
        1.0,
        1.0,
        -0.990695595741272,
        -1.0,
        -1.0,
        1.0,
        -1.0,
        1.0,
        1.0,
        1.0,
        1.0,
        1.0,
        1.0,
        -1.0,
        1.0,
        1.0,
        1.0,
        -1.0,
        -1.0,
        1.0,
        -1.0,
        -1.0,
        -1.0,
        1.0,
        -1.0,
        -1.0,
        -1.0,
        -1.0,
        -1.0,
        1.0,
        1.0,
        1.0
    ],
    "embedding_scaling_factor": 242.0127410888672,
    "samples": [
        18,
        7,
        16,
        12,
        6,
        33,
        8,
        10,
        10,
        26,
        6,
        13,
        7,
        13,
        9,
        24,
        20,
        3,
        18,
        12,
        7,
        27,
        16,
        19,
        6,
        18,
        13,
        11,
        10,
        18,
        5,
        19,
        3,
        12,
        13,
        4,
        6,
        26,
        7,
        10,
        8,
        17,
        8,
        21,
        13,
        14,
        7,
        15,
        17,
        8,
        12,
        25,
        16,
        2,
        3,
        15,
        11,
        0,
        10,
        17,
        16,
        13,
        8,
        6,
        16,
        0,
        13,
        18,
        8,
        11,
        0,
        11,
        7,
        7,
        10,
        15,
        7,
        17,
        17,
        10,
        16,
        10,
        4,
        10,
        8,
        9,
        23,
        18,
        6,
        10,
        6,
        14,
        23,
        14,
        20,
        14,
        9,
        17,
        15,
        12
    ],
    "category_values_ratio": {
        "8": 5775,
        "9": 5536,
        "10": 5314,
        "7": 5267,
        "11": 4652,
        "12": 4576,
        "6": 4436,
        "13": 4237,
        "14": 3931,
        "15": 3530,
        "5": 3439,
        "16": 3245,
        "17": 2999,
        "18": 2784,
        "19": 2422,
        "4": 2335,
        "0": 1939,
        "20": 1938,
        "21": 1715,
        "22": 1617,
        "3": 1575,
        "23": 1349,
        "24": 1152,
        "25": 1011,
        "2": 923,
        "26": 824,
        "27": 696,
        "28": 541,
        "30": 445,
        "29": 398,
        "1": 293,
        "31": 274,
        "32": 232,
        "33": 191,
        "34": 144,
        "35": 134,
        "36": 82,
        "37": 67,
        "38": 60,
        "39": 57,
        "41": 39,
        "40": 34,
        "42": 22,
        "43": 17,
        "46": 14,
        "50": 12,
        "44": 12,
        "99": 6,
        "51": 5,
        "49": 4,
        "47": 3,
        "48": 3,
        "54": 2,
        "59": 2,
        "45": 2,
        "53": 1,
        "79": 1,
        "67": 1,
        "55": 1,
        "77": 1,
        "68": 1
    },
    "nrows": 82318
}