{
    "column_id": "KDD98/KDD98.csvKDD98.csv/OCC10",
    "dataset_name": "KDD98.csv",
    "dataset_id": "KDD98/KDD98.csv",
    "path": "/home/ubuntu/CatDB-VLDB2025-V1/Experiments/data/KDD98/KDD98.csv",
    "table_name": "KDD98.csv",
    "table_id": "KDD98/KDD98.csvKDD98.csv",
    "column_name": "OCC10",
    "data_source": "KDD98",
    "data_type": "int",
    "total_values_count": 82318,
    "distinct_values_count": 57,
    "missing_values_count": 0,
    "true_ratio": null,
    "min_value": 0.0,
    "max_value": 99.0,
    "mean": 11.39310964795063,
    "median": 11.0,
    "iqr": 8.0,
    "category_values": [
        16,
        9,
        7,
        15,
        5,
        0,
        20,
        3,
        6,
        11,
        14,
        13,
        2,
        18,
        10,
        17,
        12,
        27,
        8,
        26,
        4,
        28,
        21,
        19,
        29,
        23,
        31,
        1,
        22,
        24,
        25,
        32,
        30,
        33,
        41,
        34,
        39,
        42,
        60,
        35,
        49,
        37,
        38,
        36,
        46,
        40,
        45,
        44,
        50,
        99,
        78,
        53,
        56,
        51,
        64,
        67,
        48
    ],
    "embedding": [
        -1.0,
        -1.0,
        -1.0,
        1.0,
        -1.0,
        1.0,
        -1.0,
        -1.0,
        -1.0,
        -1.0,
        1.0,
        -1.0,
        -1.0,
        1.0,
        1.0,
        1.0,
        1.0,
        -1.0,
        1.0,
        -1.0,
        1.0,
        -1.0,
        1.0,
        -1.0,
        1.0,
        -1.0,
        -1.0,
        1.0,
        -1.0,
        -1.0,
        1.0,
        1.0,
        -1.0,
        -1.0,
        -1.0,
        1.0,
        -1.0,
        1.0,
        1.0,
        -1.0,
        -1.0,
        1.0,
        -1.0,
        -1.0,
        -1.0,
        -1.0,
        1.0,
        -1.0,
        -1.0,
        -0.9023497104644775,
        -1.0,
        1.0,
        1.0,
        1.0,
        -1.0,
        1.0,
        1.0,
        1.0,
        -1.0,
        0.9526816606521606,
        -1.0,
        -1.0,
        1.0,
        -1.0,
        1.0,
        -1.0,
        1.0,
        -1.0,
        1.0,
        1.0,
        1.0,
        -1.0,
        -1.0,
        -1.0,
        -1.0,
        1.0,
        1.0,
        1.0,
        1.0,
        1.0,
        1.0,
        1.0,
        1.0,
        -1.0,
        -1.0,
        1.0,
        -1.0,
        1.0,
        1.0,
        1.0,
        -1.0,
        1.0,
        1.0,
        -1.0,
        1.0,
        -1.0,
        1.0,
        -1.0,
        -1.0,
        -1.0,
        -0.9895493984222412,
        -1.0,
        1.0,
        -1.0,
        -1.0,
        1.0,
        1.0,
        1.0,
        -1.0,
        -1.0,
        1.0,
        -1.0,
        -1.0,
        1.0,
        1.0,
        1.0,
        1.0,
        1.0,
        1.0,
        -1.0,
        -1.0,
        1.0,
        -1.0,
        -1.0,
        1.0,
        -1.0,
        -1.0,
        -1.0,
        -1.0,
        1.0,
        -1.0,
        1.0,
        -1.0,
        -1.0,
        1.0,
        -1.0,
        -1.0,
        1.0,
        1.0,
        -1.0,
        1.0,
        1.0,
        1.0,
        -1.0,
        1.0,
        -1.0,
        1.0,
        -1.0,
        -1.0,
        -1.0,
        1.0,
        -1.0,
        1.0,
        -1.0,
        1.0,
        -1.0,
        1.0,
        -1.0,
        1.0,
        -1.0,
        -1.0,
        1.0,
        -1.0,
        -1.0,
        1.0,
        -1.0,
        1.0,
        -1.0,
        -1.0,
        -1.0,
        -1.0,
        -1.0,
        1.0,
        1.0,
        -1.0,
        -1.0,
        1.0,
        -1.0,
        -1.0,
        -1.0,
        1.0,
        -1.0,
        -1.0,
        -1.0,
        1.0,
        -1.0,
        1.0,
        -1.0,
        -1.0,
        -1.0,
        1.0,
        1.0,
        1.0,
        1.0,
        -1.0,
        -1.0,
        1.0,
        -1.0,
        -1.0,
        1.0,
        -1.0,
        1.0,
        -1.0,
        -1.0,
        -1.0,
        -1.0,
        1.0,
        1.0,
        -1.0,
        -1.0,
        -1.0,
        1.0,
        -1.0,
        -1.0,
        -1.0,
        1.0,
        -1.0,
        1.0,
        -1.0,
        -1.0,
        1.0,
        -1.0,
        -1.0,
        1.0,
        -1.0,
        -0.8807564377784729,
        1.0,
        -1.0,
        -1.0,
        -1.0,
        1.0,
        -1.0,
        1.0,
        -1.0,
        -1.0,
        1.0,
        -1.0,
        1.0,
        1.0,
        -1.0,
        1.0,
        -0.8845021724700928,
        1.0,
        -1.0,
        1.0,
        1.0,
        -1.0,
        -1.0,
        -1.0,
        1.0,
        1.0,
        1.0,
        -1.0,
        -1.0,
        -1.0,
        1.0,
        1.0,
        -1.0,
        -1.0,
        -1.0,
        1.0,
        1.0,
        1.0,
        -1.0,
        1.0,
        -1.0,
        -1.0,
        -1.0,
        1.0,
        1.0,
        -0.9857118129730225,
        -1.0,
        -1.0,
        1.0,
        -1.0,
        1.0,
        1.0,
        1.0,
        1.0,
        1.0,
        1.0,
        -1.0,
        1.0,
        1.0,
        1.0,
        -1.0,
        -1.0,
        1.0,
        -1.0,
        -1.0,
        -1.0,
        1.0,
        -1.0,
        -1.0,
        -1.0,
        -1.0,
        -1.0,
        1.0,
        1.0,
        1.0
    ],
    "embedding_scaling_factor": 305.9361267089844,
    "samples": [
        15,
        14,
        22,
        4,
        4,
        1,
        9,
        0,
        19,
        12,
        6,
        16,
        9,
        18,
        19,
        5,
        17,
        14,
        18,
        11,
        16,
        10,
        10,
        18,
        12,
        12,
        0,
        4,
        14,
        16,
        7,
        2,
        27,
        5,
        27,
        7,
        23,
        17,
        15,
        27,
        8,
        11,
        7,
        15,
        24,
        1,
        10,
        13,
        12,
        9,
        12,
        6,
        15,
        7,
        16,
        10,
        16,
        9,
        9,
        5,
        13,
        11,
        8,
        9,
        9,
        12,
        8,
        19,
        10,
        6,
        11,
        4,
        19,
        6,
        15,
        6,
        3,
        1,
        6,
        13,
        5,
        6,
        11,
        11,
        8,
        4,
        14,
        8,
        8,
        24,
        14,
        13,
        7,
        10,
        21,
        8,
        12,
        6,
        0,
        17
    ],
    "category_values_ratio": {
        "12": 5751,
        "11": 5699,
        "10": 5542,
        "13": 5497,
        "9": 5248,
        "14": 5196,
        "15": 4668,
        "8": 4635,
        "7": 4471,
        "16": 4079,
        "6": 3758,
        "17": 3394,
        "5": 3384,
        "4": 2851,
        "18": 2760,
        "3": 2325,
        "0": 2157,
        "19": 2013,
        "2": 1683,
        "20": 1659,
        "21": 1179,
        "22": 914,
        "1": 783,
        "23": 701,
        "24": 497,
        "25": 332,
        "26": 281,
        "27": 235,
        "28": 161,
        "29": 107,
        "30": 89,
        "31": 59,
        "32": 43,
        "33": 39,
        "34": 25,
        "35": 20,
        "36": 14,
        "37": 10,
        "38": 10,
        "39": 9,
        "40": 7,
        "41": 4,
        "44": 4,
        "42": 4,
        "99": 3,
        "50": 3,
        "45": 3,
        "46": 2,
        "53": 2,
        "49": 1,
        "60": 1,
        "78": 1,
        "56": 1,
        "51": 1,
        "64": 1,
        "67": 1,
        "48": 1
    },
    "nrows": 82318
}