{
    "column_id": "KDD98/KDD98.csvKDD98.csv/LOCALGOV",
    "dataset_name": "KDD98.csv",
    "dataset_id": "KDD98/KDD98.csv",
    "path": "/home/ubuntu/CatDB-VLDB2025-V1/Experiments/data/KDD98/KDD98.csv",
    "table_name": "KDD98.csv",
    "table_id": "KDD98/KDD98.csvKDD98.csv",
    "column_name": "LOCALGOV",
    "data_source": "KDD98",
    "data_type": "int",
    "total_values_count": 82318,
    "distinct_values_count": 56,
    "missing_values_count": 0,
    "true_ratio": null,
    "min_value": 0.0,
    "max_value": 99.0,
    "mean": 6.842889768944824,
    "median": 6.0,
    "iqr": 5.0,
    "category_values": [
        6,
        8,
        9,
        12,
        11,
        3,
        4,
        5,
        17,
        1,
        7,
        2,
        20,
        13,
        18,
        10,
        0,
        16,
        14,
        21,
        32,
        24,
        15,
        22,
        25,
        19,
        36,
        23,
        29,
        26,
        37,
        27,
        31,
        43,
        57,
        28,
        39,
        33,
        35,
        44,
        59,
        40,
        30,
        34,
        50,
        55,
        38,
        47,
        60,
        49,
        53,
        41,
        64,
        99,
        48,
        52
    ],
    "embedding": [
        -1.0,
        -1.0,
        -1.0,
        1.0,
        -1.0,
        1.0,
        -1.0,
        -1.0,
        -1.0,
        -1.0,
        1.0,
        -1.0,
        -1.0,
        1.0,
        1.0,
        1.0,
        1.0,
        -1.0,
        1.0,
        -1.0,
        1.0,
        -1.0,
        1.0,
        -1.0,
        1.0,
        -1.0,
        -1.0,
        1.0,
        -1.0,
        -1.0,
        1.0,
        1.0,
        -1.0,
        -1.0,
        -1.0,
        1.0,
        -1.0,
        1.0,
        1.0,
        -1.0,
        -1.0,
        1.0,
        -1.0,
        -1.0,
        -1.0,
        -1.0,
        1.0,
        -1.0,
        -1.0,
        -0.7876791954040527,
        -1.0,
        1.0,
        1.0,
        1.0,
        -1.0,
        1.0,
        1.0,
        1.0,
        -1.0,
        0.8995237946510315,
        -1.0,
        -1.0,
        1.0,
        -1.0,
        1.0,
        -1.0,
        1.0,
        -1.0,
        1.0,
        1.0,
        1.0,
        -1.0,
        -1.0,
        -1.0,
        -1.0,
        1.0,
        1.0,
        1.0,
        1.0,
        1.0,
        1.0,
        1.0,
        1.0,
        -1.0,
        -1.0,
        1.0,
        -1.0,
        1.0,
        1.0,
        1.0,
        -1.0,
        1.0,
        1.0,
        -1.0,
        1.0,
        -1.0,
        1.0,
        -1.0,
        -1.0,
        -1.0,
        -0.9776256084442139,
        -1.0,
        1.0,
        -1.0,
        -1.0,
        1.0,
        1.0,
        1.0,
        -1.0,
        -1.0,
        1.0,
        -1.0,
        -1.0,
        1.0,
        1.0,
        1.0,
        1.0,
        1.0,
        1.0,
        -1.0,
        -1.0,
        1.0,
        -1.0,
        -1.0,
        1.0,
        -1.0,
        -1.0,
        -1.0,
        -1.0,
        1.0,
        -1.0,
        1.0,
        -1.0,
        -1.0,
        1.0,
        -1.0,
        -1.0,
        1.0,
        1.0,
        -1.0,
        1.0,
        1.0,
        1.0,
        -1.0,
        1.0,
        -1.0,
        1.0,
        -1.0,
        -1.0,
        -1.0,
        1.0,
        -1.0,
        1.0,
        -1.0,
        1.0,
        -1.0,
        1.0,
        -1.0,
        1.0,
        -1.0,
        -1.0,
        1.0,
        -1.0,
        -1.0,
        1.0,
        -1.0,
        1.0,
        -1.0,
        -1.0,
        -1.0,
        -1.0,
        -1.0,
        1.0,
        1.0,
        -1.0,
        -1.0,
        1.0,
        -1.0,
        -1.0,
        -1.0,
        1.0,
        -1.0,
        -1.0,
        -1.0,
        1.0,
        -1.0,
        1.0,
        -1.0,
        -1.0,
        -1.0,
        1.0,
        1.0,
        1.0,
        1.0,
        -1.0,
        -1.0,
        1.0,
        -1.0,
        -1.0,
        1.0,
        -1.0,
        1.0,
        -1.0,
        -1.0,
        -1.0,
        -1.0,
        1.0,
        1.0,
        -1.0,
        -1.0,
        -1.0,
        1.0,
        -1.0,
        -1.0,
        -1.0,
        1.0,
        -1.0,
        1.0,
        -1.0,
        -1.0,
        1.0,
        -1.0,
        -1.0,
        1.0,
        -1.0,
        -0.7760136723518372,
        1.0,
        -1.0,
        -1.0,
        -1.0,
        1.0,
        -1.0,
        1.0,
        -1.0,
        -1.0,
        1.0,
        -1.0,
        1.0,
        1.0,
        -1.0,
        1.0,
        -0.7679862976074219,
        1.0,
        -1.0,
        1.0,
        1.0,
        -1.0,
        -1.0,
        -1.0,
        1.0,
        1.0,
        1.0,
        -1.0,
        -1.0,
        -1.0,
        1.0,
        1.0,
        -1.0,
        -1.0,
        -1.0,
        1.0,
        1.0,
        1.0,
        -1.0,
        1.0,
        -1.0,
        -1.0,
        -1.0,
        1.0,
        1.0,
        -0.9693076610565186,
        -1.0,
        -1.0,
        1.0,
        -1.0,
        1.0,
        1.0,
        1.0,
        1.0,
        1.0,
        1.0,
        -1.0,
        1.0,
        1.0,
        1.0,
        -1.0,
        -1.0,
        1.0,
        -1.0,
        -1.0,
        -1.0,
        1.0,
        -1.0,
        -1.0,
        -1.0,
        -1.0,
        -1.0,
        1.0,
        1.0,
        1.0
    ],
    "embedding_scaling_factor": 434.8538513183594,
    "samples": [
        0,
        7,
        8,
        14,
        5,
        6,
        2,
        9,
        6,
        8,
        7,
        5,
        10,
        8,
        5,
        12,
        19,
        8,
        2,
        0,
        7,
        1,
        9,
        8,
        3,
        6,
        0,
        3,
        6,
        4,
        3,
        7,
        6,
        6,
        14,
        11,
        13,
        2,
        17,
        8,
        8,
        6,
        9,
        15,
        23,
        7,
        18,
        9,
        11,
        4,
        4,
        2,
        7,
        3,
        7,
        5,
        12,
        9,
        7,
        13,
        0,
        0,
        7,
        5,
        6,
        4,
        4,
        0,
        17,
        9,
        3,
        5,
        7,
        8,
        8,
        5,
        2,
        9,
        49,
        0,
        4,
        10,
        12,
        14,
        6,
        9,
        5,
        17,
        11,
        6,
        6,
        12,
        6,
        12,
        5,
        0,
        4,
        7,
        2,
        7
    ],
    "category_values_ratio": {
        "5": 9673,
        "6": 9476,
        "7": 8626,
        "4": 7891,
        "8": 7229,
        "9": 5760,
        "3": 5575,
        "0": 5291,
        "10": 4302,
        "2": 3758,
        "11": 3283,
        "12": 2502,
        "13": 1872,
        "1": 1505,
        "14": 1343,
        "15": 978,
        "16": 753,
        "17": 603,
        "18": 430,
        "19": 319,
        "20": 266,
        "21": 207,
        "22": 141,
        "23": 116,
        "24": 87,
        "25": 79,
        "26": 52,
        "27": 35,
        "28": 28,
        "29": 22,
        "32": 16,
        "33": 13,
        "31": 12,
        "30": 12,
        "36": 11,
        "34": 8,
        "59": 8,
        "35": 6,
        "39": 4,
        "38": 3,
        "37": 3,
        "44": 3,
        "47": 2,
        "40": 2,
        "43": 2,
        "57": 1,
        "50": 1,
        "55": 1,
        "60": 1,
        "49": 1,
        "53": 1,
        "41": 1,
        "64": 1,
        "99": 1,
        "48": 1,
        "52": 1
    },
    "nrows": 82318
}