{
    "column_id": "KDD98/KDD98.csvKDD98.csv/HHP1",
    "dataset_name": "KDD98.csv",
    "dataset_id": "KDD98/KDD98.csv",
    "path": "/home/ubuntu/CatDB-VLDB2025-V1/Experiments/data/KDD98/KDD98.csv",
    "table_name": "KDD98.csv",
    "table_id": "KDD98/KDD98.csvKDD98.csv",
    "column_name": "HHP1",
    "data_source": "KDD98",
    "data_type": "int",
    "total_values_count": 82318,
    "distinct_values_count": 390,
    "missing_values_count": 0,
    "true_ratio": null,
    "min_value": 0.0,
    "max_value": 650.0,
    "mean": 185.42773148035667,
    "median": 182.0,
    "iqr": 52.0,
    "category_values": [
        188,
        179,
        174,
        202,
        169,
        154,
        230,
        201,
        167,
        137,
        193,
        152,
        135,
        96,
        168,
        132,
        189,
        248,
        185,
        133,
        186,
        197,
        215,
        213,
        149,
        171,
        187,
        158,
        0,
        178,
        89,
        212,
        163,
        240,
        134,
        143,
        184,
        130,
        235,
        274,
        180,
        175,
        223,
        173,
        155,
        182,
        165,
        157,
        207,
        301,
        217,
        159,
        286,
        94,
        138,
        103,
        251,
        263,
        183,
        261,
        233,
        211,
        214,
        227,
        276,
        86,
        141,
        199,
        194,
        181,
        160,
        203,
        204,
        148,
        85,
        161,
        131,
        229,
        311,
        177,
        252,
        321,
        195,
        166,
        176,
        231,
        238,
        208,
        170,
        153,
        324,
        242,
        119,
        145,
        250,
        289,
        123,
        81,
        97,
        228,
        256,
        221,
        162,
        206,
        270,
        144,
        319,
        110,
        190,
        192,
        210,
        84,
        139,
        209,
        232,
        200,
        117,
        146,
        109,
        136,
        236,
        118,
        234,
        239,
        150,
        100,
        243,
        268,
        254,
        98,
        244,
        101,
        198,
        147,
        267,
        247,
        196,
        218,
        164,
        122,
        172,
        99,
        120,
        237,
        318,
        370,
        304,
        205,
        283,
        222,
        226,
        107,
        264,
        246,
        128,
        140,
        280,
        124,
        259,
        314,
        288,
        216,
        284,
        156,
        220,
        224,
        266,
        249,
        306,
        299,
        127,
        273,
        275,
        106,
        92,
        350,
        257,
        121,
        191,
        317,
        126,
        142,
        295,
        298,
        334,
        219,
        278,
        287,
        71,
        129,
        265,
        262,
        108,
        65,
        241,
        90,
        151,
        279,
        76,
        315,
        95,
        269,
        225,
        68,
        336,
        74,
        294,
        355,
        88,
        93,
        116,
        271,
        312,
        111,
        325,
        326,
        125,
        253,
        255,
        291,
        277,
        245,
        114,
        87,
        327,
        375,
        343,
        67,
        335,
        105,
        260,
        302,
        341,
        83,
        82,
        310,
        104,
        285,
        320,
        80,
        102,
        272,
        115,
        75,
        113,
        307,
        303,
        428,
        79,
        112,
        72,
        297,
        282,
        258,
        69,
        347,
        53,
        64,
        78,
        70,
        281,
        346,
        365,
        305,
        293,
        351,
        308,
        77,
        73,
        388,
        290,
        328,
        300,
        296,
        333,
        411,
        292,
        331,
        330,
        332,
        59,
        91,
        54,
        371,
        359,
        309,
        405,
        63,
        316,
        62,
        353,
        358,
        60,
        381,
        322,
        58,
        414,
        329,
        313,
        373,
        376,
        50,
        413,
        356,
        57,
        352,
        61,
        487,
        410,
        348,
        392,
        66,
        323,
        354,
        397,
        338,
        363,
        400,
        55,
        444,
        425,
        398,
        342,
        408,
        498,
        383,
        402,
        337,
        339,
        418,
        406,
        367,
        450,
        390,
        366,
        344,
        460,
        374,
        56,
        349,
        361,
        378,
        525,
        377,
        340,
        360,
        387,
        357,
        364,
        399,
        436,
        469,
        380,
        456,
        439,
        345,
        445,
        452,
        394,
        369,
        395,
        497,
        650,
        453,
        495,
        384,
        389,
        476,
        385,
        372,
        379,
        417,
        427,
        568,
        463,
        464,
        386,
        391,
        451,
        362,
        499,
        446,
        431,
        433,
        396,
        531,
        472,
        459,
        424,
        415
    ],
    "embedding": [
        -1.0,
        -1.0,
        -1.0,
        1.0,
        -1.0,
        1.0,
        -1.0,
        -1.0,
        -0.9999628663063049,
        -1.0,
        1.0,
        -1.0,
        -1.0,
        1.0,
        1.0,
        1.0,
        1.0,
        -1.0,
        1.0,
        -1.0,
        1.0,
        -1.0,
        1.0,
        -1.0,
        1.0,
        -1.0,
        -1.0,
        1.0,
        -1.0,
        -1.0,
        1.0,
        1.0,
        -1.0,
        -1.0,
        -1.0,
        1.0,
        -1.0,
        1.0,
        1.0,
        -1.0,
        -1.0,
        1.0,
        -1.0,
        -1.0,
        -1.0,
        -1.0,
        1.0,
        -1.0,
        -0.999936044216156,
        -0.9930245280265808,
        -1.0,
        1.0,
        1.0,
        1.0,
        -1.0,
        1.0,
        1.0,
        1.0,
        -1.0,
        0.9981034398078918,
        -1.0,
        -1.0,
        1.0,
        -1.0,
        1.0,
        -1.0,
        1.0,
        -1.0,
        1.0,
        1.0,
        1.0,
        -1.0,
        -1.0,
        -1.0,
        -1.0,
        1.0,
        1.0,
        1.0,
        1.0,
        1.0,
        1.0,
        1.0,
        1.0,
        -1.0,
        -1.0,
        1.0,
        -1.0,
        1.0,
        1.0,
        1.0,
        -1.0,
        1.0,
        1.0,
        -1.0,
        1.0,
        -1.0,
        1.0,
        -1.0,
        -1.0,
        -1.0,
        -0.9989447593688965,
        -1.0,
        1.0,
        -1.0,
        -1.0,
        1.0,
        1.0,
        1.0,
        -1.0,
        -1.0,
        1.0,
        -1.0,
        -1.0,
        1.0,
        1.0,
        1.0,
        1.0,
        1.0,
        1.0,
        -1.0,
        -1.0,
        1.0,
        -1.0,
        -1.0,
        1.0,
        -1.0,
        -1.0,
        -0.9996568560600281,
        -1.0,
        1.0,
        -1.0,
        1.0,
        -1.0,
        -1.0,
        1.0,
        -1.0,
        -1.0,
        1.0,
        1.0,
        -1.0,
        1.0,
        1.0,
        1.0,
        -1.0,
        1.0,
        -1.0,
        1.0,
        -1.0,
        -1.0,
        -1.0,
        0.9978269338607788,
        -1.0,
        1.0,
        -1.0,
        1.0,
        -1.0,
        1.0,
        -1.0,
        1.0,
        -1.0,
        -1.0,
        1.0,
        -1.0,
        -1.0,
        1.0,
        -1.0,
        1.0,
        -1.0,
        -1.0,
        -1.0,
        -1.0,
        -1.0,
        1.0,
        1.0,
        -1.0,
        -1.0,
        1.0,
        -1.0,
        -1.0,
        -1.0,
        1.0,
        -1.0,
        -1.0,
        -1.0,
        1.0,
        -1.0,
        1.0,
        -1.0,
        -1.0,
        -1.0,
        1.0,
        1.0,
        1.0,
        1.0,
        -1.0,
        -1.0,
        1.0,
        -1.0,
        -1.0,
        1.0,
        -1.0,
        1.0,
        -1.0,
        -1.0,
        -1.0,
        -1.0,
        1.0,
        1.0,
        -1.0,
        -1.0,
        -1.0,
        1.0,
        -1.0,
        -1.0,
        -1.0,
        1.0,
        -1.0,
        1.0,
        -1.0,
        -1.0,
        1.0,
        -1.0,
        -1.0,
        1.0,
        -0.999972939491272,
        -0.9931221604347229,
        1.0,
        -1.0,
        -1.0,
        -1.0,
        1.0,
        -1.0,
        1.0,
        -1.0,
        -1.0,
        1.0,
        -1.0,
        1.0,
        1.0,
        -0.9999948740005493,
        1.0,
        -0.992759108543396,
        1.0,
        -1.0,
        1.0,
        1.0,
        -1.0,
        -1.0,
        -1.0,
        1.0,
        1.0,
        1.0,
        -1.0,
        -1.0,
        -1.0,
        1.0,
        1.0,
        -1.0,
        -1.0,
        -1.0,
        1.0,
        1.0,
        1.0,
        -1.0,
        1.0,
        -1.0,
        -1.0,
        -1.0,
        1.0,
        1.0,
        -0.9988679885864258,
        -1.0,
        -1.0,
        1.0,
        -1.0,
        1.0,
        1.0,
        1.0,
        1.0,
        1.0,
        1.0,
        -1.0,
        1.0,
        1.0,
        1.0,
        -1.0,
        -1.0,
        1.0,
        -1.0,
        -1.0,
        -1.0,
        1.0,
        -1.0,
        -1.0,
        -1.0,
        -1.0,
        -1.0,
        1.0,
        1.0,
        1.0
    ],
    "embedding_scaling_factor": 133.734619140625,
    "samples": [
        91,
        176,
        174,
        210,
        168,
        145,
        245,
        183,
        155,
        275,
        145,
        142,
        179,
        195,
        187,
        159,
        198,
        196,
        270,
        239,
        169,
        203,
        197,
        189,
        170,
        164,
        273,
        170,
        181,
        180,
        217,
        190,
        189,
        148,
        293,
        150,
        179,
        244,
        162,
        236,
        173,
        273,
        166,
        445,
        180,
        240,
        199,
        77,
        193,
        126,
        144,
        201,
        185,
        146,
        149,
        156,
        199,
        193,
        194,
        252,
        190,
        163,
        162,
        164,
        147,
        150,
        163,
        241,
        309,
        189,
        251,
        170,
        154,
        151,
        227,
        218,
        166,
        139,
        184,
        116,
        247,
        251,
        177,
        119,
        124,
        168,
        252,
        289,
        235,
        256,
        263,
        137,
        140,
        160,
        174,
        67,
        68,
        234,
        241,
        220
    ],
    "category_values_ratio": {
        "179": 1025,
        "183": 1024,
        "180": 1005,
        "178": 1001,
        "177": 995,
        "174": 975,
        "188": 971,
        "185": 948,
        "187": 942,
        "168": 933,
        "186": 932,
        "194": 928,
        "191": 926,
        "190": 921,
        "181": 917,
        "167": 916,
        "172": 914,
        "175": 911,
        "176": 908,
        "189": 906,
        "173": 895,
        "192": 893,
        "166": 891,
        "163": 880,
        "171": 874,
        "182": 870,
        "184": 867,
        "193": 858,
        "169": 857,
        "165": 844,
        "170": 840,
        "196": 838,
        "197": 825,
        "164": 820,
        "161": 769,
        "198": 759,
        "159": 750,
        "160": 737,
        "195": 737,
        "199": 734,
        "157": 713,
        "155": 703,
        "162": 701,
        "158": 695,
        "156": 679,
        "152": 638,
        "200": 633,
        "151": 608,
        "150": 580,
        "153": 568,
        "0": 564,
        "147": 558,
        "154": 546,
        "148": 523,
        "145": 493,
        "149": 483,
        "204": 480,
        "146": 478,
        "208": 475,
        "206": 466,
        "141": 455,
        "144": 451,
        "207": 451,
        "203": 449,
        "211": 449,
        "215": 446,
        "201": 441,
        "205": 413,
        "143": 409,
        "140": 401,
        "216": 398,
        "214": 392,
        "218": 390,
        "212": 388,
        "142": 388,
        "210": 387,
        "202": 387,
        "213": 380,
        "222": 380,
        "223": 378,
        "220": 377,
        "209": 377,
        "221": 375,
        "224": 374,
        "137": 367,
        "219": 357,
        "217": 351,
        "228": 348,
        "231": 346,
        "139": 342,
        "138": 339,
        "230": 334,
        "229": 331,
        "226": 330,
        "232": 321,
        "234": 320,
        "225": 320,
        "233": 318,
        "227": 311,
        "235": 307,
        "136": 305,
        "132": 302,
        "244": 297,
        "131": 287,
        "238": 286,
        "245": 284,
        "242": 281,
        "237": 280,
        "130": 274,
        "135": 272,
        "241": 270,
        "251": 267,
        "243": 265,
        "126": 263,
        "247": 251,
        "134": 251,
        "246": 250,
        "127": 243,
        "248": 242,
        "239": 241,
        "236": 240,
        "240": 238,
        "128": 234,
        "133": 231,
        "252": 230,
        "129": 225,
        "249": 215,
        "124": 210,
        "253": 207,
        "250": 205,
        "259": 204,
        "255": 189,
        "261": 186,
        "254": 186,
        "125": 184,
        "257": 183,
        "263": 179,
        "256": 177,
        "120": 174,
        "122": 169,
        "123": 166,
        "121": 163,
        "264": 157,
        "270": 155,
        "118": 155,
        "275": 149,
        "117": 149,
        "119": 148,
        "266": 145,
        "268": 141,
        "116": 140,
        "260": 138,
        "267": 135,
        "110": 134,
        "258": 132,
        "269": 130,
        "271": 128,
        "265": 127,
        "262": 126,
        "115": 126,
        "114": 121,
        "99": 119,
        "111": 118,
        "109": 115,
        "273": 115,
        "276": 115,
        "98": 113,
        "278": 111,
        "90": 111,
        "279": 110,
        "94": 108,
        "104": 107,
        "96": 107,
        "272": 103,
        "112": 103,
        "106": 101,
        "282": 100,
        "95": 99,
        "89": 98,
        "113": 98,
        "100": 98,
        "107": 97,
        "274": 97,
        "103": 97,
        "92": 96,
        "97": 90,
        "277": 89,
        "288": 89,
        "108": 88,
        "287": 87,
        "283": 87,
        "286": 85,
        "84": 81,
        "88": 79,
        "280": 79,
        "284": 78,
        "301": 78,
        "102": 77,
        "83": 74,
        "93": 71,
        "101": 70,
        "305": 70,
        "290": 69,
        "289": 69,
        "291": 68,
        "105": 68,
        "87": 67,
        "80": 67,
        "85": 67,
        "86": 66,
        "281": 65,
        "285": 65,
        "304": 63,
        "295": 63,
        "303": 63,
        "91": 63,
        "292": 63,
        "306": 62,
        "293": 61,
        "300": 60,
        "75": 60,
        "79": 59,
        "310": 59,
        "297": 59,
        "311": 59,
        "70": 58,
        "78": 58,
        "81": 58,
        "294": 58,
        "296": 54,
        "82": 54,
        "74": 52,
        "298": 52,
        "312": 51,
        "302": 49,
        "76": 48,
        "77": 48,
        "299": 47,
        "309": 46,
        "313": 45,
        "68": 44,
        "314": 43,
        "307": 43,
        "67": 42,
        "71": 42,
        "315": 41,
        "318": 39,
        "308": 38,
        "317": 38,
        "324": 36,
        "73": 36,
        "65": 35,
        "72": 35,
        "316": 32,
        "326": 31,
        "321": 29,
        "319": 28,
        "328": 27,
        "69": 26,
        "330": 24,
        "322": 24,
        "64": 22,
        "325": 22,
        "320": 22,
        "331": 21,
        "327": 21,
        "50": 20,
        "323": 19,
        "343": 18,
        "63": 17,
        "55": 16,
        "332": 16,
        "66": 15,
        "62": 15,
        "59": 15,
        "329": 14,
        "338": 14,
        "335": 14,
        "351": 14,
        "333": 13,
        "334": 13,
        "336": 12,
        "341": 12,
        "355": 12,
        "354": 11,
        "344": 11,
        "60": 11,
        "58": 11,
        "353": 10,
        "346": 10,
        "378": 9,
        "350": 9,
        "356": 9,
        "375": 9,
        "347": 9,
        "361": 9,
        "54": 9,
        "339": 8,
        "57": 8,
        "367": 8,
        "345": 7,
        "342": 7,
        "340": 7,
        "358": 7,
        "357": 7,
        "364": 7,
        "53": 7,
        "365": 7,
        "363": 7,
        "348": 7,
        "373": 7,
        "349": 6,
        "61": 6,
        "374": 6,
        "650": 5,
        "411": 5,
        "388": 5,
        "383": 5,
        "360": 5,
        "402": 5,
        "337": 5,
        "366": 5,
        "398": 4,
        "371": 4,
        "390": 4,
        "381": 4,
        "376": 4,
        "392": 3,
        "405": 3,
        "450": 3,
        "400": 3,
        "460": 3,
        "352": 3,
        "428": 3,
        "370": 3,
        "410": 3,
        "359": 3,
        "445": 3,
        "453": 3,
        "384": 3,
        "372": 3,
        "379": 3,
        "56": 3,
        "380": 3,
        "499": 2,
        "418": 2,
        "406": 2,
        "414": 2,
        "446": 2,
        "425": 2,
        "377": 2,
        "362": 2,
        "391": 2,
        "389": 2,
        "498": 2,
        "417": 2,
        "369": 2,
        "413": 2,
        "452": 1,
        "387": 1,
        "399": 1,
        "436": 1,
        "469": 1,
        "456": 1,
        "439": 1,
        "395": 1,
        "394": 1,
        "497": 1,
        "397": 1,
        "444": 1,
        "476": 1,
        "525": 1,
        "487": 1,
        "386": 1,
        "385": 1,
        "408": 1,
        "495": 1,
        "427": 1,
        "433": 1,
        "396": 1,
        "531": 1,
        "451": 1,
        "472": 1,
        "459": 1,
        "464": 1,
        "424": 1,
        "463": 1,
        "568": 1,
        "431": 1,
        "415": 1
    },
    "nrows": 82318
}