{
    "column_id": "KDD98/KDD98.csvKDD98.csv/CHILC3",
    "dataset_name": "KDD98.csv",
    "dataset_id": "KDD98/KDD98.csv",
    "path": "/home/ubuntu/CatDB-VLDB2025-V1/Experiments/data/KDD98/KDD98.csv",
    "table_name": "KDD98.csv",
    "table_id": "KDD98/KDD98.csvKDD98.csv",
    "column_name": "CHILC3",
    "data_source": "KDD98",
    "data_type": "int",
    "total_values_count": 82318,
    "distinct_values_count": 62,
    "missing_values_count": 0,
    "true_ratio": null,
    "min_value": 0.0,
    "max_value": 99.0,
    "mean": 31.69080881459705,
    "median": 32.0,
    "iqr": 4.0,
    "category_values": [
        32,
        25,
        35,
        33,
        30,
        29,
        36,
        26,
        23,
        31,
        15,
        34,
        40,
        37,
        27,
        0,
        24,
        28,
        39,
        41,
        38,
        21,
        22,
        43,
        17,
        19,
        44,
        42,
        8,
        18,
        13,
        20,
        14,
        11,
        16,
        10,
        45,
        46,
        3,
        9,
        50,
        49,
        4,
        67,
        12,
        7,
        5,
        48,
        99,
        51,
        60,
        2,
        56,
        54,
        52,
        1,
        47,
        6,
        63,
        53,
        57,
        71
    ],
    "embedding": [
        -1.0,
        -1.0,
        -1.0,
        1.0,
        -1.0,
        1.0,
        -1.0,
        -1.0,
        -1.0,
        -1.0,
        1.0,
        -1.0,
        -1.0,
        1.0,
        1.0,
        1.0,
        1.0,
        -1.0,
        1.0,
        -1.0,
        1.0,
        -1.0,
        1.0,
        -1.0,
        1.0,
        -1.0,
        -1.0,
        1.0,
        -1.0,
        -1.0,
        1.0,
        1.0,
        -1.0,
        -1.0,
        -1.0,
        1.0,
        -1.0,
        1.0,
        1.0,
        -1.0,
        -1.0,
        1.0,
        -1.0,
        -1.0,
        -1.0,
        -1.0,
        1.0,
        -1.0,
        -1.0,
        -0.974761426448822,
        -1.0,
        1.0,
        1.0,
        1.0,
        -1.0,
        1.0,
        1.0,
        1.0,
        -1.0,
        0.9938442707061768,
        -1.0,
        -1.0,
        1.0,
        -1.0,
        1.0,
        -1.0,
        1.0,
        -1.0,
        1.0,
        1.0,
        1.0,
        -1.0,
        -1.0,
        -1.0,
        -1.0,
        1.0,
        1.0,
        1.0,
        1.0,
        1.0,
        1.0,
        1.0,
        1.0,
        -1.0,
        -1.0,
        1.0,
        -1.0,
        1.0,
        1.0,
        1.0,
        -1.0,
        1.0,
        1.0,
        -1.0,
        1.0,
        -1.0,
        1.0,
        -1.0,
        -1.0,
        -1.0,
        -0.9951784610748291,
        -1.0,
        1.0,
        -1.0,
        -1.0,
        1.0,
        1.0,
        1.0,
        -1.0,
        -1.0,
        1.0,
        -1.0,
        -1.0,
        1.0,
        1.0,
        1.0,
        1.0,
        1.0,
        1.0,
        -1.0,
        -1.0,
        1.0,
        -1.0,
        -1.0,
        1.0,
        -1.0,
        -1.0,
        -1.0,
        -1.0,
        1.0,
        -1.0,
        1.0,
        -1.0,
        -1.0,
        1.0,
        -1.0,
        -1.0,
        1.0,
        1.0,
        -1.0,
        1.0,
        1.0,
        1.0,
        -1.0,
        1.0,
        -1.0,
        1.0,
        -1.0,
        -1.0,
        -1.0,
        1.0,
        -1.0,
        1.0,
        -1.0,
        1.0,
        -1.0,
        1.0,
        -1.0,
        1.0,
        -1.0,
        -1.0,
        1.0,
        -1.0,
        -1.0,
        1.0,
        -1.0,
        1.0,
        -1.0,
        -1.0,
        -1.0,
        -1.0,
        -1.0,
        1.0,
        1.0,
        -1.0,
        -1.0,
        1.0,
        -1.0,
        -1.0,
        -1.0,
        1.0,
        -1.0,
        -1.0,
        -1.0,
        1.0,
        -1.0,
        1.0,
        -1.0,
        -1.0,
        -1.0,
        1.0,
        1.0,
        1.0,
        1.0,
        -1.0,
        -1.0,
        1.0,
        -1.0,
        -1.0,
        1.0,
        -1.0,
        1.0,
        -1.0,
        -1.0,
        -1.0,
        -1.0,
        1.0,
        1.0,
        -1.0,
        -1.0,
        -1.0,
        1.0,
        -1.0,
        -1.0,
        -1.0,
        1.0,
        -1.0,
        1.0,
        -1.0,
        -1.0,
        1.0,
        -1.0,
        -1.0,
        1.0,
        -1.0,
        -0.9784005284309387,
        1.0,
        -1.0,
        -1.0,
        -1.0,
        1.0,
        -1.0,
        1.0,
        -1.0,
        -1.0,
        1.0,
        -1.0,
        1.0,
        1.0,
        -1.0,
        1.0,
        -0.9350485801696777,
        1.0,
        -1.0,
        1.0,
        1.0,
        -1.0,
        -1.0,
        -1.0,
        1.0,
        1.0,
        1.0,
        -1.0,
        -1.0,
        -1.0,
        1.0,
        1.0,
        -1.0,
        -1.0,
        -1.0,
        1.0,
        1.0,
        1.0,
        -1.0,
        1.0,
        -1.0,
        -1.0,
        -1.0,
        1.0,
        1.0,
        -0.9948345422744751,
        -1.0,
        -1.0,
        1.0,
        -1.0,
        1.0,
        1.0,
        1.0,
        1.0,
        1.0,
        1.0,
        -1.0,
        1.0,
        1.0,
        1.0,
        -1.0,
        -1.0,
        1.0,
        -1.0,
        -1.0,
        -1.0,
        1.0,
        -1.0,
        -1.0,
        -1.0,
        -1.0,
        -1.0,
        1.0,
        1.0,
        1.0
    ],
    "embedding_scaling_factor": 103.13167572021484,
    "samples": [
        30,
        30,
        30,
        30,
        34,
        30,
        31,
        29,
        32,
        31,
        34,
        33,
        28,
        31,
        35,
        33,
        29,
        35,
        28,
        32,
        24,
        34,
        33,
        33,
        25,
        28,
        30,
        33,
        32,
        30,
        30,
        35,
        29,
        35,
        25,
        32,
        32,
        24,
        30,
        29,
        39,
        20,
        33,
        32,
        22,
        34,
        41,
        36,
        32,
        28,
        33,
        34,
        35,
        35,
        35,
        25,
        29,
        30,
        27,
        27,
        29,
        37,
        32,
        35,
        33,
        36,
        30,
        30,
        33,
        31,
        31,
        23,
        30,
        0,
        29,
        28,
        32,
        35,
        35,
        36,
        27,
        36,
        32,
        31,
        34,
        24,
        33,
        35,
        30,
        0,
        31,
        34,
        33,
        26,
        35,
        32,
        33,
        33,
        30,
        27
    ],
    "category_values_ratio": {
        "32": 10790,
        "33": 10553,
        "34": 9291,
        "31": 8882,
        "35": 7235,
        "30": 6789,
        "29": 4900,
        "36": 4730,
        "28": 3369,
        "37": 2929,
        "27": 2253,
        "38": 1839,
        "26": 1568,
        "25": 1167,
        "0": 909,
        "39": 904,
        "24": 762,
        "40": 617,
        "23": 461,
        "22": 341,
        "41": 313,
        "21": 267,
        "20": 222,
        "42": 149,
        "18": 130,
        "17": 106,
        "19": 100,
        "16": 75,
        "14": 72,
        "43": 63,
        "13": 55,
        "44": 55,
        "15": 54,
        "45": 45,
        "50": 33,
        "11": 29,
        "12": 27,
        "10": 26,
        "8": 26,
        "46": 19,
        "7": 16,
        "47": 15,
        "9": 15,
        "48": 15,
        "4": 14,
        "99": 11,
        "49": 11,
        "67": 10,
        "2": 9,
        "5": 8,
        "6": 7,
        "3": 7,
        "60": 5,
        "1": 5,
        "56": 4,
        "57": 2,
        "53": 2,
        "54": 2,
        "51": 2,
        "63": 1,
        "52": 1,
        "71": 1
    },
    "nrows": 82318
}