{
    "column_id": "KDD98/KDD98.csvKDD98.csv/HHN5",
    "dataset_name": "KDD98.csv",
    "dataset_id": "KDD98/KDD98.csv",
    "path": "/home/ubuntu/CatDB-VLDB2025-V1/Experiments/data/KDD98/KDD98.csv",
    "table_name": "KDD98.csv",
    "table_id": "KDD98/KDD98.csvKDD98.csv",
    "column_name": "HHN5",
    "data_source": "KDD98",
    "data_type": "int",
    "total_values_count": 82318,
    "distinct_values_count": 69,
    "missing_values_count": 0,
    "true_ratio": null,
    "min_value": 0.0,
    "max_value": 99.0,
    "mean": 10.459814378386259,
    "median": 10.0,
    "iqr": 6.0,
    "category_values": [
        13,
        8,
        18,
        10,
        5,
        4,
        9,
        7,
        3,
        6,
        19,
        2,
        12,
        15,
        0,
        11,
        20,
        1,
        28,
        14,
        21,
        16,
        26,
        30,
        27,
        22,
        17,
        38,
        25,
        36,
        33,
        45,
        31,
        24,
        23,
        34,
        29,
        37,
        32,
        41,
        46,
        42,
        35,
        40,
        54,
        50,
        48,
        51,
        39,
        44,
        43,
        52,
        47,
        53,
        63,
        49,
        57,
        60,
        99,
        59,
        67,
        58,
        64,
        61,
        55,
        62,
        69,
        68,
        56
    ],
    "embedding": [
        -1.0,
        -1.0,
        -1.0,
        1.0,
        -1.0,
        1.0,
        -1.0,
        -1.0,
        -1.0,
        -1.0,
        1.0,
        -1.0,
        -1.0,
        1.0,
        1.0,
        1.0,
        1.0,
        -1.0,
        1.0,
        -1.0,
        1.0,
        -1.0,
        1.0,
        -1.0,
        1.0,
        -1.0,
        -1.0,
        1.0,
        -1.0,
        -1.0,
        1.0,
        1.0,
        -1.0,
        -1.0,
        -1.0,
        1.0,
        -1.0,
        1.0,
        1.0,
        -1.0,
        -1.0,
        1.0,
        -1.0,
        -1.0,
        -1.0,
        -1.0,
        1.0,
        -1.0,
        -1.0,
        -0.9062421321868896,
        -1.0,
        1.0,
        1.0,
        1.0,
        -1.0,
        1.0,
        1.0,
        1.0,
        -1.0,
        0.9541420340538025,
        -1.0,
        -1.0,
        1.0,
        -1.0,
        1.0,
        -1.0,
        1.0,
        -1.0,
        1.0,
        1.0,
        1.0,
        -1.0,
        -1.0,
        -1.0,
        -1.0,
        1.0,
        1.0,
        1.0,
        1.0,
        1.0,
        1.0,
        1.0,
        1.0,
        -1.0,
        -1.0,
        1.0,
        -1.0,
        1.0,
        1.0,
        1.0,
        -1.0,
        1.0,
        1.0,
        -1.0,
        1.0,
        -1.0,
        1.0,
        -1.0,
        -1.0,
        -1.0,
        -0.9902075529098511,
        -1.0,
        1.0,
        -1.0,
        -1.0,
        1.0,
        1.0,
        1.0,
        -1.0,
        -1.0,
        1.0,
        -1.0,
        -1.0,
        1.0,
        1.0,
        1.0,
        1.0,
        1.0,
        1.0,
        -1.0,
        -1.0,
        1.0,
        -1.0,
        -1.0,
        1.0,
        -1.0,
        -1.0,
        -1.0,
        -1.0,
        1.0,
        -1.0,
        1.0,
        -1.0,
        -1.0,
        1.0,
        -1.0,
        -1.0,
        1.0,
        1.0,
        -1.0,
        1.0,
        1.0,
        1.0,
        -1.0,
        1.0,
        -1.0,
        1.0,
        -1.0,
        -1.0,
        -1.0,
        1.0,
        -1.0,
        1.0,
        -1.0,
        1.0,
        -1.0,
        1.0,
        -1.0,
        1.0,
        -1.0,
        -1.0,
        1.0,
        -1.0,
        -1.0,
        1.0,
        -1.0,
        1.0,
        -1.0,
        -1.0,
        -1.0,
        -1.0,
        -1.0,
        1.0,
        1.0,
        -1.0,
        -1.0,
        1.0,
        -1.0,
        -1.0,
        -1.0,
        1.0,
        -1.0,
        -1.0,
        -1.0,
        1.0,
        -1.0,
        1.0,
        -1.0,
        -1.0,
        -1.0,
        1.0,
        1.0,
        1.0,
        1.0,
        -1.0,
        -1.0,
        1.0,
        -1.0,
        -1.0,
        1.0,
        -1.0,
        1.0,
        -1.0,
        -1.0,
        -1.0,
        -1.0,
        1.0,
        1.0,
        -1.0,
        -1.0,
        -1.0,
        1.0,
        -1.0,
        -1.0,
        -1.0,
        1.0,
        -1.0,
        1.0,
        -1.0,
        -1.0,
        1.0,
        -1.0,
        -1.0,
        1.0,
        -1.0,
        -0.8868509531021118,
        1.0,
        -1.0,
        -1.0,
        -1.0,
        1.0,
        -1.0,
        1.0,
        -1.0,
        -1.0,
        1.0,
        -1.0,
        1.0,
        1.0,
        -1.0,
        1.0,
        -0.8866764307022095,
        1.0,
        -1.0,
        1.0,
        1.0,
        -1.0,
        -1.0,
        -1.0,
        1.0,
        1.0,
        1.0,
        -1.0,
        -1.0,
        -1.0,
        1.0,
        1.0,
        -1.0,
        -1.0,
        -1.0,
        1.0,
        1.0,
        1.0,
        -1.0,
        1.0,
        -1.0,
        -1.0,
        -1.0,
        1.0,
        1.0,
        -0.9864636659622192,
        -1.0,
        -1.0,
        1.0,
        -1.0,
        1.0,
        1.0,
        1.0,
        1.0,
        1.0,
        1.0,
        -1.0,
        1.0,
        1.0,
        1.0,
        -1.0,
        -1.0,
        1.0,
        -1.0,
        -1.0,
        -1.0,
        1.0,
        -1.0,
        -1.0,
        -1.0,
        -1.0,
        -1.0,
        1.0,
        1.0,
        1.0
    ],
    "embedding_scaling_factor": 335.8835754394531,
    "samples": [
        10,
        8,
        2,
        16,
        3,
        10,
        2,
        5,
        8,
        9,
        4,
        10,
        8,
        5,
        15,
        4,
        5,
        19,
        6,
        17,
        4,
        6,
        17,
        6,
        18,
        19,
        3,
        4,
        17,
        22,
        12,
        3,
        9,
        6,
        9,
        8,
        9,
        13,
        7,
        1,
        12,
        24,
        16,
        9,
        4,
        11,
        29,
        15,
        16,
        13,
        12,
        11,
        10,
        3,
        5,
        9,
        9,
        13,
        7,
        22,
        9,
        8,
        11,
        3,
        26,
        8,
        13,
        8,
        1,
        12,
        3,
        11,
        5,
        14,
        9,
        16,
        15,
        4,
        11,
        4,
        37,
        6,
        7,
        13,
        9,
        10,
        6,
        8,
        0,
        7,
        10,
        8,
        7,
        8,
        6,
        1,
        6,
        7,
        31,
        6
    ],
    "category_values_ratio": {
        "9": 7164,
        "10": 6951,
        "8": 6853,
        "11": 6422,
        "7": 6030,
        "6": 5361,
        "12": 5263,
        "13": 4603,
        "5": 4105,
        "14": 3608,
        "4": 3368,
        "15": 3019,
        "3": 2494,
        "16": 2291,
        "2": 1899,
        "17": 1818,
        "0": 1641,
        "1": 1367,
        "18": 1344,
        "19": 1060,
        "20": 871,
        "21": 705,
        "22": 597,
        "23": 501,
        "24": 384,
        "25": 328,
        "26": 275,
        "27": 223,
        "28": 202,
        "29": 198,
        "30": 183,
        "31": 151,
        "32": 112,
        "33": 110,
        "37": 88,
        "34": 81,
        "36": 80,
        "35": 76,
        "38": 71,
        "40": 51,
        "41": 48,
        "42": 48,
        "39": 48,
        "46": 28,
        "45": 27,
        "43": 24,
        "44": 24,
        "47": 16,
        "50": 15,
        "52": 13,
        "48": 12,
        "59": 8,
        "99": 7,
        "51": 7,
        "49": 7,
        "55": 5,
        "57": 4,
        "60": 4,
        "61": 4,
        "53": 3,
        "63": 3,
        "68": 2,
        "69": 2,
        "62": 2,
        "67": 2,
        "58": 2,
        "54": 2,
        "56": 2,
        "64": 1
    },
    "nrows": 82318
}