{
    "column_id": "KDD98/KDD98.csvKDD98.csv/PEC2",
    "dataset_name": "KDD98.csv",
    "dataset_id": "KDD98/KDD98.csv",
    "path": "/home/ubuntu/CatDB-VLDB2025-V1/Experiments/data/KDD98/KDD98.csv",
    "table_name": "KDD98.csv",
    "table_id": "KDD98/KDD98.csvKDD98.csv",
    "column_name": "PEC2",
    "data_source": "KDD98",
    "data_type": "int",
    "total_values_count": 82318,
    "distinct_values_count": 99,
    "missing_values_count": 0,
    "true_ratio": null,
    "min_value": 0.0,
    "max_value": 99.0,
    "mean": 18.21944167739741,
    "median": 11.0,
    "iqr": 23.0,
    "category_values": [
        16,
        5,
        7,
        1,
        4,
        49,
        66,
        20,
        11,
        9,
        3,
        0,
        23,
        31,
        55,
        2,
        58,
        52,
        15,
        17,
        13,
        14,
        6,
        8,
        33,
        61,
        30,
        41,
        59,
        32,
        44,
        22,
        19,
        91,
        72,
        18,
        56,
        71,
        69,
        70,
        38,
        28,
        47,
        54,
        12,
        10,
        26,
        37,
        25,
        40,
        45,
        24,
        53,
        74,
        36,
        21,
        64,
        39,
        35,
        43,
        42,
        51,
        50,
        27,
        82,
        63,
        57,
        46,
        81,
        78,
        48,
        68,
        29,
        60,
        73,
        67,
        65,
        34,
        87,
        75,
        62,
        80,
        84,
        85,
        77,
        88,
        79,
        76,
        83,
        89,
        92,
        95,
        86,
        94,
        96,
        99,
        90,
        93,
        97
    ],
    "embedding": [
        -1.0,
        -1.0,
        -1.0,
        1.0,
        -1.0,
        1.0,
        -1.0,
        -1.0,
        -1.0,
        -1.0,
        1.0,
        -1.0,
        -1.0,
        1.0,
        1.0,
        1.0,
        1.0,
        -1.0,
        1.0,
        -1.0,
        1.0,
        -1.0,
        1.0,
        -1.0,
        1.0,
        -1.0,
        -1.0,
        1.0,
        -1.0,
        -1.0,
        1.0,
        1.0,
        -1.0,
        -1.0,
        -1.0,
        1.0,
        -1.0,
        1.0,
        1.0,
        -1.0,
        -1.0,
        1.0,
        -1.0,
        -1.0,
        -1.0,
        -1.0,
        1.0,
        -1.0,
        -1.0,
        -0.768988311290741,
        -1.0,
        1.0,
        1.0,
        1.0,
        -1.0,
        1.0,
        1.0,
        1.0,
        -1.0,
        0.8819263577461243,
        -1.0,
        -1.0,
        1.0,
        -1.0,
        1.0,
        -1.0,
        1.0,
        -1.0,
        1.0,
        1.0,
        1.0,
        -1.0,
        -1.0,
        -1.0,
        -1.0,
        1.0,
        1.0,
        1.0,
        1.0,
        1.0,
        1.0,
        1.0,
        1.0,
        -1.0,
        -1.0,
        1.0,
        -1.0,
        1.0,
        1.0,
        1.0,
        -1.0,
        1.0,
        1.0,
        -1.0,
        1.0,
        -1.0,
        1.0,
        -1.0,
        -1.0,
        -1.0,
        -0.9742591977119446,
        -1.0,
        1.0,
        -1.0,
        -1.0,
        1.0,
        1.0,
        1.0,
        -1.0,
        -1.0,
        1.0,
        -1.0,
        -1.0,
        1.0,
        1.0,
        1.0,
        1.0,
        1.0,
        1.0,
        -1.0,
        -1.0,
        1.0,
        -1.0,
        -1.0,
        1.0,
        -1.0,
        -1.0,
        -1.0,
        -1.0,
        1.0,
        -1.0,
        1.0,
        -1.0,
        -1.0,
        1.0,
        -1.0,
        -1.0,
        1.0,
        1.0,
        -1.0,
        1.0,
        1.0,
        1.0,
        -1.0,
        1.0,
        -1.0,
        1.0,
        -1.0,
        -1.0,
        -1.0,
        1.0,
        -1.0,
        1.0,
        -1.0,
        1.0,
        -1.0,
        1.0,
        -1.0,
        1.0,
        -1.0,
        -1.0,
        1.0,
        -1.0,
        -1.0,
        1.0,
        -1.0,
        1.0,
        -1.0,
        -1.0,
        -1.0,
        -1.0,
        -1.0,
        1.0,
        1.0,
        -1.0,
        -1.0,
        1.0,
        -1.0,
        -1.0,
        -1.0,
        1.0,
        -1.0,
        -1.0,
        -1.0,
        1.0,
        -1.0,
        1.0,
        -1.0,
        -1.0,
        -1.0,
        1.0,
        1.0,
        1.0,
        1.0,
        -1.0,
        -1.0,
        1.0,
        -1.0,
        -1.0,
        1.0,
        -1.0,
        1.0,
        -1.0,
        -1.0,
        -1.0,
        -1.0,
        1.0,
        1.0,
        -1.0,
        -1.0,
        -1.0,
        1.0,
        -1.0,
        -1.0,
        -1.0,
        1.0,
        -1.0,
        1.0,
        -1.0,
        -1.0,
        1.0,
        -1.0,
        -1.0,
        1.0,
        -1.0,
        -0.7626188397407532,
        1.0,
        -1.0,
        -1.0,
        -1.0,
        1.0,
        -1.0,
        1.0,
        -1.0,
        -1.0,
        1.0,
        -1.0,
        1.0,
        1.0,
        -1.0,
        1.0,
        -0.7567052245140076,
        1.0,
        -1.0,
        1.0,
        1.0,
        -1.0,
        -1.0,
        -1.0,
        1.0,
        1.0,
        1.0,
        -1.0,
        -1.0,
        -1.0,
        1.0,
        1.0,
        -1.0,
        -1.0,
        -1.0,
        1.0,
        1.0,
        1.0,
        -1.0,
        1.0,
        -1.0,
        -1.0,
        -1.0,
        1.0,
        1.0,
        -0.9643446803092957,
        -1.0,
        -1.0,
        1.0,
        -1.0,
        1.0,
        1.0,
        1.0,
        1.0,
        1.0,
        1.0,
        -1.0,
        1.0,
        1.0,
        1.0,
        -1.0,
        -1.0,
        1.0,
        -1.0,
        -1.0,
        -1.0,
        1.0,
        -1.0,
        -1.0,
        -1.0,
        -1.0,
        -1.0,
        1.0,
        1.0,
        1.0
    ],
    "embedding_scaling_factor": 363.6321716308594,
    "samples": [
        7,
        19,
        17,
        0,
        2,
        3,
        23,
        22,
        4,
        14,
        13,
        11,
        15,
        1,
        15,
        6,
        9,
        2,
        52,
        3,
        20,
        18,
        70,
        39,
        1,
        4,
        2,
        10,
        37,
        49,
        12,
        8,
        4,
        4,
        43,
        8,
        1,
        3,
        3,
        21,
        17,
        12,
        38,
        19,
        9,
        4,
        49,
        39,
        7,
        2,
        9,
        3,
        12,
        25,
        32,
        38,
        32,
        4,
        20,
        5,
        41,
        18,
        32,
        6,
        14,
        78,
        4,
        2,
        3,
        19,
        18,
        25,
        15,
        69,
        9,
        49,
        20,
        18,
        20,
        4,
        0,
        3,
        0,
        12,
        2,
        2,
        3,
        1,
        1,
        17,
        17,
        5,
        6,
        0,
        4,
        14,
        28,
        19,
        3,
        9
    ],
    "category_values_ratio": {
        "0": 6095,
        "2": 4364,
        "3": 4290,
        "4": 3954,
        "5": 3616,
        "1": 3428,
        "6": 3346,
        "7": 3131,
        "8": 2935,
        "9": 2557,
        "10": 2374,
        "11": 2142,
        "12": 2010,
        "13": 1903,
        "14": 1649,
        "15": 1595,
        "16": 1416,
        "17": 1315,
        "19": 1299,
        "18": 1297,
        "20": 1149,
        "21": 1065,
        "22": 993,
        "23": 980,
        "26": 895,
        "25": 864,
        "24": 861,
        "28": 805,
        "29": 739,
        "27": 733,
        "30": 724,
        "32": 709,
        "33": 676,
        "31": 663,
        "36": 644,
        "34": 638,
        "39": 636,
        "35": 605,
        "37": 563,
        "38": 562,
        "40": 531,
        "42": 504,
        "41": 502,
        "43": 472,
        "44": 459,
        "45": 453,
        "52": 407,
        "47": 403,
        "50": 402,
        "49": 398,
        "46": 384,
        "48": 382,
        "53": 374,
        "54": 360,
        "51": 358,
        "56": 349,
        "55": 335,
        "57": 323,
        "58": 307,
        "59": 284,
        "61": 275,
        "64": 273,
        "60": 248,
        "65": 239,
        "63": 236,
        "62": 236,
        "68": 203,
        "67": 202,
        "66": 186,
        "70": 172,
        "69": 167,
        "75": 157,
        "73": 155,
        "72": 127,
        "71": 122,
        "78": 118,
        "76": 99,
        "79": 93,
        "74": 87,
        "77": 86,
        "81": 85,
        "82": 79,
        "80": 78,
        "83": 61,
        "84": 51,
        "85": 50,
        "86": 44,
        "87": 40,
        "88": 33,
        "89": 26,
        "92": 20,
        "90": 18,
        "99": 12,
        "93": 8,
        "94": 7,
        "91": 6,
        "96": 6,
        "95": 5,
        "97": 1
    },
    "nrows": 82318
}