{
    "column_id": "KDD98/KDD98.csvKDD98.csv/ANC4",
    "dataset_name": "KDD98.csv",
    "dataset_id": "KDD98/KDD98.csv",
    "path": "/home/ubuntu/CatDB-VLDB2025-V1/Experiments/data/KDD98/KDD98.csv",
    "table_name": "KDD98.csv",
    "table_id": "KDD98/KDD98.csvKDD98.csv",
    "column_name": "ANC4",
    "data_source": "KDD98",
    "data_type": "int",
    "total_values_count": 82318,
    "distinct_values_count": 81,
    "missing_values_count": 0,
    "true_ratio": null,
    "min_value": 0.0,
    "max_value": 88.0,
    "mean": 10.137503340703127,
    "median": 8.0,
    "iqr": 8.0,
    "category_values": [
        52,
        7,
        28,
        14,
        13,
        12,
        20,
        16,
        24,
        17,
        4,
        9,
        21,
        6,
        8,
        11,
        2,
        5,
        15,
        3,
        10,
        0,
        22,
        25,
        19,
        27,
        26,
        41,
        23,
        30,
        1,
        18,
        40,
        33,
        36,
        31,
        44,
        29,
        32,
        47,
        43,
        42,
        39,
        37,
        74,
        35,
        56,
        46,
        34,
        64,
        38,
        51,
        54,
        50,
        58,
        69,
        73,
        45,
        60,
        49,
        53,
        61,
        57,
        62,
        55,
        48,
        59,
        67,
        68,
        65,
        70,
        63,
        66,
        72,
        71,
        80,
        77,
        76,
        88,
        79,
        78
    ],
    "embedding": [
        -1.0,
        -1.0,
        -1.0,
        1.0,
        -1.0,
        1.0,
        -1.0,
        -1.0,
        -1.0,
        -1.0,
        1.0,
        -1.0,
        -1.0,
        1.0,
        1.0,
        1.0,
        1.0,
        -1.0,
        1.0,
        -1.0,
        1.0,
        -1.0,
        1.0,
        -1.0,
        1.0,
        -1.0,
        -1.0,
        1.0,
        -1.0,
        -1.0,
        1.0,
        1.0,
        -1.0,
        -1.0,
        -1.0,
        1.0,
        -1.0,
        1.0,
        1.0,
        -1.0,
        -1.0,
        1.0,
        -1.0,
        -1.0,
        -1.0,
        -1.0,
        1.0,
        -1.0,
        -1.0,
        -0.8511302471160889,
        -1.0,
        1.0,
        1.0,
        1.0,
        -1.0,
        1.0,
        1.0,
        1.0,
        -1.0,
        0.9256086945533752,
        -1.0,
        -1.0,
        1.0,
        -1.0,
        1.0,
        -1.0,
        1.0,
        -1.0,
        1.0,
        1.0,
        1.0,
        -1.0,
        -1.0,
        -1.0,
        -1.0,
        1.0,
        1.0,
        1.0,
        1.0,
        1.0,
        1.0,
        1.0,
        1.0,
        -1.0,
        -1.0,
        1.0,
        -1.0,
        1.0,
        1.0,
        1.0,
        -1.0,
        1.0,
        1.0,
        -1.0,
        1.0,
        -1.0,
        1.0,
        -1.0,
        -1.0,
        -1.0,
        -0.984150230884552,
        -1.0,
        1.0,
        -1.0,
        -1.0,
        1.0,
        1.0,
        1.0,
        -1.0,
        -1.0,
        1.0,
        -1.0,
        -1.0,
        1.0,
        1.0,
        1.0,
        1.0,
        1.0,
        1.0,
        -1.0,
        -1.0,
        1.0,
        -1.0,
        -1.0,
        1.0,
        -1.0,
        -1.0,
        -1.0,
        -1.0,
        1.0,
        -1.0,
        1.0,
        -1.0,
        -1.0,
        1.0,
        -1.0,
        -1.0,
        1.0,
        1.0,
        -1.0,
        1.0,
        1.0,
        1.0,
        -1.0,
        1.0,
        -1.0,
        1.0,
        -1.0,
        -1.0,
        -1.0,
        1.0,
        -1.0,
        1.0,
        -1.0,
        1.0,
        -1.0,
        1.0,
        -1.0,
        1.0,
        -1.0,
        -1.0,
        1.0,
        -1.0,
        -1.0,
        1.0,
        -1.0,
        1.0,
        -1.0,
        -1.0,
        -1.0,
        -1.0,
        -1.0,
        1.0,
        1.0,
        -1.0,
        -1.0,
        1.0,
        -1.0,
        -1.0,
        -1.0,
        1.0,
        -1.0,
        -1.0,
        -1.0,
        1.0,
        -1.0,
        1.0,
        -1.0,
        -1.0,
        -1.0,
        1.0,
        1.0,
        1.0,
        1.0,
        -1.0,
        -1.0,
        1.0,
        -1.0,
        -1.0,
        1.0,
        -1.0,
        1.0,
        -1.0,
        -1.0,
        -1.0,
        -1.0,
        1.0,
        1.0,
        -1.0,
        -1.0,
        -1.0,
        1.0,
        -1.0,
        -1.0,
        -1.0,
        1.0,
        -1.0,
        1.0,
        -1.0,
        -1.0,
        1.0,
        -1.0,
        -1.0,
        1.0,
        -1.0,
        -0.838564932346344,
        1.0,
        -1.0,
        -1.0,
        -1.0,
        1.0,
        -1.0,
        1.0,
        -1.0,
        -1.0,
        1.0,
        -1.0,
        1.0,
        1.0,
        -1.0,
        1.0,
        -0.8332290053367615,
        1.0,
        -1.0,
        1.0,
        1.0,
        -1.0,
        -1.0,
        -1.0,
        1.0,
        1.0,
        1.0,
        -1.0,
        -1.0,
        -1.0,
        1.0,
        1.0,
        -1.0,
        -1.0,
        -1.0,
        1.0,
        1.0,
        1.0,
        -1.0,
        1.0,
        -1.0,
        -1.0,
        -1.0,
        1.0,
        1.0,
        -0.9779389500617981,
        -1.0,
        -1.0,
        1.0,
        -1.0,
        1.0,
        1.0,
        1.0,
        1.0,
        1.0,
        1.0,
        -1.0,
        1.0,
        1.0,
        1.0,
        -1.0,
        -1.0,
        1.0,
        -1.0,
        -1.0,
        -1.0,
        1.0,
        -1.0,
        -1.0,
        -1.0,
        -1.0,
        -1.0,
        1.0,
        1.0,
        1.0
    ],
    "embedding_scaling_factor": 373.59393310546875,
    "samples": [
        16,
        15,
        15,
        3,
        21,
        4,
        14,
        3,
        10,
        9,
        4,
        14,
        10,
        21,
        15,
        5,
        10,
        8,
        3,
        8,
        6,
        4,
        10,
        10,
        7,
        3,
        11,
        11,
        7,
        10,
        8,
        7,
        19,
        0,
        6,
        5,
        13,
        4,
        7,
        9,
        26,
        12,
        15,
        5,
        31,
        6,
        6,
        16,
        20,
        11,
        7,
        8,
        11,
        9,
        4,
        9,
        4,
        15,
        4,
        15,
        3,
        28,
        0,
        12,
        13,
        13,
        9,
        6,
        25,
        6,
        9,
        10,
        11,
        1,
        28,
        15,
        36,
        0,
        6,
        5,
        5,
        59,
        22,
        18,
        16,
        2,
        5,
        23,
        13,
        10,
        6,
        3,
        10,
        8,
        10,
        32,
        1,
        9,
        15,
        8
    ],
    "category_values_ratio": {
        "8": 6317,
        "7": 6237,
        "6": 6092,
        "5": 5736,
        "9": 5663,
        "10": 5220,
        "4": 4814,
        "11": 4331,
        "3": 3933,
        "12": 3489,
        "0": 3284,
        "2": 3151,
        "13": 3136,
        "14": 2659,
        "1": 2364,
        "15": 2171,
        "16": 1715,
        "17": 1468,
        "18": 1272,
        "19": 1085,
        "20": 907,
        "21": 798,
        "22": 702,
        "23": 623,
        "24": 531,
        "25": 427,
        "26": 389,
        "27": 373,
        "28": 308,
        "29": 281,
        "30": 275,
        "31": 232,
        "33": 227,
        "32": 225,
        "34": 183,
        "35": 161,
        "36": 155,
        "37": 128,
        "38": 113,
        "39": 109,
        "40": 107,
        "41": 90,
        "44": 73,
        "42": 72,
        "43": 70,
        "47": 64,
        "46": 54,
        "45": 49,
        "48": 47,
        "49": 42,
        "51": 39,
        "52": 32,
        "50": 32,
        "54": 27,
        "56": 26,
        "59": 24,
        "55": 24,
        "53": 22,
        "57": 22,
        "60": 17,
        "58": 12,
        "63": 11,
        "68": 10,
        "69": 9,
        "64": 8,
        "66": 7,
        "62": 6,
        "74": 5,
        "61": 5,
        "65": 5,
        "80": 4,
        "67": 3,
        "70": 3,
        "72": 3,
        "71": 3,
        "73": 2,
        "77": 1,
        "76": 1,
        "88": 1,
        "79": 1,
        "78": 1
    },
    "nrows": 82318
}