{
    "column_id": "KDD98/KDD98.csvKDD98.csv/PEC1",
    "dataset_name": "KDD98.csv",
    "dataset_id": "KDD98/KDD98.csv",
    "path": "/home/ubuntu/CatDB-VLDB2025-V1/Experiments/data/KDD98/KDD98.csv",
    "table_name": "KDD98.csv",
    "table_id": "KDD98/KDD98.csvKDD98.csv",
    "column_name": "PEC1",
    "data_source": "KDD98",
    "data_type": "int",
    "total_values_count": 82318,
    "distinct_values_count": 83,
    "missing_values_count": 0,
    "true_ratio": null,
    "min_value": 0.0,
    "max_value": 99.0,
    "mean": 2.2634296265701304,
    "median": 1.0,
    "iqr": 2.0,
    "category_values": [
        0,
        1,
        2,
        15,
        26,
        5,
        41,
        7,
        3,
        20,
        9,
        12,
        4,
        38,
        18,
        8,
        51,
        6,
        10,
        36,
        13,
        21,
        30,
        48,
        29,
        70,
        25,
        19,
        34,
        23,
        11,
        28,
        17,
        16,
        22,
        43,
        24,
        47,
        37,
        31,
        46,
        53,
        35,
        33,
        40,
        52,
        39,
        59,
        14,
        50,
        45,
        44,
        32,
        42,
        66,
        49,
        27,
        62,
        54,
        57,
        78,
        58,
        64,
        68,
        76,
        63,
        72,
        60,
        69,
        71,
        67,
        56,
        55,
        80,
        79,
        77,
        65,
        61,
        75,
        73,
        99,
        97,
        74
    ],
    "embedding": [
        -1.0,
        -1.0,
        -1.0,
        1.0,
        -1.0,
        1.0,
        -1.0,
        -1.0,
        -1.0,
        -1.0,
        1.0,
        -1.0,
        -1.0,
        1.0,
        1.0,
        1.0,
        1.0,
        -1.0,
        1.0,
        -1.0,
        1.0,
        -1.0,
        1.0,
        -1.0,
        1.0,
        -1.0,
        -1.0,
        1.0,
        -1.0,
        -1.0,
        1.0,
        1.0,
        -1.0,
        -1.0,
        -1.0,
        1.0,
        -1.0,
        1.0,
        1.0,
        -1.0,
        -1.0,
        1.0,
        -1.0,
        -1.0,
        -1.0,
        -1.0,
        1.0,
        -1.0,
        -1.0,
        -0.0920713022351265,
        -1.0,
        1.0,
        1.0,
        1.0,
        -1.0,
        1.0,
        1.0,
        1.0,
        -1.0,
        0.6342077851295471,
        -1.0,
        -1.0,
        1.0,
        -1.0,
        1.0,
        -1.0,
        1.0,
        -1.0,
        1.0,
        1.0,
        1.0,
        -1.0,
        -1.0,
        -1.0,
        -1.0,
        1.0,
        1.0,
        1.0,
        1.0,
        1.0,
        1.0,
        1.0,
        1.0,
        -1.0,
        -1.0,
        1.0,
        -1.0,
        1.0,
        1.0,
        1.0,
        -1.0,
        1.0,
        1.0,
        -1.0,
        1.0,
        -1.0,
        1.0,
        -1.0,
        -1.0,
        -1.0,
        -0.8950276374816895,
        -1.0,
        1.0,
        -1.0,
        -1.0,
        1.0,
        1.0,
        1.0,
        -1.0,
        -1.0,
        1.0,
        -1.0,
        -1.0,
        1.0,
        1.0,
        1.0,
        1.0,
        1.0,
        1.0,
        -1.0,
        -1.0,
        1.0,
        -1.0,
        -1.0,
        1.0,
        -1.0,
        -1.0,
        -1.0,
        -1.0,
        1.0,
        -1.0,
        1.0,
        -1.0,
        -1.0,
        1.0,
        -1.0,
        -1.0,
        1.0,
        1.0,
        -1.0,
        1.0,
        1.0,
        1.0,
        -1.0,
        1.0,
        -1.0,
        1.0,
        -1.0,
        -1.0,
        -1.0,
        1.0,
        -1.0,
        1.0,
        -1.0,
        1.0,
        -1.0,
        1.0,
        -1.0,
        1.0,
        -1.0,
        -1.0,
        1.0,
        -1.0,
        -1.0,
        1.0,
        -1.0,
        1.0,
        -1.0,
        -1.0,
        -1.0,
        -1.0,
        -1.0,
        1.0,
        1.0,
        -1.0,
        -1.0,
        1.0,
        -1.0,
        -1.0,
        -1.0,
        1.0,
        -1.0,
        -1.0,
        -1.0,
        1.0,
        -1.0,
        1.0,
        -1.0,
        -1.0,
        -1.0,
        1.0,
        1.0,
        1.0,
        1.0,
        -1.0,
        -1.0,
        1.0,
        -1.0,
        -1.0,
        1.0,
        -1.0,
        1.0,
        -1.0,
        -1.0,
        -1.0,
        -1.0,
        1.0,
        1.0,
        -1.0,
        -1.0,
        -1.0,
        1.0,
        -1.0,
        -1.0,
        -1.0,
        1.0,
        -1.0,
        1.0,
        -1.0,
        -1.0,
        1.0,
        -1.0,
        -1.0,
        1.0,
        -1.0,
        -0.09666159003973007,
        1.0,
        -1.0,
        -1.0,
        -1.0,
        1.0,
        -1.0,
        1.0,
        -1.0,
        -1.0,
        1.0,
        -1.0,
        1.0,
        1.0,
        -1.0,
        1.0,
        -0.07027678191661835,
        1.0,
        -1.0,
        1.0,
        1.0,
        -1.0,
        -1.0,
        -1.0,
        1.0,
        1.0,
        1.0,
        -1.0,
        -1.0,
        -1.0,
        1.0,
        1.0,
        -1.0,
        -1.0,
        -1.0,
        1.0,
        1.0,
        1.0,
        -1.0,
        1.0,
        -1.0,
        -1.0,
        -1.0,
        1.0,
        1.0,
        -0.8673775792121887,
        -1.0,
        -1.0,
        1.0,
        -1.0,
        1.0,
        1.0,
        1.0,
        1.0,
        1.0,
        1.0,
        -1.0,
        1.0,
        1.0,
        1.0,
        -1.0,
        -1.0,
        1.0,
        -1.0,
        -1.0,
        -1.0,
        1.0,
        -1.0,
        -1.0,
        -1.0,
        -1.0,
        -1.0,
        1.0,
        1.0,
        1.0
    ],
    "embedding_scaling_factor": 519.4506225585938,
    "samples": [
        1,
        2,
        0,
        1,
        0,
        0,
        5,
        1,
        0,
        4,
        1,
        2,
        0,
        0,
        1,
        1,
        0,
        1,
        3,
        47,
        4,
        0,
        1,
        1,
        2,
        13,
        2,
        2,
        0,
        2,
        3,
        1,
        0,
        0,
        1,
        1,
        32,
        0,
        26,
        0,
        50,
        1,
        7,
        0,
        0,
        4,
        0,
        2,
        2,
        2,
        0,
        1,
        0,
        1,
        0,
        1,
        0,
        1,
        1,
        0,
        5,
        1,
        3,
        1,
        0,
        0,
        19,
        1,
        0,
        1,
        0,
        4,
        1,
        7,
        0,
        1,
        1,
        1,
        1,
        0,
        1,
        1,
        0,
        1,
        0,
        0,
        2,
        0,
        0,
        1,
        0,
        1,
        1,
        4,
        0,
        0,
        0,
        3,
        0,
        1
    ],
    "category_values_ratio": {
        "0": 38707,
        "1": 19195,
        "2": 9687,
        "3": 4574,
        "4": 2372,
        "5": 1357,
        "6": 862,
        "7": 619,
        "8": 479,
        "9": 410,
        "10": 330,
        "11": 263,
        "12": 225,
        "13": 202,
        "14": 185,
        "15": 161,
        "18": 156,
        "17": 148,
        "16": 145,
        "19": 123,
        "22": 106,
        "20": 101,
        "21": 94,
        "24": 90,
        "27": 88,
        "23": 88,
        "26": 87,
        "25": 82,
        "34": 77,
        "30": 76,
        "31": 74,
        "29": 71,
        "28": 70,
        "36": 69,
        "32": 69,
        "33": 64,
        "35": 61,
        "38": 54,
        "37": 51,
        "41": 50,
        "40": 45,
        "47": 37,
        "42": 35,
        "44": 35,
        "45": 32,
        "43": 31,
        "49": 27,
        "39": 25,
        "53": 22,
        "48": 22,
        "51": 22,
        "46": 20,
        "50": 19,
        "54": 18,
        "52": 17,
        "62": 16,
        "57": 15,
        "58": 15,
        "55": 12,
        "68": 12,
        "67": 11,
        "63": 11,
        "66": 11,
        "56": 10,
        "59": 8,
        "61": 7,
        "72": 7,
        "76": 7,
        "60": 6,
        "75": 6,
        "64": 5,
        "70": 5,
        "71": 5,
        "65": 4,
        "78": 3,
        "79": 3,
        "69": 2,
        "77": 2,
        "73": 2,
        "80": 1,
        "99": 1,
        "97": 1,
        "74": 1
    },
    "nrows": 82318
}