{
    "column_id": "KDD98/KDD98.csvKDD98.csv/LFC5",
    "dataset_name": "KDD98.csv",
    "dataset_id": "KDD98/KDD98.csv",
    "path": "/home/ubuntu/CatDB-VLDB2025-V1/Experiments/data/KDD98/KDD98.csv",
    "table_name": "KDD98.csv",
    "table_id": "KDD98/KDD98.csvKDD98.csv",
    "column_name": "LFC5",
    "data_source": "KDD98",
    "data_type": "int",
    "total_values_count": 82318,
    "distinct_values_count": 98,
    "missing_values_count": 0,
    "true_ratio": null,
    "min_value": 0.0,
    "max_value": 99.0,
    "mean": 53.05075439150611,
    "median": 54.0,
    "iqr": 16.0,
    "category_values": [
        49,
        77,
        55,
        54,
        47,
        57,
        74,
        65,
        46,
        59,
        69,
        56,
        81,
        48,
        87,
        71,
        51,
        64,
        67,
        42,
        61,
        43,
        66,
        45,
        0,
        58,
        41,
        27,
        70,
        39,
        50,
        53,
        52,
        44,
        72,
        32,
        3,
        68,
        38,
        60,
        73,
        62,
        63,
        17,
        75,
        37,
        30,
        36,
        34,
        31,
        35,
        79,
        26,
        40,
        78,
        91,
        18,
        29,
        24,
        76,
        82,
        33,
        80,
        28,
        12,
        13,
        15,
        88,
        14,
        25,
        21,
        6,
        16,
        85,
        19,
        99,
        84,
        7,
        83,
        20,
        23,
        8,
        86,
        10,
        9,
        22,
        4,
        5,
        11,
        92,
        90,
        89,
        2,
        95,
        94,
        93,
        96,
        97
    ],
    "embedding": [
        -1.0,
        -1.0,
        -1.0,
        1.0,
        -1.0,
        1.0,
        -1.0,
        -1.0,
        -1.0,
        -1.0,
        1.0,
        -1.0,
        -1.0,
        1.0,
        1.0,
        1.0,
        1.0,
        -1.0,
        1.0,
        -1.0,
        1.0,
        -1.0,
        1.0,
        -1.0,
        1.0,
        -1.0,
        -1.0,
        1.0,
        -1.0,
        -1.0,
        1.0,
        1.0,
        -1.0,
        -1.0,
        -1.0,
        1.0,
        -1.0,
        1.0,
        1.0,
        -1.0,
        -1.0,
        1.0,
        -1.0,
        -1.0,
        -1.0,
        -1.0,
        1.0,
        -1.0,
        -1.0,
        -0.9549322128295898,
        -1.0,
        1.0,
        1.0,
        1.0,
        -1.0,
        1.0,
        1.0,
        1.0,
        -1.0,
        0.995470404624939,
        -1.0,
        -1.0,
        1.0,
        -1.0,
        1.0,
        -1.0,
        1.0,
        -1.0,
        1.0,
        1.0,
        1.0,
        -1.0,
        -1.0,
        -1.0,
        -1.0,
        1.0,
        1.0,
        1.0,
        1.0,
        1.0,
        1.0,
        1.0,
        1.0,
        -1.0,
        -1.0,
        1.0,
        -1.0,
        1.0,
        1.0,
        1.0,
        -1.0,
        1.0,
        1.0,
        -1.0,
        1.0,
        -1.0,
        1.0,
        -1.0,
        -1.0,
        -1.0,
        -0.9978152513504028,
        -1.0,
        1.0,
        -1.0,
        -1.0,
        1.0,
        1.0,
        1.0,
        -1.0,
        -1.0,
        1.0,
        -1.0,
        -1.0,
        1.0,
        1.0,
        1.0,
        1.0,
        1.0,
        1.0,
        -1.0,
        -1.0,
        1.0,
        -1.0,
        -1.0,
        1.0,
        -1.0,
        -1.0,
        -1.0,
        -1.0,
        1.0,
        -1.0,
        1.0,
        -1.0,
        -1.0,
        1.0,
        -1.0,
        -1.0,
        1.0,
        1.0,
        -1.0,
        1.0,
        1.0,
        1.0,
        -1.0,
        1.0,
        -1.0,
        1.0,
        -1.0,
        -1.0,
        -1.0,
        1.0,
        -1.0,
        1.0,
        -1.0,
        1.0,
        -1.0,
        1.0,
        -1.0,
        1.0,
        -1.0,
        -1.0,
        1.0,
        -1.0,
        -1.0,
        1.0,
        -1.0,
        1.0,
        -1.0,
        -1.0,
        -1.0,
        -1.0,
        -1.0,
        1.0,
        1.0,
        -1.0,
        -1.0,
        1.0,
        -1.0,
        -1.0,
        -1.0,
        1.0,
        -1.0,
        -1.0,
        -1.0,
        1.0,
        -1.0,
        1.0,
        -1.0,
        -1.0,
        -1.0,
        1.0,
        1.0,
        1.0,
        1.0,
        -1.0,
        -1.0,
        1.0,
        -1.0,
        -1.0,
        1.0,
        -1.0,
        1.0,
        -1.0,
        -1.0,
        -1.0,
        -1.0,
        1.0,
        1.0,
        -1.0,
        -1.0,
        -1.0,
        1.0,
        -1.0,
        -1.0,
        -1.0,
        1.0,
        -1.0,
        1.0,
        -1.0,
        -1.0,
        1.0,
        -1.0,
        -1.0,
        1.0,
        -1.0,
        -0.9580663442611694,
        1.0,
        -1.0,
        -1.0,
        -1.0,
        1.0,
        -1.0,
        1.0,
        -1.0,
        -1.0,
        1.0,
        -1.0,
        1.0,
        1.0,
        -1.0,
        1.0,
        -0.9657533764839172,
        1.0,
        -1.0,
        1.0,
        1.0,
        -1.0,
        -1.0,
        -1.0,
        1.0,
        1.0,
        1.0,
        -1.0,
        -1.0,
        -1.0,
        1.0,
        1.0,
        -1.0,
        -1.0,
        -1.0,
        1.0,
        1.0,
        1.0,
        -1.0,
        1.0,
        -1.0,
        -1.0,
        -1.0,
        1.0,
        1.0,
        -0.9978124499320984,
        -1.0,
        -1.0,
        1.0,
        -1.0,
        1.0,
        1.0,
        1.0,
        1.0,
        1.0,
        1.0,
        -1.0,
        1.0,
        1.0,
        1.0,
        -1.0,
        -1.0,
        1.0,
        -1.0,
        -1.0,
        -1.0,
        1.0,
        -1.0,
        -1.0,
        -1.0,
        -1.0,
        -1.0,
        1.0,
        1.0,
        1.0
    ],
    "embedding_scaling_factor": 23.824195861816406,
    "samples": [
        64,
        24,
        58,
        62,
        67,
        75,
        42,
        38,
        37,
        59,
        65,
        48,
        48,
        53,
        61,
        51,
        53,
        53,
        58,
        53,
        48,
        57,
        45,
        53,
        46,
        56,
        60,
        51,
        34,
        56,
        45,
        71,
        52,
        69,
        37,
        46,
        30,
        63,
        41,
        53,
        64,
        36,
        68,
        29,
        63,
        38,
        67,
        33,
        4,
        72,
        61,
        88,
        82,
        45,
        69,
        54,
        20,
        62,
        53,
        62,
        48,
        43,
        72,
        65,
        70,
        49,
        48,
        29,
        55,
        55,
        58,
        42,
        46,
        46,
        47,
        73,
        60,
        59,
        62,
        56,
        51,
        54,
        63,
        84,
        28,
        65,
        46,
        49,
        64,
        50,
        42,
        46,
        35,
        51,
        37,
        52,
        53,
        42,
        62,
        57
    ],
    "category_values_ratio": {
        "53": 2725,
        "54": 2720,
        "55": 2714,
        "57": 2663,
        "56": 2648,
        "59": 2625,
        "52": 2588,
        "58": 2540,
        "50": 2513,
        "51": 2503,
        "60": 2426,
        "49": 2376,
        "48": 2341,
        "61": 2284,
        "47": 2191,
        "63": 2148,
        "62": 2113,
        "46": 2080,
        "64": 2000,
        "45": 1927,
        "65": 1860,
        "66": 1846,
        "44": 1734,
        "43": 1689,
        "42": 1603,
        "67": 1573,
        "68": 1449,
        "41": 1357,
        "69": 1275,
        "70": 1228,
        "40": 1184,
        "39": 1128,
        "38": 1098,
        "37": 1020,
        "71": 983,
        "72": 909,
        "36": 862,
        "73": 711,
        "35": 688,
        "74": 680,
        "0": 658,
        "34": 641,
        "33": 605,
        "75": 591,
        "32": 518,
        "76": 447,
        "31": 404,
        "29": 375,
        "77": 358,
        "30": 345,
        "78": 334,
        "79": 320,
        "28": 302,
        "27": 264,
        "24": 235,
        "81": 197,
        "80": 191,
        "26": 190,
        "25": 183,
        "23": 154,
        "82": 153,
        "22": 132,
        "21": 128,
        "83": 110,
        "13": 104,
        "20": 104,
        "19": 101,
        "18": 101,
        "17": 84,
        "15": 76,
        "10": 71,
        "84": 68,
        "5": 66,
        "16": 60,
        "8": 55,
        "85": 52,
        "14": 46,
        "4": 46,
        "87": 44,
        "86": 43,
        "12": 42,
        "88": 41,
        "6": 40,
        "7": 39,
        "11": 38,
        "9": 38,
        "99": 24,
        "2": 16,
        "90": 15,
        "89": 14,
        "91": 12,
        "3": 11,
        "93": 10,
        "92": 7,
        "95": 4,
        "94": 4,
        "96": 3,
        "97": 2
    },
    "nrows": 82318
}