{
    "column_id": "KDD98/KDD98.csvKDD98.csv/OCC8",
    "dataset_name": "KDD98.csv",
    "dataset_id": "KDD98/KDD98.csv",
    "path": "/home/ubuntu/CatDB-VLDB2025-V1/Experiments/data/KDD98/KDD98.csv",
    "table_name": "KDD98.csv",
    "table_id": "KDD98/KDD98.csvKDD98.csv",
    "column_name": "OCC8",
    "data_source": "KDD98",
    "data_type": "int",
    "total_values_count": 82318,
    "distinct_values_count": 67,
    "missing_values_count": 0,
    "true_ratio": null,
    "min_value": 0.0,
    "max_value": 99.0,
    "mean": 10.571588231006585,
    "median": 10.0,
    "iqr": 6.0,
    "category_values": [
        12,
        3,
        13,
        6,
        15,
        2,
        11,
        8,
        7,
        16,
        14,
        9,
        4,
        17,
        19,
        5,
        10,
        0,
        33,
        1,
        22,
        21,
        20,
        27,
        18,
        29,
        23,
        32,
        24,
        30,
        37,
        26,
        25,
        42,
        31,
        40,
        28,
        36,
        41,
        39,
        35,
        50,
        34,
        38,
        62,
        44,
        54,
        48,
        45,
        56,
        46,
        70,
        64,
        43,
        63,
        47,
        99,
        49,
        52,
        67,
        61,
        53,
        51,
        60,
        59,
        73,
        74
    ],
    "embedding": [
        -1.0,
        -1.0,
        -1.0,
        1.0,
        -1.0,
        1.0,
        -1.0,
        -1.0,
        -1.0,
        -1.0,
        1.0,
        -1.0,
        -1.0,
        1.0,
        1.0,
        1.0,
        1.0,
        -1.0,
        1.0,
        -1.0,
        1.0,
        -1.0,
        1.0,
        -1.0,
        1.0,
        -1.0,
        -1.0,
        1.0,
        -1.0,
        -1.0,
        1.0,
        1.0,
        -1.0,
        -1.0,
        -1.0,
        1.0,
        -1.0,
        1.0,
        1.0,
        -1.0,
        -1.0,
        1.0,
        -1.0,
        -1.0,
        -1.0,
        -1.0,
        1.0,
        -1.0,
        -1.0,
        -0.9067007303237915,
        -1.0,
        1.0,
        1.0,
        1.0,
        -1.0,
        1.0,
        1.0,
        1.0,
        -1.0,
        0.9567052125930786,
        -1.0,
        -1.0,
        1.0,
        -1.0,
        1.0,
        -1.0,
        1.0,
        -1.0,
        1.0,
        1.0,
        1.0,
        -1.0,
        -1.0,
        -1.0,
        -1.0,
        1.0,
        1.0,
        1.0,
        1.0,
        1.0,
        1.0,
        1.0,
        1.0,
        -1.0,
        -1.0,
        1.0,
        -1.0,
        1.0,
        1.0,
        1.0,
        -1.0,
        1.0,
        1.0,
        -1.0,
        1.0,
        -1.0,
        1.0,
        -1.0,
        -1.0,
        -1.0,
        -0.990416944026947,
        -1.0,
        1.0,
        -1.0,
        -1.0,
        1.0,
        1.0,
        1.0,
        -1.0,
        -1.0,
        1.0,
        -1.0,
        -1.0,
        1.0,
        1.0,
        1.0,
        1.0,
        1.0,
        1.0,
        -1.0,
        -1.0,
        1.0,
        -1.0,
        -1.0,
        1.0,
        -1.0,
        -1.0,
        -1.0,
        -1.0,
        1.0,
        -1.0,
        1.0,
        -1.0,
        -1.0,
        1.0,
        -1.0,
        -1.0,
        1.0,
        1.0,
        -1.0,
        1.0,
        1.0,
        1.0,
        -1.0,
        1.0,
        -1.0,
        1.0,
        -1.0,
        -1.0,
        -1.0,
        1.0,
        -1.0,
        1.0,
        -1.0,
        1.0,
        -1.0,
        1.0,
        -1.0,
        1.0,
        -1.0,
        -1.0,
        1.0,
        -1.0,
        -1.0,
        1.0,
        -1.0,
        1.0,
        -1.0,
        -1.0,
        -1.0,
        -1.0,
        -1.0,
        1.0,
        1.0,
        -1.0,
        -1.0,
        1.0,
        -1.0,
        -1.0,
        -1.0,
        1.0,
        -1.0,
        -1.0,
        -1.0,
        1.0,
        -1.0,
        1.0,
        -1.0,
        -1.0,
        -1.0,
        1.0,
        1.0,
        1.0,
        1.0,
        -1.0,
        -1.0,
        1.0,
        -1.0,
        -1.0,
        1.0,
        -1.0,
        1.0,
        -1.0,
        -1.0,
        -1.0,
        -1.0,
        1.0,
        1.0,
        -1.0,
        -1.0,
        -1.0,
        1.0,
        -1.0,
        -1.0,
        -1.0,
        1.0,
        -1.0,
        1.0,
        -1.0,
        -1.0,
        1.0,
        -1.0,
        -1.0,
        1.0,
        -1.0,
        -0.8874450325965881,
        1.0,
        -1.0,
        -1.0,
        -1.0,
        1.0,
        -1.0,
        1.0,
        -1.0,
        -1.0,
        1.0,
        -1.0,
        1.0,
        1.0,
        -1.0,
        1.0,
        -0.8873209357261658,
        1.0,
        -1.0,
        1.0,
        1.0,
        -1.0,
        -1.0,
        -1.0,
        1.0,
        1.0,
        1.0,
        -1.0,
        -1.0,
        -1.0,
        1.0,
        1.0,
        -1.0,
        -1.0,
        -1.0,
        1.0,
        1.0,
        1.0,
        -1.0,
        1.0,
        -1.0,
        -1.0,
        -1.0,
        1.0,
        1.0,
        -0.9869335293769836,
        -1.0,
        -1.0,
        1.0,
        -1.0,
        1.0,
        1.0,
        1.0,
        1.0,
        1.0,
        1.0,
        -1.0,
        1.0,
        1.0,
        1.0,
        -1.0,
        -1.0,
        1.0,
        -1.0,
        -1.0,
        -1.0,
        1.0,
        -1.0,
        -1.0,
        -1.0,
        -1.0,
        -1.0,
        1.0,
        1.0,
        1.0
    ],
    "embedding_scaling_factor": 326.1967468261719,
    "samples": [
        16,
        10,
        11,
        19,
        20,
        9,
        2,
        9,
        41,
        13,
        9,
        12,
        4,
        6,
        9,
        13,
        0,
        11,
        3,
        15,
        4,
        13,
        7,
        19,
        5,
        14,
        14,
        7,
        7,
        12,
        19,
        13,
        5,
        9,
        12,
        0,
        16,
        13,
        10,
        10,
        7,
        14,
        13,
        7,
        27,
        16,
        13,
        14,
        9,
        11,
        9,
        7,
        7,
        16,
        9,
        6,
        10,
        10,
        7,
        15,
        16,
        15,
        18,
        11,
        10,
        31,
        11,
        8,
        8,
        7,
        19,
        11,
        17,
        5,
        18,
        7,
        11,
        26,
        7,
        24,
        16,
        7,
        8,
        11,
        0,
        7,
        12,
        10,
        25,
        6,
        2,
        13,
        10,
        10,
        10,
        13,
        3,
        5,
        10,
        12
    ],
    "category_values_ratio": {
        "9": 6639,
        "7": 6518,
        "10": 6486,
        "8": 6384,
        "11": 5957,
        "6": 5623,
        "12": 5201,
        "13": 4677,
        "5": 4583,
        "14": 3907,
        "4": 3473,
        "15": 3189,
        "16": 2638,
        "3": 2453,
        "17": 1973,
        "0": 1783,
        "18": 1582,
        "2": 1473,
        "19": 1286,
        "20": 1114,
        "21": 883,
        "22": 646,
        "23": 624,
        "1": 581,
        "24": 428,
        "25": 338,
        "26": 292,
        "27": 275,
        "28": 197,
        "29": 183,
        "30": 151,
        "31": 132,
        "32": 90,
        "33": 80,
        "35": 74,
        "34": 63,
        "37": 43,
        "36": 37,
        "38": 34,
        "39": 26,
        "40": 25,
        "44": 23,
        "42": 23,
        "43": 21,
        "41": 18,
        "47": 13,
        "50": 12,
        "45": 10,
        "52": 9,
        "61": 7,
        "49": 7,
        "48": 5,
        "46": 5,
        "53": 5,
        "67": 3,
        "56": 2,
        "51": 2,
        "99": 2,
        "63": 2,
        "54": 1,
        "62": 1,
        "64": 1,
        "70": 1,
        "60": 1,
        "59": 1,
        "73": 1,
        "74": 1
    },
    "nrows": 82318
}