{
    "column_id": "KDD98/KDD98.csvKDD98.csv/MARR3",
    "dataset_name": "KDD98.csv",
    "dataset_id": "KDD98/KDD98.csv",
    "path": "/home/ubuntu/CatDB-VLDB2025-V1/Experiments/data/KDD98/KDD98.csv",
    "table_name": "KDD98.csv",
    "table_id": "KDD98/KDD98.csvKDD98.csv",
    "column_name": "MARR3",
    "data_source": "KDD98",
    "data_type": "int",
    "total_values_count": 82318,
    "distinct_values_count": 63,
    "missing_values_count": 0,
    "true_ratio": null,
    "min_value": 0.0,
    "max_value": 99.0,
    "mean": 7.425678466435045,
    "median": 6.0,
    "iqr": 5.0,
    "category_values": [
        11,
        2,
        9,
        8,
        14,
        1,
        4,
        13,
        5,
        6,
        10,
        20,
        7,
        0,
        12,
        3,
        30,
        18,
        17,
        27,
        15,
        16,
        24,
        22,
        21,
        19,
        26,
        42,
        25,
        46,
        23,
        35,
        29,
        43,
        39,
        37,
        28,
        47,
        31,
        33,
        54,
        40,
        38,
        32,
        44,
        36,
        51,
        34,
        41,
        56,
        45,
        50,
        99,
        60,
        48,
        49,
        62,
        67,
        73,
        58,
        55,
        59,
        57
    ],
    "embedding": [
        -1.0,
        -1.0,
        -1.0,
        1.0,
        -1.0,
        1.0,
        -1.0,
        -1.0,
        -1.0,
        -1.0,
        1.0,
        -1.0,
        -1.0,
        1.0,
        1.0,
        1.0,
        1.0,
        -1.0,
        1.0,
        -1.0,
        1.0,
        -1.0,
        1.0,
        -1.0,
        1.0,
        -1.0,
        -1.0,
        1.0,
        -1.0,
        -1.0,
        1.0,
        1.0,
        -1.0,
        -1.0,
        -1.0,
        1.0,
        -1.0,
        1.0,
        1.0,
        -1.0,
        -1.0,
        1.0,
        -1.0,
        -1.0,
        -1.0,
        -1.0,
        1.0,
        -1.0,
        -1.0,
        -0.8399000763893127,
        -1.0,
        1.0,
        1.0,
        1.0,
        -1.0,
        1.0,
        1.0,
        1.0,
        -1.0,
        0.8976259827613831,
        -1.0,
        -1.0,
        1.0,
        -1.0,
        1.0,
        -1.0,
        1.0,
        -1.0,
        1.0,
        1.0,
        1.0,
        -1.0,
        -1.0,
        -1.0,
        -1.0,
        1.0,
        1.0,
        1.0,
        1.0,
        1.0,
        1.0,
        1.0,
        1.0,
        -1.0,
        -1.0,
        1.0,
        -1.0,
        1.0,
        1.0,
        1.0,
        -1.0,
        1.0,
        1.0,
        -1.0,
        1.0,
        -1.0,
        1.0,
        -1.0,
        -1.0,
        -1.0,
        -0.9836537837982178,
        -1.0,
        1.0,
        -1.0,
        -1.0,
        1.0,
        1.0,
        1.0,
        -1.0,
        -1.0,
        1.0,
        -1.0,
        -1.0,
        1.0,
        1.0,
        1.0,
        1.0,
        1.0,
        1.0,
        -1.0,
        -1.0,
        1.0,
        -1.0,
        -1.0,
        1.0,
        -1.0,
        -1.0,
        -1.0,
        -1.0,
        1.0,
        -1.0,
        1.0,
        -1.0,
        -1.0,
        1.0,
        -1.0,
        -1.0,
        1.0,
        1.0,
        -1.0,
        1.0,
        1.0,
        1.0,
        -1.0,
        1.0,
        -1.0,
        1.0,
        -1.0,
        -1.0,
        -1.0,
        1.0,
        -1.0,
        1.0,
        -1.0,
        1.0,
        -1.0,
        1.0,
        -1.0,
        1.0,
        -1.0,
        -1.0,
        1.0,
        -1.0,
        -1.0,
        1.0,
        -1.0,
        1.0,
        -1.0,
        -1.0,
        -1.0,
        -1.0,
        -1.0,
        1.0,
        1.0,
        -1.0,
        -1.0,
        1.0,
        -1.0,
        -1.0,
        -1.0,
        1.0,
        -1.0,
        -1.0,
        -1.0,
        1.0,
        -1.0,
        1.0,
        -1.0,
        -1.0,
        -1.0,
        1.0,
        1.0,
        1.0,
        1.0,
        -1.0,
        -1.0,
        1.0,
        -1.0,
        -1.0,
        1.0,
        -1.0,
        1.0,
        -1.0,
        -1.0,
        -1.0,
        -1.0,
        1.0,
        1.0,
        -1.0,
        -1.0,
        -1.0,
        1.0,
        -1.0,
        -1.0,
        -1.0,
        1.0,
        -1.0,
        1.0,
        -1.0,
        -1.0,
        1.0,
        -1.0,
        -1.0,
        1.0,
        -1.0,
        -0.8270185589790344,
        1.0,
        -1.0,
        -1.0,
        -1.0,
        1.0,
        -1.0,
        1.0,
        -1.0,
        -1.0,
        1.0,
        -1.0,
        1.0,
        1.0,
        -1.0,
        1.0,
        -0.8209335207939148,
        1.0,
        -1.0,
        1.0,
        1.0,
        -1.0,
        -1.0,
        -1.0,
        1.0,
        1.0,
        1.0,
        -1.0,
        -1.0,
        -1.0,
        1.0,
        1.0,
        -1.0,
        -1.0,
        -1.0,
        1.0,
        1.0,
        1.0,
        -1.0,
        1.0,
        -1.0,
        -1.0,
        -1.0,
        1.0,
        1.0,
        -0.9743272066116333,
        -1.0,
        -1.0,
        1.0,
        -1.0,
        1.0,
        1.0,
        1.0,
        1.0,
        1.0,
        1.0,
        -1.0,
        1.0,
        1.0,
        1.0,
        -1.0,
        -1.0,
        1.0,
        -1.0,
        -1.0,
        -1.0,
        1.0,
        -1.0,
        -1.0,
        -1.0,
        -1.0,
        -1.0,
        1.0,
        1.0,
        1.0
    ],
    "embedding_scaling_factor": 510.82269287109375,
    "samples": [
        6,
        4,
        10,
        5,
        7,
        5,
        12,
        16,
        4,
        7,
        11,
        9,
        5,
        10,
        13,
        10,
        6,
        13,
        9,
        7,
        5,
        6,
        3,
        19,
        5,
        4,
        3,
        4,
        4,
        7,
        7,
        9,
        4,
        42,
        4,
        5,
        4,
        3,
        2,
        8,
        4,
        5,
        3,
        3,
        8,
        6,
        8,
        8,
        9,
        13,
        6,
        2,
        7,
        6,
        4,
        8,
        4,
        5,
        11,
        7,
        5,
        5,
        4,
        12,
        16,
        12,
        3,
        9,
        10,
        5,
        5,
        2,
        15,
        19,
        5,
        6,
        18,
        3,
        6,
        10,
        2,
        13,
        21,
        17,
        4,
        6,
        3,
        8,
        2,
        10,
        5,
        12,
        4,
        6,
        6,
        5,
        11,
        9,
        4,
        5
    ],
    "category_values_ratio": {
        "5": 9422,
        "6": 9021,
        "4": 8922,
        "7": 8142,
        "3": 7368,
        "8": 6867,
        "9": 5851,
        "10": 4670,
        "2": 4609,
        "11": 3692,
        "12": 2704,
        "13": 1928,
        "1": 1373,
        "14": 1354,
        "15": 1065,
        "0": 803,
        "16": 797,
        "17": 667,
        "18": 510,
        "19": 440,
        "20": 295,
        "21": 264,
        "23": 204,
        "22": 193,
        "24": 177,
        "25": 129,
        "26": 106,
        "27": 106,
        "28": 100,
        "29": 73,
        "30": 71,
        "32": 41,
        "33": 39,
        "36": 37,
        "31": 34,
        "43": 32,
        "35": 30,
        "39": 29,
        "34": 25,
        "37": 18,
        "40": 18,
        "42": 15,
        "41": 9,
        "46": 8,
        "44": 8,
        "45": 7,
        "38": 7,
        "47": 7,
        "54": 5,
        "56": 4,
        "49": 4,
        "60": 3,
        "48": 3,
        "51": 2,
        "50": 2,
        "99": 1,
        "62": 1,
        "67": 1,
        "73": 1,
        "58": 1,
        "55": 1,
        "59": 1,
        "57": 1
    },
    "nrows": 82318
}