{
    "column_id": "KDD98/KDD98.csvKDD98.csv/LSC3",
    "dataset_name": "KDD98.csv",
    "dataset_id": "KDD98/KDD98.csv",
    "path": "/home/ubuntu/CatDB-VLDB2025-V1/Experiments/data/KDD98/KDD98.csv",
    "table_name": "KDD98.csv",
    "table_id": "KDD98/KDD98.csvKDD98.csv",
    "column_name": "LSC3",
    "data_source": "KDD98",
    "data_type": "int",
    "total_values_count": 82318,
    "distinct_values_count": 73,
    "missing_values_count": 0,
    "true_ratio": null,
    "min_value": 0.0,
    "max_value": 99.0,
    "mean": 1.8770742729415195,
    "median": 0.0,
    "iqr": 2.0,
    "category_values": [
        1,
        3,
        0,
        7,
        6,
        10,
        2,
        11,
        5,
        18,
        22,
        4,
        8,
        43,
        15,
        12,
        9,
        30,
        26,
        13,
        23,
        17,
        33,
        25,
        27,
        29,
        19,
        45,
        37,
        16,
        21,
        28,
        20,
        50,
        36,
        35,
        14,
        34,
        56,
        24,
        31,
        59,
        46,
        48,
        32,
        51,
        40,
        39,
        44,
        53,
        52,
        62,
        55,
        41,
        38,
        49,
        63,
        47,
        42,
        65,
        70,
        68,
        61,
        74,
        78,
        66,
        60,
        54,
        71,
        58,
        57,
        99,
        67
    ],
    "embedding": [
        -1.0,
        -1.0,
        -1.0,
        1.0,
        -1.0,
        1.0,
        -1.0,
        -1.0,
        -1.0,
        -1.0,
        1.0,
        -1.0,
        -1.0,
        1.0,
        1.0,
        1.0,
        1.0,
        -1.0,
        1.0,
        -1.0,
        1.0,
        -1.0,
        1.0,
        -1.0,
        1.0,
        -1.0,
        -1.0,
        1.0,
        -1.0,
        -1.0,
        1.0,
        1.0,
        -1.0,
        -1.0,
        -1.0,
        1.0,
        -1.0,
        1.0,
        1.0,
        -1.0,
        -1.0,
        1.0,
        -1.0,
        -1.0,
        -1.0,
        -1.0,
        1.0,
        -1.0,
        -1.0,
        0.016133097931742668,
        -1.0,
        1.0,
        1.0,
        1.0,
        -1.0,
        1.0,
        1.0,
        1.0,
        -1.0,
        0.6535527110099792,
        -1.0,
        -1.0,
        1.0,
        -1.0,
        1.0,
        -1.0,
        1.0,
        -1.0,
        1.0,
        1.0,
        1.0,
        -1.0,
        -1.0,
        -1.0,
        -1.0,
        1.0,
        1.0,
        1.0,
        1.0,
        1.0,
        1.0,
        1.0,
        1.0,
        -1.0,
        -1.0,
        1.0,
        -1.0,
        1.0,
        1.0,
        1.0,
        -1.0,
        1.0,
        1.0,
        -1.0,
        1.0,
        -1.0,
        1.0,
        -1.0,
        -1.0,
        -1.0,
        -0.8828416466712952,
        -1.0,
        1.0,
        -1.0,
        -1.0,
        1.0,
        1.0,
        1.0,
        -1.0,
        -1.0,
        1.0,
        -1.0,
        -1.0,
        1.0,
        1.0,
        1.0,
        1.0,
        1.0,
        1.0,
        -1.0,
        -1.0,
        1.0,
        -1.0,
        -1.0,
        1.0,
        -1.0,
        -1.0,
        -1.0,
        -1.0,
        1.0,
        -1.0,
        1.0,
        -1.0,
        -1.0,
        1.0,
        -1.0,
        -1.0,
        1.0,
        1.0,
        -1.0,
        1.0,
        1.0,
        1.0,
        -1.0,
        1.0,
        -1.0,
        1.0,
        -1.0,
        -1.0,
        -1.0,
        1.0,
        -1.0,
        1.0,
        -1.0,
        1.0,
        -1.0,
        1.0,
        -1.0,
        1.0,
        -1.0,
        -1.0,
        1.0,
        -1.0,
        -1.0,
        1.0,
        -1.0,
        1.0,
        -1.0,
        -1.0,
        -1.0,
        -1.0,
        -1.0,
        1.0,
        1.0,
        -1.0,
        -1.0,
        1.0,
        -1.0,
        -1.0,
        -1.0,
        1.0,
        -1.0,
        -1.0,
        -1.0,
        1.0,
        -1.0,
        1.0,
        -1.0,
        -1.0,
        -1.0,
        1.0,
        1.0,
        1.0,
        1.0,
        -1.0,
        -1.0,
        1.0,
        -1.0,
        -1.0,
        1.0,
        -1.0,
        1.0,
        -1.0,
        -1.0,
        -1.0,
        -1.0,
        1.0,
        1.0,
        -1.0,
        -1.0,
        -1.0,
        1.0,
        -1.0,
        -1.0,
        -1.0,
        1.0,
        -1.0,
        1.0,
        -1.0,
        -1.0,
        1.0,
        -1.0,
        -1.0,
        1.0,
        -1.0,
        0.009947221726179123,
        1.0,
        -1.0,
        -1.0,
        -1.0,
        1.0,
        -1.0,
        1.0,
        -1.0,
        -1.0,
        1.0,
        -1.0,
        1.0,
        1.0,
        -1.0,
        1.0,
        0.04294870048761368,
        1.0,
        -1.0,
        1.0,
        1.0,
        -1.0,
        -1.0,
        -1.0,
        1.0,
        1.0,
        1.0,
        -1.0,
        -1.0,
        -1.0,
        1.0,
        1.0,
        -1.0,
        -1.0,
        -1.0,
        1.0,
        1.0,
        1.0,
        -1.0,
        1.0,
        -1.0,
        -1.0,
        -1.0,
        1.0,
        1.0,
        -0.8589830994606018,
        -1.0,
        -1.0,
        1.0,
        -1.0,
        1.0,
        1.0,
        1.0,
        1.0,
        1.0,
        1.0,
        -1.0,
        1.0,
        1.0,
        1.0,
        -1.0,
        -1.0,
        1.0,
        -1.0,
        -1.0,
        -1.0,
        1.0,
        -1.0,
        -1.0,
        -1.0,
        -1.0,
        -1.0,
        1.0,
        1.0,
        1.0
    ],
    "embedding_scaling_factor": 364.693115234375,
    "samples": [
        3,
        7,
        7,
        0,
        4,
        0,
        0,
        0,
        0,
        1,
        0,
        13,
        2,
        0,
        0,
        1,
        0,
        1,
        0,
        0,
        1,
        0,
        0,
        0,
        3,
        16,
        0,
        0,
        0,
        0,
        0,
        1,
        0,
        0,
        1,
        0,
        0,
        0,
        1,
        0,
        0,
        0,
        0,
        0,
        4,
        13,
        3,
        0,
        0,
        2,
        0,
        2,
        0,
        5,
        0,
        0,
        5,
        2,
        0,
        1,
        8,
        8,
        0,
        0,
        13,
        0,
        0,
        2,
        0,
        10,
        0,
        0,
        0,
        8,
        1,
        0,
        0,
        2,
        0,
        0,
        0,
        0,
        1,
        0,
        5,
        0,
        0,
        1,
        0,
        0,
        0,
        0,
        4,
        5,
        0,
        0,
        0,
        0,
        1,
        0
    ],
    "category_values_ratio": {
        "0": 49423,
        "1": 11961,
        "2": 6009,
        "3": 3632,
        "4": 2416,
        "5": 1608,
        "6": 1107,
        "7": 932,
        "8": 683,
        "9": 595,
        "10": 528,
        "11": 325,
        "13": 309,
        "12": 259,
        "15": 220,
        "14": 219,
        "16": 214,
        "17": 165,
        "18": 145,
        "19": 133,
        "20": 125,
        "21": 111,
        "22": 101,
        "24": 82,
        "28": 73,
        "23": 72,
        "27": 71,
        "25": 68,
        "30": 64,
        "26": 62,
        "32": 54,
        "29": 43,
        "33": 43,
        "31": 42,
        "34": 36,
        "35": 33,
        "39": 31,
        "43": 29,
        "36": 28,
        "37": 28,
        "51": 25,
        "40": 25,
        "45": 18,
        "48": 16,
        "44": 14,
        "55": 13,
        "50": 13,
        "46": 12,
        "41": 12,
        "56": 10,
        "38": 10,
        "42": 10,
        "47": 9,
        "53": 7,
        "62": 6,
        "49": 6,
        "52": 5,
        "70": 3,
        "74": 3,
        "63": 2,
        "54": 2,
        "60": 2,
        "57": 2,
        "61": 2,
        "68": 2,
        "59": 2,
        "58": 2,
        "99": 1,
        "78": 1,
        "71": 1,
        "66": 1,
        "65": 1,
        "67": 1
    },
    "nrows": 82318
}