{
    "column_id": "KDD98/KDD98.csvKDD98.csv/ETHC3",
    "dataset_name": "KDD98.csv",
    "dataset_id": "KDD98/KDD98.csv",
    "path": "/home/ubuntu/CatDB-VLDB2025-V1/Experiments/data/KDD98/KDD98.csv",
    "table_name": "KDD98.csv",
    "table_id": "KDD98/KDD98.csvKDD98.csv",
    "column_name": "ETHC3",
    "data_source": "KDD98",
    "data_type": "int",
    "total_values_count": 82318,
    "distinct_values_count": 99,
    "missing_values_count": 0,
    "true_ratio": null,
    "min_value": 0.0,
    "max_value": 99.0,
    "mean": 17.41908209626084,
    "median": 15.0,
    "iqr": 12.0,
    "category_values": [
        23,
        2,
        22,
        16,
        37,
        24,
        19,
        29,
        34,
        9,
        26,
        14,
        25,
        6,
        12,
        15,
        27,
        10,
        11,
        36,
        7,
        17,
        39,
        0,
        18,
        57,
        4,
        20,
        8,
        28,
        33,
        1,
        13,
        30,
        96,
        31,
        21,
        74,
        35,
        5,
        3,
        32,
        53,
        41,
        60,
        43,
        58,
        40,
        48,
        45,
        42,
        44,
        47,
        38,
        88,
        71,
        64,
        73,
        50,
        76,
        62,
        66,
        68,
        86,
        95,
        89,
        67,
        55,
        70,
        54,
        61,
        72,
        51,
        49,
        63,
        52,
        90,
        77,
        82,
        56,
        94,
        65,
        75,
        83,
        91,
        69,
        84,
        79,
        92,
        81,
        46,
        59,
        87,
        93,
        80,
        78,
        99,
        85,
        97
    ],
    "embedding": [
        -1.0,
        -1.0,
        -1.0,
        1.0,
        -1.0,
        1.0,
        -1.0,
        -1.0,
        -1.0,
        -1.0,
        1.0,
        -1.0,
        -1.0,
        1.0,
        1.0,
        1.0,
        1.0,
        -1.0,
        1.0,
        -1.0,
        1.0,
        -1.0,
        1.0,
        -1.0,
        1.0,
        -1.0,
        -1.0,
        1.0,
        -1.0,
        -1.0,
        1.0,
        1.0,
        -1.0,
        -1.0,
        -1.0,
        1.0,
        -1.0,
        1.0,
        1.0,
        -1.0,
        -1.0,
        1.0,
        -1.0,
        -1.0,
        -1.0,
        -1.0,
        1.0,
        -1.0,
        -1.0,
        -0.9279834032058716,
        -1.0,
        1.0,
        1.0,
        1.0,
        -1.0,
        1.0,
        1.0,
        1.0,
        -1.0,
        0.9662891626358032,
        -1.0,
        -1.0,
        1.0,
        -1.0,
        1.0,
        -1.0,
        1.0,
        -1.0,
        1.0,
        1.0,
        1.0,
        -1.0,
        -1.0,
        -1.0,
        -1.0,
        1.0,
        1.0,
        1.0,
        1.0,
        1.0,
        1.0,
        1.0,
        1.0,
        -1.0,
        -1.0,
        1.0,
        -1.0,
        1.0,
        1.0,
        1.0,
        -1.0,
        1.0,
        1.0,
        -1.0,
        1.0,
        -1.0,
        1.0,
        -1.0,
        -1.0,
        -1.0,
        -0.9920758008956909,
        -1.0,
        1.0,
        -1.0,
        -1.0,
        1.0,
        1.0,
        1.0,
        -1.0,
        -1.0,
        1.0,
        -1.0,
        -1.0,
        1.0,
        1.0,
        1.0,
        1.0,
        1.0,
        1.0,
        -1.0,
        -1.0,
        1.0,
        -1.0,
        -1.0,
        1.0,
        -1.0,
        -1.0,
        -1.0,
        -1.0,
        1.0,
        -1.0,
        1.0,
        -1.0,
        -1.0,
        1.0,
        -1.0,
        -1.0,
        1.0,
        1.0,
        -1.0,
        1.0,
        1.0,
        1.0,
        -1.0,
        1.0,
        -1.0,
        1.0,
        -1.0,
        -1.0,
        -1.0,
        1.0,
        -1.0,
        1.0,
        -1.0,
        1.0,
        -1.0,
        1.0,
        -1.0,
        1.0,
        -1.0,
        -1.0,
        1.0,
        -1.0,
        -1.0,
        1.0,
        -1.0,
        1.0,
        -1.0,
        -1.0,
        -1.0,
        -1.0,
        -1.0,
        1.0,
        1.0,
        -1.0,
        -1.0,
        1.0,
        -1.0,
        -1.0,
        -1.0,
        1.0,
        -1.0,
        -1.0,
        -1.0,
        1.0,
        -1.0,
        1.0,
        -1.0,
        -1.0,
        -1.0,
        1.0,
        1.0,
        1.0,
        1.0,
        -1.0,
        -1.0,
        1.0,
        -1.0,
        -1.0,
        1.0,
        -1.0,
        1.0,
        -1.0,
        -1.0,
        -1.0,
        -1.0,
        1.0,
        1.0,
        -1.0,
        -1.0,
        -1.0,
        1.0,
        -1.0,
        -1.0,
        -1.0,
        1.0,
        -1.0,
        1.0,
        -1.0,
        -1.0,
        1.0,
        -1.0,
        -1.0,
        1.0,
        -1.0,
        -0.915494441986084,
        1.0,
        -1.0,
        -1.0,
        -1.0,
        1.0,
        -1.0,
        1.0,
        -1.0,
        -1.0,
        1.0,
        -1.0,
        1.0,
        1.0,
        -1.0,
        1.0,
        -0.9154043197631836,
        1.0,
        -1.0,
        1.0,
        1.0,
        -1.0,
        -1.0,
        -1.0,
        1.0,
        1.0,
        1.0,
        -1.0,
        -1.0,
        -1.0,
        1.0,
        1.0,
        -1.0,
        -1.0,
        -1.0,
        1.0,
        1.0,
        1.0,
        -1.0,
        1.0,
        -1.0,
        -1.0,
        -1.0,
        1.0,
        1.0,
        -0.9894054532051086,
        -1.0,
        -1.0,
        1.0,
        -1.0,
        1.0,
        1.0,
        1.0,
        1.0,
        1.0,
        1.0,
        -1.0,
        1.0,
        1.0,
        1.0,
        -1.0,
        -1.0,
        1.0,
        -1.0,
        -1.0,
        -1.0,
        1.0,
        -1.0,
        -1.0,
        -1.0,
        -1.0,
        -1.0,
        1.0,
        1.0,
        1.0
    ],
    "embedding_scaling_factor": 205.33058166503906,
    "samples": [
        2,
        27,
        23,
        14,
        14,
        12,
        36,
        16,
        21,
        17,
        15,
        25,
        2,
        16,
        1,
        19,
        16,
        13,
        26,
        27,
        19,
        23,
        24,
        6,
        13,
        19,
        3,
        20,
        10,
        22,
        25,
        12,
        21,
        16,
        0,
        21,
        14,
        2,
        16,
        15,
        5,
        20,
        8,
        20,
        12,
        21,
        41,
        18,
        15,
        18,
        12,
        18,
        12,
        6,
        6,
        17,
        21,
        19,
        4,
        11,
        14,
        0,
        13,
        11,
        29,
        6,
        12,
        10,
        1,
        17,
        10,
        7,
        12,
        18,
        19,
        38,
        15,
        0,
        28,
        17,
        32,
        44,
        18,
        47,
        11,
        18,
        7,
        13,
        23,
        15,
        22,
        61,
        21,
        35,
        18,
        15,
        3,
        43,
        14,
        25
    ],
    "category_values_ratio": {
        "12": 3729,
        "14": 3708,
        "13": 3682,
        "15": 3645,
        "16": 3498,
        "11": 3477,
        "10": 3328,
        "17": 3277,
        "18": 3209,
        "9": 3124,
        "19": 3056,
        "8": 2913,
        "20": 2803,
        "7": 2703,
        "21": 2558,
        "6": 2432,
        "22": 2402,
        "5": 2190,
        "23": 2146,
        "4": 1910,
        "24": 1843,
        "25": 1697,
        "26": 1621,
        "3": 1583,
        "27": 1408,
        "0": 1396,
        "2": 1139,
        "28": 1123,
        "29": 1071,
        "30": 812,
        "1": 782,
        "31": 768,
        "32": 633,
        "33": 609,
        "34": 476,
        "35": 460,
        "36": 438,
        "37": 333,
        "38": 304,
        "40": 289,
        "39": 275,
        "41": 251,
        "42": 204,
        "44": 174,
        "50": 172,
        "43": 161,
        "45": 151,
        "48": 136,
        "49": 133,
        "46": 113,
        "52": 102,
        "51": 100,
        "57": 98,
        "47": 98,
        "53": 80,
        "58": 78,
        "64": 71,
        "54": 70,
        "55": 70,
        "66": 62,
        "94": 62,
        "56": 59,
        "60": 59,
        "95": 52,
        "72": 44,
        "67": 43,
        "71": 41,
        "59": 41,
        "61": 39,
        "63": 39,
        "91": 38,
        "86": 35,
        "62": 35,
        "65": 34,
        "69": 31,
        "73": 30,
        "79": 30,
        "88": 29,
        "92": 28,
        "96": 28,
        "89": 28,
        "83": 28,
        "93": 23,
        "76": 23,
        "82": 23,
        "81": 23,
        "84": 22,
        "74": 21,
        "87": 20,
        "78": 20,
        "68": 20,
        "70": 19,
        "90": 18,
        "77": 15,
        "75": 13,
        "99": 9,
        "97": 8,
        "80": 7,
        "85": 7
    },
    "nrows": 82318
}