{
    "column_id": "KDD98/KDD98.csvKDD98.csv/HUPA6",
    "dataset_name": "KDD98.csv",
    "dataset_id": "KDD98/KDD98.csv",
    "path": "/home/ubuntu/CatDB-VLDB2025-V1/Experiments/data/KDD98/KDD98.csv",
    "table_name": "KDD98.csv",
    "table_id": "KDD98/KDD98.csvKDD98.csv",
    "column_name": "HUPA6",
    "data_source": "KDD98",
    "data_type": "int",
    "total_values_count": 82318,
    "distinct_values_count": 100,
    "missing_values_count": 0,
    "true_ratio": null,
    "min_value": 0.0,
    "max_value": 99.0,
    "mean": 10.975084428679025,
    "median": 2.0,
    "iqr": 15.0,
    "category_values": [
        4,
        30,
        1,
        0,
        23,
        3,
        20,
        17,
        59,
        39,
        5,
        2,
        29,
        7,
        6,
        52,
        19,
        11,
        87,
        24,
        26,
        18,
        35,
        25,
        15,
        28,
        21,
        47,
        10,
        16,
        13,
        8,
        46,
        54,
        41,
        14,
        36,
        37,
        22,
        9,
        40,
        70,
        84,
        62,
        27,
        32,
        43,
        42,
        99,
        57,
        44,
        33,
        80,
        75,
        31,
        48,
        34,
        78,
        61,
        60,
        73,
        50,
        12,
        63,
        53,
        49,
        72,
        55,
        76,
        64,
        65,
        51,
        45,
        83,
        91,
        93,
        58,
        68,
        69,
        66,
        79,
        38,
        82,
        56,
        71,
        89,
        88,
        90,
        74,
        67,
        77,
        86,
        81,
        85,
        95,
        92,
        96,
        94,
        97,
        98
    ],
    "embedding": [
        -1.0,
        -1.0,
        -1.0,
        1.0,
        -1.0,
        1.0,
        -1.0,
        -1.0,
        -1.0,
        -1.0,
        1.0,
        -1.0,
        -1.0,
        1.0,
        1.0,
        1.0,
        1.0,
        -1.0,
        1.0,
        -1.0,
        1.0,
        -1.0,
        1.0,
        -1.0,
        1.0,
        -1.0,
        -1.0,
        1.0,
        -1.0,
        -1.0,
        1.0,
        1.0,
        -1.0,
        -1.0,
        -1.0,
        1.0,
        -1.0,
        1.0,
        1.0,
        -1.0,
        -1.0,
        1.0,
        -1.0,
        -1.0,
        -1.0,
        -1.0,
        1.0,
        -1.0,
        -1.0,
        -0.335622638463974,
        -1.0,
        1.0,
        1.0,
        1.0,
        -1.0,
        1.0,
        1.0,
        1.0,
        -1.0,
        0.7712630033493042,
        -1.0,
        -1.0,
        1.0,
        -1.0,
        1.0,
        -1.0,
        1.0,
        -1.0,
        1.0,
        1.0,
        1.0,
        -1.0,
        -1.0,
        -1.0,
        -1.0,
        1.0,
        1.0,
        1.0,
        1.0,
        1.0,
        1.0,
        1.0,
        1.0,
        -1.0,
        -1.0,
        1.0,
        -1.0,
        1.0,
        1.0,
        1.0,
        -1.0,
        1.0,
        1.0,
        -1.0,
        1.0,
        -1.0,
        1.0,
        -1.0,
        -1.0,
        -1.0,
        -0.9237343072891235,
        -1.0,
        1.0,
        -1.0,
        -1.0,
        1.0,
        1.0,
        1.0,
        -1.0,
        -1.0,
        1.0,
        -1.0,
        -1.0,
        1.0,
        1.0,
        1.0,
        1.0,
        1.0,
        1.0,
        -1.0,
        -1.0,
        1.0,
        -1.0,
        -1.0,
        1.0,
        -1.0,
        -1.0,
        -1.0,
        -1.0,
        1.0,
        -1.0,
        1.0,
        -1.0,
        -1.0,
        1.0,
        -1.0,
        -1.0,
        1.0,
        1.0,
        -1.0,
        1.0,
        1.0,
        1.0,
        -1.0,
        1.0,
        -1.0,
        1.0,
        -1.0,
        -1.0,
        -1.0,
        1.0,
        -1.0,
        1.0,
        -1.0,
        1.0,
        -1.0,
        1.0,
        -1.0,
        1.0,
        -1.0,
        -1.0,
        1.0,
        -1.0,
        -1.0,
        1.0,
        -1.0,
        1.0,
        -1.0,
        -1.0,
        -1.0,
        -1.0,
        -1.0,
        1.0,
        1.0,
        -1.0,
        -1.0,
        1.0,
        -1.0,
        -1.0,
        -1.0,
        1.0,
        -1.0,
        -1.0,
        -1.0,
        1.0,
        -1.0,
        1.0,
        -1.0,
        -1.0,
        -1.0,
        1.0,
        1.0,
        1.0,
        1.0,
        -1.0,
        -1.0,
        1.0,
        -1.0,
        -1.0,
        1.0,
        -1.0,
        1.0,
        -1.0,
        -1.0,
        -1.0,
        -1.0,
        1.0,
        1.0,
        -1.0,
        -1.0,
        -1.0,
        1.0,
        -1.0,
        -1.0,
        -1.0,
        1.0,
        -1.0,
        1.0,
        -1.0,
        -1.0,
        1.0,
        -1.0,
        -1.0,
        1.0,
        -1.0,
        -0.33650508522987366,
        1.0,
        -1.0,
        -1.0,
        -1.0,
        1.0,
        -1.0,
        1.0,
        -1.0,
        -1.0,
        1.0,
        -1.0,
        1.0,
        1.0,
        -1.0,
        1.0,
        -0.3149462044239044,
        1.0,
        -1.0,
        1.0,
        1.0,
        -1.0,
        -1.0,
        -1.0,
        1.0,
        1.0,
        1.0,
        -1.0,
        -1.0,
        -1.0,
        1.0,
        1.0,
        -1.0,
        -1.0,
        -1.0,
        1.0,
        1.0,
        1.0,
        -1.0,
        1.0,
        -1.0,
        -1.0,
        -1.0,
        1.0,
        1.0,
        -0.9078775644302368,
        -1.0,
        -1.0,
        1.0,
        -1.0,
        1.0,
        1.0,
        1.0,
        1.0,
        1.0,
        1.0,
        -1.0,
        1.0,
        1.0,
        1.0,
        -1.0,
        -1.0,
        1.0,
        -1.0,
        -1.0,
        -1.0,
        1.0,
        -1.0,
        -1.0,
        -1.0,
        -1.0,
        -1.0,
        1.0,
        1.0,
        1.0
    ],
    "embedding_scaling_factor": 303.12127685546875,
    "samples": [
        41,
        12,
        26,
        0,
        0,
        20,
        22,
        5,
        0,
        0,
        0,
        63,
        2,
        21,
        5,
        0,
        0,
        81,
        10,
        35,
        0,
        0,
        11,
        4,
        0,
        0,
        8,
        0,
        0,
        0,
        6,
        0,
        12,
        2,
        29,
        0,
        2,
        4,
        6,
        4,
        36,
        0,
        2,
        20,
        1,
        0,
        0,
        1,
        44,
        0,
        15,
        0,
        27,
        19,
        0,
        3,
        13,
        9,
        2,
        0,
        73,
        28,
        0,
        92,
        3,
        0,
        11,
        3,
        9,
        0,
        0,
        18,
        0,
        65,
        81,
        0,
        0,
        9,
        14,
        18,
        0,
        11,
        10,
        23,
        34,
        17,
        4,
        23,
        26,
        36,
        0,
        0,
        11,
        0,
        1,
        2,
        5,
        0,
        7,
        0
    ],
    "category_values_ratio": {
        "0": 31504,
        "1": 5879,
        "2": 4067,
        "3": 3441,
        "4": 2623,
        "5": 2245,
        "6": 1807,
        "7": 1780,
        "8": 1573,
        "9": 1410,
        "10": 1227,
        "11": 1185,
        "12": 1040,
        "13": 1035,
        "15": 945,
        "14": 892,
        "17": 853,
        "16": 788,
        "18": 757,
        "20": 751,
        "21": 697,
        "19": 684,
        "22": 622,
        "24": 616,
        "23": 610,
        "27": 557,
        "25": 553,
        "28": 503,
        "26": 501,
        "31": 459,
        "29": 457,
        "30": 425,
        "33": 411,
        "35": 383,
        "34": 380,
        "39": 378,
        "37": 363,
        "32": 344,
        "36": 329,
        "38": 327,
        "40": 319,
        "43": 280,
        "44": 279,
        "42": 263,
        "46": 248,
        "47": 246,
        "41": 240,
        "45": 226,
        "50": 214,
        "51": 205,
        "58": 195,
        "48": 189,
        "53": 187,
        "54": 180,
        "57": 167,
        "55": 165,
        "49": 157,
        "56": 155,
        "59": 153,
        "52": 151,
        "61": 141,
        "60": 128,
        "62": 127,
        "64": 120,
        "65": 113,
        "63": 109,
        "66": 105,
        "67": 102,
        "68": 97,
        "77": 88,
        "73": 84,
        "69": 81,
        "80": 78,
        "72": 72,
        "70": 71,
        "74": 71,
        "71": 67,
        "78": 65,
        "79": 64,
        "83": 63,
        "85": 62,
        "75": 60,
        "82": 59,
        "91": 58,
        "81": 51,
        "86": 48,
        "76": 47,
        "87": 46,
        "88": 41,
        "94": 41,
        "90": 40,
        "96": 39,
        "84": 38,
        "93": 36,
        "89": 34,
        "95": 34,
        "99": 32,
        "92": 31,
        "98": 28,
        "97": 27
    },
    "nrows": 82318
}