{
    "column_id": "KDD98/KDD98.csvKDD98.csv/EC8",
    "dataset_name": "KDD98.csv",
    "dataset_id": "KDD98/KDD98.csv",
    "path": "/home/ubuntu/CatDB-VLDB2025-V1/Experiments/data/KDD98/KDD98.csv",
    "table_name": "KDD98.csv",
    "table_id": "KDD98/KDD98.csvKDD98.csv",
    "column_name": "EC8",
    "data_source": "KDD98",
    "data_type": "int",
    "total_values_count": 82318,
    "distinct_values_count": 72,
    "missing_values_count": 0,
    "true_ratio": null,
    "min_value": 0.0,
    "max_value": 99.0,
    "mean": 7.3954785101678855,
    "median": 5.0,
    "iqr": 7.0,
    "category_values": [
        2,
        1,
        3,
        14,
        12,
        5,
        7,
        9,
        29,
        20,
        22,
        13,
        4,
        6,
        18,
        0,
        26,
        27,
        15,
        17,
        11,
        16,
        23,
        8,
        10,
        25,
        19,
        34,
        33,
        21,
        24,
        35,
        28,
        31,
        45,
        32,
        42,
        39,
        65,
        38,
        36,
        30,
        37,
        41,
        47,
        40,
        44,
        43,
        68,
        71,
        54,
        48,
        51,
        50,
        49,
        74,
        52,
        57,
        56,
        46,
        75,
        53,
        99,
        58,
        66,
        60,
        64,
        70,
        69,
        55,
        59,
        62
    ],
    "embedding": [
        -1.0,
        -1.0,
        -1.0,
        1.0,
        -1.0,
        1.0,
        -1.0,
        -1.0,
        -1.0,
        -1.0,
        1.0,
        -1.0,
        -1.0,
        1.0,
        1.0,
        1.0,
        1.0,
        -1.0,
        1.0,
        -1.0,
        1.0,
        -1.0,
        1.0,
        -1.0,
        1.0,
        -1.0,
        -1.0,
        1.0,
        -1.0,
        -1.0,
        1.0,
        1.0,
        -1.0,
        -1.0,
        -1.0,
        1.0,
        -1.0,
        1.0,
        1.0,
        -1.0,
        -1.0,
        1.0,
        -1.0,
        -1.0,
        -1.0,
        -1.0,
        1.0,
        -1.0,
        -1.0,
        -0.683995246887207,
        -1.0,
        1.0,
        1.0,
        1.0,
        -1.0,
        1.0,
        1.0,
        1.0,
        -1.0,
        0.8043022155761719,
        -1.0,
        -1.0,
        1.0,
        -1.0,
        1.0,
        -1.0,
        1.0,
        -1.0,
        1.0,
        1.0,
        1.0,
        -1.0,
        -1.0,
        -1.0,
        -1.0,
        1.0,
        1.0,
        1.0,
        1.0,
        1.0,
        1.0,
        1.0,
        1.0,
        -1.0,
        -1.0,
        1.0,
        -1.0,
        1.0,
        1.0,
        1.0,
        -1.0,
        1.0,
        1.0,
        -1.0,
        1.0,
        -1.0,
        1.0,
        -1.0,
        -1.0,
        -1.0,
        -0.9648701548576355,
        -1.0,
        1.0,
        -1.0,
        -1.0,
        1.0,
        1.0,
        1.0,
        -1.0,
        -1.0,
        1.0,
        -1.0,
        -1.0,
        1.0,
        1.0,
        1.0,
        1.0,
        1.0,
        1.0,
        -1.0,
        -1.0,
        1.0,
        -1.0,
        -1.0,
        1.0,
        -1.0,
        -1.0,
        -1.0,
        -1.0,
        1.0,
        -1.0,
        1.0,
        -1.0,
        -1.0,
        1.0,
        -1.0,
        -1.0,
        1.0,
        1.0,
        -1.0,
        1.0,
        1.0,
        1.0,
        -1.0,
        1.0,
        -1.0,
        1.0,
        -1.0,
        -1.0,
        -1.0,
        1.0,
        -1.0,
        1.0,
        -1.0,
        1.0,
        -1.0,
        1.0,
        -1.0,
        1.0,
        -1.0,
        -1.0,
        1.0,
        -1.0,
        -1.0,
        1.0,
        -1.0,
        1.0,
        -1.0,
        -1.0,
        -1.0,
        -1.0,
        -1.0,
        1.0,
        1.0,
        -1.0,
        -1.0,
        1.0,
        -1.0,
        -1.0,
        -1.0,
        1.0,
        -1.0,
        -1.0,
        -1.0,
        1.0,
        -1.0,
        1.0,
        -1.0,
        -1.0,
        -1.0,
        1.0,
        1.0,
        1.0,
        1.0,
        -1.0,
        -1.0,
        1.0,
        -1.0,
        -1.0,
        1.0,
        -1.0,
        1.0,
        -1.0,
        -1.0,
        -1.0,
        -1.0,
        1.0,
        1.0,
        -1.0,
        -1.0,
        -1.0,
        1.0,
        -1.0,
        -1.0,
        -1.0,
        1.0,
        -1.0,
        1.0,
        -1.0,
        -1.0,
        1.0,
        -1.0,
        -1.0,
        1.0,
        -1.0,
        -0.6749183535575867,
        1.0,
        -1.0,
        -1.0,
        -1.0,
        1.0,
        -1.0,
        1.0,
        -1.0,
        -1.0,
        1.0,
        -1.0,
        1.0,
        1.0,
        -1.0,
        1.0,
        -0.6659970879554749,
        1.0,
        -1.0,
        1.0,
        1.0,
        -1.0,
        -1.0,
        -1.0,
        1.0,
        1.0,
        1.0,
        -1.0,
        -1.0,
        -1.0,
        1.0,
        1.0,
        -1.0,
        -1.0,
        -1.0,
        1.0,
        1.0,
        1.0,
        -1.0,
        1.0,
        -1.0,
        -1.0,
        -1.0,
        1.0,
        1.0,
        -0.9474039673805237,
        -1.0,
        -1.0,
        1.0,
        -1.0,
        1.0,
        1.0,
        1.0,
        1.0,
        1.0,
        1.0,
        -1.0,
        1.0,
        1.0,
        1.0,
        -1.0,
        -1.0,
        1.0,
        -1.0,
        -1.0,
        -1.0,
        1.0,
        -1.0,
        -1.0,
        -1.0,
        -1.0,
        -1.0,
        1.0,
        1.0,
        1.0
    ],
    "embedding_scaling_factor": 642.5285034179688,
    "samples": [
        8,
        0,
        0,
        7,
        10,
        6,
        25,
        2,
        13,
        3,
        5,
        2,
        5,
        4,
        18,
        1,
        13,
        18,
        11,
        7,
        7,
        19,
        6,
        2,
        5,
        7,
        1,
        0,
        3,
        23,
        9,
        4,
        4,
        3,
        8,
        2,
        9,
        3,
        10,
        3,
        1,
        11,
        2,
        10,
        4,
        12,
        1,
        14,
        2,
        8,
        7,
        6,
        8,
        5,
        3,
        0,
        11,
        13,
        5,
        5,
        7,
        4,
        4,
        7,
        17,
        24,
        0,
        21,
        6,
        10,
        12,
        5,
        0,
        17,
        3,
        14,
        4,
        15,
        7,
        1,
        0,
        10,
        4,
        23,
        7,
        39,
        8,
        7,
        1,
        8,
        0,
        6,
        6,
        13,
        2,
        4,
        4,
        7,
        14,
        7
    ],
    "category_values_ratio": {
        "3": 9381,
        "2": 8629,
        "4": 8255,
        "5": 6754,
        "6": 5385,
        "1": 5358,
        "0": 5005,
        "7": 4579,
        "8": 3816,
        "9": 3317,
        "10": 2818,
        "11": 2338,
        "12": 2059,
        "13": 1802,
        "14": 1680,
        "15": 1386,
        "17": 1177,
        "16": 1107,
        "18": 997,
        "19": 810,
        "20": 738,
        "21": 648,
        "23": 539,
        "22": 494,
        "24": 467,
        "25": 382,
        "26": 335,
        "28": 287,
        "27": 262,
        "30": 192,
        "29": 187,
        "31": 143,
        "32": 141,
        "33": 138,
        "34": 124,
        "35": 106,
        "37": 65,
        "38": 61,
        "36": 60,
        "39": 51,
        "42": 38,
        "40": 32,
        "45": 28,
        "44": 21,
        "43": 16,
        "41": 16,
        "46": 14,
        "51": 12,
        "52": 10,
        "50": 8,
        "47": 8,
        "48": 7,
        "49": 6,
        "54": 4,
        "57": 3,
        "68": 2,
        "53": 2,
        "58": 2,
        "66": 2,
        "56": 2,
        "60": 1,
        "71": 1,
        "74": 1,
        "75": 1,
        "99": 1,
        "69": 1,
        "65": 1,
        "70": 1,
        "55": 1,
        "64": 1,
        "59": 1,
        "62": 1
    },
    "nrows": 82318
}