{
    "column_id": "KDD98/KDD98.csvKDD98.csv/RP3",
    "dataset_name": "KDD98.csv",
    "dataset_id": "KDD98/KDD98.csv",
    "path": "/home/ubuntu/CatDB-VLDB2025-V1/Experiments/data/KDD98/KDD98.csv",
    "table_name": "KDD98.csv",
    "table_id": "KDD98/KDD98.csvKDD98.csv",
    "column_name": "RP3",
    "data_source": "KDD98",
    "data_type": "int",
    "total_values_count": 82318,
    "distinct_values_count": 100,
    "missing_values_count": 0,
    "true_ratio": null,
    "min_value": 0.0,
    "max_value": 99.0,
    "mean": 59.835455185986056,
    "median": 68.0,
    "iqr": 62.0,
    "category_values": [
        8,
        94,
        1,
        15,
        66,
        52,
        98,
        99,
        21,
        54,
        95,
        85,
        87,
        90,
        9,
        97,
        80,
        22,
        77,
        6,
        30,
        2,
        51,
        60,
        78,
        59,
        69,
        0,
        96,
        31,
        93,
        91,
        84,
        79,
        61,
        33,
        46,
        36,
        7,
        38,
        48,
        92,
        18,
        35,
        71,
        29,
        89,
        42,
        3,
        56,
        25,
        11,
        16,
        49,
        13,
        14,
        50,
        10,
        63,
        74,
        27,
        39,
        53,
        68,
        44,
        43,
        45,
        88,
        4,
        64,
        86,
        81,
        62,
        47,
        26,
        82,
        23,
        57,
        75,
        19,
        12,
        32,
        83,
        70,
        67,
        28,
        20,
        24,
        65,
        5,
        40,
        73,
        55,
        37,
        76,
        72,
        41,
        17,
        58,
        34
    ],
    "embedding": [
        -1.0,
        -1.0,
        -1.0,
        1.0,
        -1.0,
        1.0,
        -1.0,
        -1.0,
        -1.0,
        -1.0,
        1.0,
        -1.0,
        -1.0,
        1.0,
        1.0,
        1.0,
        1.0,
        -1.0,
        1.0,
        -1.0,
        1.0,
        -1.0,
        1.0,
        -1.0,
        1.0,
        -1.0,
        -1.0,
        1.0,
        -1.0,
        -1.0,
        1.0,
        1.0,
        -1.0,
        -1.0,
        -1.0,
        1.0,
        -1.0,
        1.0,
        1.0,
        -1.0,
        -1.0,
        1.0,
        -1.0,
        -1.0,
        -1.0,
        -1.0,
        1.0,
        -1.0,
        -1.0,
        -0.9468325972557068,
        -1.0,
        1.0,
        1.0,
        1.0,
        -1.0,
        1.0,
        1.0,
        1.0,
        -1.0,
        0.9769085645675659,
        -1.0,
        -1.0,
        1.0,
        -1.0,
        1.0,
        -1.0,
        1.0,
        -1.0,
        1.0,
        1.0,
        1.0,
        -1.0,
        -1.0,
        -1.0,
        -1.0,
        1.0,
        1.0,
        1.0,
        1.0,
        1.0,
        1.0,
        1.0,
        1.0,
        -1.0,
        -1.0,
        1.0,
        -1.0,
        1.0,
        1.0,
        1.0,
        -1.0,
        1.0,
        1.0,
        -1.0,
        1.0,
        -1.0,
        1.0,
        -1.0,
        -1.0,
        -1.0,
        -0.9946514368057251,
        -1.0,
        1.0,
        -1.0,
        -1.0,
        1.0,
        1.0,
        1.0,
        -1.0,
        -1.0,
        1.0,
        -1.0,
        -1.0,
        1.0,
        1.0,
        1.0,
        1.0,
        1.0,
        1.0,
        -1.0,
        -1.0,
        1.0,
        -1.0,
        -1.0,
        1.0,
        -1.0,
        -1.0,
        -1.0,
        -1.0,
        1.0,
        -1.0,
        1.0,
        -1.0,
        -1.0,
        1.0,
        -1.0,
        -1.0,
        1.0,
        1.0,
        -1.0,
        1.0,
        1.0,
        1.0,
        -1.0,
        1.0,
        -1.0,
        1.0,
        -1.0,
        -1.0,
        -1.0,
        1.0,
        -1.0,
        1.0,
        -1.0,
        1.0,
        -1.0,
        1.0,
        -1.0,
        1.0,
        -1.0,
        -1.0,
        1.0,
        -1.0,
        -1.0,
        1.0,
        -1.0,
        1.0,
        -1.0,
        -1.0,
        -1.0,
        -1.0,
        -1.0,
        1.0,
        1.0,
        -1.0,
        -1.0,
        1.0,
        -1.0,
        -1.0,
        -1.0,
        1.0,
        -1.0,
        -1.0,
        -1.0,
        1.0,
        -1.0,
        1.0,
        -1.0,
        -1.0,
        -1.0,
        1.0,
        1.0,
        1.0,
        1.0,
        -1.0,
        -1.0,
        1.0,
        -1.0,
        -1.0,
        1.0,
        -1.0,
        1.0,
        -1.0,
        -1.0,
        -1.0,
        -1.0,
        1.0,
        1.0,
        -1.0,
        -1.0,
        -1.0,
        1.0,
        -1.0,
        -1.0,
        -1.0,
        1.0,
        -1.0,
        1.0,
        -1.0,
        -1.0,
        1.0,
        -1.0,
        -1.0,
        1.0,
        -1.0,
        -0.9446083903312683,
        1.0,
        -1.0,
        -1.0,
        -1.0,
        1.0,
        -1.0,
        1.0,
        -1.0,
        -1.0,
        1.0,
        -1.0,
        1.0,
        1.0,
        -1.0,
        1.0,
        -0.943463146686554,
        1.0,
        -1.0,
        1.0,
        1.0,
        -1.0,
        -1.0,
        -1.0,
        1.0,
        1.0,
        1.0,
        -1.0,
        -1.0,
        -1.0,
        1.0,
        1.0,
        -1.0,
        -1.0,
        -1.0,
        1.0,
        1.0,
        1.0,
        -1.0,
        1.0,
        -1.0,
        -1.0,
        -1.0,
        1.0,
        1.0,
        -0.9928030967712402,
        -1.0,
        -1.0,
        1.0,
        -1.0,
        1.0,
        1.0,
        1.0,
        1.0,
        1.0,
        1.0,
        -1.0,
        1.0,
        1.0,
        1.0,
        -1.0,
        -1.0,
        1.0,
        -1.0,
        -1.0,
        -1.0,
        1.0,
        -1.0,
        -1.0,
        -1.0,
        -1.0,
        -1.0,
        1.0,
        1.0,
        1.0
    ],
    "embedding_scaling_factor": 94.0355453491211,
    "samples": [
        95,
        46,
        94,
        94,
        46,
        98,
        61,
        50,
        69,
        25,
        89,
        35,
        81,
        59,
        99,
        99,
        65,
        96,
        20,
        85,
        73,
        57,
        70,
        4,
        92,
        32,
        24,
        67,
        10,
        27,
        96,
        44,
        72,
        93,
        41,
        90,
        94,
        91,
        44,
        99,
        14,
        93,
        55,
        42,
        77,
        83,
        85,
        21,
        31,
        29,
        87,
        3,
        60,
        26,
        95,
        0,
        95,
        99,
        63,
        59,
        78,
        37,
        83,
        16,
        46,
        91,
        10,
        94,
        13,
        1,
        59,
        50,
        86,
        12,
        98,
        31,
        22,
        6,
        60,
        30,
        63,
        0,
        59,
        45,
        12,
        71,
        57,
        98,
        1,
        86,
        98,
        12,
        34,
        55,
        99,
        99,
        65,
        92,
        71,
        90
    ],
    "category_values_ratio": {
        "99": 3219,
        "97": 2798,
        "98": 2625,
        "96": 2621,
        "95": 2260,
        "94": 2164,
        "93": 1956,
        "92": 1649,
        "90": 1525,
        "91": 1494,
        "88": 1398,
        "0": 1343,
        "89": 1316,
        "86": 1179,
        "85": 1118,
        "87": 1068,
        "83": 1053,
        "84": 973,
        "80": 937,
        "4": 933,
        "82": 922,
        "3": 911,
        "81": 882,
        "79": 872,
        "5": 853,
        "77": 829,
        "6": 816,
        "2": 814,
        "78": 811,
        "67": 793,
        "75": 778,
        "8": 778,
        "76": 774,
        "71": 745,
        "12": 740,
        "9": 739,
        "7": 739,
        "73": 720,
        "10": 720,
        "50": 690,
        "14": 686,
        "13": 682,
        "74": 681,
        "11": 676,
        "17": 667,
        "68": 645,
        "63": 642,
        "22": 630,
        "18": 623,
        "19": 622,
        "60": 607,
        "15": 603,
        "24": 598,
        "72": 592,
        "21": 579,
        "64": 574,
        "59": 574,
        "70": 572,
        "20": 572,
        "23": 564,
        "33": 564,
        "16": 562,
        "65": 562,
        "26": 552,
        "69": 551,
        "56": 548,
        "38": 548,
        "31": 547,
        "44": 539,
        "57": 533,
        "25": 531,
        "29": 530,
        "45": 529,
        "43": 528,
        "58": 525,
        "35": 522,
        "36": 522,
        "27": 518,
        "30": 514,
        "28": 514,
        "55": 512,
        "52": 509,
        "32": 507,
        "66": 505,
        "1": 502,
        "53": 500,
        "54": 494,
        "61": 493,
        "62": 493,
        "48": 492,
        "51": 490,
        "42": 485,
        "40": 481,
        "47": 477,
        "34": 465,
        "37": 461,
        "49": 459,
        "41": 454,
        "39": 444,
        "46": 412
    },
    "nrows": 82318
}