{
    "column_id": "KDD98/KDD98.csvKDD98.csv/AGEC7",
    "dataset_name": "KDD98.csv",
    "dataset_id": "KDD98/KDD98.csv",
    "path": "/home/ubuntu/CatDB-VLDB2025-V1/Experiments/data/KDD98/KDD98.csv",
    "table_name": "KDD98.csv",
    "table_id": "KDD98/KDD98.csvKDD98.csv",
    "column_name": "AGEC7",
    "data_source": "KDD98",
    "data_type": "int",
    "total_values_count": 82318,
    "distinct_values_count": 75,
    "missing_values_count": 0,
    "true_ratio": null,
    "min_value": 0.0,
    "max_value": 85.0,
    "mean": 7.673412862314439,
    "median": 6.0,
    "iqr": 7.0,
    "category_values": [
        12,
        1,
        6,
        9,
        15,
        0,
        3,
        10,
        17,
        8,
        13,
        2,
        4,
        11,
        25,
        5,
        7,
        14,
        58,
        19,
        29,
        16,
        22,
        18,
        27,
        21,
        24,
        20,
        32,
        23,
        30,
        62,
        28,
        33,
        39,
        65,
        41,
        26,
        36,
        74,
        35,
        56,
        44,
        50,
        34,
        60,
        67,
        37,
        47,
        38,
        31,
        40,
        52,
        43,
        63,
        51,
        45,
        42,
        48,
        61,
        64,
        46,
        66,
        53,
        54,
        69,
        49,
        59,
        72,
        77,
        57,
        80,
        55,
        68,
        85
    ],
    "embedding": [
        -1.0,
        -1.0,
        -1.0,
        1.0,
        -1.0,
        1.0,
        -1.0,
        -1.0,
        -1.0,
        -1.0,
        1.0,
        -1.0,
        -1.0,
        1.0,
        1.0,
        1.0,
        1.0,
        -1.0,
        1.0,
        -1.0,
        1.0,
        -1.0,
        1.0,
        -1.0,
        1.0,
        -1.0,
        -1.0,
        1.0,
        -1.0,
        -1.0,
        1.0,
        1.0,
        -1.0,
        -1.0,
        -1.0,
        1.0,
        -1.0,
        1.0,
        1.0,
        -1.0,
        -1.0,
        1.0,
        -1.0,
        -1.0,
        -1.0,
        -1.0,
        1.0,
        -1.0,
        -1.0,
        -0.7897434830665588,
        -1.0,
        1.0,
        1.0,
        1.0,
        -1.0,
        1.0,
        1.0,
        1.0,
        -1.0,
        0.8575090169906616,
        -1.0,
        -1.0,
        1.0,
        -1.0,
        1.0,
        -1.0,
        1.0,
        -1.0,
        1.0,
        1.0,
        1.0,
        -1.0,
        -1.0,
        -1.0,
        -1.0,
        1.0,
        1.0,
        1.0,
        1.0,
        1.0,
        1.0,
        1.0,
        1.0,
        -1.0,
        -1.0,
        1.0,
        -1.0,
        1.0,
        1.0,
        1.0,
        -1.0,
        1.0,
        1.0,
        -1.0,
        1.0,
        -1.0,
        1.0,
        -1.0,
        -1.0,
        -1.0,
        -0.9773992896080017,
        -1.0,
        1.0,
        -1.0,
        -1.0,
        1.0,
        1.0,
        1.0,
        -1.0,
        -1.0,
        1.0,
        -1.0,
        -1.0,
        1.0,
        1.0,
        1.0,
        1.0,
        1.0,
        1.0,
        -1.0,
        -1.0,
        1.0,
        -1.0,
        -1.0,
        1.0,
        -1.0,
        -1.0,
        -1.0,
        -1.0,
        1.0,
        -1.0,
        1.0,
        -1.0,
        -1.0,
        1.0,
        -1.0,
        -1.0,
        1.0,
        1.0,
        -1.0,
        1.0,
        1.0,
        1.0,
        -1.0,
        1.0,
        -1.0,
        1.0,
        -1.0,
        -1.0,
        -1.0,
        1.0,
        -1.0,
        1.0,
        -1.0,
        1.0,
        -1.0,
        1.0,
        -1.0,
        1.0,
        -1.0,
        -1.0,
        1.0,
        -1.0,
        -1.0,
        1.0,
        -1.0,
        1.0,
        -1.0,
        -1.0,
        -1.0,
        -1.0,
        -1.0,
        1.0,
        1.0,
        -1.0,
        -1.0,
        1.0,
        -1.0,
        -1.0,
        -1.0,
        1.0,
        -1.0,
        -1.0,
        -1.0,
        1.0,
        -1.0,
        1.0,
        -1.0,
        -1.0,
        -1.0,
        1.0,
        1.0,
        1.0,
        1.0,
        -1.0,
        -1.0,
        1.0,
        -1.0,
        -1.0,
        1.0,
        -1.0,
        1.0,
        -1.0,
        -1.0,
        -1.0,
        -1.0,
        1.0,
        1.0,
        -1.0,
        -1.0,
        -1.0,
        1.0,
        -1.0,
        -1.0,
        -1.0,
        1.0,
        -1.0,
        1.0,
        -1.0,
        -1.0,
        1.0,
        -1.0,
        -1.0,
        1.0,
        -1.0,
        -0.7778282165527344,
        1.0,
        -1.0,
        -1.0,
        -1.0,
        1.0,
        -1.0,
        1.0,
        -1.0,
        -1.0,
        1.0,
        -1.0,
        1.0,
        1.0,
        -1.0,
        1.0,
        -0.7720077633857727,
        1.0,
        -1.0,
        1.0,
        1.0,
        -1.0,
        -1.0,
        -1.0,
        1.0,
        1.0,
        1.0,
        -1.0,
        -1.0,
        -1.0,
        1.0,
        1.0,
        -1.0,
        -1.0,
        -1.0,
        1.0,
        1.0,
        1.0,
        -1.0,
        1.0,
        -1.0,
        -1.0,
        -1.0,
        1.0,
        1.0,
        -0.9643347859382629,
        -1.0,
        -1.0,
        1.0,
        -1.0,
        1.0,
        1.0,
        1.0,
        1.0,
        1.0,
        1.0,
        -1.0,
        1.0,
        1.0,
        1.0,
        -1.0,
        -1.0,
        1.0,
        -1.0,
        -1.0,
        -1.0,
        1.0,
        -1.0,
        -1.0,
        -1.0,
        -1.0,
        -1.0,
        1.0,
        1.0,
        1.0
    ],
    "embedding_scaling_factor": 578.7857055664062,
    "samples": [
        10,
        4,
        11,
        0,
        1,
        4,
        11,
        7,
        11,
        4,
        6,
        5,
        6,
        2,
        3,
        4,
        10,
        2,
        1,
        10,
        10,
        1,
        3,
        2,
        10,
        2,
        3,
        6,
        7,
        8,
        3,
        1,
        8,
        10,
        11,
        3,
        4,
        5,
        5,
        4,
        5,
        24,
        3,
        9,
        20,
        5,
        10,
        3,
        4,
        10,
        2,
        17,
        7,
        3,
        3,
        3,
        7,
        35,
        2,
        12,
        7,
        4,
        2,
        4,
        8,
        2,
        18,
        3,
        5,
        2,
        6,
        1,
        5,
        4,
        8,
        2,
        8,
        10,
        4,
        9,
        4,
        5,
        2,
        3,
        4,
        10,
        7,
        1,
        14,
        7,
        10,
        4,
        11,
        5,
        11,
        9,
        5,
        10,
        4,
        4
    ],
    "category_values_ratio": {
        "4": 8027,
        "3": 8012,
        "5": 7583,
        "2": 7119,
        "6": 7119,
        "7": 6442,
        "8": 5435,
        "1": 4652,
        "9": 4630,
        "10": 3933,
        "11": 3390,
        "12": 2658,
        "13": 1940,
        "14": 1608,
        "0": 1333,
        "15": 1307,
        "16": 1046,
        "17": 855,
        "18": 646,
        "19": 572,
        "20": 523,
        "21": 409,
        "22": 371,
        "24": 294,
        "23": 278,
        "25": 226,
        "26": 204,
        "27": 175,
        "28": 136,
        "29": 122,
        "34": 103,
        "30": 102,
        "31": 83,
        "32": 78,
        "33": 67,
        "35": 65,
        "36": 62,
        "39": 57,
        "37": 56,
        "44": 44,
        "43": 43,
        "38": 42,
        "40": 38,
        "50": 37,
        "41": 33,
        "47": 27,
        "58": 25,
        "46": 24,
        "42": 24,
        "45": 23,
        "54": 22,
        "48": 20,
        "60": 19,
        "56": 19,
        "52": 17,
        "49": 16,
        "61": 14,
        "57": 14,
        "51": 13,
        "62": 12,
        "53": 11,
        "65": 10,
        "63": 8,
        "66": 7,
        "59": 6,
        "67": 5,
        "55": 5,
        "72": 5,
        "74": 4,
        "69": 4,
        "64": 3,
        "77": 2,
        "80": 2,
        "68": 1,
        "85": 1
    },
    "nrows": 82318
}