{
    "column_id": "KDD98/KDD98.csvKDD98.csv/HC9",
    "dataset_name": "KDD98.csv",
    "dataset_id": "KDD98/KDD98.csv",
    "path": "/home/ubuntu/CatDB-VLDB2025-V1/Experiments/data/KDD98/KDD98.csv",
    "table_name": "KDD98.csv",
    "table_id": "KDD98/KDD98.csvKDD98.csv",
    "column_name": "HC9",
    "data_source": "KDD98",
    "data_type": "int",
    "total_values_count": 82318,
    "distinct_values_count": 89,
    "missing_values_count": 0,
    "true_ratio": null,
    "min_value": 0.0,
    "max_value": 91.0,
    "mean": 2.783826137661265,
    "median": 0.0,
    "iqr": 1.0,
    "category_values": [
        0,
        7,
        14,
        2,
        13,
        10,
        1,
        6,
        16,
        39,
        4,
        27,
        11,
        48,
        66,
        8,
        9,
        12,
        3,
        35,
        41,
        21,
        15,
        18,
        5,
        31,
        24,
        57,
        20,
        22,
        26,
        23,
        29,
        17,
        72,
        47,
        33,
        55,
        34,
        32,
        25,
        36,
        28,
        49,
        43,
        40,
        19,
        59,
        53,
        45,
        70,
        50,
        30,
        56,
        63,
        44,
        68,
        38,
        65,
        54,
        60,
        42,
        46,
        51,
        58,
        52,
        67,
        61,
        64,
        74,
        62,
        69,
        78,
        37,
        76,
        87,
        75,
        81,
        71,
        84,
        82,
        73,
        88,
        77,
        90,
        79,
        83,
        89,
        91
    ],
    "embedding": [
        -1.0,
        -1.0,
        -1.0,
        1.0,
        -1.0,
        1.0,
        -1.0,
        -1.0,
        -1.0,
        -1.0,
        1.0,
        -1.0,
        -1.0,
        1.0,
        1.0,
        1.0,
        1.0,
        -1.0,
        1.0,
        -1.0,
        1.0,
        -1.0,
        1.0,
        -1.0,
        1.0,
        -1.0,
        -1.0,
        1.0,
        -1.0,
        -1.0,
        1.0,
        1.0,
        -1.0,
        -1.0,
        -1.0,
        1.0,
        -1.0,
        1.0,
        1.0,
        -1.0,
        -1.0,
        1.0,
        -1.0,
        -1.0,
        -1.0,
        -1.0,
        1.0,
        -1.0,
        -1.0,
        0.10350262373685837,
        -1.0,
        1.0,
        1.0,
        1.0,
        -1.0,
        1.0,
        1.0,
        1.0,
        -1.0,
        0.6821429133415222,
        -1.0,
        -1.0,
        1.0,
        -1.0,
        1.0,
        -1.0,
        1.0,
        -1.0,
        1.0,
        1.0,
        1.0,
        -1.0,
        -1.0,
        -1.0,
        -1.0,
        1.0,
        1.0,
        1.0,
        1.0,
        1.0,
        1.0,
        1.0,
        1.0,
        -1.0,
        -1.0,
        1.0,
        -1.0,
        1.0,
        1.0,
        1.0,
        -1.0,
        1.0,
        1.0,
        -1.0,
        1.0,
        -1.0,
        1.0,
        -1.0,
        -1.0,
        -1.0,
        -0.8728482723236084,
        -1.0,
        1.0,
        -1.0,
        -1.0,
        1.0,
        1.0,
        1.0,
        -1.0,
        -1.0,
        1.0,
        -1.0,
        -1.0,
        1.0,
        1.0,
        1.0,
        1.0,
        1.0,
        1.0,
        -1.0,
        -1.0,
        1.0,
        -1.0,
        -1.0,
        1.0,
        -1.0,
        -1.0,
        -1.0,
        -1.0,
        1.0,
        -1.0,
        1.0,
        -1.0,
        -1.0,
        1.0,
        -1.0,
        -1.0,
        1.0,
        1.0,
        -1.0,
        1.0,
        1.0,
        1.0,
        -1.0,
        1.0,
        -1.0,
        1.0,
        -1.0,
        -1.0,
        -1.0,
        1.0,
        -1.0,
        1.0,
        -1.0,
        1.0,
        -1.0,
        1.0,
        -1.0,
        1.0,
        -1.0,
        -1.0,
        1.0,
        -1.0,
        -1.0,
        1.0,
        -1.0,
        1.0,
        -1.0,
        -1.0,
        -1.0,
        -1.0,
        -1.0,
        1.0,
        1.0,
        -1.0,
        -1.0,
        1.0,
        -1.0,
        -1.0,
        -1.0,
        1.0,
        -1.0,
        -1.0,
        -1.0,
        1.0,
        -1.0,
        1.0,
        -1.0,
        -1.0,
        -1.0,
        1.0,
        1.0,
        1.0,
        1.0,
        -1.0,
        -1.0,
        1.0,
        -1.0,
        -1.0,
        1.0,
        -1.0,
        1.0,
        -1.0,
        -1.0,
        -1.0,
        -1.0,
        1.0,
        1.0,
        -1.0,
        -1.0,
        -1.0,
        1.0,
        -1.0,
        -1.0,
        -1.0,
        1.0,
        -1.0,
        1.0,
        -1.0,
        -1.0,
        1.0,
        -1.0,
        -1.0,
        1.0,
        -1.0,
        0.09653305262327194,
        1.0,
        -1.0,
        -1.0,
        -1.0,
        1.0,
        -1.0,
        1.0,
        -1.0,
        -1.0,
        1.0,
        -1.0,
        1.0,
        1.0,
        -1.0,
        1.0,
        0.13486604392528534,
        1.0,
        -1.0,
        1.0,
        1.0,
        -1.0,
        -1.0,
        -1.0,
        1.0,
        1.0,
        1.0,
        -1.0,
        -1.0,
        -1.0,
        1.0,
        1.0,
        -1.0,
        -1.0,
        -1.0,
        1.0,
        1.0,
        1.0,
        -1.0,
        1.0,
        -1.0,
        -1.0,
        -1.0,
        1.0,
        1.0,
        -0.8535456657409668,
        -1.0,
        -1.0,
        1.0,
        -1.0,
        1.0,
        1.0,
        1.0,
        1.0,
        1.0,
        1.0,
        -1.0,
        1.0,
        1.0,
        1.0,
        -1.0,
        -1.0,
        1.0,
        -1.0,
        -1.0,
        -1.0,
        1.0,
        -1.0,
        -1.0,
        -1.0,
        -1.0,
        -1.0,
        1.0,
        1.0,
        1.0
    ],
    "embedding_scaling_factor": 180.08261108398438,
    "samples": [
        0,
        2,
        0,
        17,
        0,
        0,
        0,
        1,
        1,
        0,
        0,
        0,
        3,
        6,
        0,
        0,
        1,
        0,
        25,
        0,
        0,
        0,
        0,
        71,
        0,
        10,
        0,
        18,
        0,
        13,
        0,
        3,
        0,
        0,
        8,
        7,
        0,
        0,
        0,
        0,
        0,
        7,
        0,
        5,
        79,
        0,
        0,
        2,
        0,
        0,
        0,
        5,
        3,
        0,
        0,
        0,
        0,
        0,
        0,
        0,
        0,
        2,
        4,
        15,
        0,
        13,
        0,
        0,
        0,
        12,
        0,
        0,
        0,
        0,
        1,
        0,
        0,
        0,
        0,
        0,
        6,
        0,
        0,
        29,
        10,
        0,
        17,
        0,
        6,
        0,
        9,
        0,
        0,
        0,
        0,
        0,
        31,
        1,
        29,
        0
    ],
    "category_values_ratio": {
        "0": 60111,
        "1": 3426,
        "2": 2489,
        "3": 1966,
        "4": 1532,
        "5": 1339,
        "6": 1089,
        "7": 1059,
        "8": 918,
        "9": 733,
        "10": 680,
        "11": 606,
        "12": 480,
        "13": 461,
        "14": 389,
        "15": 371,
        "16": 370,
        "18": 291,
        "17": 290,
        "20": 228,
        "19": 221,
        "23": 209,
        "21": 205,
        "24": 205,
        "25": 172,
        "22": 162,
        "26": 162,
        "29": 155,
        "27": 154,
        "31": 142,
        "28": 127,
        "32": 122,
        "33": 120,
        "35": 93,
        "30": 85,
        "34": 82,
        "36": 72,
        "38": 64,
        "44": 56,
        "41": 55,
        "53": 49,
        "43": 48,
        "42": 47,
        "39": 44,
        "51": 43,
        "47": 40,
        "40": 38,
        "48": 36,
        "46": 35,
        "45": 33,
        "63": 32,
        "54": 29,
        "55": 25,
        "62": 23,
        "49": 23,
        "70": 22,
        "58": 21,
        "37": 20,
        "52": 20,
        "56": 17,
        "66": 14,
        "50": 13,
        "59": 13,
        "60": 12,
        "72": 11,
        "67": 11,
        "75": 10,
        "71": 10,
        "61": 9,
        "76": 8,
        "57": 8,
        "64": 8,
        "68": 7,
        "65": 6,
        "69": 6,
        "78": 5,
        "84": 5,
        "82": 5,
        "81": 4,
        "74": 3,
        "88": 3,
        "73": 2,
        "77": 2,
        "79": 2,
        "87": 1,
        "90": 1,
        "83": 1,
        "89": 1,
        "91": 1
    },
    "nrows": 82318
}