{
    "column_id": "KDD98/KDD98.csvKDD98.csv/ETH4",
    "dataset_name": "KDD98.csv",
    "dataset_id": "KDD98/KDD98.csv",
    "path": "/home/ubuntu/CatDB-VLDB2025-V1/Experiments/data/KDD98/KDD98.csv",
    "table_name": "KDD98.csv",
    "table_id": "KDD98/KDD98.csvKDD98.csv",
    "column_name": "ETH4",
    "data_source": "KDD98",
    "data_type": "int",
    "total_values_count": 82318,
    "distinct_values_count": 94,
    "missing_values_count": 0,
    "true_ratio": null,
    "min_value": 0.0,
    "max_value": 99.0,
    "mean": 2.9196409047838867,
    "median": 1.0,
    "iqr": 3.0,
    "category_values": [
        0,
        7,
        1,
        9,
        5,
        2,
        4,
        3,
        11,
        21,
        28,
        6,
        15,
        59,
        8,
        19,
        10,
        14,
        12,
        18,
        35,
        29,
        13,
        31,
        30,
        23,
        40,
        27,
        49,
        45,
        46,
        17,
        51,
        76,
        16,
        84,
        25,
        41,
        32,
        61,
        33,
        20,
        43,
        83,
        34,
        22,
        44,
        68,
        38,
        56,
        37,
        89,
        65,
        39,
        55,
        74,
        77,
        69,
        42,
        54,
        36,
        66,
        53,
        26,
        80,
        87,
        67,
        47,
        60,
        64,
        79,
        24,
        48,
        82,
        63,
        50,
        92,
        75,
        58,
        78,
        86,
        52,
        72,
        71,
        85,
        91,
        81,
        73,
        70,
        62,
        57,
        88,
        90,
        99
    ],
    "embedding": [
        -1.0,
        -1.0,
        -1.0,
        1.0,
        -1.0,
        1.0,
        -1.0,
        -1.0,
        -1.0,
        -1.0,
        1.0,
        -1.0,
        -1.0,
        1.0,
        1.0,
        1.0,
        1.0,
        -1.0,
        1.0,
        -1.0,
        1.0,
        -1.0,
        1.0,
        -1.0,
        1.0,
        -1.0,
        -1.0,
        1.0,
        -1.0,
        -1.0,
        1.0,
        1.0,
        -1.0,
        -1.0,
        -1.0,
        1.0,
        -1.0,
        1.0,
        1.0,
        -1.0,
        -1.0,
        1.0,
        -1.0,
        -1.0,
        -1.0,
        -1.0,
        1.0,
        -1.0,
        -1.0,
        -0.2115861475467682,
        -1.0,
        1.0,
        1.0,
        1.0,
        -1.0,
        1.0,
        1.0,
        1.0,
        -1.0,
        0.6653410196304321,
        -1.0,
        -1.0,
        1.0,
        -1.0,
        1.0,
        -1.0,
        1.0,
        -1.0,
        1.0,
        1.0,
        1.0,
        -1.0,
        -1.0,
        -1.0,
        -1.0,
        1.0,
        1.0,
        1.0,
        1.0,
        1.0,
        1.0,
        1.0,
        1.0,
        -1.0,
        -1.0,
        1.0,
        -1.0,
        1.0,
        1.0,
        1.0,
        -1.0,
        1.0,
        1.0,
        -1.0,
        1.0,
        -1.0,
        1.0,
        -1.0,
        -1.0,
        -1.0,
        -0.9090232849121094,
        -1.0,
        1.0,
        -1.0,
        -1.0,
        1.0,
        1.0,
        1.0,
        -1.0,
        -1.0,
        1.0,
        -1.0,
        -1.0,
        1.0,
        1.0,
        1.0,
        1.0,
        1.0,
        1.0,
        -1.0,
        -1.0,
        1.0,
        -1.0,
        -1.0,
        1.0,
        -1.0,
        -1.0,
        -1.0,
        -1.0,
        1.0,
        -1.0,
        1.0,
        -1.0,
        -1.0,
        1.0,
        -1.0,
        -1.0,
        1.0,
        1.0,
        -1.0,
        1.0,
        1.0,
        1.0,
        -1.0,
        1.0,
        -1.0,
        1.0,
        -1.0,
        -1.0,
        -1.0,
        1.0,
        -1.0,
        1.0,
        -1.0,
        1.0,
        -1.0,
        1.0,
        -1.0,
        1.0,
        -1.0,
        -1.0,
        1.0,
        -1.0,
        -1.0,
        1.0,
        -1.0,
        1.0,
        -1.0,
        -1.0,
        -1.0,
        -1.0,
        -1.0,
        1.0,
        1.0,
        -1.0,
        -1.0,
        1.0,
        -1.0,
        -1.0,
        -1.0,
        1.0,
        -1.0,
        -1.0,
        -1.0,
        1.0,
        -1.0,
        1.0,
        -1.0,
        -1.0,
        -1.0,
        1.0,
        1.0,
        1.0,
        1.0,
        -1.0,
        -1.0,
        1.0,
        -1.0,
        -1.0,
        1.0,
        -1.0,
        1.0,
        -1.0,
        -1.0,
        -1.0,
        -1.0,
        1.0,
        1.0,
        -1.0,
        -1.0,
        -1.0,
        1.0,
        -1.0,
        -1.0,
        -1.0,
        1.0,
        -1.0,
        1.0,
        -1.0,
        -1.0,
        1.0,
        -1.0,
        -1.0,
        1.0,
        -1.0,
        -0.2141827493906021,
        1.0,
        -1.0,
        -1.0,
        -1.0,
        1.0,
        -1.0,
        1.0,
        -1.0,
        -1.0,
        1.0,
        -1.0,
        1.0,
        1.0,
        -1.0,
        1.0,
        -0.1917308121919632,
        1.0,
        -1.0,
        1.0,
        1.0,
        -1.0,
        -1.0,
        -1.0,
        1.0,
        1.0,
        1.0,
        -1.0,
        -1.0,
        -1.0,
        1.0,
        1.0,
        -1.0,
        -1.0,
        -1.0,
        1.0,
        1.0,
        1.0,
        -1.0,
        1.0,
        -1.0,
        -1.0,
        -1.0,
        1.0,
        1.0,
        -0.8830740451812744,
        -1.0,
        -1.0,
        1.0,
        -1.0,
        1.0,
        1.0,
        1.0,
        1.0,
        1.0,
        1.0,
        -1.0,
        1.0,
        1.0,
        1.0,
        -1.0,
        -1.0,
        1.0,
        -1.0,
        -1.0,
        -1.0,
        1.0,
        -1.0,
        -1.0,
        -1.0,
        -1.0,
        -1.0,
        1.0,
        1.0,
        1.0
    ],
    "embedding_scaling_factor": 537.7340087890625,
    "samples": [
        1,
        0,
        0,
        1,
        7,
        4,
        1,
        6,
        0,
        4,
        0,
        1,
        0,
        1,
        2,
        3,
        1,
        0,
        0,
        1,
        1,
        9,
        0,
        0,
        2,
        0,
        2,
        3,
        1,
        1,
        7,
        27,
        2,
        0,
        2,
        0,
        0,
        0,
        1,
        5,
        0,
        0,
        2,
        5,
        0,
        1,
        4,
        0,
        5,
        0,
        0,
        0,
        0,
        1,
        0,
        1,
        0,
        4,
        0,
        1,
        0,
        4,
        0,
        1,
        0,
        3,
        21,
        21,
        2,
        0,
        30,
        2,
        1,
        0,
        0,
        0,
        1,
        0,
        2,
        0,
        0,
        1,
        40,
        7,
        0,
        1,
        2,
        1,
        1,
        6,
        0,
        10,
        2,
        4,
        7,
        10,
        1,
        1,
        1,
        0
    ],
    "category_values_ratio": {
        "0": 32117,
        "1": 20292,
        "2": 9123,
        "3": 4999,
        "4": 3279,
        "5": 2302,
        "6": 1606,
        "7": 1236,
        "8": 985,
        "9": 759,
        "10": 659,
        "11": 545,
        "12": 457,
        "13": 327,
        "14": 314,
        "15": 263,
        "16": 222,
        "17": 206,
        "19": 167,
        "18": 165,
        "21": 150,
        "20": 146,
        "23": 127,
        "22": 121,
        "25": 108,
        "24": 104,
        "29": 90,
        "28": 86,
        "27": 75,
        "26": 65,
        "30": 63,
        "32": 59,
        "33": 54,
        "37": 53,
        "41": 49,
        "35": 46,
        "40": 39,
        "39": 38,
        "38": 37,
        "43": 37,
        "34": 37,
        "42": 35,
        "36": 34,
        "31": 33,
        "46": 33,
        "45": 32,
        "60": 29,
        "48": 27,
        "55": 26,
        "51": 25,
        "74": 23,
        "49": 21,
        "61": 19,
        "66": 18,
        "54": 18,
        "50": 18,
        "53": 17,
        "44": 17,
        "70": 15,
        "75": 15,
        "80": 15,
        "47": 14,
        "79": 13,
        "68": 13,
        "88": 12,
        "56": 12,
        "65": 11,
        "64": 11,
        "59": 11,
        "58": 10,
        "67": 10,
        "52": 9,
        "69": 9,
        "57": 8,
        "89": 8,
        "63": 8,
        "78": 8,
        "83": 7,
        "71": 6,
        "72": 6,
        "73": 6,
        "87": 5,
        "77": 5,
        "76": 5,
        "82": 5,
        "84": 5,
        "81": 5,
        "91": 4,
        "62": 4,
        "90": 3,
        "92": 3,
        "86": 3,
        "85": 1,
        "99": 1
    },
    "nrows": 82318
}