{
    "column_id": "KDD98/KDD98.csvKDD98.csv/IC16",
    "dataset_name": "KDD98.csv",
    "dataset_id": "KDD98/KDD98.csv",
    "path": "/home/ubuntu/CatDB-VLDB2025-V1/Experiments/data/KDD98/KDD98.csv",
    "table_name": "KDD98.csv",
    "table_id": "KDD98/KDD98.csvKDD98.csv",
    "column_name": "IC16",
    "data_source": "KDD98",
    "data_type": "int",
    "total_values_count": 82318,
    "distinct_values_count": 75,
    "missing_values_count": 0,
    "true_ratio": null,
    "min_value": 0.0,
    "max_value": 99.0,
    "mean": 15.95920697781773,
    "median": 16.0,
    "iqr": 13.0,
    "category_values": [
        21,
        6,
        28,
        10,
        17,
        18,
        4,
        3,
        20,
        8,
        22,
        42,
        19,
        13,
        12,
        15,
        16,
        36,
        14,
        0,
        11,
        7,
        9,
        5,
        24,
        27,
        33,
        34,
        25,
        32,
        1,
        23,
        29,
        26,
        2,
        39,
        31,
        37,
        30,
        38,
        35,
        40,
        43,
        41,
        44,
        51,
        61,
        59,
        45,
        54,
        46,
        47,
        58,
        48,
        56,
        99,
        55,
        53,
        49,
        67,
        63,
        50,
        57,
        52,
        62,
        64,
        68,
        77,
        76,
        69,
        60,
        70,
        66,
        71,
        65
    ],
    "embedding": [
        -1.0,
        -1.0,
        -1.0,
        1.0,
        -1.0,
        1.0,
        -1.0,
        -1.0,
        -1.0,
        -1.0,
        1.0,
        -1.0,
        -1.0,
        1.0,
        1.0,
        1.0,
        1.0,
        -1.0,
        1.0,
        -1.0,
        1.0,
        -1.0,
        1.0,
        -1.0,
        1.0,
        -1.0,
        -1.0,
        1.0,
        -1.0,
        -1.0,
        1.0,
        1.0,
        -1.0,
        -1.0,
        -1.0,
        1.0,
        -1.0,
        1.0,
        1.0,
        -1.0,
        -1.0,
        1.0,
        -1.0,
        -1.0,
        -1.0,
        -1.0,
        1.0,
        -1.0,
        -1.0,
        -0.9027369618415833,
        -1.0,
        1.0,
        1.0,
        1.0,
        -1.0,
        1.0,
        1.0,
        1.0,
        -1.0,
        0.9581032395362854,
        -1.0,
        -1.0,
        1.0,
        -1.0,
        1.0,
        -1.0,
        1.0,
        -1.0,
        1.0,
        1.0,
        1.0,
        -1.0,
        -1.0,
        -1.0,
        -1.0,
        1.0,
        1.0,
        1.0,
        1.0,
        1.0,
        1.0,
        1.0,
        1.0,
        -1.0,
        -1.0,
        1.0,
        -1.0,
        1.0,
        1.0,
        1.0,
        -1.0,
        1.0,
        1.0,
        -1.0,
        1.0,
        -1.0,
        1.0,
        -1.0,
        -1.0,
        -1.0,
        -0.9891250133514404,
        -1.0,
        1.0,
        -1.0,
        -1.0,
        1.0,
        1.0,
        1.0,
        -1.0,
        -1.0,
        1.0,
        -1.0,
        -1.0,
        1.0,
        1.0,
        1.0,
        1.0,
        1.0,
        1.0,
        -1.0,
        -1.0,
        1.0,
        -1.0,
        -1.0,
        1.0,
        -1.0,
        -1.0,
        -1.0,
        -1.0,
        1.0,
        -1.0,
        1.0,
        -1.0,
        -1.0,
        1.0,
        -1.0,
        -1.0,
        1.0,
        1.0,
        -1.0,
        1.0,
        1.0,
        1.0,
        -1.0,
        1.0,
        -1.0,
        1.0,
        -1.0,
        -1.0,
        -1.0,
        1.0,
        -1.0,
        1.0,
        -1.0,
        1.0,
        -1.0,
        1.0,
        -1.0,
        1.0,
        -1.0,
        -1.0,
        1.0,
        -1.0,
        -1.0,
        1.0,
        -1.0,
        1.0,
        -1.0,
        -1.0,
        -1.0,
        -1.0,
        -1.0,
        1.0,
        1.0,
        -1.0,
        -1.0,
        1.0,
        -1.0,
        -1.0,
        -1.0,
        1.0,
        -1.0,
        -1.0,
        -1.0,
        1.0,
        -1.0,
        1.0,
        -1.0,
        -1.0,
        -1.0,
        1.0,
        1.0,
        1.0,
        1.0,
        -1.0,
        -1.0,
        1.0,
        -1.0,
        -1.0,
        1.0,
        -1.0,
        1.0,
        -1.0,
        -1.0,
        -1.0,
        -1.0,
        1.0,
        1.0,
        -1.0,
        -1.0,
        -1.0,
        1.0,
        -1.0,
        -1.0,
        -1.0,
        1.0,
        -1.0,
        1.0,
        -1.0,
        -1.0,
        1.0,
        -1.0,
        -1.0,
        1.0,
        -1.0,
        -0.8920729160308838,
        1.0,
        -1.0,
        -1.0,
        -1.0,
        1.0,
        -1.0,
        1.0,
        -1.0,
        -1.0,
        1.0,
        -1.0,
        1.0,
        1.0,
        -1.0,
        1.0,
        -0.8886352181434631,
        1.0,
        -1.0,
        1.0,
        1.0,
        -1.0,
        -1.0,
        -1.0,
        1.0,
        1.0,
        1.0,
        -1.0,
        -1.0,
        -1.0,
        1.0,
        1.0,
        -1.0,
        -1.0,
        -1.0,
        1.0,
        1.0,
        1.0,
        -1.0,
        1.0,
        -1.0,
        -1.0,
        -1.0,
        1.0,
        1.0,
        -0.9859367609024048,
        -1.0,
        -1.0,
        1.0,
        -1.0,
        1.0,
        1.0,
        1.0,
        1.0,
        1.0,
        1.0,
        -1.0,
        1.0,
        1.0,
        1.0,
        -1.0,
        -1.0,
        1.0,
        -1.0,
        -1.0,
        -1.0,
        1.0,
        -1.0,
        -1.0,
        -1.0,
        -1.0,
        -1.0,
        1.0,
        1.0,
        1.0
    ],
    "embedding_scaling_factor": 210.3950653076172,
    "samples": [
        19,
        21,
        0,
        18,
        5,
        28,
        29,
        24,
        13,
        6,
        27,
        24,
        30,
        15,
        0,
        19,
        22,
        17,
        4,
        27,
        19,
        9,
        30,
        21,
        16,
        19,
        16,
        8,
        12,
        16,
        11,
        15,
        23,
        29,
        0,
        25,
        19,
        4,
        31,
        20,
        19,
        21,
        13,
        0,
        20,
        5,
        6,
        9,
        19,
        14,
        15,
        10,
        10,
        30,
        4,
        15,
        20,
        23,
        8,
        3,
        8,
        0,
        23,
        15,
        19,
        4,
        6,
        26,
        27,
        14,
        12,
        15,
        17,
        20,
        18,
        8,
        12,
        0,
        20,
        19,
        21,
        20,
        21,
        29,
        13,
        41,
        3,
        21,
        25,
        20,
        30,
        4,
        22,
        35,
        22,
        17,
        31,
        30,
        5,
        18
    ],
    "category_values_ratio": {
        "20": 3315,
        "18": 3267,
        "21": 3264,
        "19": 3259,
        "17": 3222,
        "22": 3187,
        "13": 3157,
        "16": 3136,
        "14": 3075,
        "15": 3035,
        "11": 2953,
        "10": 2952,
        "12": 2842,
        "9": 2815,
        "0": 2808,
        "8": 2712,
        "7": 2707,
        "23": 2704,
        "6": 2541,
        "5": 2525,
        "24": 2507,
        "25": 2266,
        "4": 2217,
        "26": 1984,
        "3": 1964,
        "27": 1665,
        "2": 1412,
        "28": 1399,
        "29": 1168,
        "30": 963,
        "31": 792,
        "32": 698,
        "1": 644,
        "33": 561,
        "34": 466,
        "35": 404,
        "36": 307,
        "37": 233,
        "38": 225,
        "39": 171,
        "40": 112,
        "41": 111,
        "42": 92,
        "43": 68,
        "45": 58,
        "46": 45,
        "44": 43,
        "47": 37,
        "48": 36,
        "50": 26,
        "49": 26,
        "99": 22,
        "51": 16,
        "55": 10,
        "54": 10,
        "52": 10,
        "57": 10,
        "56": 8,
        "58": 7,
        "59": 6,
        "53": 6,
        "62": 5,
        "60": 5,
        "63": 4,
        "61": 4,
        "64": 4,
        "69": 4,
        "67": 2,
        "71": 2,
        "65": 2,
        "68": 1,
        "77": 1,
        "76": 1,
        "70": 1,
        "66": 1
    },
    "nrows": 82318
}