{
    "column_id": "KDD98/KDD98.csvKDD98.csv/HU1",
    "dataset_name": "KDD98.csv",
    "dataset_id": "KDD98/KDD98.csv",
    "path": "/home/ubuntu/CatDB-VLDB2025-V1/Experiments/data/KDD98/KDD98.csv",
    "table_name": "KDD98.csv",
    "table_id": "KDD98/KDD98.csvKDD98.csv",
    "column_name": "HU1",
    "data_source": "KDD98",
    "data_type": "int",
    "total_values_count": 82318,
    "distinct_values_count": 100,
    "missing_values_count": 0,
    "true_ratio": null,
    "min_value": 0.0,
    "max_value": 99.0,
    "mean": 69.88368279112709,
    "median": 76.0,
    "iqr": 25.0,
    "category_values": [
        80,
        60,
        79,
        81,
        92,
        55,
        88,
        97,
        91,
        86,
        67,
        77,
        12,
        31,
        85,
        52,
        83,
        73,
        63,
        87,
        72,
        78,
        93,
        44,
        0,
        75,
        6,
        82,
        54,
        64,
        58,
        56,
        59,
        47,
        84,
        48,
        96,
        94,
        69,
        74,
        62,
        68,
        17,
        53,
        90,
        89,
        66,
        37,
        70,
        42,
        7,
        49,
        27,
        35,
        65,
        76,
        45,
        99,
        41,
        95,
        61,
        25,
        71,
        24,
        46,
        22,
        43,
        33,
        39,
        30,
        98,
        29,
        21,
        51,
        13,
        8,
        32,
        34,
        57,
        36,
        50,
        20,
        40,
        23,
        11,
        38,
        2,
        26,
        9,
        4,
        1,
        28,
        16,
        19,
        10,
        5,
        3,
        18,
        15,
        14
    ],
    "embedding": [
        -1.0,
        -1.0,
        -1.0,
        1.0,
        -1.0,
        1.0,
        -1.0,
        -1.0,
        -1.0,
        -1.0,
        1.0,
        -1.0,
        -1.0,
        1.0,
        1.0,
        1.0,
        1.0,
        -1.0,
        1.0,
        -1.0,
        1.0,
        -1.0,
        1.0,
        -1.0,
        1.0,
        -1.0,
        -1.0,
        1.0,
        -1.0,
        -1.0,
        1.0,
        1.0,
        -1.0,
        -1.0,
        -1.0,
        1.0,
        -1.0,
        1.0,
        1.0,
        -1.0,
        -1.0,
        1.0,
        -1.0,
        -1.0,
        -1.0,
        -1.0,
        1.0,
        -1.0,
        -1.0,
        -0.9740514755249023,
        -1.0,
        1.0,
        1.0,
        1.0,
        -1.0,
        1.0,
        1.0,
        1.0,
        -1.0,
        0.9940920472145081,
        -1.0,
        -1.0,
        1.0,
        -1.0,
        1.0,
        -1.0,
        1.0,
        -1.0,
        1.0,
        1.0,
        1.0,
        -1.0,
        -1.0,
        -1.0,
        -1.0,
        1.0,
        1.0,
        1.0,
        1.0,
        1.0,
        1.0,
        1.0,
        1.0,
        -1.0,
        -1.0,
        1.0,
        -1.0,
        1.0,
        1.0,
        1.0,
        -1.0,
        1.0,
        1.0,
        -1.0,
        1.0,
        -1.0,
        1.0,
        -1.0,
        -1.0,
        -1.0,
        -0.9976907968521118,
        -1.0,
        1.0,
        -1.0,
        -1.0,
        1.0,
        1.0,
        1.0,
        -1.0,
        -1.0,
        1.0,
        -1.0,
        -1.0,
        1.0,
        1.0,
        1.0,
        1.0,
        1.0,
        1.0,
        -1.0,
        -1.0,
        1.0,
        -1.0,
        -1.0,
        1.0,
        -1.0,
        -1.0,
        -1.0,
        -1.0,
        1.0,
        -1.0,
        1.0,
        -1.0,
        -1.0,
        1.0,
        -1.0,
        -1.0,
        1.0,
        1.0,
        -1.0,
        1.0,
        1.0,
        1.0,
        -1.0,
        1.0,
        -1.0,
        1.0,
        -1.0,
        -1.0,
        -1.0,
        1.0,
        -1.0,
        1.0,
        -1.0,
        1.0,
        -1.0,
        1.0,
        -1.0,
        1.0,
        -1.0,
        -1.0,
        1.0,
        -1.0,
        -1.0,
        1.0,
        -1.0,
        1.0,
        -1.0,
        -1.0,
        -1.0,
        -1.0,
        -1.0,
        1.0,
        1.0,
        -1.0,
        -1.0,
        1.0,
        -1.0,
        -1.0,
        -1.0,
        1.0,
        -1.0,
        -1.0,
        -1.0,
        1.0,
        -1.0,
        1.0,
        -1.0,
        -1.0,
        -1.0,
        1.0,
        1.0,
        1.0,
        1.0,
        -1.0,
        -1.0,
        1.0,
        -1.0,
        -1.0,
        1.0,
        -1.0,
        1.0,
        -1.0,
        -1.0,
        -1.0,
        -1.0,
        1.0,
        1.0,
        -1.0,
        -1.0,
        -1.0,
        1.0,
        -1.0,
        -1.0,
        -1.0,
        1.0,
        -1.0,
        1.0,
        -1.0,
        -1.0,
        1.0,
        -1.0,
        -1.0,
        1.0,
        -1.0,
        -0.9748912453651428,
        1.0,
        -1.0,
        -1.0,
        -1.0,
        1.0,
        -1.0,
        1.0,
        -1.0,
        -1.0,
        1.0,
        -1.0,
        1.0,
        1.0,
        -1.0,
        1.0,
        -0.9754062294960022,
        1.0,
        -1.0,
        1.0,
        1.0,
        -1.0,
        -1.0,
        -1.0,
        1.0,
        1.0,
        1.0,
        -1.0,
        -1.0,
        -1.0,
        1.0,
        1.0,
        -1.0,
        -1.0,
        -1.0,
        1.0,
        1.0,
        1.0,
        -1.0,
        1.0,
        -1.0,
        -1.0,
        -1.0,
        1.0,
        1.0,
        -0.9974161386489868,
        -1.0,
        -1.0,
        1.0,
        -1.0,
        1.0,
        1.0,
        1.0,
        1.0,
        1.0,
        1.0,
        -1.0,
        1.0,
        1.0,
        1.0,
        -1.0,
        -1.0,
        1.0,
        -1.0,
        -1.0,
        -1.0,
        1.0,
        -1.0,
        -1.0,
        -1.0,
        -1.0,
        -1.0,
        1.0,
        1.0,
        1.0
    ],
    "embedding_scaling_factor": 25.054899215698242,
    "samples": [
        90,
        37,
        60,
        87,
        55,
        65,
        58,
        84,
        0,
        61,
        81,
        78,
        87,
        48,
        86,
        33,
        73,
        61,
        89,
        71,
        96,
        79,
        53,
        60,
        83,
        74,
        99,
        58,
        43,
        0,
        92,
        73,
        91,
        96,
        49,
        98,
        72,
        95,
        79,
        71,
        93,
        51,
        61,
        73,
        87,
        25,
        63,
        58,
        74,
        66,
        83,
        72,
        23,
        80,
        68,
        77,
        77,
        59,
        17,
        24,
        70,
        28,
        65,
        80,
        91,
        98,
        41,
        60,
        41,
        64,
        68,
        74,
        79,
        83,
        84,
        46,
        87,
        93,
        70,
        50,
        86,
        96,
        66,
        80,
        60,
        95,
        25,
        74,
        97,
        75,
        77,
        84,
        82,
        62,
        56,
        89,
        75,
        83,
        87,
        76
    ],
    "category_values_ratio": {
        "82": 2323,
        "84": 2298,
        "83": 2239,
        "85": 2186,
        "81": 2184,
        "79": 2115,
        "86": 2112,
        "78": 2105,
        "80": 2095,
        "88": 2042,
        "77": 1984,
        "87": 1971,
        "75": 1838,
        "76": 1824,
        "89": 1809,
        "74": 1770,
        "90": 1731,
        "73": 1682,
        "92": 1638,
        "72": 1625,
        "71": 1586,
        "91": 1576,
        "93": 1461,
        "70": 1394,
        "69": 1349,
        "94": 1327,
        "68": 1288,
        "95": 1196,
        "67": 1181,
        "96": 1166,
        "65": 1111,
        "66": 1084,
        "63": 1043,
        "97": 1030,
        "64": 995,
        "62": 960,
        "61": 878,
        "60": 843,
        "58": 806,
        "59": 790,
        "0": 765,
        "57": 758,
        "98": 717,
        "56": 706,
        "53": 674,
        "54": 670,
        "55": 663,
        "52": 647,
        "50": 596,
        "51": 593,
        "48": 523,
        "46": 516,
        "49": 515,
        "44": 505,
        "42": 445,
        "47": 433,
        "41": 431,
        "45": 421,
        "43": 420,
        "40": 398,
        "39": 392,
        "34": 384,
        "36": 373,
        "99": 368,
        "37": 353,
        "33": 320,
        "35": 312,
        "38": 312,
        "32": 299,
        "30": 271,
        "28": 270,
        "31": 266,
        "29": 264,
        "26": 261,
        "24": 235,
        "27": 215,
        "1": 214,
        "25": 209,
        "23": 201,
        "20": 188,
        "22": 184,
        "21": 181,
        "11": 156,
        "18": 153,
        "14": 150,
        "13": 148,
        "17": 145,
        "16": 141,
        "19": 138,
        "12": 136,
        "15": 136,
        "9": 118,
        "7": 117,
        "10": 115,
        "4": 101,
        "8": 99,
        "3": 99,
        "2": 93,
        "5": 90,
        "6": 80
    },
    "nrows": 82318
}