{
    "column_id": "KDD98/KDD98.csvKDD98.csv/POP90C2",
    "dataset_name": "KDD98.csv",
    "dataset_id": "KDD98/KDD98.csv",
    "path": "/home/ubuntu/CatDB-VLDB2025-V1/Experiments/data/KDD98/KDD98.csv",
    "table_name": "KDD98.csv",
    "table_id": "KDD98/KDD98.csvKDD98.csv",
    "column_name": "POP90C2",
    "data_source": "KDD98",
    "data_type": "int",
    "total_values_count": 82318,
    "distinct_values_count": 100,
    "missing_values_count": 0,
    "true_ratio": null,
    "min_value": 0.0,
    "max_value": 99.0,
    "mean": 13.835455185986055,
    "median": 0.0,
    "iqr": 0.0,
    "category_values": [
        2,
        0,
        99,
        89,
        63,
        40,
        1,
        21,
        59,
        79,
        84,
        86,
        95,
        97,
        69,
        67,
        81,
        82,
        73,
        7,
        55,
        76,
        96,
        60,
        44,
        85,
        14,
        62,
        94,
        93,
        98,
        8,
        80,
        6,
        49,
        70,
        52,
        22,
        31,
        50,
        43,
        9,
        48,
        57,
        19,
        3,
        78,
        13,
        53,
        56,
        33,
        74,
        37,
        90,
        58,
        87,
        42,
        71,
        68,
        65,
        66,
        91,
        36,
        27,
        32,
        12,
        88,
        20,
        92,
        26,
        4,
        5,
        39,
        64,
        77,
        24,
        11,
        18,
        29,
        16,
        54,
        34,
        35,
        45,
        61,
        46,
        83,
        30,
        41,
        23,
        10,
        28,
        15,
        51,
        25,
        75,
        72,
        17,
        38,
        47
    ],
    "embedding": [
        -1.0,
        -1.0,
        -1.0,
        1.0,
        -1.0,
        1.0,
        -1.0,
        -1.0,
        -1.0,
        -1.0,
        1.0,
        -1.0,
        -1.0,
        1.0,
        1.0,
        1.0,
        1.0,
        -1.0,
        1.0,
        -1.0,
        1.0,
        -1.0,
        1.0,
        -1.0,
        1.0,
        -1.0,
        -1.0,
        1.0,
        -1.0,
        -1.0,
        1.0,
        1.0,
        -1.0,
        -1.0,
        -1.0,
        1.0,
        -1.0,
        1.0,
        1.0,
        -1.0,
        -1.0,
        1.0,
        -1.0,
        -1.0,
        -1.0,
        -1.0,
        1.0,
        -1.0,
        -1.0,
        0.1430472582578659,
        -1.0,
        1.0,
        1.0,
        1.0,
        -1.0,
        1.0,
        1.0,
        1.0,
        -1.0,
        0.7063645124435425,
        -1.0,
        -1.0,
        1.0,
        -1.0,
        1.0,
        -1.0,
        1.0,
        -1.0,
        1.0,
        1.0,
        1.0,
        -1.0,
        -1.0,
        -1.0,
        -1.0,
        1.0,
        1.0,
        1.0,
        1.0,
        1.0,
        1.0,
        1.0,
        1.0,
        -1.0,
        -1.0,
        1.0,
        -1.0,
        1.0,
        1.0,
        1.0,
        -1.0,
        1.0,
        1.0,
        -1.0,
        1.0,
        -1.0,
        1.0,
        -1.0,
        -1.0,
        -1.0,
        -0.8682349324226379,
        -1.0,
        1.0,
        -1.0,
        -1.0,
        1.0,
        1.0,
        1.0,
        -1.0,
        -1.0,
        1.0,
        -1.0,
        -1.0,
        1.0,
        1.0,
        1.0,
        1.0,
        1.0,
        1.0,
        -1.0,
        -1.0,
        1.0,
        -1.0,
        -1.0,
        1.0,
        -1.0,
        -1.0,
        -1.0,
        -1.0,
        1.0,
        -1.0,
        1.0,
        -1.0,
        -1.0,
        1.0,
        -1.0,
        -1.0,
        1.0,
        1.0,
        -1.0,
        1.0,
        1.0,
        1.0,
        -1.0,
        1.0,
        -1.0,
        1.0,
        -1.0,
        -1.0,
        -1.0,
        1.0,
        -1.0,
        1.0,
        -1.0,
        1.0,
        -1.0,
        1.0,
        -1.0,
        1.0,
        -1.0,
        -1.0,
        1.0,
        -1.0,
        -1.0,
        1.0,
        -1.0,
        1.0,
        -1.0,
        -1.0,
        -1.0,
        -1.0,
        -1.0,
        1.0,
        1.0,
        -1.0,
        -1.0,
        1.0,
        -1.0,
        -1.0,
        -1.0,
        1.0,
        -1.0,
        -1.0,
        -1.0,
        1.0,
        -1.0,
        1.0,
        -1.0,
        -1.0,
        -1.0,
        1.0,
        1.0,
        1.0,
        1.0,
        -1.0,
        -1.0,
        1.0,
        -1.0,
        -1.0,
        1.0,
        -1.0,
        1.0,
        -1.0,
        -1.0,
        -1.0,
        -1.0,
        1.0,
        1.0,
        -1.0,
        -1.0,
        -1.0,
        1.0,
        -1.0,
        -1.0,
        -1.0,
        1.0,
        -1.0,
        1.0,
        -1.0,
        -1.0,
        1.0,
        -1.0,
        -1.0,
        1.0,
        -1.0,
        0.13310499489307404,
        1.0,
        -1.0,
        -1.0,
        -1.0,
        1.0,
        -1.0,
        1.0,
        -1.0,
        -1.0,
        1.0,
        -1.0,
        1.0,
        1.0,
        -1.0,
        1.0,
        0.17322778701782227,
        1.0,
        -1.0,
        1.0,
        1.0,
        -1.0,
        -1.0,
        -1.0,
        1.0,
        1.0,
        1.0,
        -1.0,
        -1.0,
        -1.0,
        1.0,
        1.0,
        -1.0,
        -1.0,
        -1.0,
        1.0,
        1.0,
        1.0,
        -1.0,
        1.0,
        -1.0,
        -1.0,
        -1.0,
        1.0,
        1.0,
        -0.8522710800170898,
        -1.0,
        -1.0,
        1.0,
        -1.0,
        1.0,
        1.0,
        1.0,
        1.0,
        1.0,
        1.0,
        -1.0,
        1.0,
        1.0,
        1.0,
        -1.0,
        -1.0,
        1.0,
        -1.0,
        -1.0,
        -1.0,
        1.0,
        -1.0,
        -1.0,
        -1.0,
        -1.0,
        -1.0,
        1.0,
        1.0,
        1.0
    ],
    "embedding_scaling_factor": 22.915760040283203,
    "samples": [
        0,
        0,
        62,
        0,
        6,
        0,
        99,
        0,
        0,
        89,
        0,
        0,
        0,
        0,
        0,
        0,
        0,
        0,
        98,
        0,
        78,
        0,
        0,
        99,
        0,
        0,
        0,
        43,
        0,
        99,
        0,
        0,
        0,
        0,
        0,
        0,
        0,
        0,
        99,
        0,
        0,
        88,
        0,
        0,
        0,
        99,
        0,
        0,
        0,
        0,
        0,
        99,
        0,
        0,
        0,
        99,
        0,
        99,
        0,
        0,
        0,
        0,
        0,
        0,
        0,
        94,
        0,
        0,
        0,
        99,
        57,
        0,
        23,
        0,
        99,
        0,
        99,
        85,
        0,
        0,
        0,
        0,
        0,
        0,
        0,
        0,
        0,
        0,
        0,
        0,
        0,
        3,
        36,
        0,
        1,
        26,
        0,
        0,
        52,
        0
    ],
    "category_values_ratio": {
        "0": 65763,
        "99": 5319,
        "1": 517,
        "98": 335,
        "97": 304,
        "2": 289,
        "96": 284,
        "95": 232,
        "94": 217,
        "3": 204,
        "93": 198,
        "91": 194,
        "92": 178,
        "89": 155,
        "4": 155,
        "90": 150,
        "88": 150,
        "81": 146,
        "5": 135,
        "36": 132,
        "80": 130,
        "83": 129,
        "85": 128,
        "82": 125,
        "84": 123,
        "87": 123,
        "62": 123,
        "74": 122,
        "48": 122,
        "66": 121,
        "42": 120,
        "78": 120,
        "67": 118,
        "71": 118,
        "79": 116,
        "86": 113,
        "76": 112,
        "75": 111,
        "44": 107,
        "64": 107,
        "61": 107,
        "39": 106,
        "70": 106,
        "77": 105,
        "63": 105,
        "73": 104,
        "59": 104,
        "55": 104,
        "6": 103,
        "7": 101,
        "51": 101,
        "50": 100,
        "57": 99,
        "65": 98,
        "69": 98,
        "40": 97,
        "41": 97,
        "52": 97,
        "9": 96,
        "58": 95,
        "56": 95,
        "43": 93,
        "60": 92,
        "33": 88,
        "68": 88,
        "72": 86,
        "35": 82,
        "31": 82,
        "49": 80,
        "53": 78,
        "12": 78,
        "46": 77,
        "38": 75,
        "17": 75,
        "47": 74,
        "15": 74,
        "34": 74,
        "23": 73,
        "22": 72,
        "13": 72,
        "28": 72,
        "45": 71,
        "16": 70,
        "8": 68,
        "54": 68,
        "26": 68,
        "30": 67,
        "11": 65,
        "32": 64,
        "10": 64,
        "25": 64,
        "14": 63,
        "29": 61,
        "24": 61,
        "37": 58,
        "19": 58,
        "18": 57,
        "27": 55,
        "21": 54,
        "20": 34
    },
    "nrows": 82318
}