{
    "column_id": "KDD98/KDD98.csvKDD98.csv/HHD6",
    "dataset_name": "KDD98.csv",
    "dataset_id": "KDD98/KDD98.csv",
    "path": "/home/ubuntu/CatDB-VLDB2025-V1/Experiments/data/KDD98/KDD98.csv",
    "table_name": "KDD98.csv",
    "table_id": "KDD98/KDD98.csvKDD98.csv",
    "column_name": "HHD6",
    "data_source": "KDD98",
    "data_type": "int",
    "total_values_count": 82318,
    "distinct_values_count": 100,
    "missing_values_count": 0,
    "true_ratio": null,
    "min_value": 0.0,
    "max_value": 99.0,
    "mean": 17.26883549163002,
    "median": 14.0,
    "iqr": 11.0,
    "category_values": [
        16,
        18,
        11,
        9,
        27,
        7,
        10,
        23,
        15,
        32,
        33,
        51,
        37,
        14,
        64,
        12,
        26,
        13,
        28,
        20,
        19,
        0,
        60,
        30,
        17,
        8,
        3,
        24,
        5,
        59,
        21,
        34,
        6,
        4,
        25,
        44,
        22,
        47,
        2,
        35,
        39,
        41,
        67,
        31,
        55,
        58,
        42,
        52,
        46,
        49,
        54,
        29,
        40,
        36,
        61,
        50,
        89,
        77,
        43,
        74,
        53,
        72,
        48,
        82,
        69,
        38,
        62,
        70,
        79,
        45,
        66,
        63,
        88,
        91,
        57,
        94,
        73,
        99,
        1,
        56,
        76,
        65,
        85,
        84,
        92,
        75,
        97,
        90,
        83,
        95,
        78,
        98,
        80,
        71,
        68,
        87,
        81,
        93,
        96,
        86
    ],
    "embedding": [
        -1.0,
        -1.0,
        -1.0,
        1.0,
        -1.0,
        1.0,
        -1.0,
        -1.0,
        -1.0,
        -1.0,
        1.0,
        -1.0,
        -1.0,
        1.0,
        1.0,
        1.0,
        1.0,
        -1.0,
        1.0,
        -1.0,
        1.0,
        -1.0,
        1.0,
        -1.0,
        1.0,
        -1.0,
        -1.0,
        1.0,
        -1.0,
        -1.0,
        1.0,
        1.0,
        -1.0,
        -1.0,
        -1.0,
        1.0,
        -1.0,
        1.0,
        1.0,
        -1.0,
        -1.0,
        1.0,
        -1.0,
        -1.0,
        -1.0,
        -1.0,
        1.0,
        -1.0,
        -1.0,
        -0.9675929546356201,
        -1.0,
        1.0,
        1.0,
        1.0,
        -1.0,
        1.0,
        1.0,
        1.0,
        -1.0,
        0.9905869364738464,
        -1.0,
        -1.0,
        1.0,
        -1.0,
        1.0,
        -1.0,
        1.0,
        -1.0,
        1.0,
        1.0,
        1.0,
        -1.0,
        -1.0,
        -1.0,
        -1.0,
        1.0,
        1.0,
        1.0,
        1.0,
        1.0,
        1.0,
        1.0,
        1.0,
        -1.0,
        -1.0,
        1.0,
        -1.0,
        1.0,
        1.0,
        1.0,
        -1.0,
        1.0,
        1.0,
        -1.0,
        1.0,
        -1.0,
        1.0,
        -1.0,
        -1.0,
        -1.0,
        -0.9967026114463806,
        -1.0,
        1.0,
        -1.0,
        -1.0,
        1.0,
        1.0,
        1.0,
        -1.0,
        -1.0,
        1.0,
        -1.0,
        -1.0,
        1.0,
        1.0,
        1.0,
        1.0,
        1.0,
        1.0,
        -1.0,
        -1.0,
        1.0,
        -1.0,
        -1.0,
        1.0,
        -1.0,
        -1.0,
        -1.0,
        -1.0,
        1.0,
        -1.0,
        1.0,
        -1.0,
        -1.0,
        1.0,
        -1.0,
        -1.0,
        1.0,
        1.0,
        -1.0,
        1.0,
        1.0,
        1.0,
        -1.0,
        1.0,
        -1.0,
        1.0,
        -1.0,
        -1.0,
        -1.0,
        1.0,
        -1.0,
        1.0,
        -1.0,
        1.0,
        -1.0,
        1.0,
        -1.0,
        1.0,
        -1.0,
        -1.0,
        1.0,
        -1.0,
        -1.0,
        1.0,
        -1.0,
        1.0,
        -1.0,
        -1.0,
        -1.0,
        -1.0,
        -1.0,
        1.0,
        1.0,
        -1.0,
        -1.0,
        1.0,
        -1.0,
        -1.0,
        -1.0,
        1.0,
        -1.0,
        -1.0,
        -1.0,
        1.0,
        -1.0,
        1.0,
        -1.0,
        -1.0,
        -1.0,
        1.0,
        1.0,
        1.0,
        1.0,
        -1.0,
        -1.0,
        1.0,
        -1.0,
        -1.0,
        1.0,
        -1.0,
        1.0,
        -1.0,
        -1.0,
        -1.0,
        -1.0,
        1.0,
        1.0,
        -1.0,
        -1.0,
        -1.0,
        1.0,
        -1.0,
        -1.0,
        -1.0,
        1.0,
        -1.0,
        1.0,
        -1.0,
        -1.0,
        1.0,
        -1.0,
        -1.0,
        1.0,
        -1.0,
        -0.9506688714027405,
        1.0,
        -1.0,
        -1.0,
        -1.0,
        1.0,
        -1.0,
        1.0,
        -1.0,
        -1.0,
        1.0,
        -1.0,
        1.0,
        1.0,
        -1.0,
        1.0,
        -0.9522085785865784,
        1.0,
        -1.0,
        1.0,
        1.0,
        -1.0,
        -1.0,
        -1.0,
        1.0,
        1.0,
        1.0,
        -1.0,
        -1.0,
        -1.0,
        1.0,
        1.0,
        -1.0,
        -1.0,
        -1.0,
        1.0,
        1.0,
        1.0,
        -1.0,
        1.0,
        -1.0,
        -1.0,
        -1.0,
        1.0,
        1.0,
        -0.996204674243927,
        -1.0,
        -1.0,
        1.0,
        -1.0,
        1.0,
        1.0,
        1.0,
        1.0,
        1.0,
        1.0,
        -1.0,
        1.0,
        1.0,
        1.0,
        -1.0,
        -1.0,
        1.0,
        -1.0,
        -1.0,
        -1.0,
        1.0,
        -1.0,
        -1.0,
        -1.0,
        -1.0,
        -1.0,
        1.0,
        1.0,
        1.0
    ],
    "embedding_scaling_factor": 187.7769317626953,
    "samples": [
        11,
        19,
        10,
        17,
        5,
        14,
        17,
        6,
        33,
        26,
        30,
        12,
        30,
        9,
        2,
        11,
        23,
        9,
        9,
        13,
        20,
        14,
        22,
        11,
        15,
        16,
        13,
        57,
        12,
        28,
        14,
        22,
        22,
        10,
        0,
        12,
        19,
        5,
        15,
        12,
        24,
        16,
        12,
        14,
        31,
        12,
        25,
        24,
        9,
        16,
        12,
        18,
        7,
        35,
        9,
        11,
        14,
        13,
        16,
        8,
        8,
        0,
        21,
        6,
        18,
        25,
        37,
        14,
        11,
        23,
        13,
        29,
        26,
        36,
        14,
        45,
        9,
        0,
        20,
        8,
        27,
        19,
        13,
        10,
        11,
        18,
        11,
        11,
        16,
        18,
        13,
        18,
        16,
        35,
        11,
        11,
        12,
        34,
        4,
        27
    ],
    "category_values_ratio": {
        "10": 4908,
        "12": 4844,
        "9": 4836,
        "11": 4811,
        "13": 4495,
        "14": 4474,
        "8": 4288,
        "15": 4010,
        "16": 3672,
        "7": 3418,
        "17": 3183,
        "18": 2674,
        "6": 2470,
        "19": 2387,
        "20": 2110,
        "21": 1899,
        "5": 1823,
        "22": 1703,
        "23": 1565,
        "24": 1463,
        "26": 1176,
        "25": 1174,
        "4": 1089,
        "27": 969,
        "28": 933,
        "30": 800,
        "29": 795,
        "31": 715,
        "3": 656,
        "32": 581,
        "33": 564,
        "0": 556,
        "34": 524,
        "35": 454,
        "36": 440,
        "37": 418,
        "39": 358,
        "40": 342,
        "38": 319,
        "41": 281,
        "2": 263,
        "42": 259,
        "44": 238,
        "43": 204,
        "48": 186,
        "45": 175,
        "46": 171,
        "47": 157,
        "50": 137,
        "54": 135,
        "53": 130,
        "52": 129,
        "49": 126,
        "51": 121,
        "56": 94,
        "60": 93,
        "58": 91,
        "55": 89,
        "61": 85,
        "59": 80,
        "62": 80,
        "57": 78,
        "65": 77,
        "67": 63,
        "64": 62,
        "63": 59,
        "66": 57,
        "72": 52,
        "99": 51,
        "73": 43,
        "69": 42,
        "1": 42,
        "71": 40,
        "70": 37,
        "76": 34,
        "68": 31,
        "79": 29,
        "75": 27,
        "74": 27,
        "80": 24,
        "82": 20,
        "83": 20,
        "77": 19,
        "78": 16,
        "90": 15,
        "81": 14,
        "94": 14,
        "92": 14,
        "89": 12,
        "85": 12,
        "84": 11,
        "91": 11,
        "87": 8,
        "88": 7,
        "86": 7,
        "95": 6,
        "97": 5,
        "98": 5,
        "93": 4,
        "96": 3
    },
    "nrows": 82318
}