{
    "column_id": "KDD98/KDD98.csvKDD98.csv/HC10",
    "dataset_name": "KDD98.csv",
    "dataset_id": "KDD98/KDD98.csv",
    "path": "/home/ubuntu/CatDB-VLDB2025-V1/Experiments/data/KDD98/KDD98.csv",
    "table_name": "KDD98.csv",
    "table_id": "KDD98/KDD98.csvKDD98.csv",
    "column_name": "HC10",
    "data_source": "KDD98",
    "data_type": "int",
    "total_values_count": 82318,
    "distinct_values_count": 51,
    "missing_values_count": 0,
    "true_ratio": null,
    "min_value": 0.0,
    "max_value": 62.0,
    "mean": 1.3058261862533103,
    "median": 0.0,
    "iqr": 1.0,
    "category_values": [
        0,
        2,
        4,
        8,
        3,
        1,
        10,
        9,
        7,
        5,
        17,
        12,
        6,
        22,
        15,
        11,
        16,
        14,
        13,
        46,
        29,
        28,
        20,
        19,
        23,
        27,
        31,
        21,
        24,
        33,
        18,
        30,
        47,
        32,
        34,
        25,
        35,
        26,
        38,
        36,
        53,
        48,
        52,
        43,
        42,
        45,
        50,
        62,
        60,
        54,
        41
    ],
    "embedding": [
        -1.0,
        -1.0,
        -1.0,
        1.0,
        -1.0,
        1.0,
        -1.0,
        -1.0,
        -1.0,
        -1.0,
        1.0,
        -1.0,
        -1.0,
        1.0,
        1.0,
        1.0,
        1.0,
        -1.0,
        1.0,
        -1.0,
        1.0,
        -1.0,
        1.0,
        -1.0,
        1.0,
        -1.0,
        -1.0,
        1.0,
        -1.0,
        -1.0,
        1.0,
        1.0,
        -1.0,
        -1.0,
        -1.0,
        1.0,
        -1.0,
        1.0,
        1.0,
        -1.0,
        -1.0,
        1.0,
        -1.0,
        -1.0,
        -1.0,
        -1.0,
        1.0,
        -1.0,
        -1.0,
        0.14034871757030487,
        -1.0,
        1.0,
        1.0,
        1.0,
        -1.0,
        1.0,
        1.0,
        1.0,
        -1.0,
        0.6552162766456604,
        -1.0,
        -1.0,
        1.0,
        -1.0,
        1.0,
        -1.0,
        1.0,
        -1.0,
        1.0,
        1.0,
        1.0,
        -1.0,
        -1.0,
        -1.0,
        -1.0,
        1.0,
        1.0,
        1.0,
        1.0,
        1.0,
        1.0,
        1.0,
        1.0,
        -1.0,
        -1.0,
        1.0,
        -1.0,
        1.0,
        1.0,
        1.0,
        -1.0,
        1.0,
        1.0,
        -1.0,
        1.0,
        -1.0,
        1.0,
        -1.0,
        -1.0,
        -1.0,
        -0.8686198592185974,
        -1.0,
        1.0,
        -1.0,
        -1.0,
        1.0,
        1.0,
        1.0,
        -1.0,
        -1.0,
        1.0,
        -1.0,
        -1.0,
        1.0,
        1.0,
        1.0,
        1.0,
        1.0,
        1.0,
        -1.0,
        -1.0,
        1.0,
        -1.0,
        -1.0,
        1.0,
        -1.0,
        -1.0,
        -1.0,
        -1.0,
        1.0,
        -1.0,
        1.0,
        -1.0,
        -1.0,
        1.0,
        -1.0,
        -1.0,
        1.0,
        1.0,
        -1.0,
        1.0,
        1.0,
        1.0,
        -1.0,
        1.0,
        -1.0,
        1.0,
        -1.0,
        -1.0,
        -1.0,
        1.0,
        -1.0,
        1.0,
        -1.0,
        1.0,
        -1.0,
        1.0,
        -1.0,
        1.0,
        -1.0,
        -1.0,
        1.0,
        -1.0,
        -1.0,
        1.0,
        -1.0,
        1.0,
        -1.0,
        -1.0,
        -1.0,
        -1.0,
        -1.0,
        1.0,
        1.0,
        -1.0,
        -1.0,
        1.0,
        -1.0,
        -1.0,
        -1.0,
        1.0,
        -1.0,
        -1.0,
        -1.0,
        1.0,
        -1.0,
        1.0,
        -1.0,
        -1.0,
        -1.0,
        1.0,
        1.0,
        1.0,
        1.0,
        -1.0,
        -1.0,
        1.0,
        -1.0,
        -1.0,
        1.0,
        -1.0,
        1.0,
        -1.0,
        -1.0,
        -1.0,
        -1.0,
        1.0,
        1.0,
        -1.0,
        -1.0,
        -1.0,
        1.0,
        -1.0,
        -1.0,
        -1.0,
        1.0,
        -1.0,
        1.0,
        -1.0,
        -1.0,
        1.0,
        -1.0,
        -1.0,
        1.0,
        -1.0,
        0.13277463614940643,
        1.0,
        -1.0,
        -1.0,
        -1.0,
        1.0,
        -1.0,
        1.0,
        -1.0,
        -1.0,
        1.0,
        -1.0,
        1.0,
        1.0,
        -1.0,
        1.0,
        0.17152325809001923,
        1.0,
        -1.0,
        1.0,
        1.0,
        -1.0,
        -1.0,
        -1.0,
        1.0,
        1.0,
        1.0,
        -1.0,
        -1.0,
        -1.0,
        1.0,
        1.0,
        -1.0,
        -1.0,
        -1.0,
        1.0,
        1.0,
        1.0,
        -1.0,
        1.0,
        -1.0,
        -1.0,
        -1.0,
        1.0,
        1.0,
        -0.8468117713928223,
        -1.0,
        -1.0,
        1.0,
        -1.0,
        1.0,
        1.0,
        1.0,
        1.0,
        1.0,
        1.0,
        -1.0,
        1.0,
        1.0,
        1.0,
        -1.0,
        -1.0,
        1.0,
        -1.0,
        -1.0,
        -1.0,
        1.0,
        -1.0,
        -1.0,
        -1.0,
        -1.0,
        -1.0,
        1.0,
        1.0,
        1.0
    ],
    "embedding_scaling_factor": 247.2822265625,
    "samples": [
        0,
        0,
        7,
        8,
        4,
        0,
        0,
        0,
        0,
        0,
        0,
        2,
        0,
        0,
        4,
        0,
        6,
        0,
        0,
        0,
        0,
        5,
        0,
        0,
        0,
        0,
        0,
        0,
        0,
        3,
        0,
        1,
        0,
        0,
        0,
        0,
        0,
        0,
        1,
        3,
        0,
        0,
        0,
        0,
        7,
        0,
        0,
        0,
        0,
        0,
        20,
        0,
        0,
        0,
        0,
        8,
        0,
        0,
        0,
        0,
        0,
        0,
        1,
        12,
        2,
        0,
        0,
        0,
        0,
        0,
        0,
        0,
        1,
        0,
        4,
        0,
        1,
        0,
        0,
        0,
        0,
        0,
        0,
        0,
        0,
        4,
        0,
        0,
        48,
        0,
        0,
        0,
        16,
        0,
        6,
        0,
        9,
        1,
        0,
        0
    ],
    "category_values_ratio": {
        "0": 59754,
        "1": 5368,
        "2": 4016,
        "3": 2992,
        "4": 2263,
        "5": 1575,
        "6": 1214,
        "7": 875,
        "8": 827,
        "9": 644,
        "10": 482,
        "11": 360,
        "12": 307,
        "13": 297,
        "14": 222,
        "15": 202,
        "16": 168,
        "18": 102,
        "17": 96,
        "19": 92,
        "20": 70,
        "22": 64,
        "21": 62,
        "23": 35,
        "24": 28,
        "26": 28,
        "25": 23,
        "27": 18,
        "30": 17,
        "29": 16,
        "34": 14,
        "31": 12,
        "33": 12,
        "35": 12,
        "28": 10,
        "32": 9,
        "38": 6,
        "36": 6,
        "47": 3,
        "48": 2,
        "52": 2,
        "43": 2,
        "42": 2,
        "54": 2,
        "46": 1,
        "53": 1,
        "45": 1,
        "50": 1,
        "62": 1,
        "60": 1,
        "41": 1
    },
    "nrows": 82318
}