{
    "column_id": "KDD98/KDD98.csvKDD98.csv/TPE1",
    "dataset_name": "KDD98.csv",
    "dataset_id": "KDD98/KDD98.csv",
    "path": "/home/ubuntu/CatDB-VLDB2025-V1/Experiments/data/KDD98/KDD98.csv",
    "table_name": "KDD98.csv",
    "table_id": "KDD98/KDD98.csvKDD98.csv",
    "column_name": "TPE1",
    "data_source": "KDD98",
    "data_type": "int",
    "total_values_count": 82318,
    "distinct_values_count": 99,
    "missing_values_count": 0,
    "true_ratio": null,
    "min_value": 0.0,
    "max_value": 99.0,
    "mean": 76.23903641973808,
    "median": 79.0,
    "iqr": 12.0,
    "category_values": [
        69,
        89,
        46,
        84,
        88,
        75,
        81,
        92,
        83,
        86,
        59,
        64,
        66,
        74,
        91,
        56,
        58,
        90,
        80,
        82,
        78,
        61,
        71,
        0,
        41,
        76,
        57,
        63,
        93,
        73,
        77,
        85,
        68,
        79,
        65,
        95,
        70,
        87,
        67,
        62,
        72,
        55,
        60,
        54,
        34,
        32,
        99,
        43,
        23,
        52,
        97,
        44,
        94,
        51,
        98,
        96,
        26,
        50,
        45,
        48,
        53,
        42,
        37,
        22,
        35,
        36,
        30,
        39,
        29,
        49,
        47,
        2,
        40,
        8,
        38,
        25,
        21,
        28,
        27,
        33,
        14,
        19,
        9,
        16,
        24,
        17,
        31,
        13,
        3,
        15,
        20,
        11,
        5,
        7,
        6,
        4,
        12,
        10,
        18
    ],
    "embedding": [
        -1.0,
        -1.0,
        -1.0,
        1.0,
        -1.0,
        1.0,
        -1.0,
        -1.0,
        -1.0,
        -1.0,
        1.0,
        -1.0,
        -1.0,
        1.0,
        1.0,
        1.0,
        1.0,
        -1.0,
        1.0,
        -1.0,
        1.0,
        -1.0,
        1.0,
        -1.0,
        1.0,
        -1.0,
        -1.0,
        1.0,
        -1.0,
        -1.0,
        1.0,
        1.0,
        -1.0,
        -1.0,
        -1.0,
        1.0,
        -1.0,
        1.0,
        1.0,
        -1.0,
        -1.0,
        1.0,
        -1.0,
        -1.0,
        -1.0,
        -1.0,
        1.0,
        -1.0,
        -1.0,
        -0.9864467978477478,
        -1.0,
        1.0,
        1.0,
        1.0,
        -1.0,
        1.0,
        1.0,
        1.0,
        -1.0,
        0.9970785975456238,
        -1.0,
        -1.0,
        1.0,
        -1.0,
        1.0,
        -1.0,
        1.0,
        -1.0,
        1.0,
        1.0,
        1.0,
        -1.0,
        -1.0,
        -1.0,
        -1.0,
        1.0,
        1.0,
        1.0,
        1.0,
        1.0,
        1.0,
        1.0,
        1.0,
        -1.0,
        -1.0,
        1.0,
        -1.0,
        1.0,
        1.0,
        1.0,
        -1.0,
        1.0,
        1.0,
        -1.0,
        1.0,
        -1.0,
        1.0,
        -1.0,
        -1.0,
        -1.0,
        -0.9987375140190125,
        -1.0,
        1.0,
        -1.0,
        -1.0,
        1.0,
        1.0,
        1.0,
        -1.0,
        -1.0,
        1.0,
        -1.0,
        -1.0,
        1.0,
        1.0,
        1.0,
        1.0,
        1.0,
        1.0,
        -1.0,
        -1.0,
        1.0,
        -1.0,
        -1.0,
        1.0,
        -1.0,
        -1.0,
        -1.0,
        -1.0,
        1.0,
        -1.0,
        1.0,
        -1.0,
        -1.0,
        1.0,
        -1.0,
        -1.0,
        1.0,
        1.0,
        -1.0,
        1.0,
        1.0,
        1.0,
        -1.0,
        1.0,
        -1.0,
        1.0,
        -1.0,
        -1.0,
        -1.0,
        1.0,
        -1.0,
        1.0,
        -1.0,
        1.0,
        -1.0,
        1.0,
        -1.0,
        1.0,
        -1.0,
        -1.0,
        1.0,
        -1.0,
        -1.0,
        1.0,
        -1.0,
        1.0,
        -1.0,
        -1.0,
        -1.0,
        -1.0,
        -1.0,
        1.0,
        1.0,
        -1.0,
        -1.0,
        1.0,
        -1.0,
        -1.0,
        -1.0,
        1.0,
        -1.0,
        -1.0,
        -1.0,
        1.0,
        -1.0,
        1.0,
        -1.0,
        -1.0,
        -1.0,
        1.0,
        1.0,
        1.0,
        1.0,
        -1.0,
        -1.0,
        1.0,
        -1.0,
        -1.0,
        1.0,
        -1.0,
        1.0,
        -1.0,
        -1.0,
        -1.0,
        -1.0,
        1.0,
        1.0,
        -1.0,
        -1.0,
        -1.0,
        1.0,
        -1.0,
        -1.0,
        -1.0,
        1.0,
        -1.0,
        1.0,
        -1.0,
        -1.0,
        1.0,
        -1.0,
        -1.0,
        1.0,
        -1.0,
        -0.9871718883514404,
        1.0,
        -1.0,
        -1.0,
        -1.0,
        1.0,
        -1.0,
        1.0,
        -1.0,
        -1.0,
        1.0,
        -1.0,
        1.0,
        1.0,
        -1.0,
        1.0,
        -0.9871789813041687,
        1.0,
        -1.0,
        1.0,
        1.0,
        -1.0,
        -1.0,
        -1.0,
        1.0,
        1.0,
        1.0,
        -1.0,
        -1.0,
        -1.0,
        1.0,
        1.0,
        -1.0,
        -1.0,
        -1.0,
        1.0,
        1.0,
        1.0,
        -1.0,
        1.0,
        -1.0,
        -1.0,
        -1.0,
        1.0,
        1.0,
        -0.9986404776573181,
        -1.0,
        -1.0,
        1.0,
        -1.0,
        1.0,
        1.0,
        1.0,
        1.0,
        1.0,
        1.0,
        -1.0,
        1.0,
        1.0,
        1.0,
        -1.0,
        -1.0,
        1.0,
        -1.0,
        -1.0,
        -1.0,
        1.0,
        -1.0,
        -1.0,
        -1.0,
        -1.0,
        -1.0,
        1.0,
        1.0,
        1.0
    ],
    "embedding_scaling_factor": 16.54258918762207,
    "samples": [
        77,
        64,
        81,
        68,
        85,
        63,
        79,
        79,
        76,
        77,
        87,
        82,
        71,
        70,
        86,
        74,
        92,
        76,
        82,
        73,
        64,
        77,
        60,
        73,
        84,
        87,
        56,
        87,
        84,
        65,
        62,
        94,
        73,
        76,
        75,
        80,
        78,
        83,
        75,
        72,
        92,
        86,
        75,
        70,
        82,
        86,
        79,
        87,
        86,
        66,
        89,
        78,
        93,
        71,
        81,
        76,
        82,
        79,
        83,
        72,
        74,
        64,
        68,
        88,
        77,
        81,
        67,
        66,
        79,
        85,
        66,
        65,
        86,
        81,
        74,
        81,
        81,
        88,
        85,
        70,
        85,
        75,
        78,
        83,
        89,
        79,
        0,
        74,
        67,
        42,
        66,
        86,
        86,
        69,
        80,
        84,
        84,
        68,
        77,
        80
    ],
    "category_values_ratio": {
        "81": 3845,
        "80": 3780,
        "82": 3749,
        "83": 3683,
        "79": 3646,
        "78": 3640,
        "84": 3542,
        "85": 3439,
        "76": 3356,
        "77": 3290,
        "86": 3053,
        "75": 2918,
        "74": 2760,
        "87": 2703,
        "73": 2527,
        "88": 2396,
        "72": 2332,
        "71": 2144,
        "89": 1941,
        "70": 1864,
        "90": 1594,
        "69": 1558,
        "68": 1456,
        "91": 1271,
        "67": 1258,
        "66": 1205,
        "65": 986,
        "92": 941,
        "64": 922,
        "63": 731,
        "62": 664,
        "0": 658,
        "93": 616,
        "61": 609,
        "60": 543,
        "59": 495,
        "58": 446,
        "94": 430,
        "57": 356,
        "56": 348,
        "95": 312,
        "55": 294,
        "54": 294,
        "53": 264,
        "99": 260,
        "52": 242,
        "51": 212,
        "50": 187,
        "46": 171,
        "49": 165,
        "48": 163,
        "96": 162,
        "47": 130,
        "44": 129,
        "45": 122,
        "43": 106,
        "42": 96,
        "37": 94,
        "39": 89,
        "38": 89,
        "97": 89,
        "40": 74,
        "98": 67,
        "41": 67,
        "35": 63,
        "34": 58,
        "31": 58,
        "36": 55,
        "32": 49,
        "30": 45,
        "29": 42,
        "25": 36,
        "33": 35,
        "28": 31,
        "23": 31,
        "24": 27,
        "26": 27,
        "22": 26,
        "21": 17,
        "27": 17,
        "19": 13,
        "5": 12,
        "12": 10,
        "16": 10,
        "8": 9,
        "17": 9,
        "9": 8,
        "18": 7,
        "14": 7,
        "20": 6,
        "13": 6,
        "6": 5,
        "3": 4,
        "15": 4,
        "11": 4,
        "7": 4,
        "10": 4,
        "2": 3,
        "4": 3
    },
    "nrows": 82318
}