{
    "column_id": "KDD98/KDD98.csvKDD98.csv/HHAGE2",
    "dataset_name": "KDD98.csv",
    "dataset_id": "KDD98/KDD98.csv",
    "path": "/home/ubuntu/CatDB-VLDB2025-V1/Experiments/data/KDD98/KDD98.csv",
    "table_name": "KDD98.csv",
    "table_id": "KDD98/KDD98.csvKDD98.csv",
    "column_name": "HHAGE2",
    "data_source": "KDD98",
    "data_type": "int",
    "total_values_count": 82318,
    "distinct_values_count": 86,
    "missing_values_count": 0,
    "true_ratio": null,
    "min_value": 0.0,
    "max_value": 99.0,
    "mean": 9.382419397944556,
    "median": 8.0,
    "iqr": 8.75,
    "category_values": [
        12,
        1,
        15,
        9,
        11,
        5,
        17,
        7,
        10,
        20,
        16,
        4,
        3,
        19,
        27,
        6,
        8,
        13,
        0,
        14,
        18,
        2,
        46,
        28,
        41,
        25,
        29,
        24,
        30,
        32,
        21,
        31,
        23,
        22,
        35,
        26,
        49,
        67,
        43,
        37,
        61,
        53,
        36,
        60,
        40,
        34,
        59,
        33,
        44,
        66,
        57,
        42,
        39,
        86,
        38,
        45,
        58,
        85,
        50,
        47,
        48,
        68,
        64,
        51,
        65,
        82,
        56,
        62,
        63,
        54,
        52,
        71,
        80,
        76,
        69,
        74,
        72,
        55,
        99,
        73,
        89,
        70,
        91,
        77,
        78,
        79
    ],
    "embedding": [
        -1.0,
        -1.0,
        -1.0,
        1.0,
        -1.0,
        1.0,
        -1.0,
        -1.0,
        -1.0,
        -1.0,
        1.0,
        -1.0,
        -1.0,
        1.0,
        1.0,
        1.0,
        1.0,
        -1.0,
        1.0,
        -1.0,
        1.0,
        -1.0,
        1.0,
        -1.0,
        1.0,
        -1.0,
        -1.0,
        1.0,
        -1.0,
        -1.0,
        1.0,
        1.0,
        -1.0,
        -1.0,
        -1.0,
        1.0,
        -1.0,
        1.0,
        1.0,
        -1.0,
        -1.0,
        1.0,
        -1.0,
        -1.0,
        -1.0,
        -1.0,
        1.0,
        -1.0,
        -1.0,
        -0.8355830907821655,
        -1.0,
        1.0,
        1.0,
        1.0,
        -1.0,
        1.0,
        1.0,
        1.0,
        -1.0,
        0.8959125876426697,
        -1.0,
        -1.0,
        1.0,
        -1.0,
        1.0,
        -1.0,
        1.0,
        -1.0,
        1.0,
        1.0,
        1.0,
        -1.0,
        -1.0,
        -1.0,
        -1.0,
        1.0,
        1.0,
        1.0,
        1.0,
        1.0,
        1.0,
        1.0,
        1.0,
        -1.0,
        -1.0,
        1.0,
        -1.0,
        1.0,
        1.0,
        1.0,
        -1.0,
        1.0,
        1.0,
        -1.0,
        1.0,
        -1.0,
        1.0,
        -1.0,
        -1.0,
        -1.0,
        -0.9823169708251953,
        -1.0,
        1.0,
        -1.0,
        -1.0,
        1.0,
        1.0,
        1.0,
        -1.0,
        -1.0,
        1.0,
        -1.0,
        -1.0,
        1.0,
        1.0,
        1.0,
        1.0,
        1.0,
        1.0,
        -1.0,
        -1.0,
        1.0,
        -1.0,
        -1.0,
        1.0,
        -1.0,
        -1.0,
        -1.0,
        -1.0,
        1.0,
        -1.0,
        1.0,
        -1.0,
        -1.0,
        1.0,
        -1.0,
        -1.0,
        1.0,
        1.0,
        -1.0,
        1.0,
        1.0,
        1.0,
        -1.0,
        1.0,
        -1.0,
        1.0,
        -1.0,
        -1.0,
        -1.0,
        1.0,
        -1.0,
        1.0,
        -1.0,
        1.0,
        -1.0,
        1.0,
        -1.0,
        1.0,
        -1.0,
        -1.0,
        1.0,
        -1.0,
        -1.0,
        1.0,
        -1.0,
        1.0,
        -1.0,
        -1.0,
        -1.0,
        -1.0,
        -1.0,
        1.0,
        1.0,
        -1.0,
        -1.0,
        1.0,
        -1.0,
        -1.0,
        -1.0,
        1.0,
        -1.0,
        -1.0,
        -1.0,
        1.0,
        -1.0,
        1.0,
        -1.0,
        -1.0,
        -1.0,
        1.0,
        1.0,
        1.0,
        1.0,
        -1.0,
        -1.0,
        1.0,
        -1.0,
        -1.0,
        1.0,
        -1.0,
        1.0,
        -1.0,
        -1.0,
        -1.0,
        -1.0,
        1.0,
        1.0,
        -1.0,
        -1.0,
        -1.0,
        1.0,
        -1.0,
        -1.0,
        -1.0,
        1.0,
        -1.0,
        1.0,
        -1.0,
        -1.0,
        1.0,
        -1.0,
        -1.0,
        1.0,
        -1.0,
        -0.8217816352844238,
        1.0,
        -1.0,
        -1.0,
        -1.0,
        1.0,
        -1.0,
        1.0,
        -1.0,
        -1.0,
        1.0,
        -1.0,
        1.0,
        1.0,
        -1.0,
        1.0,
        -0.8184723854064941,
        1.0,
        -1.0,
        1.0,
        1.0,
        -1.0,
        -1.0,
        -1.0,
        1.0,
        1.0,
        1.0,
        -1.0,
        -1.0,
        -1.0,
        1.0,
        1.0,
        -1.0,
        -1.0,
        -1.0,
        1.0,
        1.0,
        1.0,
        -1.0,
        1.0,
        -1.0,
        -1.0,
        -1.0,
        1.0,
        1.0,
        -0.9729673862457275,
        -1.0,
        -1.0,
        1.0,
        -1.0,
        1.0,
        1.0,
        1.0,
        1.0,
        1.0,
        1.0,
        -1.0,
        1.0,
        1.0,
        1.0,
        -1.0,
        -1.0,
        1.0,
        -1.0,
        -1.0,
        -1.0,
        1.0,
        -1.0,
        -1.0,
        -1.0,
        -1.0,
        -1.0,
        1.0,
        1.0,
        1.0
    ],
    "embedding_scaling_factor": 463.34716796875,
    "samples": [
        17,
        9,
        9,
        10,
        0,
        5,
        10,
        12,
        8,
        11,
        22,
        23,
        7,
        13,
        5,
        3,
        21,
        19,
        1,
        1,
        34,
        8,
        7,
        16,
        14,
        11,
        9,
        3,
        1,
        8,
        3,
        5,
        17,
        12,
        7,
        6,
        0,
        11,
        9,
        0,
        30,
        7,
        5,
        3,
        11,
        4,
        10,
        13,
        7,
        2,
        5,
        21,
        6,
        3,
        25,
        1,
        8,
        16,
        41,
        18,
        11,
        10,
        9,
        10,
        11,
        15,
        6,
        9,
        10,
        7,
        0,
        7,
        1,
        5,
        18,
        4,
        17,
        10,
        7,
        2,
        49,
        10,
        3,
        3,
        3,
        9,
        16,
        7,
        1,
        8,
        0,
        11,
        10,
        5,
        18,
        17,
        5,
        5,
        13,
        8
    ],
    "category_values_ratio": {
        "5": 5966,
        "6": 5858,
        "4": 5830,
        "7": 5654,
        "8": 5303,
        "3": 5203,
        "9": 4872,
        "2": 4680,
        "10": 4651,
        "11": 4262,
        "1": 4052,
        "12": 3755,
        "13": 3392,
        "14": 2916,
        "15": 2458,
        "16": 2035,
        "0": 1652,
        "17": 1560,
        "18": 1311,
        "19": 1038,
        "20": 808,
        "21": 685,
        "22": 529,
        "23": 461,
        "24": 350,
        "25": 319,
        "26": 293,
        "27": 287,
        "28": 192,
        "29": 175,
        "31": 150,
        "30": 137,
        "34": 124,
        "32": 119,
        "33": 117,
        "35": 101,
        "38": 87,
        "37": 83,
        "36": 81,
        "39": 77,
        "42": 67,
        "40": 61,
        "41": 57,
        "46": 48,
        "45": 36,
        "43": 35,
        "49": 35,
        "47": 35,
        "44": 31,
        "48": 24,
        "51": 24,
        "50": 24,
        "66": 22,
        "52": 15,
        "56": 14,
        "54": 14,
        "59": 12,
        "61": 12,
        "53": 12,
        "68": 10,
        "60": 10,
        "58": 9,
        "67": 8,
        "63": 7,
        "62": 7,
        "82": 7,
        "65": 7,
        "57": 6,
        "71": 6,
        "74": 5,
        "72": 5,
        "55": 4,
        "99": 4,
        "64": 4,
        "69": 3,
        "70": 3,
        "85": 2,
        "76": 2,
        "80": 1,
        "73": 1,
        "89": 1,
        "86": 1,
        "91": 1,
        "77": 1,
        "78": 1,
        "79": 1
    },
    "nrows": 82318
}