{
    "column_id": "KDD98/KDD98.csvKDD98.csv/HU2",
    "dataset_name": "KDD98.csv",
    "dataset_id": "KDD98/KDD98.csv",
    "path": "/home/ubuntu/CatDB-VLDB2025-V1/Experiments/data/KDD98/KDD98.csv",
    "table_name": "KDD98.csv",
    "table_id": "KDD98/KDD98.csvKDD98.csv",
    "column_name": "HU2",
    "data_source": "KDD98",
    "data_type": "int",
    "total_values_count": 82318,
    "distinct_values_count": 100,
    "missing_values_count": 0,
    "true_ratio": null,
    "min_value": 0.0,
    "max_value": 99.0,
    "mean": 29.4303554508127,
    "median": 24.0,
    "iqr": 25.0,
    "category_values": [
        20,
        40,
        21,
        19,
        8,
        45,
        12,
        3,
        9,
        14,
        33,
        23,
        88,
        69,
        15,
        48,
        17,
        27,
        37,
        13,
        28,
        22,
        7,
        56,
        0,
        25,
        94,
        18,
        46,
        36,
        42,
        44,
        41,
        53,
        16,
        52,
        4,
        6,
        31,
        26,
        38,
        32,
        83,
        47,
        10,
        11,
        34,
        63,
        30,
        58,
        93,
        51,
        73,
        65,
        35,
        24,
        55,
        59,
        5,
        1,
        39,
        75,
        29,
        76,
        54,
        78,
        57,
        99,
        67,
        61,
        70,
        2,
        71,
        79,
        49,
        87,
        92,
        68,
        66,
        43,
        64,
        50,
        80,
        60,
        77,
        89,
        62,
        98,
        74,
        91,
        96,
        72,
        84,
        81,
        90,
        95,
        97,
        82,
        85,
        86
    ],
    "embedding": [
        -1.0,
        -1.0,
        -1.0,
        1.0,
        -1.0,
        1.0,
        -1.0,
        -1.0,
        -1.0,
        -1.0,
        1.0,
        -1.0,
        -1.0,
        1.0,
        1.0,
        1.0,
        1.0,
        -1.0,
        1.0,
        -1.0,
        1.0,
        -1.0,
        1.0,
        -1.0,
        1.0,
        -1.0,
        -1.0,
        1.0,
        -1.0,
        -1.0,
        1.0,
        1.0,
        -1.0,
        -1.0,
        -1.0,
        1.0,
        -1.0,
        1.0,
        1.0,
        -1.0,
        -1.0,
        1.0,
        -1.0,
        -1.0,
        -1.0,
        -1.0,
        1.0,
        -1.0,
        -1.0,
        -0.9557426571846008,
        -1.0,
        1.0,
        1.0,
        1.0,
        -1.0,
        1.0,
        1.0,
        1.0,
        -1.0,
        0.9808238744735718,
        -1.0,
        -1.0,
        1.0,
        -1.0,
        1.0,
        -1.0,
        1.0,
        -1.0,
        1.0,
        1.0,
        1.0,
        -1.0,
        -1.0,
        -1.0,
        -1.0,
        1.0,
        1.0,
        1.0,
        1.0,
        1.0,
        1.0,
        1.0,
        1.0,
        -1.0,
        -1.0,
        1.0,
        -1.0,
        1.0,
        1.0,
        1.0,
        -1.0,
        1.0,
        1.0,
        -1.0,
        1.0,
        -1.0,
        1.0,
        -1.0,
        -1.0,
        -1.0,
        -0.9955542683601379,
        -1.0,
        1.0,
        -1.0,
        -1.0,
        1.0,
        1.0,
        1.0,
        -1.0,
        -1.0,
        1.0,
        -1.0,
        -1.0,
        1.0,
        1.0,
        1.0,
        1.0,
        1.0,
        1.0,
        -1.0,
        -1.0,
        1.0,
        -1.0,
        -1.0,
        1.0,
        -1.0,
        -1.0,
        -1.0,
        -1.0,
        1.0,
        -1.0,
        1.0,
        -1.0,
        -1.0,
        1.0,
        -1.0,
        -1.0,
        1.0,
        1.0,
        -1.0,
        1.0,
        1.0,
        1.0,
        -1.0,
        1.0,
        -1.0,
        1.0,
        -1.0,
        -1.0,
        -1.0,
        1.0,
        -1.0,
        1.0,
        -1.0,
        1.0,
        -1.0,
        1.0,
        -1.0,
        1.0,
        -1.0,
        -1.0,
        1.0,
        -1.0,
        -1.0,
        1.0,
        -1.0,
        1.0,
        -1.0,
        -1.0,
        -1.0,
        -1.0,
        -1.0,
        1.0,
        1.0,
        -1.0,
        -1.0,
        1.0,
        -1.0,
        -1.0,
        -1.0,
        1.0,
        -1.0,
        -1.0,
        -1.0,
        1.0,
        -1.0,
        1.0,
        -1.0,
        -1.0,
        -1.0,
        1.0,
        1.0,
        1.0,
        1.0,
        -1.0,
        -1.0,
        1.0,
        -1.0,
        -1.0,
        1.0,
        -1.0,
        1.0,
        -1.0,
        -1.0,
        -1.0,
        -1.0,
        1.0,
        1.0,
        -1.0,
        -1.0,
        -1.0,
        1.0,
        -1.0,
        -1.0,
        -1.0,
        1.0,
        -1.0,
        1.0,
        -1.0,
        -1.0,
        1.0,
        -1.0,
        -1.0,
        1.0,
        -1.0,
        -0.9491562247276306,
        1.0,
        -1.0,
        -1.0,
        -1.0,
        1.0,
        -1.0,
        1.0,
        -1.0,
        -1.0,
        1.0,
        -1.0,
        1.0,
        1.0,
        -1.0,
        1.0,
        -0.9484279155731201,
        1.0,
        -1.0,
        1.0,
        1.0,
        -1.0,
        -1.0,
        -1.0,
        1.0,
        1.0,
        1.0,
        -1.0,
        -1.0,
        -1.0,
        1.0,
        1.0,
        -1.0,
        -1.0,
        -1.0,
        1.0,
        1.0,
        1.0,
        -1.0,
        1.0,
        -1.0,
        -1.0,
        -1.0,
        1.0,
        1.0,
        -0.9940491914749146,
        -1.0,
        -1.0,
        1.0,
        -1.0,
        1.0,
        1.0,
        1.0,
        1.0,
        1.0,
        1.0,
        -1.0,
        1.0,
        1.0,
        1.0,
        -1.0,
        -1.0,
        1.0,
        -1.0,
        -1.0,
        -1.0,
        1.0,
        -1.0,
        -1.0,
        -1.0,
        -1.0,
        -1.0,
        1.0,
        1.0,
        1.0
    ],
    "embedding_scaling_factor": 136.8749237060547,
    "samples": [
        21,
        31,
        7,
        18,
        29,
        33,
        33,
        18,
        18,
        25,
        14,
        13,
        24,
        93,
        21,
        42,
        28,
        13,
        38,
        42,
        31,
        26,
        4,
        11,
        76,
        15,
        26,
        8,
        62,
        38,
        14,
        24,
        40,
        11,
        26,
        5,
        29,
        19,
        38,
        12,
        21,
        24,
        13,
        6,
        57,
        70,
        33,
        28,
        15,
        12,
        36,
        74,
        8,
        15,
        49,
        19,
        18,
        52,
        32,
        64,
        70,
        21,
        52,
        54,
        18,
        47,
        34,
        17,
        22,
        11,
        18,
        58,
        20,
        13,
        13,
        25,
        6,
        6,
        36,
        49,
        28,
        13,
        4,
        69,
        66,
        37,
        32,
        13,
        20,
        30,
        19,
        4,
        35,
        17,
        74,
        15,
        30,
        33,
        14,
        68
    ],
    "category_values_ratio": {
        "18": 2328,
        "16": 2298,
        "17": 2232,
        "19": 2187,
        "15": 2186,
        "14": 2113,
        "21": 2113,
        "22": 2097,
        "20": 2094,
        "13": 2021,
        "23": 1995,
        "12": 1990,
        "25": 1836,
        "24": 1823,
        "11": 1810,
        "26": 1772,
        "10": 1731,
        "27": 1676,
        "8": 1645,
        "28": 1632,
        "29": 1586,
        "9": 1577,
        "7": 1454,
        "30": 1392,
        "31": 1351,
        "6": 1327,
        "32": 1281,
        "5": 1195,
        "33": 1188,
        "4": 1165,
        "35": 1111,
        "34": 1082,
        "3": 1034,
        "37": 1025,
        "36": 995,
        "38": 980,
        "39": 876,
        "40": 843,
        "42": 797,
        "41": 791,
        "43": 767,
        "2": 714,
        "44": 707,
        "47": 671,
        "46": 671,
        "45": 661,
        "48": 651,
        "0": 629,
        "50": 597,
        "49": 592,
        "52": 523,
        "54": 518,
        "51": 515,
        "56": 504,
        "58": 445,
        "53": 431,
        "59": 431,
        "57": 422,
        "55": 420,
        "99": 415,
        "60": 398,
        "61": 392,
        "66": 384,
        "64": 373,
        "63": 357,
        "67": 320,
        "65": 312,
        "62": 308,
        "1": 302,
        "68": 299,
        "72": 270,
        "70": 270,
        "69": 266,
        "71": 265,
        "74": 261,
        "76": 235,
        "73": 215,
        "75": 209,
        "77": 200,
        "80": 188,
        "78": 185,
        "79": 181,
        "89": 156,
        "82": 151,
        "86": 150,
        "83": 147,
        "87": 143,
        "88": 141,
        "84": 140,
        "81": 138,
        "85": 137,
        "91": 118,
        "93": 118,
        "90": 115,
        "97": 101,
        "96": 99,
        "92": 98,
        "98": 93,
        "95": 90,
        "94": 80
    },
    "nrows": 82318
}