{
    "column_id": "KDD98/KDD98.csvKDD98.csv/AGE903",
    "dataset_name": "KDD98.csv",
    "dataset_id": "KDD98/KDD98.csv",
    "path": "/home/ubuntu/CatDB-VLDB2025-V1/Experiments/data/KDD98/KDD98.csv",
    "table_name": "KDD98.csv",
    "table_id": "KDD98/KDD98.csvKDD98.csv",
    "column_name": "AGE903",
    "data_source": "KDD98",
    "data_type": "int",
    "total_values_count": 82318,
    "distinct_values_count": 58,
    "missing_values_count": 0,
    "true_ratio": null,
    "min_value": 0.0,
    "max_value": 84.0,
    "mean": 45.21591875409995,
    "median": 44.0,
    "iqr": 8.0,
    "category_values": [
        48,
        34,
        50,
        45,
        58,
        49,
        36,
        47,
        51,
        54,
        40,
        39,
        44,
        35,
        41,
        46,
        43,
        59,
        42,
        61,
        0,
        63,
        37,
        52,
        55,
        38,
        75,
        56,
        68,
        57,
        53,
        67,
        62,
        33,
        65,
        60,
        32,
        31,
        78,
        64,
        72,
        70,
        66,
        79,
        76,
        69,
        29,
        30,
        71,
        80,
        28,
        73,
        27,
        77,
        74,
        82,
        81,
        84
    ],
    "embedding": [
        -1.0,
        -1.0,
        -1.0,
        1.0,
        -1.0,
        1.0,
        -1.0,
        -1.0,
        -1.0,
        -1.0,
        1.0,
        -1.0,
        -1.0,
        1.0,
        1.0,
        1.0,
        1.0,
        -1.0,
        1.0,
        -1.0,
        1.0,
        -1.0,
        1.0,
        -1.0,
        1.0,
        -1.0,
        -1.0,
        1.0,
        -1.0,
        -1.0,
        1.0,
        1.0,
        -1.0,
        -1.0,
        -1.0,
        1.0,
        -1.0,
        1.0,
        1.0,
        -1.0,
        -1.0,
        1.0,
        -1.0,
        -1.0,
        -1.0,
        -1.0,
        1.0,
        -1.0,
        -1.0,
        -0.9747539758682251,
        -1.0,
        1.0,
        1.0,
        1.0,
        -1.0,
        1.0,
        1.0,
        1.0,
        -1.0,
        0.9973285794258118,
        -1.0,
        -1.0,
        1.0,
        -1.0,
        1.0,
        -1.0,
        1.0,
        -1.0,
        1.0,
        1.0,
        1.0,
        -1.0,
        -1.0,
        -1.0,
        -1.0,
        1.0,
        1.0,
        1.0,
        1.0,
        1.0,
        1.0,
        1.0,
        1.0,
        -1.0,
        -1.0,
        1.0,
        -1.0,
        1.0,
        1.0,
        1.0,
        -1.0,
        1.0,
        1.0,
        -1.0,
        1.0,
        -1.0,
        1.0,
        -1.0,
        -1.0,
        -1.0,
        -0.9982144236564636,
        -1.0,
        1.0,
        -1.0,
        -1.0,
        1.0,
        1.0,
        1.0,
        -1.0,
        -1.0,
        1.0,
        -1.0,
        -1.0,
        1.0,
        1.0,
        1.0,
        1.0,
        1.0,
        1.0,
        -1.0,
        -1.0,
        1.0,
        -1.0,
        -1.0,
        1.0,
        -1.0,
        -1.0,
        -1.0,
        -1.0,
        1.0,
        -1.0,
        1.0,
        -1.0,
        -1.0,
        1.0,
        -1.0,
        -1.0,
        1.0,
        1.0,
        -1.0,
        1.0,
        1.0,
        1.0,
        -1.0,
        1.0,
        -1.0,
        1.0,
        -1.0,
        -1.0,
        -1.0,
        1.0,
        -1.0,
        1.0,
        -1.0,
        1.0,
        -1.0,
        1.0,
        -1.0,
        1.0,
        -1.0,
        -1.0,
        1.0,
        -1.0,
        -1.0,
        1.0,
        -1.0,
        1.0,
        -1.0,
        -1.0,
        -1.0,
        -1.0,
        -1.0,
        1.0,
        1.0,
        -1.0,
        -1.0,
        1.0,
        -1.0,
        -1.0,
        -1.0,
        1.0,
        -1.0,
        -1.0,
        -1.0,
        1.0,
        -1.0,
        1.0,
        -1.0,
        -1.0,
        -1.0,
        1.0,
        1.0,
        1.0,
        1.0,
        -1.0,
        -1.0,
        1.0,
        -1.0,
        -1.0,
        1.0,
        -1.0,
        1.0,
        -1.0,
        -1.0,
        -1.0,
        -1.0,
        1.0,
        1.0,
        -1.0,
        -1.0,
        -1.0,
        1.0,
        -1.0,
        -1.0,
        -1.0,
        1.0,
        -1.0,
        1.0,
        -1.0,
        -1.0,
        1.0,
        -1.0,
        -1.0,
        1.0,
        -1.0,
        -0.9787899255752563,
        1.0,
        -1.0,
        -1.0,
        -1.0,
        1.0,
        -1.0,
        1.0,
        -1.0,
        -1.0,
        1.0,
        -1.0,
        1.0,
        1.0,
        -1.0,
        1.0,
        -0.9810458421707153,
        1.0,
        -1.0,
        1.0,
        1.0,
        -1.0,
        -1.0,
        -1.0,
        1.0,
        1.0,
        1.0,
        -1.0,
        -1.0,
        -1.0,
        1.0,
        1.0,
        -1.0,
        -1.0,
        -1.0,
        1.0,
        1.0,
        1.0,
        -1.0,
        1.0,
        -1.0,
        -1.0,
        -1.0,
        1.0,
        1.0,
        -0.9981067776679993,
        -1.0,
        -1.0,
        1.0,
        -1.0,
        1.0,
        1.0,
        1.0,
        1.0,
        1.0,
        1.0,
        -1.0,
        1.0,
        1.0,
        1.0,
        -1.0,
        -1.0,
        1.0,
        -1.0,
        -1.0,
        -1.0,
        1.0,
        -1.0,
        -1.0,
        -1.0,
        -1.0,
        -1.0,
        1.0,
        1.0,
        1.0
    ],
    "embedding_scaling_factor": 31.124393463134766,
    "samples": [
        48,
        40,
        44,
        51,
        45,
        42,
        37,
        48,
        39,
        44,
        52,
        43,
        47,
        47,
        42,
        44,
        41,
        47,
        39,
        40,
        45,
        48,
        46,
        67,
        43,
        35,
        47,
        47,
        38,
        44,
        43,
        47,
        45,
        43,
        39,
        47,
        41,
        40,
        45,
        38,
        40,
        38,
        43,
        45,
        49,
        42,
        55,
        55,
        43,
        36,
        44,
        0,
        45,
        38,
        57,
        46,
        46,
        44,
        39,
        47,
        46,
        47,
        50,
        42,
        48,
        46,
        54,
        56,
        42,
        45,
        37,
        43,
        36,
        46,
        49,
        43,
        66,
        49,
        51,
        49,
        39,
        42,
        43,
        39,
        47,
        39,
        38,
        52,
        41,
        44,
        43,
        43,
        46,
        45,
        42,
        0,
        36,
        45,
        47,
        51
    ],
    "category_values_ratio": {
        "43": 6803,
        "44": 6260,
        "42": 5897,
        "45": 5674,
        "41": 5070,
        "46": 4991,
        "47": 4768,
        "40": 4219,
        "48": 4166,
        "39": 3517,
        "49": 3234,
        "38": 3053,
        "50": 2806,
        "37": 2360,
        "51": 2207,
        "52": 1838,
        "36": 1529,
        "53": 1439,
        "54": 1305,
        "55": 1093,
        "35": 1043,
        "56": 807,
        "34": 722,
        "57": 721,
        "58": 598,
        "0": 543,
        "33": 534,
        "59": 530,
        "60": 487,
        "61": 424,
        "62": 418,
        "65": 397,
        "63": 365,
        "64": 349,
        "32": 271,
        "66": 270,
        "67": 213,
        "70": 171,
        "69": 169,
        "68": 140,
        "31": 137,
        "71": 110,
        "72": 101,
        "74": 89,
        "73": 84,
        "30": 83,
        "76": 69,
        "75": 61,
        "29": 61,
        "77": 37,
        "79": 24,
        "78": 21,
        "28": 18,
        "80": 12,
        "27": 4,
        "81": 3,
        "82": 2,
        "84": 1
    },
    "nrows": 82318
}