{
    "column_id": "KDD98/KDD98.csvKDD98.csv/IC15",
    "dataset_name": "KDD98.csv",
    "dataset_id": "KDD98/KDD98.csv",
    "path": "/home/ubuntu/CatDB-VLDB2025-V1/Experiments/data/KDD98/KDD98.csv",
    "table_name": "KDD98.csv",
    "table_id": "KDD98/KDD98.csvKDD98.csv",
    "column_name": "IC15",
    "data_source": "KDD98",
    "data_type": "int",
    "total_values_count": 82318,
    "distinct_values_count": 96,
    "missing_values_count": 0,
    "true_ratio": null,
    "min_value": 0.0,
    "max_value": 99.0,
    "mean": 14.788976894482373,
    "median": 12.0,
    "iqr": 16.0,
    "category_values": [
        17,
        3,
        26,
        27,
        6,
        21,
        1,
        7,
        20,
        8,
        5,
        12,
        4,
        13,
        18,
        23,
        2,
        16,
        28,
        0,
        9,
        25,
        29,
        22,
        11,
        31,
        10,
        14,
        40,
        38,
        24,
        47,
        46,
        37,
        32,
        15,
        19,
        30,
        70,
        54,
        68,
        34,
        35,
        78,
        33,
        45,
        41,
        43,
        58,
        53,
        39,
        50,
        42,
        44,
        55,
        57,
        66,
        36,
        80,
        73,
        52,
        51,
        67,
        48,
        56,
        81,
        49,
        61,
        59,
        64,
        60,
        62,
        63,
        82,
        69,
        77,
        75,
        74,
        71,
        65,
        99,
        79,
        92,
        72,
        89,
        76,
        91,
        86,
        94,
        84,
        85,
        87,
        83,
        95,
        88,
        90
    ],
    "embedding": [
        -1.0,
        -1.0,
        -1.0,
        1.0,
        -1.0,
        1.0,
        -1.0,
        -1.0,
        -1.0,
        -1.0,
        1.0,
        -1.0,
        -1.0,
        1.0,
        1.0,
        1.0,
        1.0,
        -1.0,
        1.0,
        -1.0,
        1.0,
        -1.0,
        1.0,
        -1.0,
        1.0,
        -1.0,
        -1.0,
        1.0,
        -1.0,
        -1.0,
        1.0,
        1.0,
        -1.0,
        -1.0,
        -1.0,
        1.0,
        -1.0,
        1.0,
        1.0,
        -1.0,
        -1.0,
        1.0,
        -1.0,
        -1.0,
        -1.0,
        -1.0,
        1.0,
        -1.0,
        -1.0,
        -0.8147693872451782,
        -1.0,
        1.0,
        1.0,
        1.0,
        -1.0,
        1.0,
        1.0,
        1.0,
        -1.0,
        0.9066562652587891,
        -1.0,
        -1.0,
        1.0,
        -1.0,
        1.0,
        -1.0,
        1.0,
        -1.0,
        1.0,
        1.0,
        1.0,
        -1.0,
        -1.0,
        -1.0,
        -1.0,
        1.0,
        1.0,
        1.0,
        1.0,
        1.0,
        1.0,
        1.0,
        1.0,
        -1.0,
        -1.0,
        1.0,
        -1.0,
        1.0,
        1.0,
        1.0,
        -1.0,
        1.0,
        1.0,
        -1.0,
        1.0,
        -1.0,
        1.0,
        -1.0,
        -1.0,
        -1.0,
        -0.9792641401290894,
        -1.0,
        1.0,
        -1.0,
        -1.0,
        1.0,
        1.0,
        1.0,
        -1.0,
        -1.0,
        1.0,
        -1.0,
        -1.0,
        1.0,
        1.0,
        1.0,
        1.0,
        1.0,
        1.0,
        -1.0,
        -1.0,
        1.0,
        -1.0,
        -1.0,
        1.0,
        -1.0,
        -1.0,
        -1.0,
        -1.0,
        1.0,
        -1.0,
        1.0,
        -1.0,
        -1.0,
        1.0,
        -1.0,
        -1.0,
        1.0,
        1.0,
        -1.0,
        1.0,
        1.0,
        1.0,
        -1.0,
        1.0,
        -1.0,
        1.0,
        -1.0,
        -1.0,
        -1.0,
        1.0,
        -1.0,
        1.0,
        -1.0,
        1.0,
        -1.0,
        1.0,
        -1.0,
        1.0,
        -1.0,
        -1.0,
        1.0,
        -1.0,
        -1.0,
        1.0,
        -1.0,
        1.0,
        -1.0,
        -1.0,
        -1.0,
        -1.0,
        -1.0,
        1.0,
        1.0,
        -1.0,
        -1.0,
        1.0,
        -1.0,
        -1.0,
        -1.0,
        1.0,
        -1.0,
        -1.0,
        -1.0,
        1.0,
        -1.0,
        1.0,
        -1.0,
        -1.0,
        -1.0,
        1.0,
        1.0,
        1.0,
        1.0,
        -1.0,
        -1.0,
        1.0,
        -1.0,
        -1.0,
        1.0,
        -1.0,
        1.0,
        -1.0,
        -1.0,
        -1.0,
        -1.0,
        1.0,
        1.0,
        -1.0,
        -1.0,
        -1.0,
        1.0,
        -1.0,
        -1.0,
        -1.0,
        1.0,
        -1.0,
        1.0,
        -1.0,
        -1.0,
        1.0,
        -1.0,
        -1.0,
        1.0,
        -1.0,
        -0.805023193359375,
        1.0,
        -1.0,
        -1.0,
        -1.0,
        1.0,
        -1.0,
        1.0,
        -1.0,
        -1.0,
        1.0,
        -1.0,
        1.0,
        1.0,
        -1.0,
        1.0,
        -0.7993983626365662,
        1.0,
        -1.0,
        1.0,
        1.0,
        -1.0,
        -1.0,
        -1.0,
        1.0,
        1.0,
        1.0,
        -1.0,
        -1.0,
        -1.0,
        1.0,
        1.0,
        -1.0,
        -1.0,
        -1.0,
        1.0,
        1.0,
        1.0,
        -1.0,
        1.0,
        -1.0,
        -1.0,
        -1.0,
        1.0,
        1.0,
        -0.9714971780776978,
        -1.0,
        -1.0,
        1.0,
        -1.0,
        1.0,
        1.0,
        1.0,
        1.0,
        1.0,
        1.0,
        -1.0,
        1.0,
        1.0,
        1.0,
        -1.0,
        -1.0,
        1.0,
        -1.0,
        -1.0,
        -1.0,
        1.0,
        -1.0,
        -1.0,
        -1.0,
        -1.0,
        -1.0,
        1.0,
        1.0,
        1.0
    ],
    "embedding_scaling_factor": 333.48809814453125,
    "samples": [
        2,
        19,
        6,
        35,
        12,
        7,
        8,
        8,
        23,
        5,
        5,
        8,
        22,
        11,
        9,
        4,
        36,
        33,
        15,
        16,
        4,
        7,
        4,
        13,
        12,
        18,
        19,
        11,
        21,
        21,
        59,
        4,
        3,
        5,
        17,
        18,
        45,
        30,
        7,
        10,
        2,
        11,
        41,
        11,
        23,
        22,
        35,
        2,
        34,
        10,
        1,
        33,
        28,
        3,
        31,
        8,
        8,
        6,
        2,
        3,
        23,
        15,
        13,
        10,
        12,
        21,
        5,
        19,
        34,
        32,
        0,
        15,
        24,
        19,
        31,
        12,
        14,
        28,
        6,
        25,
        12,
        16,
        13,
        10,
        32,
        7,
        1,
        16,
        15,
        12,
        27,
        5,
        30,
        3,
        35,
        15,
        0,
        9,
        21,
        7
    ],
    "category_values_ratio": {
        "0": 4717,
        "4": 3867,
        "5": 3751,
        "3": 3678,
        "6": 3597,
        "7": 3533,
        "2": 3349,
        "8": 3257,
        "9": 3236,
        "10": 2825,
        "11": 2748,
        "12": 2731,
        "13": 2639,
        "14": 2489,
        "15": 2351,
        "16": 2182,
        "17": 2098,
        "18": 1973,
        "19": 1897,
        "20": 1879,
        "21": 1779,
        "22": 1611,
        "1": 1524,
        "23": 1511,
        "24": 1445,
        "25": 1393,
        "27": 1241,
        "26": 1227,
        "28": 1059,
        "29": 1024,
        "31": 836,
        "30": 836,
        "32": 782,
        "33": 679,
        "34": 669,
        "35": 614,
        "36": 477,
        "37": 414,
        "40": 358,
        "39": 350,
        "38": 348,
        "41": 330,
        "43": 286,
        "42": 278,
        "44": 233,
        "45": 224,
        "47": 208,
        "46": 189,
        "48": 149,
        "50": 141,
        "49": 116,
        "53": 99,
        "51": 91,
        "55": 89,
        "52": 87,
        "54": 86,
        "57": 65,
        "56": 65,
        "61": 55,
        "58": 54,
        "59": 52,
        "60": 45,
        "63": 41,
        "99": 35,
        "62": 35,
        "66": 34,
        "64": 31,
        "67": 28,
        "68": 24,
        "71": 15,
        "65": 15,
        "70": 14,
        "69": 13,
        "81": 13,
        "74": 12,
        "73": 11,
        "75": 8,
        "79": 8,
        "72": 8,
        "76": 8,
        "82": 7,
        "78": 7,
        "84": 5,
        "77": 5,
        "85": 4,
        "90": 3,
        "88": 3,
        "83": 3,
        "86": 2,
        "87": 2,
        "92": 2,
        "80": 2,
        "94": 1,
        "89": 1,
        "95": 1,
        "91": 1
    },
    "nrows": 82318
}