{
    "column_id": "KDD98/KDD98.csvKDD98.csv/HHAS3",
    "dataset_name": "KDD98.csv",
    "dataset_id": "KDD98/KDD98.csv",
    "path": "/home/ubuntu/CatDB-VLDB2025-V1/Experiments/data/KDD98/KDD98.csv",
    "table_name": "KDD98.csv",
    "table_id": "KDD98/KDD98.csvKDD98.csv",
    "column_name": "HHAS3",
    "data_source": "KDD98",
    "data_type": "int",
    "total_values_count": 82318,
    "distinct_values_count": 100,
    "missing_values_count": 0,
    "true_ratio": null,
    "min_value": 0.0,
    "max_value": 99.0,
    "mean": 43.088085230447774,
    "median": 43.0,
    "iqr": 24.0,
    "category_values": [
        53,
        35,
        43,
        49,
        52,
        39,
        67,
        42,
        54,
        51,
        57,
        29,
        47,
        33,
        66,
        32,
        63,
        30,
        25,
        16,
        73,
        37,
        48,
        46,
        0,
        31,
        58,
        27,
        81,
        14,
        21,
        36,
        44,
        78,
        56,
        72,
        22,
        24,
        45,
        40,
        38,
        64,
        50,
        23,
        60,
        55,
        19,
        75,
        26,
        41,
        6,
        28,
        17,
        68,
        20,
        65,
        59,
        61,
        89,
        85,
        10,
        62,
        18,
        8,
        34,
        9,
        69,
        70,
        13,
        74,
        84,
        83,
        79,
        76,
        7,
        11,
        71,
        4,
        77,
        80,
        3,
        82,
        86,
        12,
        15,
        99,
        87,
        5,
        91,
        90,
        2,
        96,
        92,
        88,
        94,
        1,
        93,
        97,
        95,
        98
    ],
    "embedding": [
        -1.0,
        -1.0,
        -1.0,
        1.0,
        -1.0,
        1.0,
        -1.0,
        -1.0,
        -1.0,
        -1.0,
        1.0,
        -1.0,
        -1.0,
        1.0,
        1.0,
        1.0,
        1.0,
        -1.0,
        1.0,
        -1.0,
        1.0,
        -1.0,
        1.0,
        -1.0,
        1.0,
        -1.0,
        -1.0,
        1.0,
        -1.0,
        -1.0,
        1.0,
        1.0,
        -1.0,
        -1.0,
        -1.0,
        1.0,
        -1.0,
        1.0,
        1.0,
        -1.0,
        -1.0,
        1.0,
        -1.0,
        -1.0,
        -1.0,
        -1.0,
        1.0,
        -1.0,
        -1.0,
        -0.9604332447052002,
        -1.0,
        1.0,
        1.0,
        1.0,
        -1.0,
        1.0,
        1.0,
        1.0,
        -1.0,
        0.9936743974685669,
        -1.0,
        -1.0,
        1.0,
        -1.0,
        1.0,
        -1.0,
        1.0,
        -1.0,
        1.0,
        1.0,
        1.0,
        -1.0,
        -1.0,
        -1.0,
        -1.0,
        1.0,
        1.0,
        1.0,
        1.0,
        1.0,
        1.0,
        1.0,
        1.0,
        -1.0,
        -1.0,
        1.0,
        -1.0,
        1.0,
        1.0,
        1.0,
        -1.0,
        1.0,
        1.0,
        -1.0,
        1.0,
        -1.0,
        1.0,
        -1.0,
        -1.0,
        -1.0,
        -0.9969518780708313,
        -1.0,
        1.0,
        -1.0,
        -1.0,
        1.0,
        1.0,
        1.0,
        -1.0,
        -1.0,
        1.0,
        -1.0,
        -1.0,
        1.0,
        1.0,
        1.0,
        1.0,
        1.0,
        1.0,
        -1.0,
        -1.0,
        1.0,
        -1.0,
        -1.0,
        1.0,
        -1.0,
        -1.0,
        -1.0,
        -1.0,
        1.0,
        -1.0,
        1.0,
        -1.0,
        -1.0,
        1.0,
        -1.0,
        -1.0,
        1.0,
        1.0,
        -1.0,
        1.0,
        1.0,
        1.0,
        -1.0,
        1.0,
        -1.0,
        1.0,
        -1.0,
        -1.0,
        -1.0,
        1.0,
        -1.0,
        1.0,
        -1.0,
        1.0,
        -1.0,
        1.0,
        -1.0,
        1.0,
        -1.0,
        -1.0,
        1.0,
        -1.0,
        -1.0,
        1.0,
        -1.0,
        1.0,
        -1.0,
        -1.0,
        -1.0,
        -1.0,
        -1.0,
        1.0,
        1.0,
        -1.0,
        -1.0,
        1.0,
        -1.0,
        -1.0,
        -1.0,
        1.0,
        -1.0,
        -1.0,
        -1.0,
        1.0,
        -1.0,
        1.0,
        -1.0,
        -1.0,
        -1.0,
        1.0,
        1.0,
        1.0,
        1.0,
        -1.0,
        -1.0,
        1.0,
        -1.0,
        -1.0,
        1.0,
        -1.0,
        1.0,
        -1.0,
        -1.0,
        -1.0,
        -1.0,
        1.0,
        1.0,
        -1.0,
        -1.0,
        -1.0,
        1.0,
        -1.0,
        -1.0,
        -1.0,
        1.0,
        -1.0,
        1.0,
        -1.0,
        -1.0,
        1.0,
        -1.0,
        -1.0,
        1.0,
        -1.0,
        -0.9625347256660461,
        1.0,
        -1.0,
        -1.0,
        -1.0,
        1.0,
        -1.0,
        1.0,
        -1.0,
        -1.0,
        1.0,
        -1.0,
        1.0,
        1.0,
        -1.0,
        1.0,
        -0.960342526435852,
        1.0,
        -1.0,
        1.0,
        1.0,
        -1.0,
        -1.0,
        -1.0,
        1.0,
        1.0,
        1.0,
        -1.0,
        -1.0,
        -1.0,
        1.0,
        1.0,
        -1.0,
        -1.0,
        -1.0,
        1.0,
        1.0,
        1.0,
        -1.0,
        1.0,
        -1.0,
        -1.0,
        -1.0,
        1.0,
        1.0,
        -0.9967084527015686,
        -1.0,
        -1.0,
        1.0,
        -1.0,
        1.0,
        1.0,
        1.0,
        1.0,
        1.0,
        1.0,
        -1.0,
        1.0,
        1.0,
        1.0,
        -1.0,
        -1.0,
        1.0,
        -1.0,
        -1.0,
        -1.0,
        1.0,
        -1.0,
        -1.0,
        -1.0,
        -1.0,
        -1.0,
        1.0,
        1.0,
        1.0
    ],
    "embedding_scaling_factor": 48.75730514526367,
    "samples": [
        67,
        16,
        59,
        54,
        65,
        48,
        50,
        22,
        38,
        52,
        63,
        24,
        44,
        61,
        25,
        23,
        11,
        32,
        32,
        0,
        51,
        19,
        60,
        65,
        21,
        21,
        66,
        51,
        59,
        38,
        34,
        28,
        40,
        20,
        40,
        31,
        8,
        72,
        40,
        35,
        28,
        41,
        47,
        26,
        42,
        61,
        28,
        56,
        0,
        51,
        27,
        44,
        25,
        9,
        47,
        32,
        26,
        51,
        55,
        49,
        70,
        62,
        18,
        91,
        26,
        57,
        0,
        52,
        67,
        39,
        47,
        33,
        58,
        57,
        26,
        79,
        39,
        43,
        31,
        37,
        74,
        42,
        64,
        74,
        44,
        70,
        54,
        12,
        48,
        29,
        22,
        66,
        43,
        40,
        21,
        68,
        51,
        66,
        18,
        44
    ],
    "category_values_ratio": {
        "43": 1907,
        "41": 1890,
        "44": 1887,
        "42": 1875,
        "49": 1855,
        "47": 1850,
        "46": 1798,
        "38": 1790,
        "48": 1787,
        "45": 1778,
        "40": 1777,
        "51": 1746,
        "39": 1744,
        "37": 1728,
        "50": 1718,
        "35": 1710,
        "31": 1666,
        "36": 1662,
        "33": 1661,
        "30": 1607,
        "52": 1606,
        "34": 1587,
        "32": 1585,
        "55": 1489,
        "53": 1482,
        "29": 1461,
        "28": 1460,
        "54": 1455,
        "56": 1406,
        "57": 1398,
        "27": 1335,
        "26": 1305,
        "58": 1301,
        "59": 1237,
        "61": 1157,
        "25": 1143,
        "24": 1117,
        "60": 1086,
        "22": 1003,
        "23": 1002,
        "62": 996,
        "63": 993,
        "64": 953,
        "21": 933,
        "65": 898,
        "20": 845,
        "19": 783,
        "67": 772,
        "0": 769,
        "66": 765,
        "68": 701,
        "69": 682,
        "18": 643,
        "70": 614,
        "17": 567,
        "71": 540,
        "16": 528,
        "72": 489,
        "74": 467,
        "73": 467,
        "14": 419,
        "15": 413,
        "75": 378,
        "13": 377,
        "12": 355,
        "77": 312,
        "76": 309,
        "11": 281,
        "78": 279,
        "10": 241,
        "79": 228,
        "80": 215,
        "9": 213,
        "8": 210,
        "7": 173,
        "81": 171,
        "82": 155,
        "5": 123,
        "6": 116,
        "4": 111,
        "83": 111,
        "84": 101,
        "85": 95,
        "3": 73,
        "86": 65,
        "2": 53,
        "87": 47,
        "88": 41,
        "90": 39,
        "89": 33,
        "99": 24,
        "92": 23,
        "1": 18,
        "91": 17,
        "94": 16,
        "93": 12,
        "95": 6,
        "96": 4,
        "97": 4,
        "98": 1
    },
    "nrows": 82318
}