{
    "column_id": "KDD98/KDD98.csvKDD98.csv/TIMELAG",
    "dataset_name": "KDD98.csv",
    "dataset_id": "KDD98/KDD98.csv",
    "path": "/home/ubuntu/CatDB-VLDB2025-V1/Experiments/data/KDD98/KDD98.csv",
    "table_name": "KDD98.csv",
    "table_id": "KDD98/KDD98.csvKDD98.csv",
    "column_name": "TIMELAG",
    "data_source": "KDD98",
    "data_type": "int",
    "total_values_count": 82318,
    "distinct_values_count": 67,
    "missing_values_count": 8339,
    "true_ratio": null,
    "min_value": 0.0,
    "max_value": 1088.0,
    "mean": 8.125130104489111,
    "median": 6.0,
    "iqr": 7.0,
    "category_values": [
        15,
        3,
        4,
        7,
        8,
        13,
        9,
        21,
        1,
        5,
        14,
        6,
        37,
        11,
        23,
        30,
        10,
        22,
        12,
        0,
        27,
        2,
        89,
        29,
        16,
        19,
        26,
        18,
        20,
        38,
        25,
        24,
        33,
        17,
        35,
        28,
        36,
        39,
        34,
        32,
        44,
        31,
        48,
        46,
        41,
        47,
        51,
        43,
        40,
        1043,
        61,
        42,
        426,
        58,
        52,
        49,
        1088,
        54,
        55,
        442,
        62,
        1044,
        50,
        45,
        59,
        57,
        77
    ],
    "embedding": [
        -1.0,
        -1.0,
        -1.0,
        1.0,
        -1.0,
        1.0,
        -1.0,
        -1.0,
        -1.0,
        -1.0,
        1.0,
        -1.0,
        -1.0,
        1.0,
        1.0,
        1.0,
        1.0,
        -1.0,
        1.0,
        -1.0,
        1.0,
        -1.0,
        1.0,
        -1.0,
        1.0,
        -1.0,
        -1.0,
        1.0,
        -1.0,
        -1.0,
        1.0,
        1.0,
        -1.0,
        -1.0,
        -1.0,
        1.0,
        -1.0,
        1.0,
        1.0,
        -1.0,
        -1.0,
        1.0,
        -1.0,
        -1.0,
        -1.0,
        -1.0,
        1.0,
        -1.0,
        -1.0,
        -0.8040650486946106,
        -1.0,
        1.0,
        1.0,
        1.0,
        -1.0,
        1.0,
        1.0,
        1.0,
        -1.0,
        0.8667545914649963,
        -1.0,
        -1.0,
        1.0,
        -1.0,
        1.0,
        -1.0,
        1.0,
        -1.0,
        1.0,
        1.0,
        1.0,
        -1.0,
        -1.0,
        -1.0,
        -1.0,
        1.0,
        1.0,
        1.0,
        1.0,
        1.0,
        1.0,
        1.0,
        1.0,
        -1.0,
        -1.0,
        1.0,
        -1.0,
        1.0,
        1.0,
        1.0,
        -1.0,
        1.0,
        1.0,
        -1.0,
        1.0,
        -1.0,
        1.0,
        -1.0,
        -1.0,
        -1.0,
        -0.9791936278343201,
        -1.0,
        1.0,
        -1.0,
        -1.0,
        1.0,
        1.0,
        1.0,
        -1.0,
        -1.0,
        1.0,
        -1.0,
        -1.0,
        1.0,
        1.0,
        1.0,
        1.0,
        1.0,
        1.0,
        -1.0,
        -1.0,
        1.0,
        -1.0,
        -1.0,
        1.0,
        -1.0,
        -1.0,
        -1.0,
        -1.0,
        1.0,
        -1.0,
        1.0,
        -1.0,
        -1.0,
        1.0,
        -1.0,
        -1.0,
        1.0,
        1.0,
        -1.0,
        1.0,
        1.0,
        1.0,
        -1.0,
        1.0,
        -1.0,
        1.0,
        -1.0,
        -1.0,
        -1.0,
        1.0,
        -1.0,
        1.0,
        -1.0,
        1.0,
        -1.0,
        1.0,
        -1.0,
        1.0,
        -1.0,
        -1.0,
        1.0,
        -1.0,
        -1.0,
        1.0,
        -1.0,
        1.0,
        -1.0,
        -1.0,
        -1.0,
        -1.0,
        -1.0,
        1.0,
        1.0,
        -1.0,
        -1.0,
        1.0,
        -1.0,
        -1.0,
        -1.0,
        1.0,
        -1.0,
        -1.0,
        -1.0,
        1.0,
        -1.0,
        1.0,
        -1.0,
        -1.0,
        -1.0,
        1.0,
        1.0,
        1.0,
        1.0,
        -1.0,
        -1.0,
        1.0,
        -1.0,
        -1.0,
        1.0,
        -1.0,
        1.0,
        -1.0,
        -1.0,
        -1.0,
        -1.0,
        1.0,
        1.0,
        -1.0,
        -1.0,
        -1.0,
        1.0,
        -1.0,
        -1.0,
        -1.0,
        1.0,
        -1.0,
        1.0,
        -1.0,
        -1.0,
        1.0,
        -1.0,
        -1.0,
        1.0,
        -1.0,
        -0.7882026433944702,
        1.0,
        -1.0,
        -1.0,
        -1.0,
        1.0,
        -1.0,
        1.0,
        -1.0,
        -1.0,
        1.0,
        -1.0,
        1.0,
        1.0,
        -1.0,
        1.0,
        -0.7855515480041504,
        1.0,
        -1.0,
        1.0,
        1.0,
        -1.0,
        -1.0,
        -1.0,
        1.0,
        1.0,
        1.0,
        -1.0,
        -1.0,
        -1.0,
        1.0,
        1.0,
        -1.0,
        -1.0,
        -1.0,
        1.0,
        1.0,
        1.0,
        -1.0,
        1.0,
        -1.0,
        -1.0,
        -1.0,
        1.0,
        1.0,
        -0.9669399261474609,
        -1.0,
        -1.0,
        1.0,
        -1.0,
        1.0,
        1.0,
        1.0,
        1.0,
        1.0,
        1.0,
        -1.0,
        1.0,
        1.0,
        1.0,
        -1.0,
        -1.0,
        1.0,
        -1.0,
        -1.0,
        -1.0,
        1.0,
        -1.0,
        -1.0,
        -1.0,
        -1.0,
        -1.0,
        1.0,
        1.0,
        1.0
    ],
    "embedding_scaling_factor": 555.0794067382812,
    "samples": [
        4,
        0,
        0,
        6,
        4,
        14,
        23,
        5,
        3,
        3,
        2,
        1,
        3,
        426,
        1,
        9,
        4,
        7,
        10,
        10,
        2,
        14,
        9,
        3,
        20,
        1,
        4,
        6,
        0,
        3,
        2,
        5,
        14,
        15,
        15,
        4,
        9,
        8,
        5,
        4,
        3,
        13,
        1,
        11,
        2,
        18,
        8,
        12,
        13,
        19,
        2,
        8,
        12,
        4,
        16,
        14,
        5,
        30,
        8,
        4,
        11,
        14,
        14,
        29,
        20,
        9,
        2,
        6,
        5,
        15,
        3,
        13,
        16,
        1,
        2,
        4,
        0,
        8,
        4,
        24,
        1,
        1,
        2,
        3,
        7,
        5,
        4,
        14,
        5,
        2,
        1,
        2
    ],
    "category_values_ratio": {
        "5": 7406,
        "4": 7351,
        "3": 7216,
        "6": 5831,
        "2": 5603,
        "7": 5054,
        "8": 4560,
        "9": 3875,
        "10": 3323,
        "1": 3303,
        "11": 3118,
        "12": 3044,
        "13": 2458,
        "14": 2188,
        "15": 1641,
        "16": 870,
        "0": 804,
        "18": 652,
        "17": 648,
        "19": 633,
        "23": 511,
        "20": 511,
        "21": 449,
        "22": 444,
        "24": 423,
        "25": 417,
        "26": 357,
        "27": 297,
        "28": 153,
        "30": 106,
        "29": 102,
        "37": 94,
        "31": 80,
        "38": 61,
        "35": 60,
        "36": 50,
        "34": 47,
        "33": 40,
        "32": 39,
        "39": 27,
        "48": 17,
        "40": 16,
        "44": 16,
        "41": 12,
        "46": 11,
        "43": 9,
        "42": 9,
        "47": 8,
        "45": 6,
        "49": 5,
        "51": 4,
        "57": 2,
        "50": 2,
        "62": 2,
        "54": 2,
        "442": 1,
        "59": 1,
        "1044": 1,
        "1088": 1,
        "55": 1,
        "52": 1,
        "58": 1,
        "426": 1,
        "61": 1,
        "1043": 1,
        "89": 1,
        "77": 1
    },
    "nrows": 82318
}