{
    "column_id": "Financial/disp.csvdisp.csv/disp_id",
    "dataset_name": "disp.csv",
    "dataset_id": "Financial/disp.csv",
    "path": "/home/ubuntu/CatDB/Experiments/data/Financial/disp.csv",
    "table_name": "disp.csv",
    "table_id": "Financial/disp.csvdisp.csv",
    "column_name": "disp_id",
    "data_source": "Financial",
    "data_type": "int",
    "total_values_count": 5369,
    "distinct_values_count": 5369,
    "missing_values_count": 0,
    "true_ratio": null,
    "min_value": 1.0,
    "max_value": 13690.0,
    "mean": 3337.0979698267834,
    "median": 2839.0,
    "iqr": 2839.0,
    "category_values": null,
    "embedding": [
        -1.0,
        -1.0,
        -1.0,
        1.0,
        -1.0,
        1.0,
        -1.0,
        -1.0,
        -0.9999781250953674,
        -1.0,
        1.0,
        -1.0,
        -1.0,
        1.0,
        1.0,
        1.0,
        1.0,
        -1.0,
        1.0,
        -1.0,
        1.0,
        -1.0,
        1.0,
        -1.0,
        1.0,
        -1.0,
        -1.0,
        1.0,
        -1.0,
        -1.0,
        1.0,
        1.0,
        -1.0,
        -1.0,
        -1.0,
        1.0,
        -1.0,
        1.0,
        1.0,
        -1.0,
        -1.0,
        1.0,
        -1.0,
        -1.0,
        -1.0,
        -1.0,
        1.0,
        -1.0,
        -0.9999624490737915,
        -0.9905562996864319,
        -1.0,
        1.0,
        1.0,
        1.0,
        -1.0,
        1.0,
        1.0,
        1.0,
        -1.0,
        0.9989429712295532,
        -1.0,
        -1.0,
        1.0,
        -1.0,
        1.0,
        -1.0,
        1.0,
        -1.0,
        1.0,
        1.0,
        1.0,
        -1.0,
        -1.0,
        -1.0,
        -1.0,
        1.0,
        1.0,
        1.0,
        1.0,
        1.0,
        1.0,
        1.0,
        1.0,
        -1.0,
        -1.0,
        1.0,
        -1.0,
        1.0,
        1.0,
        1.0,
        -1.0,
        1.0,
        1.0,
        -1.0,
        1.0,
        -1.0,
        1.0,
        -1.0,
        -1.0,
        -1.0,
        -0.9976810812950134,
        -1.0,
        1.0,
        -1.0,
        -1.0,
        1.0,
        1.0,
        1.0,
        -1.0,
        -1.0,
        1.0,
        -1.0,
        -1.0,
        1.0,
        1.0,
        1.0,
        1.0,
        1.0,
        1.0,
        -1.0,
        -1.0,
        1.0,
        -1.0,
        -1.0,
        1.0,
        -1.0,
        -1.0,
        -0.9998010993003845,
        -1.0,
        1.0,
        -1.0,
        1.0,
        -1.0,
        -1.0,
        1.0,
        -1.0,
        -1.0,
        1.0,
        1.0,
        -1.0,
        1.0,
        1.0,
        1.0,
        -1.0,
        1.0,
        -1.0,
        1.0,
        -1.0,
        -1.0,
        -1.0,
        0.9987484812736511,
        -1.0,
        1.0,
        -1.0,
        1.0,
        -1.0,
        1.0,
        -1.0,
        1.0,
        -1.0,
        -1.0,
        1.0,
        -1.0,
        -1.0,
        1.0,
        -1.0,
        1.0,
        -1.0,
        -1.0,
        -1.0,
        -1.0,
        -1.0,
        1.0,
        1.0,
        -1.0,
        -1.0,
        1.0,
        -1.0,
        -1.0,
        -1.0,
        1.0,
        -1.0,
        -1.0,
        -1.0,
        1.0,
        -1.0,
        1.0,
        -1.0,
        -1.0,
        -1.0,
        1.0,
        1.0,
        1.0,
        1.0,
        -1.0,
        -1.0,
        1.0,
        -1.0,
        -1.0,
        1.0,
        -1.0,
        1.0,
        -1.0,
        -1.0,
        -1.0,
        -1.0,
        1.0,
        1.0,
        -1.0,
        -1.0,
        -1.0,
        1.0,
        -1.0,
        -1.0,
        -1.0,
        1.0,
        -1.0,
        1.0,
        -1.0,
        -1.0,
        1.0,
        -1.0,
        -1.0,
        1.0,
        -0.9999842047691345,
        -0.9910296201705933,
        1.0,
        -1.0,
        -1.0,
        -1.0,
        1.0,
        -1.0,
        1.0,
        -1.0,
        -1.0,
        1.0,
        -1.0,
        1.0,
        1.0,
        -0.999997079372406,
        1.0,
        -0.9858061671257019,
        1.0,
        -1.0,
        1.0,
        1.0,
        -1.0,
        -1.0,
        -1.0,
        1.0,
        1.0,
        1.0,
        -1.0,
        -1.0,
        -1.0,
        1.0,
        1.0,
        -1.0,
        -1.0,
        -1.0,
        1.0,
        1.0,
        1.0,
        -1.0,
        1.0,
        -1.0,
        -1.0,
        -1.0,
        1.0,
        1.0,
        -0.9977771639823914,
        -1.0,
        -1.0,
        1.0,
        -1.0,
        1.0,
        1.0,
        1.0,
        1.0,
        1.0,
        1.0,
        -1.0,
        1.0,
        1.0,
        1.0,
        -1.0,
        -1.0,
        1.0,
        -1.0,
        -1.0,
        -1.0,
        1.0,
        -1.0,
        -1.0,
        -1.0,
        -1.0,
        -1.0,
        1.0,
        1.0,
        1.0
    ],
    "embedding_scaling_factor": 14.271258354187012,
    "samples": [
        1039,
        4360,
        2960,
        4638,
        658,
        2433,
        1166,
        571,
        4518,
        10944,
        1787,
        7753,
        3368,
        9965,
        3270,
        4333,
        1698,
        5138,
        3712,
        12736,
        707,
        11447,
        4230,
        2691,
        3276,
        640,
        2516,
        6827,
        4992,
        3277,
        1713,
        2762,
        7311,
        13104,
        8918,
        3550,
        266,
        2303,
        2529,
        1690,
        2496,
        2430,
        2458,
        2636,
        10823,
        6922,
        3458,
        2175,
        7195,
        11029,
        3440,
        843,
        720,
        1363,
        3117,
        1024,
        5046,
        3667,
        1637,
        4807,
        2365,
        1331,
        3290,
        582,
        4525,
        3617,
        2381,
        3877,
        2196,
        1028,
        3590,
        2148,
        3571,
        1592,
        1367,
        1625,
        3800,
        3111,
        3274,
        4755,
        3857,
        3973,
        4586,
        3092,
        2991,
        107,
        10042,
        1561,
        1681,
        586,
        3275,
        19,
        3620,
        3083,
        1416,
        1178,
        1504,
        2818,
        132,
        10490
    ],
    "category_values_ratio": null,
    "nrows": 5369
}