{
    "column_id": "Walmart-2014/train.csvtrain.csv/Dept",
    "dataset_name": "train.csv",
    "dataset_id": "Walmart-2014/train.csv",
    "path": "/home/ubuntu/CatDB/Experiments/data/Walmart-2014/train.csv",
    "table_name": "train.csv",
    "table_id": "Walmart-2014/train.csvtrain.csv",
    "column_name": "Dept",
    "data_source": "Walmart-2014",
    "data_type": "int",
    "total_values_count": 421570,
    "distinct_values_count": 81,
    "missing_values_count": 0,
    "true_ratio": null,
    "min_value": 1.0,
    "max_value": 99.0,
    "mean": 44.26031738501317,
    "median": 37.0,
    "iqr": 56.0,
    "category_values": [
        1,
        2,
        3,
        4,
        5,
        6,
        7,
        8,
        9,
        10,
        11,
        12,
        13,
        14,
        16,
        17,
        18,
        19,
        20,
        21,
        22,
        23,
        24,
        25,
        26,
        27,
        28,
        29,
        30,
        31,
        32,
        33,
        34,
        35,
        36,
        37,
        38,
        40,
        41,
        42,
        44,
        45,
        46,
        47,
        48,
        49,
        51,
        52,
        54,
        55,
        56,
        58,
        59,
        60,
        67,
        71,
        72,
        74,
        77,
        78,
        79,
        80,
        81,
        82,
        83,
        85,
        87,
        90,
        91,
        92,
        93,
        94,
        95,
        96,
        97,
        98,
        99,
        39,
        50,
        43,
        65
    ],
    "embedding": [
        -1.0,
        -1.0,
        -1.0,
        1.0,
        -1.0,
        1.0,
        -1.0,
        -1.0,
        -1.0,
        -1.0,
        1.0,
        -1.0,
        -1.0,
        1.0,
        1.0,
        1.0,
        1.0,
        -1.0,
        1.0,
        -1.0,
        1.0,
        -1.0,
        1.0,
        -1.0,
        1.0,
        -1.0,
        -1.0,
        1.0,
        -1.0,
        -1.0,
        1.0,
        1.0,
        -1.0,
        -1.0,
        -1.0,
        1.0,
        -1.0,
        1.0,
        1.0,
        -1.0,
        -1.0,
        1.0,
        -1.0,
        -1.0,
        -1.0,
        -1.0,
        1.0,
        -1.0,
        -1.0,
        -0.947740912437439,
        -1.0,
        1.0,
        1.0,
        1.0,
        -1.0,
        1.0,
        1.0,
        1.0,
        -1.0,
        0.9741157293319702,
        -1.0,
        -1.0,
        1.0,
        -1.0,
        1.0,
        -1.0,
        1.0,
        -1.0,
        1.0,
        1.0,
        1.0,
        -1.0,
        -1.0,
        -1.0,
        -1.0,
        1.0,
        1.0,
        1.0,
        1.0,
        1.0,
        1.0,
        1.0,
        1.0,
        -1.0,
        -1.0,
        1.0,
        -1.0,
        1.0,
        1.0,
        1.0,
        -1.0,
        1.0,
        1.0,
        -1.0,
        1.0,
        -1.0,
        1.0,
        -1.0,
        -1.0,
        -1.0,
        -0.995515763759613,
        -1.0,
        1.0,
        -1.0,
        -1.0,
        1.0,
        1.0,
        1.0,
        -1.0,
        -1.0,
        1.0,
        -1.0,
        -1.0,
        1.0,
        1.0,
        1.0,
        1.0,
        1.0,
        1.0,
        -1.0,
        -1.0,
        1.0,
        -1.0,
        -1.0,
        1.0,
        -1.0,
        -1.0,
        -1.0,
        -1.0,
        1.0,
        -1.0,
        1.0,
        -1.0,
        -1.0,
        1.0,
        -1.0,
        -1.0,
        1.0,
        1.0,
        -1.0,
        1.0,
        1.0,
        1.0,
        -1.0,
        1.0,
        -1.0,
        1.0,
        -1.0,
        -1.0,
        -1.0,
        1.0,
        -1.0,
        1.0,
        -1.0,
        1.0,
        -1.0,
        1.0,
        -1.0,
        1.0,
        -1.0,
        -1.0,
        1.0,
        -1.0,
        -1.0,
        1.0,
        -1.0,
        1.0,
        -1.0,
        -1.0,
        -1.0,
        -1.0,
        -1.0,
        1.0,
        1.0,
        -1.0,
        -1.0,
        1.0,
        -1.0,
        -1.0,
        -1.0,
        1.0,
        -1.0,
        -1.0,
        -1.0,
        1.0,
        -1.0,
        1.0,
        -1.0,
        -1.0,
        -1.0,
        1.0,
        1.0,
        1.0,
        1.0,
        -1.0,
        -1.0,
        1.0,
        -1.0,
        -1.0,
        1.0,
        -1.0,
        1.0,
        -1.0,
        -1.0,
        -1.0,
        -1.0,
        1.0,
        1.0,
        -1.0,
        -1.0,
        -1.0,
        1.0,
        -1.0,
        -1.0,
        -1.0,
        1.0,
        -1.0,
        1.0,
        -1.0,
        -1.0,
        1.0,
        -1.0,
        -1.0,
        1.0,
        -1.0,
        -0.9441632628440857,
        1.0,
        -1.0,
        -1.0,
        -1.0,
        1.0,
        -1.0,
        1.0,
        -1.0,
        -1.0,
        1.0,
        -1.0,
        1.0,
        1.0,
        -1.0,
        1.0,
        -0.9449825286865234,
        1.0,
        -1.0,
        1.0,
        1.0,
        -1.0,
        -1.0,
        -1.0,
        1.0,
        1.0,
        1.0,
        -1.0,
        -1.0,
        -1.0,
        1.0,
        1.0,
        -1.0,
        -1.0,
        -1.0,
        1.0,
        1.0,
        1.0,
        -1.0,
        1.0,
        -1.0,
        -1.0,
        -1.0,
        1.0,
        1.0,
        -0.993258535861969,
        -1.0,
        -1.0,
        1.0,
        -1.0,
        1.0,
        1.0,
        1.0,
        1.0,
        1.0,
        1.0,
        -1.0,
        1.0,
        1.0,
        1.0,
        -1.0,
        -1.0,
        1.0,
        -1.0,
        -1.0,
        -1.0,
        1.0,
        -1.0,
        -1.0,
        -1.0,
        -1.0,
        -1.0,
        1.0,
        1.0,
        1.0
    ],
    "embedding_scaling_factor": 143.9070587158203,
    "samples": [
        10,
        26,
        22,
        9,
        22,
        83,
        93,
        44,
        32,
        37,
        52,
        19,
        2,
        94,
        4,
        38,
        92,
        56,
        2,
        41,
        72,
        5,
        14,
        14,
        59,
        31,
        55,
        28,
        50,
        52,
        10,
        38,
        52,
        90,
        55,
        1,
        21,
        21,
        92,
        80,
        98,
        21,
        56,
        13,
        72,
        92,
        96,
        56,
        9,
        7,
        72,
        83,
        59,
        87,
        10,
        72,
        83,
        54,
        97,
        92,
        28,
        56,
        21,
        81,
        49,
        90,
        19,
        97,
        9,
        91,
        14,
        21,
        94,
        8,
        28,
        96,
        33,
        35,
        94,
        97,
        67,
        27,
        22,
        14,
        31,
        7,
        81,
        82,
        25,
        8,
        21,
        12,
        93,
        46,
        58,
        37,
        94,
        95,
        20,
        33
    ],
    "category_values_ratio": {
        "1": 6435,
        "90": 6435,
        "67": 6435,
        "16": 6435,
        "8": 6435,
        "10": 6435,
        "3": 6435,
        "13": 6435,
        "4": 6435,
        "14": 6435,
        "91": 6435,
        "7": 6435,
        "21": 6435,
        "79": 6435,
        "81": 6435,
        "95": 6435,
        "46": 6435,
        "82": 6435,
        "2": 6435,
        "40": 6435,
        "38": 6435,
        "92": 6435,
        "11": 6434,
        "74": 6430,
        "17": 6412,
        "12": 6409,
        "42": 6401,
        "87": 6391,
        "25": 6354,
        "9": 6354,
        "5": 6347,
        "97": 6278,
        "52": 6268,
        "28": 6124,
        "59": 6106,
        "31": 6067,
        "85": 6055,
        "72": 6046,
        "20": 6032,
        "6": 5986,
        "32": 5956,
        "93": 5913,
        "83": 5908,
        "80": 5891,
        "56": 5872,
        "98": 5836,
        "23": 5774,
        "60": 5772,
        "26": 5739,
        "94": 5685,
        "27": 5619,
        "55": 5596,
        "22": 5543,
        "44": 5471,
        "24": 5406,
        "41": 5393,
        "33": 5390,
        "34": 5326,
        "71": 5309,
        "29": 5308,
        "35": 5297,
        "36": 5295,
        "30": 5291,
        "18": 5029,
        "96": 4854,
        "54": 4767,
        "49": 4482,
        "58": 4390,
        "19": 4119,
        "37": 2577,
        "45": 1936,
        "48": 1742,
        "50": 1562,
        "51": 1394,
        "99": 862,
        "47": 646,
        "78": 235,
        "77": 150,
        "65": 143,
        "39": 16,
        "43": 12
    },
    "nrows": 421570
}