{
    "column_id": "Black-Friday/Black-Friday.csvBlack-Friday.csv/Marital_Status",
    "dataset_name": "Black-Friday.csv",
    "dataset_id": "Black-Friday/Black-Friday.csv",
    "path": "/home/ubuntu/CatDB/Experiments/data/Black-Friday/Black-Friday.csv",
    "table_name": "Black-Friday.csv",
    "table_id": "Black-Friday/Black-Friday.csvBlack-Friday.csv",
    "column_name": "Marital_Status",
    "data_source": "Black-Friday",
    "data_type": "boolean",
    "total_values_count": 166821,
    "distinct_values_count": 2,
    "missing_values_count": 0,
    "true_ratio": 0.4028389711127496,
    "min_value": null,
    "max_value": null,
    "mean": null,
    "median": null,
    "iqr": null,
    "category_values": [
        0,
        1
    ],
    "embedding": null,
    "embedding_scaling_factor": null,
    "samples": [
        1,
        1,
        0,
        0,
        0,
        1,
        1,
        0,
        1,
        0,
        0,
        1,
        0,
        1,
        1,
        0,
        0,
        0,
        1,
        0,
        0,
        0,
        1,
        0,
        0,
        0,
        1,
        1,
        1,
        1,
        1,
        1,
        1,
        0,
        0,
        1,
        1,
        0,
        1,
        0,
        0,
        1,
        0,
        0,
        0,
        1,
        1,
        0,
        1,
        0,
        0,
        1,
        0,
        1,
        0,
        0,
        1,
        1,
        0,
        1,
        0,
        0,
        1,
        1,
        0,
        0,
        1,
        0,
        0,
        0,
        0,
        0,
        0,
        0,
        0,
        0,
        1,
        0,
        1,
        0,
        1,
        1,
        0,
        0,
        0,
        0,
        0,
        1,
        0,
        1,
        1,
        1,
        0,
        0,
        0,
        0,
        1,
        1,
        0,
        1
    ],
    "category_values_ratio": {
        "0": 99619,
        "1": 67202
    },
    "nrows": 166821
}