{
    "column_id": "Yelp/Checkins.csvCheckins.csv/Thursday_19",
    "dataset_name": "Checkins.csv",
    "dataset_id": "Yelp/Checkins.csv",
    "path": "/home/ubuntu/CatDB/Experiments/data/Yelp/Checkins.csv",
    "table_name": "Checkins.csv",
    "table_id": "Yelp/Checkins.csvCheckins.csv",
    "column_name": "Thursday_19",
    "data_source": "Yelp",
    "data_type": "int",
    "total_values_count": 8282,
    "distinct_values_count": 52,
    "missing_values_count": 0,
    "true_ratio": null,
    "min_value": 0.0,
    "max_value": 234.0,
    "mean": 1.641390968365129,
    "median": 0.0,
    "iqr": 1.0,
    "category_values": [
        3,
        1,
        0,
        5,
        9,
        2,
        6,
        7,
        4,
        16,
        13,
        8,
        12,
        18,
        31,
        11,
        14,
        138,
        10,
        15,
        38,
        32,
        22,
        29,
        24,
        20,
        25,
        26,
        27,
        28,
        23,
        17,
        33,
        19,
        37,
        21,
        30,
        34,
        41,
        43,
        35,
        234,
        70,
        40,
        47,
        36,
        82,
        50,
        44,
        85,
        135,
        42
    ],
    "embedding": [
        -1.0,
        -1.0,
        -1.0,
        1.0,
        -1.0,
        1.0,
        -1.0,
        -1.0,
        -1.0,
        -1.0,
        1.0,
        -1.0,
        -1.0,
        1.0,
        1.0,
        1.0,
        1.0,
        -1.0,
        1.0,
        -1.0,
        1.0,
        -1.0,
        1.0,
        -1.0,
        1.0,
        -1.0,
        -1.0,
        1.0,
        -1.0,
        -1.0,
        1.0,
        1.0,
        -1.0,
        -1.0,
        -1.0,
        1.0,
        -1.0,
        1.0,
        1.0,
        -1.0,
        -1.0,
        1.0,
        -1.0,
        -1.0,
        -1.0,
        -1.0,
        1.0,
        -1.0,
        -1.0,
        0.014479653909802437,
        -1.0,
        1.0,
        1.0,
        1.0,
        -1.0,
        1.0,
        1.0,
        1.0,
        -1.0,
        0.676852822303772,
        -1.0,
        -1.0,
        1.0,
        -1.0,
        1.0,
        -1.0,
        1.0,
        -1.0,
        1.0,
        1.0,
        1.0,
        -1.0,
        -1.0,
        -1.0,
        -1.0,
        1.0,
        1.0,
        1.0,
        1.0,
        1.0,
        1.0,
        1.0,
        1.0,
        -1.0,
        -1.0,
        1.0,
        -1.0,
        1.0,
        1.0,
        1.0,
        -1.0,
        1.0,
        1.0,
        -1.0,
        1.0,
        -1.0,
        1.0,
        -1.0,
        -1.0,
        -1.0,
        -0.8831793665885925,
        -1.0,
        1.0,
        -1.0,
        -1.0,
        1.0,
        1.0,
        1.0,
        -1.0,
        -1.0,
        1.0,
        -1.0,
        -1.0,
        1.0,
        1.0,
        1.0,
        1.0,
        1.0,
        1.0,
        -1.0,
        -1.0,
        1.0,
        -1.0,
        -1.0,
        1.0,
        -1.0,
        -1.0,
        -1.0,
        -1.0,
        1.0,
        -1.0,
        1.0,
        -1.0,
        -1.0,
        1.0,
        -1.0,
        -1.0,
        1.0,
        1.0,
        -1.0,
        1.0,
        1.0,
        1.0,
        -1.0,
        1.0,
        -1.0,
        1.0,
        -1.0,
        -1.0,
        -1.0,
        1.0,
        -1.0,
        1.0,
        -1.0,
        1.0,
        -1.0,
        1.0,
        -1.0,
        1.0,
        -1.0,
        -1.0,
        1.0,
        -1.0,
        -1.0,
        1.0,
        -1.0,
        1.0,
        -1.0,
        -1.0,
        -1.0,
        -1.0,
        -1.0,
        1.0,
        1.0,
        -1.0,
        -1.0,
        1.0,
        -1.0,
        -1.0,
        -1.0,
        1.0,
        -1.0,
        -1.0,
        -1.0,
        1.0,
        -1.0,
        1.0,
        -1.0,
        -1.0,
        -1.0,
        1.0,
        1.0,
        1.0,
        1.0,
        -1.0,
        -1.0,
        1.0,
        -1.0,
        -1.0,
        1.0,
        -1.0,
        1.0,
        -1.0,
        -1.0,
        -1.0,
        -1.0,
        1.0,
        1.0,
        -1.0,
        -1.0,
        -1.0,
        1.0,
        -1.0,
        -1.0,
        -1.0,
        1.0,
        -1.0,
        1.0,
        -1.0,
        -1.0,
        1.0,
        -1.0,
        -1.0,
        1.0,
        -1.0,
        0.00770121393725276,
        1.0,
        -1.0,
        -1.0,
        -1.0,
        1.0,
        -1.0,
        1.0,
        -1.0,
        -1.0,
        1.0,
        -1.0,
        1.0,
        1.0,
        -1.0,
        1.0,
        0.042434412986040115,
        1.0,
        -1.0,
        1.0,
        1.0,
        -1.0,
        -1.0,
        -1.0,
        1.0,
        1.0,
        1.0,
        -1.0,
        -1.0,
        -1.0,
        1.0,
        1.0,
        -1.0,
        -1.0,
        -1.0,
        1.0,
        1.0,
        1.0,
        -1.0,
        1.0,
        -1.0,
        -1.0,
        -1.0,
        1.0,
        1.0,
        -0.8619118332862854,
        -1.0,
        -1.0,
        1.0,
        -1.0,
        1.0,
        1.0,
        1.0,
        1.0,
        1.0,
        1.0,
        -1.0,
        1.0,
        1.0,
        1.0,
        -1.0,
        -1.0,
        1.0,
        -1.0,
        -1.0,
        -1.0,
        1.0,
        -1.0,
        -1.0,
        -1.0,
        -1.0,
        -1.0,
        1.0,
        1.0,
        1.0
    ],
    "embedding_scaling_factor": 295.62689208984375,
    "samples": [
        0,
        0,
        1,
        1,
        0,
        1,
        0,
        0,
        1,
        27,
        0,
        0,
        0,
        12,
        0,
        0,
        0,
        0,
        1,
        0,
        5,
        2,
        3,
        0,
        1,
        0,
        14,
        0,
        1,
        0,
        0,
        0,
        0,
        0,
        1,
        0,
        1,
        6,
        0,
        0,
        5,
        0,
        0,
        0,
        0,
        2,
        0,
        10,
        0,
        0,
        3,
        6,
        2,
        0,
        4,
        0,
        0,
        0,
        0,
        0,
        1,
        7,
        0,
        0,
        4,
        14,
        1,
        4,
        12,
        1,
        0,
        0,
        0,
        0,
        1,
        0,
        0,
        0,
        0,
        1,
        13,
        3,
        0,
        0,
        0,
        0,
        2,
        0,
        0,
        1,
        0,
        0,
        0,
        1,
        1,
        0,
        0,
        0,
        1,
        0
    ],
    "category_values_ratio": {
        "0": 5231,
        "1": 1175,
        "2": 528,
        "3": 347,
        "4": 206,
        "5": 143,
        "6": 117,
        "7": 82,
        "8": 74,
        "9": 59,
        "10": 41,
        "11": 35,
        "12": 31,
        "14": 22,
        "13": 22,
        "16": 19,
        "15": 15,
        "17": 14,
        "18": 12,
        "19": 11,
        "22": 8,
        "20": 8,
        "21": 7,
        "29": 7,
        "24": 6,
        "32": 5,
        "25": 5,
        "23": 5,
        "28": 4,
        "47": 4,
        "27": 4,
        "31": 4,
        "26": 3,
        "34": 3,
        "43": 3,
        "37": 3,
        "40": 2,
        "41": 2,
        "35": 2,
        "36": 1,
        "135": 1,
        "85": 1,
        "44": 1,
        "50": 1,
        "82": 1,
        "33": 1,
        "38": 1,
        "30": 1,
        "70": 1,
        "234": 1,
        "138": 1,
        "42": 1
    },
    "nrows": 8282
}