{
    "column_id": "Yelp/Checkins.csvCheckins.csv/Thursday_18",
    "dataset_name": "Checkins.csv",
    "dataset_id": "Yelp/Checkins.csv",
    "path": "/home/ubuntu/CatDB/Experiments/data/Yelp/Checkins.csv",
    "table_name": "Checkins.csv",
    "table_id": "Yelp/Checkins.csvCheckins.csv",
    "column_name": "Thursday_18",
    "data_source": "Yelp",
    "data_type": "int",
    "total_values_count": 8282,
    "distinct_values_count": 55,
    "missing_values_count": 0,
    "true_ratio": null,
    "min_value": 0.0,
    "max_value": 305.0,
    "mean": 1.7829026805119537,
    "median": 0.0,
    "iqr": 1.0,
    "category_values": [
        2,
        4,
        0,
        1,
        8,
        5,
        3,
        20,
        13,
        7,
        11,
        42,
        10,
        15,
        6,
        14,
        185,
        9,
        48,
        12,
        16,
        19,
        23,
        21,
        17,
        18,
        30,
        22,
        36,
        25,
        32,
        26,
        27,
        35,
        33,
        34,
        38,
        29,
        68,
        289,
        41,
        62,
        28,
        45,
        49,
        24,
        54,
        61,
        31,
        40,
        67,
        98,
        37,
        305,
        50
    ],
    "embedding": [
        -1.0,
        -1.0,
        -1.0,
        1.0,
        -1.0,
        1.0,
        -1.0,
        -1.0,
        -1.0,
        -1.0,
        1.0,
        -1.0,
        -1.0,
        1.0,
        1.0,
        1.0,
        1.0,
        -1.0,
        1.0,
        -1.0,
        1.0,
        -1.0,
        1.0,
        -1.0,
        1.0,
        -1.0,
        -1.0,
        1.0,
        -1.0,
        -1.0,
        1.0,
        1.0,
        -1.0,
        -1.0,
        -1.0,
        1.0,
        -1.0,
        1.0,
        1.0,
        -1.0,
        -1.0,
        1.0,
        -1.0,
        -1.0,
        -1.0,
        -1.0,
        1.0,
        -1.0,
        -1.0,
        0.0005773162702098489,
        -1.0,
        1.0,
        1.0,
        1.0,
        -1.0,
        1.0,
        1.0,
        1.0,
        -1.0,
        0.6615959405899048,
        -1.0,
        -1.0,
        1.0,
        -1.0,
        1.0,
        -1.0,
        1.0,
        -1.0,
        1.0,
        1.0,
        1.0,
        -1.0,
        -1.0,
        -1.0,
        -1.0,
        1.0,
        1.0,
        1.0,
        1.0,
        1.0,
        1.0,
        1.0,
        1.0,
        -1.0,
        -1.0,
        1.0,
        -1.0,
        1.0,
        1.0,
        1.0,
        -1.0,
        1.0,
        1.0,
        -1.0,
        1.0,
        -1.0,
        1.0,
        -1.0,
        -1.0,
        -1.0,
        -0.8847673535346985,
        -1.0,
        1.0,
        -1.0,
        -1.0,
        1.0,
        1.0,
        1.0,
        -1.0,
        -1.0,
        1.0,
        -1.0,
        -1.0,
        1.0,
        1.0,
        1.0,
        1.0,
        1.0,
        1.0,
        -1.0,
        -1.0,
        1.0,
        -1.0,
        -1.0,
        1.0,
        -1.0,
        -1.0,
        -1.0,
        -1.0,
        1.0,
        -1.0,
        1.0,
        -1.0,
        -1.0,
        1.0,
        -1.0,
        -1.0,
        1.0,
        1.0,
        -1.0,
        1.0,
        1.0,
        1.0,
        -1.0,
        1.0,
        -1.0,
        1.0,
        -1.0,
        -1.0,
        -1.0,
        1.0,
        -1.0,
        1.0,
        -1.0,
        1.0,
        -1.0,
        1.0,
        -1.0,
        1.0,
        -1.0,
        -1.0,
        1.0,
        -1.0,
        -1.0,
        1.0,
        -1.0,
        1.0,
        -1.0,
        -1.0,
        -1.0,
        -1.0,
        -1.0,
        1.0,
        1.0,
        -1.0,
        -1.0,
        1.0,
        -1.0,
        -1.0,
        -1.0,
        1.0,
        -1.0,
        -1.0,
        -1.0,
        1.0,
        -1.0,
        1.0,
        -1.0,
        -1.0,
        -1.0,
        1.0,
        1.0,
        1.0,
        1.0,
        -1.0,
        -1.0,
        1.0,
        -1.0,
        -1.0,
        1.0,
        -1.0,
        1.0,
        -1.0,
        -1.0,
        -1.0,
        -1.0,
        1.0,
        1.0,
        -1.0,
        -1.0,
        -1.0,
        1.0,
        -1.0,
        -1.0,
        -1.0,
        1.0,
        -1.0,
        1.0,
        -1.0,
        -1.0,
        1.0,
        -1.0,
        -1.0,
        1.0,
        -1.0,
        -0.004043386317789555,
        1.0,
        -1.0,
        -1.0,
        -1.0,
        1.0,
        -1.0,
        1.0,
        -1.0,
        -1.0,
        1.0,
        -1.0,
        1.0,
        1.0,
        -1.0,
        1.0,
        0.027826499193906784,
        1.0,
        -1.0,
        1.0,
        1.0,
        -1.0,
        -1.0,
        -1.0,
        1.0,
        1.0,
        1.0,
        -1.0,
        -1.0,
        -1.0,
        1.0,
        1.0,
        -1.0,
        -1.0,
        -1.0,
        1.0,
        1.0,
        1.0,
        -1.0,
        1.0,
        -1.0,
        -1.0,
        -1.0,
        1.0,
        1.0,
        -0.861570417881012,
        -1.0,
        -1.0,
        1.0,
        -1.0,
        1.0,
        1.0,
        1.0,
        1.0,
        1.0,
        1.0,
        -1.0,
        1.0,
        1.0,
        1.0,
        -1.0,
        -1.0,
        1.0,
        -1.0,
        -1.0,
        -1.0,
        1.0,
        -1.0,
        -1.0,
        -1.0,
        -1.0,
        -1.0,
        1.0,
        1.0,
        1.0
    ],
    "embedding_scaling_factor": 358.6470031738281,
    "samples": [
        0,
        0,
        0,
        0,
        0,
        6,
        2,
        0,
        0,
        0,
        1,
        2,
        0,
        1,
        0,
        0,
        1,
        0,
        4,
        2,
        0,
        5,
        0,
        0,
        0,
        24,
        0,
        9,
        5,
        1,
        0,
        0,
        0,
        1,
        0,
        0,
        1,
        13,
        1,
        1,
        18,
        0,
        0,
        1,
        0,
        5,
        6,
        1,
        1,
        1,
        0,
        0,
        0,
        2,
        0,
        0,
        0,
        0,
        1,
        0,
        2,
        0,
        19,
        0,
        0,
        4,
        0,
        1,
        0,
        1,
        1,
        0,
        0,
        0,
        0,
        41,
        0,
        0,
        0,
        4,
        1,
        0,
        0,
        0,
        0,
        20,
        0,
        4,
        0,
        0,
        1,
        0,
        0,
        0,
        1,
        0,
        0,
        1,
        0,
        9
    ],
    "category_values_ratio": {
        "0": 5024,
        "1": 1256,
        "2": 567,
        "3": 329,
        "4": 239,
        "5": 166,
        "6": 113,
        "7": 81,
        "8": 79,
        "9": 59,
        "10": 57,
        "11": 55,
        "12": 33,
        "13": 26,
        "15": 26,
        "14": 22,
        "17": 19,
        "16": 12,
        "19": 12,
        "21": 12,
        "18": 12,
        "23": 9,
        "25": 7,
        "27": 6,
        "20": 6,
        "22": 5,
        "30": 5,
        "34": 5,
        "29": 4,
        "37": 3,
        "24": 3,
        "26": 3,
        "45": 2,
        "41": 2,
        "50": 2,
        "33": 2,
        "28": 1,
        "49": 1,
        "185": 1,
        "68": 1,
        "36": 1,
        "35": 1,
        "289": 1,
        "32": 1,
        "38": 1,
        "67": 1,
        "61": 1,
        "31": 1,
        "40": 1,
        "98": 1,
        "48": 1,
        "305": 1,
        "54": 1,
        "42": 1,
        "62": 1
    },
    "nrows": 8282
}