{
    "column_id": "Yelp/Checkins.csvCheckins.csv/Friday_11",
    "dataset_name": "Checkins.csv",
    "dataset_id": "Yelp/Checkins.csv",
    "path": "/home/ubuntu/CatDB/Experiments/data/Yelp/Checkins.csv",
    "table_name": "Checkins.csv",
    "table_id": "Yelp/Checkins.csvCheckins.csv",
    "column_name": "Friday_11",
    "data_source": "Yelp",
    "data_type": "int",
    "total_values_count": 8282,
    "distinct_values_count": 51,
    "missing_values_count": 0,
    "true_ratio": null,
    "min_value": 0.0,
    "max_value": 166.0,
    "mean": 1.4300893503984544,
    "median": 0.0,
    "iqr": 1.0,
    "category_values": [
        0,
        1,
        2,
        93,
        4,
        3,
        19,
        6,
        5,
        12,
        21,
        10,
        9,
        7,
        17,
        34,
        13,
        15,
        11,
        14,
        8,
        27,
        32,
        22,
        20,
        25,
        23,
        40,
        28,
        33,
        39,
        51,
        35,
        16,
        76,
        166,
        43,
        26,
        18,
        38,
        44,
        52,
        24,
        36,
        48,
        100,
        29,
        61,
        42,
        37,
        30
    ],
    "embedding": [
        -1.0,
        -1.0,
        -1.0,
        1.0,
        -1.0,
        1.0,
        -1.0,
        -1.0,
        -1.0,
        -1.0,
        1.0,
        -1.0,
        -1.0,
        1.0,
        1.0,
        1.0,
        1.0,
        -1.0,
        1.0,
        -1.0,
        1.0,
        -1.0,
        1.0,
        -1.0,
        1.0,
        -1.0,
        -1.0,
        1.0,
        -1.0,
        -1.0,
        1.0,
        1.0,
        -1.0,
        -1.0,
        -1.0,
        1.0,
        -1.0,
        1.0,
        1.0,
        -1.0,
        -1.0,
        1.0,
        -1.0,
        -1.0,
        -1.0,
        -1.0,
        1.0,
        -1.0,
        -1.0,
        0.014139063656330109,
        -1.0,
        1.0,
        1.0,
        1.0,
        -1.0,
        1.0,
        1.0,
        1.0,
        -1.0,
        0.6456719040870667,
        -1.0,
        -1.0,
        1.0,
        -1.0,
        1.0,
        -1.0,
        1.0,
        -1.0,
        1.0,
        1.0,
        1.0,
        -1.0,
        -1.0,
        -1.0,
        -1.0,
        1.0,
        1.0,
        1.0,
        1.0,
        1.0,
        1.0,
        1.0,
        1.0,
        -1.0,
        -1.0,
        1.0,
        -1.0,
        1.0,
        1.0,
        1.0,
        -1.0,
        1.0,
        1.0,
        -1.0,
        1.0,
        -1.0,
        1.0,
        -1.0,
        -1.0,
        -1.0,
        -0.8829329609870911,
        -1.0,
        1.0,
        -1.0,
        -1.0,
        1.0,
        1.0,
        1.0,
        -1.0,
        -1.0,
        1.0,
        -1.0,
        -1.0,
        1.0,
        1.0,
        1.0,
        1.0,
        1.0,
        1.0,
        -1.0,
        -1.0,
        1.0,
        -1.0,
        -1.0,
        1.0,
        -1.0,
        -1.0,
        -1.0,
        -1.0,
        1.0,
        -1.0,
        1.0,
        -1.0,
        -1.0,
        1.0,
        -1.0,
        -1.0,
        1.0,
        1.0,
        -1.0,
        1.0,
        1.0,
        1.0,
        -1.0,
        1.0,
        -1.0,
        1.0,
        -1.0,
        -1.0,
        -1.0,
        1.0,
        -1.0,
        1.0,
        -1.0,
        1.0,
        -1.0,
        1.0,
        -1.0,
        1.0,
        -1.0,
        -1.0,
        1.0,
        -1.0,
        -1.0,
        1.0,
        -1.0,
        1.0,
        -1.0,
        -1.0,
        -1.0,
        -1.0,
        -1.0,
        1.0,
        1.0,
        -1.0,
        -1.0,
        1.0,
        -1.0,
        -1.0,
        -1.0,
        1.0,
        -1.0,
        -1.0,
        -1.0,
        1.0,
        -1.0,
        1.0,
        -1.0,
        -1.0,
        -1.0,
        1.0,
        1.0,
        1.0,
        1.0,
        -1.0,
        -1.0,
        1.0,
        -1.0,
        -1.0,
        1.0,
        -1.0,
        1.0,
        -1.0,
        -1.0,
        -1.0,
        -1.0,
        1.0,
        1.0,
        -1.0,
        -1.0,
        -1.0,
        1.0,
        -1.0,
        -1.0,
        -1.0,
        1.0,
        -1.0,
        1.0,
        -1.0,
        -1.0,
        1.0,
        -1.0,
        -1.0,
        1.0,
        -1.0,
        0.00809960626065731,
        1.0,
        -1.0,
        -1.0,
        -1.0,
        1.0,
        -1.0,
        1.0,
        -1.0,
        -1.0,
        1.0,
        -1.0,
        1.0,
        1.0,
        -1.0,
        1.0,
        0.04035075381398201,
        1.0,
        -1.0,
        1.0,
        1.0,
        -1.0,
        -1.0,
        -1.0,
        1.0,
        1.0,
        1.0,
        -1.0,
        -1.0,
        -1.0,
        1.0,
        1.0,
        -1.0,
        -1.0,
        -1.0,
        1.0,
        1.0,
        1.0,
        -1.0,
        1.0,
        -1.0,
        -1.0,
        -1.0,
        1.0,
        1.0,
        -0.858167290687561,
        -1.0,
        -1.0,
        1.0,
        -1.0,
        1.0,
        1.0,
        1.0,
        1.0,
        1.0,
        1.0,
        -1.0,
        1.0,
        1.0,
        1.0,
        -1.0,
        -1.0,
        1.0,
        -1.0,
        -1.0,
        -1.0,
        1.0,
        -1.0,
        -1.0,
        -1.0,
        -1.0,
        -1.0,
        1.0,
        1.0,
        1.0
    ],
    "embedding_scaling_factor": 389.8417663574219,
    "samples": [
        1,
        0,
        1,
        0,
        0,
        0,
        1,
        1,
        0,
        3,
        1,
        0,
        5,
        2,
        0,
        0,
        1,
        1,
        0,
        3,
        2,
        0,
        0,
        0,
        1,
        3,
        0,
        3,
        0,
        0,
        0,
        18,
        3,
        6,
        0,
        2,
        0,
        2,
        2,
        0,
        6,
        2,
        3,
        0,
        4,
        0,
        0,
        0,
        3,
        166,
        0,
        0,
        0,
        0,
        0,
        0,
        0,
        0,
        1,
        1,
        51,
        0,
        0,
        1,
        4,
        1,
        0,
        1,
        0,
        0,
        2,
        0,
        0,
        4,
        0,
        0,
        1,
        5,
        0,
        3,
        0,
        0,
        0,
        1,
        0,
        0,
        0,
        1,
        0,
        1,
        1,
        1,
        0,
        0,
        0,
        3,
        0,
        0,
        0,
        2
    ],
    "category_values_ratio": {
        "0": 4867,
        "1": 1556,
        "2": 647,
        "3": 373,
        "4": 192,
        "5": 153,
        "6": 102,
        "7": 68,
        "8": 55,
        "9": 41,
        "11": 29,
        "10": 27,
        "12": 19,
        "13": 18,
        "14": 17,
        "15": 15,
        "17": 13,
        "18": 9,
        "20": 8,
        "19": 8,
        "21": 7,
        "16": 7,
        "34": 6,
        "22": 6,
        "23": 4,
        "35": 3,
        "27": 3,
        "51": 2,
        "29": 2,
        "28": 2,
        "38": 2,
        "24": 2,
        "26": 1,
        "93": 1,
        "32": 1,
        "40": 1,
        "33": 1,
        "39": 1,
        "76": 1,
        "166": 1,
        "43": 1,
        "42": 1,
        "25": 1,
        "52": 1,
        "37": 1,
        "36": 1,
        "48": 1,
        "61": 1,
        "44": 1,
        "100": 1,
        "30": 1
    },
    "nrows": 8282
}