{
    "column_id": "Yelp/Checkins.csvCheckins.csv/Thursday_12",
    "dataset_name": "Checkins.csv",
    "dataset_id": "Yelp/Checkins.csv",
    "path": "/home/ubuntu/CatDB/Experiments/data/Yelp/Checkins.csv",
    "table_name": "Checkins.csv",
    "table_id": "Yelp/Checkins.csvCheckins.csv",
    "column_name": "Thursday_12",
    "data_source": "Yelp",
    "data_type": "int",
    "total_values_count": 8282,
    "distinct_values_count": 53,
    "missing_values_count": 0,
    "true_ratio": null,
    "min_value": 0.0,
    "max_value": 254.0,
    "mean": 1.4242936488770828,
    "median": 0.0,
    "iqr": 1.0,
    "category_values": [
        1,
        2,
        0,
        5,
        46,
        3,
        15,
        7,
        8,
        6,
        4,
        52,
        10,
        21,
        9,
        11,
        14,
        17,
        16,
        25,
        22,
        24,
        18,
        13,
        61,
        20,
        12,
        19,
        29,
        51,
        106,
        98,
        49,
        45,
        57,
        69,
        254,
        47,
        43,
        41,
        105,
        27,
        23,
        88,
        37,
        32,
        77,
        53,
        31,
        94,
        33,
        67,
        28
    ],
    "embedding": [
        -1.0,
        -1.0,
        -1.0,
        1.0,
        -1.0,
        1.0,
        -1.0,
        -1.0,
        -1.0,
        -1.0,
        1.0,
        -1.0,
        -1.0,
        1.0,
        1.0,
        1.0,
        1.0,
        -1.0,
        1.0,
        -1.0,
        1.0,
        -1.0,
        1.0,
        -1.0,
        1.0,
        -1.0,
        -1.0,
        1.0,
        -1.0,
        -1.0,
        1.0,
        1.0,
        -1.0,
        -1.0,
        -1.0,
        1.0,
        -1.0,
        1.0,
        1.0,
        -1.0,
        -1.0,
        1.0,
        -1.0,
        -1.0,
        -1.0,
        -1.0,
        1.0,
        -1.0,
        -1.0,
        -0.008201644755899906,
        -1.0,
        1.0,
        1.0,
        1.0,
        -1.0,
        1.0,
        1.0,
        1.0,
        -1.0,
        0.6597622632980347,
        -1.0,
        -1.0,
        1.0,
        -1.0,
        1.0,
        -1.0,
        1.0,
        -1.0,
        1.0,
        1.0,
        1.0,
        -1.0,
        -1.0,
        -1.0,
        -1.0,
        1.0,
        1.0,
        1.0,
        1.0,
        1.0,
        1.0,
        1.0,
        1.0,
        -1.0,
        -1.0,
        1.0,
        -1.0,
        1.0,
        1.0,
        1.0,
        -1.0,
        1.0,
        1.0,
        -1.0,
        1.0,
        -1.0,
        1.0,
        -1.0,
        -1.0,
        -1.0,
        -0.885596752166748,
        -1.0,
        1.0,
        -1.0,
        -1.0,
        1.0,
        1.0,
        1.0,
        -1.0,
        -1.0,
        1.0,
        -1.0,
        -1.0,
        1.0,
        1.0,
        1.0,
        1.0,
        1.0,
        1.0,
        -1.0,
        -1.0,
        1.0,
        -1.0,
        -1.0,
        1.0,
        -1.0,
        -1.0,
        -1.0,
        -1.0,
        1.0,
        -1.0,
        1.0,
        -1.0,
        -1.0,
        1.0,
        -1.0,
        -1.0,
        1.0,
        1.0,
        -1.0,
        1.0,
        1.0,
        1.0,
        -1.0,
        1.0,
        -1.0,
        1.0,
        -1.0,
        -1.0,
        -1.0,
        1.0,
        -1.0,
        1.0,
        -1.0,
        1.0,
        -1.0,
        1.0,
        -1.0,
        1.0,
        -1.0,
        -1.0,
        1.0,
        -1.0,
        -1.0,
        1.0,
        -1.0,
        1.0,
        -1.0,
        -1.0,
        -1.0,
        -1.0,
        -1.0,
        1.0,
        1.0,
        -1.0,
        -1.0,
        1.0,
        -1.0,
        -1.0,
        -1.0,
        1.0,
        -1.0,
        -1.0,
        -1.0,
        1.0,
        -1.0,
        1.0,
        -1.0,
        -1.0,
        -1.0,
        1.0,
        1.0,
        1.0,
        1.0,
        -1.0,
        -1.0,
        1.0,
        -1.0,
        -1.0,
        1.0,
        -1.0,
        1.0,
        -1.0,
        -1.0,
        -1.0,
        -1.0,
        1.0,
        1.0,
        -1.0,
        -1.0,
        -1.0,
        1.0,
        -1.0,
        -1.0,
        -1.0,
        1.0,
        -1.0,
        1.0,
        -1.0,
        -1.0,
        1.0,
        -1.0,
        -1.0,
        1.0,
        -1.0,
        -0.01414756290614605,
        1.0,
        -1.0,
        -1.0,
        -1.0,
        1.0,
        -1.0,
        1.0,
        -1.0,
        -1.0,
        1.0,
        -1.0,
        1.0,
        1.0,
        -1.0,
        1.0,
        0.017525216564536095,
        1.0,
        -1.0,
        1.0,
        1.0,
        -1.0,
        -1.0,
        -1.0,
        1.0,
        1.0,
        1.0,
        -1.0,
        -1.0,
        -1.0,
        1.0,
        1.0,
        -1.0,
        -1.0,
        -1.0,
        1.0,
        1.0,
        1.0,
        -1.0,
        1.0,
        -1.0,
        -1.0,
        -1.0,
        1.0,
        1.0,
        -0.8620762825012207,
        -1.0,
        -1.0,
        1.0,
        -1.0,
        1.0,
        1.0,
        1.0,
        1.0,
        1.0,
        1.0,
        -1.0,
        1.0,
        1.0,
        1.0,
        -1.0,
        -1.0,
        1.0,
        -1.0,
        -1.0,
        -1.0,
        1.0,
        -1.0,
        -1.0,
        -1.0,
        -1.0,
        -1.0,
        1.0,
        1.0,
        1.0
    ],
    "embedding_scaling_factor": 347.2567138671875,
    "samples": [
        0,
        8,
        0,
        0,
        0,
        0,
        0,
        1,
        0,
        0,
        0,
        0,
        1,
        0,
        2,
        0,
        0,
        0,
        7,
        4,
        1,
        0,
        3,
        0,
        2,
        0,
        0,
        3,
        0,
        1,
        46,
        0,
        0,
        4,
        9,
        1,
        1,
        3,
        0,
        0,
        1,
        2,
        0,
        0,
        14,
        6,
        0,
        0,
        0,
        0,
        0,
        0,
        0,
        0,
        1,
        4,
        0,
        0,
        0,
        0,
        18,
        1,
        3,
        0,
        0,
        3,
        0,
        0,
        0,
        0,
        1,
        0,
        1,
        0,
        2,
        2,
        17,
        0,
        0,
        5,
        0,
        0,
        0,
        6,
        0,
        6,
        0,
        0,
        1,
        0,
        0,
        0,
        2,
        0,
        0,
        1,
        0,
        0,
        0,
        0
    ],
    "category_values_ratio": {
        "0": 4981,
        "1": 1466,
        "2": 646,
        "3": 325,
        "4": 233,
        "5": 143,
        "6": 102,
        "7": 83,
        "8": 51,
        "9": 40,
        "10": 37,
        "11": 24,
        "14": 21,
        "13": 16,
        "12": 14,
        "17": 13,
        "15": 8,
        "21": 7,
        "16": 7,
        "18": 7,
        "19": 7,
        "20": 6,
        "25": 5,
        "22": 5,
        "27": 4,
        "24": 3,
        "41": 2,
        "32": 1,
        "23": 1,
        "61": 1,
        "46": 1,
        "29": 1,
        "51": 1,
        "106": 1,
        "98": 1,
        "49": 1,
        "45": 1,
        "52": 1,
        "69": 1,
        "254": 1,
        "47": 1,
        "43": 1,
        "57": 1,
        "105": 1,
        "67": 1,
        "94": 1,
        "31": 1,
        "53": 1,
        "77": 1,
        "33": 1,
        "37": 1,
        "88": 1,
        "28": 1
    },
    "nrows": 8282
}