{
    "column_id": "IMDB/runningtimes.csvrunningtimes.csv/addition",
    "dataset_name": "runningtimes.csv",
    "dataset_id": "IMDB/runningtimes.csv",
    "path": "/home/ubuntu/CatDB/Experiments/data/IMDB/runningtimes.csv",
    "table_name": "runningtimes.csv",
    "table_id": "IMDB/runningtimes.csvrunningtimes.csv",
    "column_name": "addition",
    "data_source": "IMDB",
    "data_type": "natural_language_text",
    "total_values_count": 5086,
    "distinct_values_count": 218,
    "missing_values_count": 4392,
    "true_ratio": null,
    "min_value": null,
    "max_value": null,
    "mean": null,
    "median": null,
    "iqr": null,
    "category_values": [
        "(cut version)",
        "(premiere cut)",
        "(extended cut)",
        "(original version)",
        "(DVD version)",
        "(DVD)",
        "(TV version)",
        "(re-release)",
        "(special edition)",
        "(1976 release)",
        "(Sundance Film Festival)",
        "(final version)",
        "(2000 re-release)",
        "(copyright length)",
        "(director's cut)",
        "(2003 Special Edition)",
        "(1992 special edition)",
        "(DVD edition)",
        "(cut)",
        "(BBFC submission before censorship)",
        "(restored version: Library of Congress)",
        "(DVD extended cut)",
        "(Sony print)",
        "(re-release) (1978)",
        "(heavily cut)",
        "(Ontario)",
        "(TCM Print)",
        "(Redux version)",
        "(Anniversary Edition IMAX version)",
        "(Universal's 100th Anniversary Blu-Ray Edition)",
        "(approx)",
        "(Encore print)",
        "(R-rated version)",
        "(1989 video release)",
        "(unrated version)",
        "(extended version)",
        "(video version)",
        "(TV)",
        "(re-release) (1980)",
        "(restored version) (1996)",
        "(2005 DVD)",
        "(1970)",
        "(1962)",
        "(1993 re-release)",
        "(extended edition)",
        "(video)",
        "(edited version)",
        "(TCM print)",
        "(Mar del Plata Film Festival)",
        "(original cut)",
        "(VHS version)",
        "(cut version) (1992) (1993)",
        "(FSK 16 version)",
        "(theatrical version)",
        "(17 fps) (Blu-ray)",
        "(international version)",
        "(theatrical version) (2012)",
        "(original release)",
        "(second release)",
        "(first release)",
        "(1966 re-issue)",
        "(FMC Library Print)",
        "(R Rated NTSC Version)",
        "(extended director's cut)",
        "(dvd release) (IFC library print)",
        "(approx.) (Original Workprint)",
        "(UK video version)",
        "(DVD special edition)",
        "(Unrated Director's Cut)",
        "(TV version) (3 parts)",
        "(uncut version)",
        "(uncut)",
        "(English version)",
        "(1999 re-release)",
        "(1992 re-release)",
        "(1975)",
        "(2005 unrated)",
        "(corrected release length)",
        "(roadshow version)",
        "(Extended Edition)",
        "(Hypercube restored version)",
        "(special extended edition)",
        "(Encore-True Stories Library print)",
        "(restored roadshow version)",
        "(restored version)",
        "(cut version) (uncut version: 120')",
        "(2002 re-rating)",
        "(Turner library print) (copyright length)",
        "(DVD edition) (US version)",
        "(1982 re-issue)",
        "(22 fps)",
        "(1969 re-release)",
        "(1985 re-release)",
        "(1994 re-release)",
        "(1989 re-release)",
        "(Turner library print)",
        "(Buenos Aires Festival Internacional de Cine Independiente)",
        "(Director's Cut DVD)",
        "(with overture and exit music)",
        "(producer's cut)",
        "(2005 DVD release)",
        "(Nordisk Film DVD version FI SE NO DE)",
        "(Director's Cut)",
        "(Workprint Version)",
        "(dvd version)",
        "(premiere)",
        "(TV version) (heavily cut)",
        "(edited for TV)",
        "(1980)",
        "(2003 extended English version)",
        "(1984) (cut version)",
        "(dubbed version)",
        "(international version) (first release)",
        "(cut TV version)",
        "(25 fps) (DVD edition)",
        "(long version)",
        "(2 parts)",
        "(2 part television premiere version)",
        "(TV) (1988)",
        "(video release)",
        "(Québec)",
        "(1937 release)",
        "(1970 re-release)",
        "(premiere version)",
        "(re-edited version) (cut)",
        "(TV version : 1984)",
        "(edited)",
        "(London premiere)",
        "(initial release)",
        "(Japanese DVD box-set)",
        "(25 fps) (restored version)",
        "(general release version)",
        "(25 fps) (TV version)",
        "(International version)",
        "(2004 Criterion DVD edition)",
        "(2000 restored version)",
        "(PG version)",
        "(1997 alternate version)",
        "(Slamdance Film Festival)",
        "(alternate version)",
        "(DVD edition) (2002 Murnau Foundation 75th aniversary restored version)",
        "(2010 restored version)",
        "(Giorgio Moroder version)",
        "(re-release version)",
        "(25 fps) (1927 cut version)",
        "(2002 Murnau Foundation 75th aniversary restored version)",
        "(TCM print: British version)",
        "(1998 version)",
        "(color version)",
        "(1994 restored version projected at 20 fps)",
        "(1997 restored version)",
        "(unrated director's cut)",
        "(re-edited version)",
        "(2012)",
        "(re-cut)",
        "(1972 reissue)",
        "(Locarno Film Festival)",
        "(within Bengal)",
        "(1998 director's cut)",
        "(10th Anniversary edition)",
        "(vcd)",
        "(TV version) (FSK 18 version) (heavily cut)",
        "(1988) (heavily cut) (VHS version)",
        "(NC-17 version)",
        "(1999)",
        "(1968 re-release)",
        "(1967 re-release)",
        "(1991 restored version)",
        "(2002 DVD)",
        "(VHS)",
        "(preview version)",
        "(TV premiere)",
        "(Video Version)",
        "(1980 video release)",
        "(2000 restoration)",
        "(Richard Donner Cut)",
        "(1987)",
        "(12 episodes)",
        "(feature)",
        "(extended special edition)",
        "(1998 alternate version)",
        "(18.7 fps)",
        "(Director's cut)",
        "(approx.)",
        "(pre-release version)",
        "(24 fps) (original version: Los Angeles, California, 1925)",
        "(1942 re-release)",
        "(24 fps) (edited version: New York release, 1925)",
        "(1971 edit with new Chaplin score)",
        "(television version)",
        "(restored version) (20 fps)",
        "(20 fps)",
        "(censored version)",
        "(2005 edition)",
        "(edited television version)",
        "(1929 re-release)",
        "(1995 version)",
        "(video) (1997)",
        "(cut) (European version)",
        "(1969 alternate version)",
        "(2004 DVD release)",
        "(2001 DVD release)",
        "(original uncut version)",
        "(Ontario) (cut)",
        "(re-issue version)",
        "(original US 16 mm television syndication prints)",
        "(unrated version: Directors Cut)",
        "(current version)",
        "(German version)",
        "(re-release) (re-edited version)",
        "(Extended Japanese Edition 2009)",
        "(1975 alternate version)",
        "(FMC Library Print) (dvd release)",
        "(16-rated version)",
        "(1996 restored version)",
        "(1997 reissue)",
        "(Cannes Film Festival)",
        "(Unrated Edition)"
    ],
    "embedding": [
        0.0020480670500546694,
        -0.16137123107910156,
        0.30996716022491455,
        -0.9999999403953552,
        0.020416846498847008,
        0.16978669166564941,
        -0.21980664134025574,
        -0.9999998211860657,
        0.9999999403953552,
        -0.1245884820818901,
        -0.04359446093440056,
        -0.09960433840751648,
        0.998214602470398,
        0.2541513442993164,
        -0.9999994039535522,
        -0.1413101702928543,
        -0.23654493689537048,
        0.07350383698940277,
        0.09633128345012665,
        -0.14523403346538544,
        0.2185516357421875,
        -0.07967086136341095,
        0.14707213640213013,
        -0.999999463558197,
        0.9999694228172302,
        -0.0052256714552640915,
        0.0611838735640049,
        0.06829138100147247,
        0.20428870618343353,
        -0.38763752579689026,
        -0.0380670502781868,
        0.016333583742380142,
        0.05302206054329872,
        0.09634977579116821,
        -0.06358342617750168,
        0.26847365498542786,
        0.36711081862449646,
        -0.025663450360298157,
        0.18197649717330933,
        -0.17772580683231354,
        -0.2620796263217926,
        0.999998927116394,
        0.16592207551002502,
        0.29586511850357056,
        -0.8964868187904358,
        0.291309118270874,
        -0.020386693999171257,
        -0.27500119805336,
        -0.18137498199939728,
        0.1593322604894638,
        -0.0595485121011734,
        -0.32890939712524414,
        0.14771775901317596,
        0.9931207299232483,
        -0.3301655948162079,
        -0.3004220724105835,
        -0.16016139090061188,
        -0.1850077360868454,
        -0.9999972581863403,
        0.007311646360903978,
        -0.12167908251285553,
        0.9999973773956299,
        0.9999970197677612,
        0.07423847168684006,
        -0.999995231628418,
        -0.19065812230110168,
        0.14100833237171173,
        0.2856317460536957,
        0.13931246101856232,
        -0.9999992847442627,
        0.999999463558197,
        -0.29296058416366577,
        -0.10145615041255951,
        0.21658624708652496,
        0.32865583896636963,
        -0.10773378610610962,
        0.04539758712053299,
        0.011851588264107704,
        -0.14304400980472565,
        -0.1724667251110077,
        -0.11658713966608047,
        -0.6380395889282227,
        0.013381033204495907,
        0.19950026273727417,
        0.10563361644744873,
        0.2470589280128479,
        -0.19242803752422333,
        -0.2473427653312683,
        -0.13770414888858795,
        0.18743768334388733,
        0.13108378648757935,
        0.11356957256793976,
        0.13573431968688965,
        -0.011226078495383263,
        -0.1352209746837616,
        0.27747589349746704,
        -0.9999999403953552,
        0.2637944519519806,
        -1.0,
        -0.9999955296516418,
        0.3363349437713623,
        0.9999991059303284,
        0.031589582562446594,
        -0.1400332897901535,
        -0.015369972214102745,
        0.17111417651176453,
        0.42837199568748474,
        -0.2702966034412384,
        0.34336113929748535,
        0.221779003739357,
        0.9999992251396179,
        0.0705249235033989,
        0.04804564639925957,
        0.9999999403953552,
        0.2984221875667572,
        0.13420303165912628,
        0.08044131845235825,
        -0.13213856518268585,
        0.07254714518785477,
        -0.09269556403160095,
        -0.1574680060148239,
        0.02611185796558857,
        0.12291193008422852,
        -0.40058836340904236,
        0.33848223090171814,
        0.20961499214172363,
        -0.9999999403953552,
        0.02034934237599373,
        -0.022008264437317848,
        -0.987073540687561,
        0.9999995827674866,
        0.6735658049583435,
        -0.3193246126174927,
        0.058168455958366394,
        0.9999953508377075,
        0.24855327606201172,
        -0.10922782868146896,
        -0.21560728549957275,
        -0.2302848994731903,
        0.17816884815692902,
        0.6025376319885254,
        -0.42927730083465576,
        -0.9999996423721313,
        -1.0,
        0.23333965241909027,
        -0.26113492250442505,
        0.20916974544525146,
        -0.0013344831531867385,
        0.9999991059303284,
        0.3465549349784851,
        -0.2166498899459839,
        0.3206261992454529,
        0.22049957513809204,
        0.9999985098838806,
        -0.13250793516635895,
        0.17594794929027557,
        -0.4494388699531555,
        0.05922861769795418,
        0.18518394231796265,
        0.24725227057933807,
        -0.2611607313156128,
        -0.07707349956035614,
        0.3653494715690613,
        -0.11608128249645233,
        0.11532188951969147,
        0.8765073418617249,
        -0.036552175879478455,
        -0.9691572189331055,
        -0.16117143630981445,
        -0.10156451910734177,
        0.12985506653785706,
        0.09458181262016296,
        0.147028848528862,
        0.9999979734420776,
        -0.01786259189248085,
        0.023629138246178627,
        0.9999996423721313,
        -0.2305944263935089,
        0.030133413150906563,
        0.996823787689209,
        0.24117538332939148,
        0.044058650732040405,
        0.01703857071697712,
        0.26451900601387024,
        -0.13382068276405334,
        -0.15375512838363647,
        -0.19980987906455994,
        -1.0,
        0.0990118607878685,
        -0.04970104247331619,
        -0.304945707321167,
        0.022851279005408287,
        0.17304274439811707,
        -0.19644877314567566,
        0.3134397864341736,
        0.9999991059303284,
        0.35062339901924133,
        -0.03507261350750923,
        -0.2203776091337204,
        -0.17111405730247498,
        -1.0,
        -0.0859517976641655,
        0.9998960494995117,
        -0.19805708527565002,
        0.13265453279018402,
        -0.6302323341369629,
        0.9999996423721313,
        -0.9923931956291199,
        0.03617308661341667,
        0.9999996423721313,
        -0.2654966115951538,
        0.05804036185145378,
        0.3413074314594269,
        -0.11040490120649338,
        0.15647080540657043,
        0.2884007394313812,
        -0.9999999403953552,
        -0.1763620227575302,
        0.038272202014923096,
        0.03907499834895134,
        0.23352459073066711,
        -0.028526168316602707,
        -0.20949657261371613,
        0.04398220032453537,
        -0.03736250475049019,
        0.10656604915857315,
        -0.02974008582532406,
        0.11249084025621414,
        0.37947607040405273,
        -0.17381909489631653,
        -0.9924136996269226,
        -0.9999819993972778,
        -0.02855510637164116,
        0.9687578082084656,
        0.4986405074596405,
        -0.024901876226067543,
        -0.308663547039032,
        -0.01245957799255848,
        0.022981394082307816,
        -0.9995914101600647,
        0.8886597156524658,
        0.04881240427494049,
        -0.5196658372879028,
        0.16153346002101898,
        -0.9988164305686951,
        -0.9989782571792603,
        0.27220696210861206,
        -0.2408483326435089,
        0.11732838302850723,
        0.16266188025474548,
        -0.01276459265500307,
        0.29862579703330994,
        0.9999999403953552,
        0.17955251038074493,
        -0.999998927116394,
        0.034789834171533585,
        -0.13812990486621857,
        -0.9999999403953552,
        0.9986767768859863,
        0.998812198638916,
        -0.9999996423721313,
        -0.13411061465740204,
        -0.31438112258911133,
        -0.005161292385309935,
        0.43641623854637146,
        0.15340042114257812,
        -0.15311552584171295,
        0.16947054862976074,
        0.032221719622612,
        0.1601628065109253,
        0.04775870591402054,
        0.07749687880277634,
        -0.02897116169333458,
        -0.06439681351184845,
        0.9999843239784241,
        -0.21096885204315186,
        -8.308148608193733e-06,
        -0.999998927116394,
        0.40419498085975647,
        0.004294561222195625,
        -0.031881436705589294,
        0.20117279887199402,
        0.17117120325565338,
        0.26064491271972656,
        -1.0,
        -0.19802352786064148,
        0.07482770085334778,
        -0.025492118671536446,
        -1.0,
        0.23987607657909393,
        -0.3973871171474457,
        0.022680597379803658,
        0.10813041776418686,
        -0.1650124192237854,
        -0.00409544724971056,
        0.9999997615814209,
        -0.09047098457813263,
        0.2181587815284729,
        -0.495849609375,
        -0.1375710815191269
    ],
    "embedding_scaling_factor": 1.4684027433395386,
    "samples": [
        "(cut version)",
        "(cut version)",
        "(cut version)",
        "(DVD version)",
        "(TV version)",
        "(director's cut)",
        "(Unrated Edition)",
        "(cut)",
        "(video version)",
        "(Encore print)",
        "(London premiere)",
        "(TV version)"
    ],
    "category_values_ratio": {
        "(director's cut)": 70,
        "(cut version)": 47,
        "(TV version)": 41,
        "(DVD version)": 22,
        "(Ontario)": 22,
        "(unrated version)": 21,
        "(extended version)": 19,
        "(DVD edition)": 17,
        "(cut)": 17,
        "(DVD)": 16,
        "(original version)": 14,
        "(special edition)": 14,
        "(R-rated version)": 13,
        "(re-release)": 12,
        "(uncut version)": 11,
        "(Mar del Plata Film Festival)": 11,
        "(edited version)": 11,
        "(TCM print)": 10,
        "(theatrical version)": 9,
        "(video version)": 8,
        "(heavily cut)": 7,
        "(copyright length)": 7,
        "(original cut)": 6,
        "(original release)": 6,
        "(restored version)": 6,
        "(video)": 5,
        "(theatrical version) (2012)": 5,
        "(international version)": 5,
        "(extended cut)": 5,
        "(VHS version)": 4,
        "(roadshow version)": 3,
        "(2005 DVD release)": 3,
        "(Buenos Aires Festival Internacional de Cine Independiente)": 3,
        "(unrated director's cut)": 3,
        "(FMC Library Print)": 3,
        "(first release)": 3,
        "(Extended Edition)": 3,
        "(Director's Cut DVD)": 3,
        "(TV)": 3,
        "(Turner library print)": 3,
        "(extended edition)": 3,
        "(Hypercube restored version)": 3,
        "(2000 restored version)": 2,
        "(Unrated Director's Cut)": 2,
        "(Encore print)": 2,
        "(producer's cut)": 2,
        "(Redux version)": 2,
        "(feature)": 2,
        "(video release)": 2,
        "(1970)": 2,
        "(TV version) (heavily cut)": 2,
        "(premiere version)": 2,
        "(restored roadshow version)": 2,
        "(Turner library print) (copyright length)": 2,
        "(dvd version)": 2,
        "(uncut)": 2,
        "(initial release)": 2,
        "(1998 alternate version)": 2,
        "(Director's Cut)": 2,
        "(FSK 16 version)": 2,
        "(premiere cut)": 2,
        "(25 fps) (DVD edition)": 2,
        "(2 parts)": 2,
        "(DVD extended cut)": 1,
        "(final version)": 1,
        "(2000 re-release)": 1,
        "(2003 Special Edition)": 1,
        "(1992 special edition)": 1,
        "(Sundance Film Festival)": 1,
        "(BBFC submission before censorship)": 1,
        "(TCM Print)": 1,
        "(re-release) (1980)": 1,
        "(Sony print)": 1,
        "(re-release) (1978)": 1,
        "(restored version: Library of Congress)": 1,
        "(Anniversary Edition IMAX version)": 1,
        "(Universal's 100th Anniversary Blu-Ray Edition)": 1,
        "(approx)": 1,
        "(1989 video release)": 1,
        "(1976 release)": 1,
        "(1992 re-release)": 1,
        "(corrected release length)": 1,
        "(approx.) (Original Workprint)": 1,
        "(special extended edition)": 1,
        "(cut version) (1992) (1993)": 1,
        "(17 fps) (Blu-ray)": 1,
        "(second release)": 1,
        "(1966 re-issue)": 1,
        "(R Rated NTSC Version)": 1,
        "(extended director's cut)": 1,
        "(2005 DVD)": 1,
        "(restored version) (1996)": 1,
        "(UK video version)": 1,
        "(DVD special edition)": 1,
        "(TV version) (3 parts)": 1,
        "(English version)": 1,
        "(1999 re-release)": 1,
        "(1975)": 1,
        "(1962)": 1,
        "(2005 unrated)": 1,
        "(dubbed version)": 1,
        "(1997 alternate version)": 1,
        "(1989 re-release)": 1,
        "(cut version) (uncut version: 120')": 1,
        "(2002 re-rating)": 1,
        "(DVD edition) (US version)": 1,
        "(1982 re-issue)": 1,
        "(22 fps)": 1,
        "(1969 re-release)": 1,
        "(1985 re-release)": 1,
        "(dvd release) (IFC library print)": 1,
        "(Encore-True Stories Library print)": 1,
        "(with overture and exit music)": 1,
        "(Nordisk Film DVD version FI SE NO DE)": 1,
        "(Workprint Version)": 1,
        "(premiere)": 1,
        "(edited for TV)": 1,
        "(1980)": 1,
        "(1984) (cut version)": 1,
        "(1994 re-release)": 1,
        "(international version) (first release)": 1,
        "(edited)": 1,
        "(London premiere)": 1,
        "(2 part television premiere version)": 1,
        "(TV) (1988)": 1,
        "(Québec)": 1,
        "(1937 release)": 1,
        "(1970 re-release)": 1,
        "(re-edited version) (cut)": 1,
        "(TV version : 1984)": 1,
        "(cut TV version)": 1,
        "(long version)": 1,
        "(Japanese DVD box-set)": 1,
        "(25 fps) (restored version)": 1,
        "(general release version)": 1,
        "(25 fps) (TV version)": 1,
        "(International version)": 1,
        "(2004 Criterion DVD edition)": 1,
        "(PG version)": 1,
        "(1993 re-release)": 1,
        "(FMC Library Print) (dvd release)": 1,
        "(Slamdance Film Festival)": 1,
        "(vcd)": 1,
        "(Locarno Film Festival)": 1,
        "(preview version)": 1,
        "(2010 restored version)": 1,
        "(within Bengal)": 1,
        "(25 fps) (1927 cut version)": 1,
        "(1998 director's cut)": 1,
        "(10th Anniversary edition)": 1,
        "(TV version) (FSK 18 version) (heavily cut)": 1,
        "(original uncut version)": 1,
        "(VHS)": 1,
        "(24 fps) (original version: Los Angeles, California, 1925)": 1,
        "(TV premiere)": 1,
        "(1995 version)": 1,
        "(cut) (European version)": 1,
        "(1969 alternate version)": 1,
        "(2004 DVD release)": 1,
        "(1988) (heavily cut) (VHS version)": 1,
        "(1972 reissue)": 1,
        "(Giorgio Moroder version)": 1,
        "(2012)": 1,
        "(1991 restored version)": 1,
        "(1968 re-release)": 1,
        "(1967 re-release)": 1,
        "(2002 DVD)": 1,
        "(1999)": 1,
        "(2002 Murnau Foundation 75th aniversary restored version)": 1,
        "(NC-17 version)": 1,
        "(re-cut)": 1,
        "(TCM print: British version)": 1,
        "(1998 version)": 1,
        "(color version)": 1,
        "(1994 restored version projected at 20 fps)": 1,
        "(1997 restored version)": 1,
        "(re-edited version)": 1,
        "(re-release version)": 1,
        "(2001 DVD release)": 1,
        "(Ontario) (cut)": 1,
        "(2003 extended English version)": 1,
        "(1942 re-release)": 1,
        "(12 episodes)": 1,
        "(extended special edition)": 1,
        "(18.7 fps)": 1,
        "(Director's cut)": 1,
        "(approx.)": 1,
        "(pre-release version)": 1,
        "(alternate version)": 1,
        "(24 fps) (edited version: New York release, 1925)": 1,
        "(re-issue version)": 1,
        "(1971 edit with new Chaplin score)": 1,
        "(television version)": 1,
        "(restored version) (20 fps)": 1,
        "(20 fps)": 1,
        "(censored version)": 1,
        "(2005 edition)": 1,
        "(DVD edition) (2002 Murnau Foundation 75th aniversary restored version)": 1,
        "(1987)": 1,
        "(Richard Donner Cut)": 1,
        "(2000 restoration)": 1,
        "(1980 video release)": 1,
        "(original US 16 mm television syndication prints)": 1,
        "(unrated version: Directors Cut)": 1,
        "(current version)": 1,
        "(German version)": 1,
        "(re-release) (re-edited version)": 1,
        "(Extended Japanese Edition 2009)": 1,
        "(1975 alternate version)": 1,
        "(16-rated version)": 1,
        "(1996 restored version)": 1,
        "(1997 reissue)": 1,
        "(Cannes Film Festival)": 1,
        "(video) (1997)": 1,
        "(1929 re-release)": 1,
        "(Video Version)": 1,
        "(edited television version)": 1,
        "(Unrated Edition)": 1
    },
    "nrows": 5086
}