{
    "column_id": "oml_dataset_17_rnc/oml_dataset_17_rnc.csvoml_dataset_17_rnc.csv/c_20",
    "dataset_name": "oml_dataset_17_rnc.csv",
    "dataset_id": "oml_dataset_17_rnc/oml_dataset_17_rnc.csv",
    "path": "/home/ubuntu/CatDB/Experiments/data/oml_dataset_17_rnc/oml_dataset_17_rnc.csv",
    "table_name": "oml_dataset_17_rnc.csv",
    "table_id": "oml_dataset_17_rnc/oml_dataset_17_rnc.csvoml_dataset_17_rnc.csv",
    "column_name": "c_20",
    "data_source": "oml_dataset_17_rnc",
    "data_type": "int",
    "total_values_count": 363243,
    "distinct_values_count": 72,
    "missing_values_count": 107105,
    "true_ratio": null,
    "min_value": 1.0,
    "max_value": 105.0,
    "mean": 8.003014000265482,
    "median": 8.0,
    "iqr": 7.0,
    "category_values": [
        4,
        3,
        10,
        5,
        13,
        8,
        6,
        11,
        1,
        14,
        7,
        2,
        9,
        12,
        15,
        26,
        16,
        18,
        24,
        19,
        17,
        31,
        22,
        21,
        25,
        20,
        27,
        45,
        28,
        33,
        29,
        34,
        23,
        32,
        36,
        55,
        47,
        53,
        30,
        40,
        50,
        56,
        35,
        37,
        46,
        42,
        104,
        44,
        90,
        51,
        61,
        74,
        41,
        105,
        39,
        38,
        43,
        49,
        52,
        66,
        48,
        91,
        64,
        54,
        84,
        79,
        57,
        60,
        76,
        71,
        58,
        67
    ],
    "embedding": [
        -1.0,
        -1.0,
        -1.0,
        1.0,
        -1.0,
        1.0,
        -1.0,
        -1.0,
        -1.0,
        -1.0,
        1.0,
        -1.0,
        -1.0,
        1.0,
        1.0,
        1.0,
        1.0,
        -1.0,
        1.0,
        -1.0,
        1.0,
        -1.0,
        1.0,
        -1.0,
        1.0,
        -1.0,
        -1.0,
        1.0,
        -1.0,
        -1.0,
        1.0,
        1.0,
        -1.0,
        -1.0,
        -1.0,
        1.0,
        -1.0,
        1.0,
        1.0,
        -1.0,
        -1.0,
        1.0,
        -1.0,
        -1.0,
        -1.0,
        -1.0,
        1.0,
        -1.0,
        -1.0,
        -0.8243827223777771,
        -1.0,
        1.0,
        1.0,
        1.0,
        -1.0,
        1.0,
        1.0,
        1.0,
        -1.0,
        0.870425820350647,
        -1.0,
        -1.0,
        1.0,
        -1.0,
        1.0,
        -1.0,
        1.0,
        -1.0,
        1.0,
        1.0,
        1.0,
        -1.0,
        -1.0,
        -1.0,
        -1.0,
        1.0,
        1.0,
        1.0,
        1.0,
        1.0,
        1.0,
        1.0,
        1.0,
        -1.0,
        -1.0,
        1.0,
        -1.0,
        1.0,
        1.0,
        1.0,
        -1.0,
        1.0,
        1.0,
        -1.0,
        1.0,
        -1.0,
        1.0,
        -1.0,
        -1.0,
        -1.0,
        -0.980885922908783,
        -1.0,
        1.0,
        -1.0,
        -1.0,
        1.0,
        1.0,
        1.0,
        -1.0,
        -1.0,
        1.0,
        -1.0,
        -1.0,
        1.0,
        1.0,
        1.0,
        1.0,
        1.0,
        1.0,
        -1.0,
        -1.0,
        1.0,
        -1.0,
        -1.0,
        1.0,
        -1.0,
        -1.0,
        -1.0,
        -1.0,
        1.0,
        -1.0,
        1.0,
        -1.0,
        -1.0,
        1.0,
        -1.0,
        -1.0,
        1.0,
        1.0,
        -1.0,
        1.0,
        1.0,
        1.0,
        -1.0,
        1.0,
        -1.0,
        1.0,
        -1.0,
        -1.0,
        -1.0,
        1.0,
        -1.0,
        1.0,
        -1.0,
        1.0,
        -1.0,
        1.0,
        -1.0,
        1.0,
        -1.0,
        -1.0,
        1.0,
        -1.0,
        -1.0,
        1.0,
        -1.0,
        1.0,
        -1.0,
        -1.0,
        -1.0,
        -1.0,
        -1.0,
        1.0,
        1.0,
        -1.0,
        -1.0,
        1.0,
        -1.0,
        -1.0,
        -1.0,
        1.0,
        -1.0,
        -1.0,
        -1.0,
        1.0,
        -1.0,
        1.0,
        -1.0,
        -1.0,
        -1.0,
        1.0,
        1.0,
        1.0,
        1.0,
        -1.0,
        -1.0,
        1.0,
        -1.0,
        -1.0,
        1.0,
        -1.0,
        1.0,
        -1.0,
        -1.0,
        -1.0,
        -1.0,
        1.0,
        1.0,
        -1.0,
        -1.0,
        -1.0,
        1.0,
        -1.0,
        -1.0,
        -1.0,
        1.0,
        -1.0,
        1.0,
        -1.0,
        -1.0,
        1.0,
        -1.0,
        -1.0,
        1.0,
        -1.0,
        -0.8038574457168579,
        1.0,
        -1.0,
        -1.0,
        -1.0,
        1.0,
        -1.0,
        1.0,
        -1.0,
        -1.0,
        1.0,
        -1.0,
        1.0,
        1.0,
        -1.0,
        1.0,
        -0.8054020404815674,
        1.0,
        -1.0,
        1.0,
        1.0,
        -1.0,
        -1.0,
        -1.0,
        1.0,
        1.0,
        1.0,
        -1.0,
        -1.0,
        -1.0,
        1.0,
        1.0,
        -1.0,
        -1.0,
        -1.0,
        1.0,
        1.0,
        1.0,
        -1.0,
        1.0,
        -1.0,
        -1.0,
        -1.0,
        1.0,
        1.0,
        -0.9688534736633301,
        -1.0,
        -1.0,
        1.0,
        -1.0,
        1.0,
        1.0,
        1.0,
        1.0,
        1.0,
        1.0,
        -1.0,
        1.0,
        1.0,
        1.0,
        -1.0,
        -1.0,
        1.0,
        -1.0,
        -1.0,
        -1.0,
        1.0,
        -1.0,
        -1.0,
        -1.0,
        -1.0,
        -1.0,
        1.0,
        1.0,
        1.0
    ],
    "embedding_scaling_factor": 560.1344604492188,
    "samples": [
        11,
        10,
        10,
        13,
        1,
        5,
        1,
        9,
        10,
        1,
        13,
        11,
        7,
        8,
        5,
        10,
        12,
        15,
        11,
        1,
        6,
        3,
        8,
        8,
        4,
        14,
        13,
        2,
        3,
        2,
        10,
        12,
        2,
        2,
        5,
        9,
        3,
        9,
        5,
        9,
        15,
        4,
        7,
        11,
        9,
        16,
        10,
        5,
        1,
        2,
        3,
        8,
        9,
        15,
        1,
        13,
        10,
        5,
        2,
        5,
        5,
        2,
        6,
        13,
        1,
        4,
        12,
        12,
        12,
        6,
        10,
        8,
        3,
        16,
        11,
        5
    ],
    "category_values_ratio": {
        "1": 22429,
        "2": 18739,
        "8": 18572,
        "9": 17634,
        "10": 17498,
        "11": 17166,
        "7": 16808,
        "12": 16788,
        "3": 16758,
        "4": 15977,
        "5": 15819,
        "6": 15102,
        "13": 14747,
        "14": 10745,
        "15": 7374,
        "16": 4920,
        "17": 2875,
        "18": 1801,
        "19": 1144,
        "20": 735,
        "21": 550,
        "22": 311,
        "23": 278,
        "24": 235,
        "25": 189,
        "26": 177,
        "27": 124,
        "29": 88,
        "28": 79,
        "32": 61,
        "30": 56,
        "31": 47,
        "33": 34,
        "34": 29,
        "37": 29,
        "35": 18,
        "45": 17,
        "40": 16,
        "36": 14,
        "39": 14,
        "43": 12,
        "55": 11,
        "50": 10,
        "38": 10,
        "46": 10,
        "44": 9,
        "41": 9,
        "53": 8,
        "48": 6,
        "47": 6,
        "91": 5,
        "42": 5,
        "49": 4,
        "52": 4,
        "57": 4,
        "54": 3,
        "51": 3,
        "79": 2,
        "74": 2,
        "61": 2,
        "104": 2,
        "60": 2,
        "71": 2,
        "64": 2,
        "56": 1,
        "84": 1,
        "66": 1,
        "90": 1,
        "76": 1,
        "105": 1,
        "58": 1,
        "67": 1
    },
    "nrows": 363243
}