c_1,c_2,c_3,c_4,c_5,c_6,c_7,c_8,c_9,c_10,c_11,c_12,c_13,c_14,c_15,c_16,c_17,c_18,c_19,c_20,c_21
<0,48,all paid,business,7685.0,<100,4<=X<7,2,female div/dep/mar,guarantor,4,car,37,none,rent,1,skilled,1,none,yes,bad
0<=X<200,18,no credits/all paid,new car,2278.0,100<=X<500,<1,3,female div/dep/mar,none,3,car,28,none,own,2,skilled,1,none,yes,bad
<0,12,existing paid,domestic appliance,741.0,100<=X<500,unemployed,4,female div/dep/mar,none,3,life insurance,22,none,own,1,skilled,1,none,yes,bad
0<=X<200,24,existing paid,new car,1355.0,<100,<1,3,female div/dep/mar,none,4,car,25,none,own,1,unskilled resident,1,yes,yes,bad
<0,12,all paid,retraining,339.0,<100,>=7,4,male mar/wid,none,1,car,45,bank,own,1,unskilled resident,1,none,yes,good
<0,6,critical/other existing credit,furniture/equipment,3384.0,<100,1<=X<4,1,male div/sep,none,4,real estate,44,none,rent,1,high qualif/self emp/mgmt,1,yes,yes,bad
no checking,18,existing paid,furniture/equipment,3422.0,<100,>=7,4,male single,none,4,life insurance,47,bank,own,3,skilled,2,yes,yes,good
no checking,30,all paid,used car,7485.0,no known savings,unemployed,4,female div/dep/mar,none,1,real estate,53,bank,own,1,high qualif/self emp/mgmt,1,yes,yes,bad
<0,30,no credits/all paid,business,8072.0,no known savings,<1,2,male single,none,3,car,25,bank,own,3,skilled,1,none,yes,good
no checking,24,existing paid,retraining,937.0,<100,<1,4,male mar/wid,none,3,car,27,none,own,2,unskilled resident,1,none,yes,good
<0,36,existing paid,new car,9271.0,<100,4<=X<7,2,male single,none,1,car,24,none,own,1,skilled,1,yes,yes,bad
no checking,12,existing paid,new car,3527.0,no known savings,<1,2,male single,none,3,life insurance,45,none,own,1,high qualif/self emp/mgmt,2,yes,yes,good
0<=X<200,30,critical/other existing credit,new car,2181.0,no known savings,>=7,4,male single,none,4,real estate,36,none,own,2,skilled,1,none,yes,good
no checking,36,delayed previously,radio/tv,4454.0,<100,1<=X<4,4,female div/dep/mar,none,4,real estate,34,none,own,2,skilled,1,none,yes,good
<0,30,existing paid,used car,3857.0,<100,1<=X<4,4,male div/sep,none,4,life insurance,40,none,own,1,high qualif/self emp/mgmt,1,yes,yes,good
no checking,12,existing paid,new car,1386.0,500<=X<1000,1<=X<4,2,female div/dep/mar,none,2,life insurance,26,none,own,1,skilled,1,none,yes,bad
0<=X<200,48,no credits/all paid,other,18424.0,<100,1<=X<4,1,female div/dep/mar,none,2,life insurance,32,bank,own,1,high qualif/self emp/mgmt,1,yes,no,bad
no checking,6,critical/other existing credit,radio/tv,1898.0,no known savings,1<=X<4,1,male single,none,2,real estate,34,none,own,2,unskilled resident,2,none,yes,good
<0,12,critical/other existing credit,used car,1409.0,<100,>=7,4,male single,none,3,real estate,54,none,own,1,skilled,1,none,yes,good
no checking,18,existing paid,new car,6761.0,no known savings,1<=X<4,2,male single,none,4,car,68,none,rent,2,skilled,1,none,yes,bad
>=200,36,existing paid,radio/tv,5848.0,<100,1<=X<4,4,male single,none,1,car,24,none,own,1,skilled,1,none,yes,good
no checking,24,critical/other existing credit,new car,1287.0,>=1000,>=7,4,female div/dep/mar,none,4,real estate,37,none,own,2,skilled,1,yes,yes,good
>=200,36,existing paid,radio/tv,4210.0,<100,1<=X<4,4,male single,none,2,car,26,none,own,1,skilled,1,none,yes,bad
no checking,24,existing paid,business,1258.0,<100,4<=X<7,4,male single,none,1,real estate,25,none,own,1,skilled,1,yes,yes,good
0<=X<200,42,all paid,used car,9283.0,<100,unemployed,1,male single,none,2,no known property,55,bank,for free,1,high qualif/self emp/mgmt,1,yes,yes,good
0<=X<200,12,critical/other existing credit,radio/tv,3573.0,<100,1<=X<4,1,female div/dep/mar,none,1,real estate,23,none,own,1,unskilled resident,1,none,yes,good
no checking,15,existing paid,used car,3812.0,100<=X<500,<1,1,female div/dep/mar,none,4,car,23,none,own,1,skilled,1,yes,yes,good
0<=X<200,36,existing paid,used car,9398.0,<100,<1,1,male mar/wid,none,4,car,28,none,rent,1,high qualif/self emp/mgmt,1,yes,yes,bad
0<=X<200,24,delayed previously,new car,1965.0,no known savings,1<=X<4,4,female div/dep/mar,none,4,car,42,none,rent,2,skilled,1,yes,yes,good
0<=X<200,24,critical/other existing credit,education,5743.0,<100,<1,2,female div/dep/mar,none,4,no known property,24,none,for free,2,skilled,1,yes,yes,good
<0,11,critical/other existing credit,new car,3905.0,<100,1<=X<4,2,male single,none,2,real estate,36,none,rent,2,skilled,2,none,yes,good
>=200,36,existing paid,radio/tv,3913.0,<100,1<=X<4,2,male single,none,2,real estate,23,none,own,1,skilled,1,yes,yes,good
<0,21,all paid,new car,1647.0,no known savings,1<=X<4,4,male single,none,2,life insurance,40,none,own,2,unskilled resident,2,none,yes,bad
0<=X<200,15,all paid,new car,6850.0,100<=X<500,unemployed,1,male single,none,2,life insurance,34,none,own,1,high qualif/self emp/mgmt,2,yes,yes,bad
0<=X<200,12,existing paid,new car,1318.0,>=1000,>=7,4,male single,none,4,real estate,54,none,own,1,skilled,1,yes,yes,good
no checking,9,critical/other existing credit,new car,1224.0,<100,1<=X<4,3,male single,none,1,real estate,30,none,own,2,skilled,1,none,yes,good
no checking,21,critical/other existing credit,used car,3275.0,<100,>=7,1,male single,none,4,car,36,none,own,1,high qualif/self emp/mgmt,1,yes,yes,good
no checking,18,delayed previously,radio/tv,2320.0,<100,unemployed,2,male mar/wid,none,3,real estate,34,none,own,2,skilled,1,none,yes,good
no checking,24,existing paid,used car,2603.0,>=1000,1<=X<4,2,female div/dep/mar,none,4,car,28,none,rent,1,skilled,1,yes,yes,good
no checking,10,existing paid,education,727.0,500<=X<1000,>=7,4,male single,none,4,no known property,46,none,for free,1,skilled,1,yes,yes,good
no checking,48,delayed previously,radio/tv,12749.0,500<=X<1000,4<=X<7,4,male single,none,1,car,37,none,own,1,high qualif/self emp/mgmt,1,yes,yes,good
>=200,6,existing paid,new car,709.0,>=1000,<1,2,male mar/wid,none,2,real estate,27,none,own,1,unemp/unskilled non res,1,none,no,good
no checking,27,critical/other existing credit,furniture/equipment,4526.0,>=1000,<1,4,male single,none,2,real estate,32,stores,own,2,unskilled resident,2,yes,yes,good
<0,15,existing paid,new car,1403.0,<100,1<=X<4,2,female div/dep/mar,none,4,car,28,none,rent,1,skilled,1,none,yes,good
0<=X<200,11,critical/other existing credit,new car,1322.0,>=1000,1<=X<4,4,female div/dep/mar,none,4,car,40,none,own,2,skilled,1,none,yes,good
no checking,15,critical/other existing credit,radio/tv,1316.0,500<=X<1000,1<=X<4,2,male mar/wid,none,2,life insurance,47,none,own,2,unskilled resident,1,none,yes,good
no checking,18,existing paid,radio/tv,4594.0,<100,<1,3,male single,none,2,car,32,none,own,1,skilled,1,yes,yes,good
no checking,10,existing paid,furniture/equipment,2210.0,<100,1<=X<4,2,male single,none,2,real estate,25,bank,rent,1,unskilled resident,1,none,yes,bad
0<=X<200,12,existing paid,business,1037.0,100<=X<500,4<=X<7,3,male single,none,4,real estate,39,none,own,1,unskilled resident,1,none,yes,good
no checking,24,critical/other existing credit,other,6314.0,<100,unemployed,4,male single,co applicant,2,no known property,27,bank,own,2,high qualif/self emp/mgmt,1,yes,yes,good
no checking,15,existing paid,radio/tv,3568.0,<100,>=7,4,female div/dep/mar,none,2,car,54,bank,rent,1,high qualif/self emp/mgmt,1,yes,yes,good
no checking,15,critical/other existing credit,radio/tv,1360.0,<100,1<=X<4,4,male single,none,2,life insurance,31,none,own,2,skilled,1,none,yes,good
no checking,6,critical/other existing credit,new car,250.0,>=1000,1<=X<4,2,female div/dep/mar,none,2,real estate,41,bank,own,2,unskilled resident,1,none,yes,good
<0,24,all paid,other,1358.0,no known savings,>=7,4,male single,none,3,car,40,stores,own,1,high qualif/self emp/mgmt,1,yes,yes,bad
no checking,36,critical/other existing credit,used car,11054.0,no known savings,1<=X<4,4,male single,none,2,car,30,none,own,1,high qualif/self emp/mgmt,1,yes,yes,good
0<=X<200,7,existing paid,radio/tv,2329.0,<100,<1,1,female div/dep/mar,guarantor,1,real estate,45,none,own,1,skilled,1,none,yes,good
0<=X<200,12,critical/other existing credit,new car,1995.0,100<=X<500,<1,4,male single,none,1,car,27,none,own,1,skilled,1,none,yes,good
0<=X<200,13,existing paid,radio/tv,2101.0,<100,<1,2,female div/dep/mar,guarantor,4,life insurance,23,none,own,1,unskilled resident,1,none,yes,good
0<=X<200,18,existing paid,furniture/equipment,3001.0,<100,4<=X<7,2,female div/dep/mar,none,4,real estate,40,none,rent,1,skilled,1,none,yes,good
no checking,24,critical/other existing credit,radio/tv,2872.0,100<=X<500,>=7,3,male single,none,4,real estate,36,none,own,1,skilled,2,yes,yes,good
no checking,24,existing paid,furniture/equipment,5511.0,100<=X<500,1<=X<4,4,male single,none,1,car,25,stores,own,1,skilled,1,none,yes,good
0<=X<200,18,existing paid,new car,1042.0,no known savings,1<=X<4,4,female div/dep/mar,none,2,life insurance,33,none,own,1,skilled,1,none,yes,bad
no checking,15,existing paid,used car,4657.0,<100,1<=X<4,3,male single,none,2,car,30,none,own,1,skilled,1,yes,yes,good
0<=X<200,42,critical/other existing credit,business,5954.0,<100,4<=X<7,2,female div/dep/mar,none,1,real estate,41,bank,own,2,unskilled resident,1,none,yes,good
0<=X<200,12,existing paid,new car,685.0,<100,4<=X<7,2,male mar/wid,none,3,car,25,bank,own,1,unskilled resident,1,none,yes,bad
<0,6,existing paid,used car,1352.0,500<=X<1000,unemployed,1,female div/dep/mar,none,2,life insurance,23,none,rent,1,unemp/unskilled non res,1,yes,yes,good
<0,48,existing paid,new car,7763.0,<100,>=7,4,male single,none,4,no known property,42,bank,for free,1,high qualif/self emp/mgmt,1,none,yes,bad
<0,36,delayed previously,education,6887.0,<100,1<=X<4,4,male single,none,3,life insurance,29,stores,own,1,skilled,1,yes,yes,bad
0<=X<200,12,existing paid,radio/tv,1567.0,<100,1<=X<4,1,female div/dep/mar,none,1,car,22,none,own,1,skilled,1,yes,yes,good
no checking,18,critical/other existing credit,radio/tv,2238.0,<100,1<=X<4,2,female div/dep/mar,none,1,car,25,none,own,2,skilled,1,none,yes,good
