c_1,c_2,c_3,c_4,c_5,c_6,c_7,c_8,c_9,c_10,c_11,c_12,c_13,c_14,c_15,c_16,c_17,c_18,c_19,c_20,c_21
no checking,24,delayed previously,new car,2032.0,<100,>=7,4,male single,none,4,no known property,60,none,for free,2,skilled,1,yes,yes,good
no checking,12,existing paid,new car,1884.0,<100,>=7,4,male single,none,4,car,39,none,own,1,high qualif/self emp/mgmt,1,yes,yes,good
<0,30,existing paid,furniture/equipment,3622.0,>=1000,>=7,4,female div/dep/mar,none,4,life insurance,57,none,rent,2,skilled,1,yes,yes,good
0<=X<200,12,critical/other existing credit,new car,958.0,<100,4<=X<7,2,male single,none,3,real estate,47,none,own,2,unskilled resident,2,none,yes,good
no checking,36,critical/other existing credit,used car,5711.0,>=1000,>=7,4,male single,none,2,car,38,none,own,2,high qualif/self emp/mgmt,1,yes,yes,good
no checking,24,existing paid,radio/tv,3621.0,100<=X<500,>=7,2,male single,none,4,car,31,none,own,2,skilled,1,none,yes,bad
<0,24,no credits/all paid,furniture/equipment,4110.0,<100,>=7,3,male single,none,4,no known property,23,bank,rent,2,skilled,2,none,yes,bad
0<=X<200,12,existing paid,radio/tv,2930.0,<100,4<=X<7,2,female div/dep/mar,none,1,real estate,27,none,own,1,skilled,1,none,yes,good
<0,12,existing paid,radio/tv,1498.0,<100,1<=X<4,4,female div/dep/mar,none,1,car,23,bank,own,1,skilled,1,none,yes,good
no checking,24,critical/other existing credit,radio/tv,2578.0,>=1000,>=7,2,male single,none,2,car,34,none,own,1,skilled,1,none,yes,good
<0,24,all paid,other,1358.0,no known savings,>=7,4,male single,none,3,car,40,stores,own,1,high qualif/self emp/mgmt,1,yes,yes,bad
0<=X<200,36,existing paid,education,2273.0,<100,4<=X<7,3,male single,none,1,car,32,none,own,2,skilled,2,none,yes,good
0<=X<200,12,critical/other existing credit,new car,3124.0,<100,<1,1,male single,none,3,real estate,49,bank,own,2,unskilled resident,2,none,yes,good
0<=X<200,12,no credits/all paid,furniture/equipment,2969.0,<100,<1,4,female div/dep/mar,none,3,life insurance,25,none,rent,2,skilled,1,none,yes,bad
>=200,12,existing paid,furniture/equipment,1424.0,no known savings,>=7,3,female div/dep/mar,none,4,real estate,55,none,own,1,high qualif/self emp/mgmt,1,yes,yes,good
no checking,24,existing paid,used car,2670.0,<100,>=7,4,male single,none,4,car,35,none,own,1,high qualif/self emp/mgmt,1,yes,yes,good
no checking,9,existing paid,radio/tv,1478.0,<100,4<=X<7,4,male single,none,2,car,22,none,own,1,skilled,1,none,yes,bad
no checking,18,critical/other existing credit,used car,3229.0,no known savings,unemployed,2,male single,none,4,no known property,38,none,own,1,high qualif/self emp/mgmt,1,yes,yes,good
0<=X<200,48,all paid,business,6416.0,<100,>=7,4,female div/dep/mar,none,3,no known property,59,none,rent,1,skilled,1,none,yes,bad
<0,27,no credits/all paid,business,5293.0,<100,unemployed,2,male single,none,4,life insurance,50,stores,own,2,skilled,1,yes,yes,bad
0<=X<200,30,existing paid,furniture/equipment,3832.0,<100,<1,2,male mar/wid,none,1,life insurance,22,none,own,1,skilled,1,none,yes,good
<0,36,critical/other existing credit,furniture/equipment,5371.0,<100,1<=X<4,3,male single,guarantor,2,life insurance,28,none,own,2,skilled,1,none,yes,good
>=200,24,critical/other existing credit,new car,1344.0,no known savings,4<=X<7,4,male single,none,2,real estate,37,bank,own,2,unskilled resident,2,none,yes,bad
no checking,42,critical/other existing credit,furniture/equipment,4042.0,500<=X<1000,1<=X<4,4,male single,none,4,real estate,36,none,own,2,skilled,1,yes,yes,good
<0,18,existing paid,radio/tv,3509.0,<100,4<=X<7,4,female div/dep/mar,guarantor,1,real estate,25,none,own,1,skilled,1,none,yes,good
>=200,15,critical/other existing credit,used car,2360.0,500<=X<1000,1<=X<4,2,male single,none,2,car,36,none,own,1,skilled,1,yes,yes,good
0<=X<200,18,existing paid,radio/tv,3213.0,500<=X<1000,<1,1,male mar/wid,none,3,real estate,25,none,rent,1,skilled,1,none,yes,good
0<=X<200,6,delayed previously,new car,1209.0,<100,unemployed,4,male single,none,4,life insurance,47,none,own,1,high qualif/self emp/mgmt,1,yes,yes,bad
<0,6,all paid,education,1198.0,<100,>=7,4,female div/dep/mar,none,4,no known property,35,none,for free,1,skilled,1,none,yes,bad
no checking,18,existing paid,furniture/equipment,1984.0,<100,1<=X<4,4,male single,none,4,no known property,47,bank,for free,2,skilled,1,none,yes,good
0<=X<200,30,delayed previously,business,2503.0,100<=X<500,>=7,4,male single,none,2,life insurance,41,stores,own,2,skilled,1,none,yes,good
no checking,24,existing paid,furniture/equipment,5511.0,100<=X<500,1<=X<4,4,male single,none,1,car,25,stores,own,1,skilled,1,none,yes,good
<0,12,existing paid,new car,1228.0,<100,1<=X<4,4,female div/dep/mar,none,2,real estate,24,none,own,1,unskilled resident,1,none,yes,bad
no checking,9,existing paid,education,3832.0,no known savings,>=7,1,male single,none,4,real estate,64,none,own,1,unskilled resident,1,none,yes,good
<0,6,critical/other existing credit,radio/tv,1169.0,no known savings,>=7,4,male single,none,4,real estate,67,none,own,2,skilled,1,yes,yes,good
<0,12,existing paid,furniture/equipment,708.0,<100,1<=X<4,2,male single,guarantor,3,life insurance,38,none,own,1,unskilled resident,2,none,yes,good
0<=X<200,48,existing paid,new car,6560.0,100<=X<500,4<=X<7,3,male single,none,2,life insurance,24,none,own,1,skilled,1,none,yes,bad
no checking,24,existing paid,radio/tv,1552.0,<100,4<=X<7,3,male single,none,1,car,32,bank,own,1,skilled,2,none,yes,good
<0,24,critical/other existing credit,business,1382.0,100<=X<500,4<=X<7,4,male single,none,1,real estate,26,none,own,2,skilled,1,yes,yes,good
no checking,12,delayed previously,used car,1503.0,<100,1<=X<4,4,male mar/wid,none,4,real estate,41,none,rent,1,skilled,1,none,yes,good
>=200,24,existing paid,radio/tv,5152.0,<100,4<=X<7,4,male single,none,2,car,25,bank,own,1,skilled,1,none,yes,good
0<=X<200,18,delayed previously,new car,2899.0,no known savings,>=7,4,male single,none,4,car,43,none,own,1,skilled,2,none,yes,good
0<=X<200,24,delayed previously,furniture/equipment,2064.0,<100,unemployed,3,female div/dep/mar,none,2,life insurance,34,none,own,1,high qualif/self emp/mgmt,1,yes,yes,bad
<0,12,critical/other existing credit,new car,2121.0,<100,1<=X<4,4,male single,none,2,life insurance,30,none,own,2,skilled,1,none,yes,good
no checking,9,critical/other existing credit,furniture/equipment,2406.0,<100,unemployed,2,male single,none,3,car,31,none,own,1,high qualif/self emp/mgmt,1,none,yes,good
no checking,15,existing paid,new car,3186.0,>=1000,4<=X<7,2,female div/dep/mar,none,3,car,20,none,rent,1,skilled,1,none,yes,good
<0,48,existing paid,radio/tv,6999.0,<100,4<=X<7,1,male mar/wid,guarantor,1,real estate,34,none,own,2,skilled,1,yes,yes,bad
no checking,15,existing paid,radio/tv,1386.0,no known savings,1<=X<4,4,male mar/wid,none,2,real estate,40,none,rent,1,skilled,1,yes,yes,good
no checking,12,critical/other existing credit,radio/tv,618.0,<100,>=7,4,male single,none,4,real estate,56,none,own,1,skilled,1,none,yes,good
no checking,24,critical/other existing credit,used car,6842.0,no known savings,1<=X<4,2,male single,none,4,life insurance,46,none,own,2,high qualif/self emp/mgmt,2,yes,yes,good
0<=X<200,36,delayed previously,business,4455.0,<100,1<=X<4,2,male div/sep,none,2,real estate,30,stores,own,2,high qualif/self emp/mgmt,1,yes,yes,bad
<0,30,existing paid,repairs,11998.0,<100,<1,1,male div/sep,none,1,no known property,34,none,own,1,unskilled resident,1,yes,yes,bad
no checking,36,delayed previously,used car,8947.0,no known savings,4<=X<7,3,male single,none,2,car,31,stores,own,1,high qualif/self emp/mgmt,2,yes,yes,good
no checking,36,existing paid,radio/tv,2394.0,no known savings,1<=X<4,4,female div/dep/mar,none,4,car,25,none,own,1,skilled,1,none,yes,good
0<=X<200,36,existing paid,used car,9398.0,<100,<1,1,male mar/wid,none,4,car,28,none,rent,1,high qualif/self emp/mgmt,1,yes,yes,bad
<0,36,delayed previously,education,6887.0,<100,1<=X<4,4,male single,none,3,life insurance,29,stores,own,1,skilled,1,yes,yes,bad
no checking,6,existing paid,new car,672.0,<100,unemployed,1,female div/dep/mar,none,4,real estate,54,none,own,1,unemp/unskilled non res,1,yes,yes,good
0<=X<200,12,existing paid,furniture/equipment,2762.0,no known savings,>=7,1,female div/dep/mar,none,2,life insurance,25,bank,own,1,skilled,1,yes,yes,bad
no checking,12,critical/other existing credit,furniture/equipment,5801.0,no known savings,>=7,2,male single,none,4,life insurance,49,none,rent,1,skilled,1,yes,yes,good
no checking,21,critical/other existing credit,furniture/equipment,2288.0,<100,<1,4,female div/dep/mar,none,4,life insurance,23,none,own,1,skilled,1,yes,yes,good
no checking,21,delayed previously,furniture/equipment,1591.0,100<=X<500,4<=X<7,4,male single,none,3,real estate,34,none,own,2,high qualif/self emp/mgmt,1,none,yes,good
0<=X<200,18,critical/other existing credit,new car,1056.0,<100,>=7,3,male single,guarantor,3,real estate,30,bank,own,2,skilled,1,none,yes,bad
no checking,12,critical/other existing credit,radio/tv,1240.0,no known savings,>=7,4,female div/dep/mar,none,2,real estate,38,none,own,2,skilled,1,yes,yes,good
no checking,36,critical/other existing credit,used car,11054.0,no known savings,1<=X<4,4,male single,none,2,car,30,none,own,1,high qualif/self emp/mgmt,1,yes,yes,good
no checking,36,existing paid,new car,909.0,500<=X<1000,>=7,4,male single,none,4,life insurance,36,none,own,1,skilled,1,none,yes,good
0<=X<200,7,existing paid,radio/tv,2415.0,<100,1<=X<4,3,male single,guarantor,2,real estate,34,none,own,1,skilled,1,none,yes,good
no checking,24,critical/other existing credit,radio/tv,2223.0,100<=X<500,>=7,4,male single,none,4,life insurance,52,bank,own,2,skilled,1,none,yes,good
no checking,6,existing paid,radio/tv,2108.0,<100,4<=X<7,2,male mar/wid,none,2,real estate,29,none,rent,1,skilled,1,none,yes,good
0<=X<200,15,critical/other existing credit,business,2326.0,500<=X<1000,1<=X<4,2,male single,none,4,car,27,bank,own,1,skilled,1,none,yes,good
no checking,15,critical/other existing credit,radio/tv,1471.0,<100,1<=X<4,4,male single,none,4,no known property,35,none,for free,2,skilled,1,yes,yes,good
0<=X<200,24,critical/other existing credit,business,1935.0,<100,>=7,4,male div/sep,none,4,real estate,31,none,own,2,skilled,1,yes,yes,bad
no checking,15,existing paid,new car,5324.0,500<=X<1000,>=7,1,female div/dep/mar,none,4,no known property,35,none,for free,1,skilled,1,none,yes,good
>=200,6,existing paid,new car,709.0,>=1000,<1,2,male mar/wid,none,2,real estate,27,none,own,1,unemp/unskilled non res,1,none,no,good
0<=X<200,8,existing paid,radio/tv,1414.0,<100,1<=X<4,4,male single,guarantor,2,real estate,33,none,own,1,skilled,1,none,no,good
no checking,24,existing paid,furniture/equipment,2835.0,500<=X<1000,>=7,3,male single,none,4,life insurance,53,none,own,1,skilled,1,none,yes,good
<0,13,critical/other existing credit,business,1797.0,<100,<1,3,male single,none,1,life insurance,28,bank,own,2,unskilled resident,1,none,yes,good
0<=X<200,12,existing paid,business,1037.0,100<=X<500,4<=X<7,3,male single,none,4,real estate,39,none,own,1,unskilled resident,1,none,yes,good
0<=X<200,42,critical/other existing credit,business,5954.0,<100,4<=X<7,2,female div/dep/mar,none,1,real estate,41,bank,own,2,unskilled resident,1,none,yes,good
no checking,36,delayed previously,radio/tv,4454.0,<100,1<=X<4,4,female div/dep/mar,none,4,real estate,34,none,own,2,skilled,1,none,yes,good
<0,48,existing paid,domestic appliance,3051.0,<100,1<=X<4,3,male single,none,4,car,54,none,own,1,skilled,1,none,yes,bad
no checking,12,critical/other existing credit,radio/tv,1291.0,<100,1<=X<4,4,female div/dep/mar,none,2,life insurance,35,none,own,2,skilled,1,none,yes,good
0<=X<200,48,all paid,business,3566.0,100<=X<500,4<=X<7,4,male single,none,2,car,30,none,own,1,skilled,1,none,yes,good
no checking,6,critical/other existing credit,furniture/equipment,1221.0,no known savings,1<=X<4,1,male mar/wid,none,2,life insurance,27,none,own,2,skilled,1,none,yes,good
no checking,4,critical/other existing credit,radio/tv,1544.0,<100,4<=X<7,2,male single,none,1,real estate,42,none,own,3,unskilled resident,2,none,yes,good
0<=X<200,12,existing paid,radio/tv,625.0,<100,<1,4,male mar/wid,guarantor,1,real estate,26,bank,own,1,unskilled resident,1,none,yes,good
0<=X<200,12,existing paid,new car,2002.0,<100,4<=X<7,3,male single,none,4,life insurance,30,none,rent,1,skilled,2,yes,yes,good
<0,24,existing paid,new car,3123.0,<100,<1,4,female div/dep/mar,none,1,life insurance,27,none,own,1,skilled,1,none,yes,bad
no checking,15,existing paid,furniture/equipment,2708.0,<100,<1,2,male single,none,3,life insurance,27,bank,own,2,unskilled resident,1,none,yes,good
no checking,12,critical/other existing credit,education,3565.0,no known savings,<1,2,male single,none,1,life insurance,37,none,own,2,unskilled resident,2,none,yes,good
>=200,12,critical/other existing credit,new car,1480.0,500<=X<1000,unemployed,2,male single,none,4,no known property,66,bank,for free,3,unemp/unskilled non res,1,none,yes,good
no checking,15,critical/other existing credit,radio/tv,1360.0,<100,1<=X<4,4,male single,none,2,life insurance,31,none,own,2,skilled,1,none,yes,good
0<=X<200,12,existing paid,radio/tv,1158.0,500<=X<1000,1<=X<4,3,male div/sep,none,1,car,26,none,own,1,skilled,1,yes,yes,good
0<=X<200,12,existing paid,radio/tv,1103.0,<100,4<=X<7,4,male single,guarantor,3,real estate,29,none,own,2,skilled,1,none,no,good
<0,24,existing paid,furniture/equipment,7721.0,no known savings,<1,1,female div/dep/mar,none,2,life insurance,30,none,own,1,skilled,1,yes,no,good
<0,18,existing paid,domestic appliance,1217.0,<100,1<=X<4,4,male mar/wid,none,3,real estate,47,none,own,1,unskilled resident,1,yes,yes,bad
0<=X<200,12,existing paid,radio/tv,6468.0,no known savings,unemployed,2,male single,none,1,no known property,52,none,own,1,high qualif/self emp/mgmt,1,yes,yes,bad
0<=X<200,24,existing paid,radio/tv,2039.0,<100,<1,1,male mar/wid,none,1,life insurance,22,none,own,1,skilled,1,yes,yes,bad
0<=X<200,20,delayed previously,other,2629.0,<100,1<=X<4,2,male single,none,3,car,29,bank,own,2,skilled,1,yes,yes,good
>=200,15,critical/other existing credit,radio/tv,1271.0,no known savings,1<=X<4,3,male single,none,4,no known property,39,none,for free,2,skilled,1,yes,yes,bad
no checking,12,existing paid,radio/tv,804.0,<100,>=7,4,male single,none,4,car,38,none,own,1,skilled,1,none,yes,good
no checking,10,critical/other existing credit,furniture/equipment,2069.0,no known savings,1<=X<4,2,male mar/wid,none,1,car,26,none,own,2,skilled,1,none,no,good
no checking,48,delayed previously,radio/tv,7238.0,no known savings,>=7,3,male single,none,3,car,32,bank,own,2,skilled,2,none,yes,good
>=200,18,existing paid,furniture/equipment,3049.0,<100,<1,1,female div/dep/mar,none,1,life insurance,45,stores,own,1,unskilled resident,1,none,yes,good
0<=X<200,15,existing paid,new car,2631.0,100<=X<500,1<=X<4,2,female div/dep/mar,none,4,car,28,none,rent,2,skilled,1,yes,yes,bad
0<=X<200,30,existing paid,furniture/equipment,3441.0,100<=X<500,1<=X<4,2,female div/dep/mar,co applicant,4,car,21,none,rent,1,skilled,1,none,yes,bad
no checking,24,existing paid,radio/tv,2284.0,<100,4<=X<7,4,male single,none,2,car,28,none,own,1,skilled,1,yes,yes,good
<0,18,critical/other existing credit,furniture/equipment,1049.0,<100,<1,4,female div/dep/mar,none,4,life insurance,21,none,rent,1,skilled,1,none,yes,good
<0,24,existing paid,furniture/equipment,4169.0,<100,1<=X<4,4,male single,none,4,life insurance,28,none,own,1,skilled,1,none,yes,good
0<=X<200,27,delayed previously,used car,5965.0,<100,>=7,1,male single,none,2,car,30,none,own,2,high qualif/self emp/mgmt,1,yes,yes,good
0<=X<200,15,all paid,new car,6850.0,100<=X<500,unemployed,1,male single,none,2,life insurance,34,none,own,1,high qualif/self emp/mgmt,2,yes,yes,bad
<0,6,critical/other existing credit,new car,1361.0,<100,<1,2,male single,none,4,real estate,40,none,own,1,unskilled resident,2,none,no,good
no checking,18,critical/other existing credit,furniture/equipment,1817.0,<100,1<=X<4,4,female div/dep/mar,none,2,no known property,28,none,own,2,skilled,1,none,yes,good
no checking,24,critical/other existing credit,new car,1940.0,>=1000,>=7,4,male single,none,4,real estate,60,none,own,1,skilled,1,yes,yes,good
no checking,10,critical/other existing credit,new car,1231.0,<100,>=7,3,male single,none,4,real estate,32,none,own,2,unskilled resident,2,none,no,good
no checking,6,critical/other existing credit,radio/tv,1554.0,<100,4<=X<7,1,female div/dep/mar,none,2,car,24,none,rent,2,skilled,1,yes,yes,good
no checking,18,critical/other existing credit,radio/tv,629.0,500<=X<1000,>=7,4,male single,none,3,life insurance,32,bank,own,2,high qualif/self emp/mgmt,1,yes,yes,good
no checking,15,delayed previously,radio/tv,1478.0,<100,1<=X<4,4,male mar/wid,none,3,real estate,33,bank,own,2,skilled,1,none,yes,good
<0,45,no credits/all paid,business,11816.0,<100,>=7,2,male single,none,4,car,29,none,rent,2,skilled,1,none,yes,bad
<0,6,existing paid,new car,1203.0,100<=X<500,>=7,3,male single,none,2,life insurance,43,none,own,1,skilled,1,yes,yes,good
0<=X<200,7,existing paid,radio/tv,2576.0,<100,1<=X<4,2,male single,guarantor,2,real estate,35,none,own,1,skilled,1,none,yes,good
0<=X<200,24,existing paid,used car,12579.0,<100,>=7,4,female div/dep/mar,none,2,no known property,44,none,for free,1,high qualif/self emp/mgmt,1,yes,yes,bad
no checking,30,critical/other existing credit,used car,7596.0,no known savings,>=7,1,male single,none,4,car,63,none,own,2,skilled,1,none,yes,good
no checking,15,delayed previously,furniture/equipment,960.0,>=1000,4<=X<7,3,female div/dep/mar,none,2,life insurance,30,none,own,2,skilled,1,none,yes,good
0<=X<200,48,existing paid,radio/tv,3979.0,no known savings,4<=X<7,4,male single,none,1,car,41,none,own,2,skilled,2,yes,yes,good
no checking,24,critical/other existing credit,repairs,2058.0,<100,1<=X<4,4,male div/sep,none,2,real estate,33,none,own,2,skilled,1,yes,yes,good
<0,18,existing paid,furniture/equipment,3650.0,<100,<1,1,female div/dep/mar,none,4,car,22,none,rent,1,skilled,1,none,yes,good
<0,24,existing paid,other,1755.0,<100,>=7,4,female div/dep/mar,guarantor,4,real estate,58,none,own,1,unskilled resident,1,yes,yes,good
0<=X<200,15,critical/other existing credit,radio/tv,1537.0,no known savings,>=7,4,male single,guarantor,4,real estate,50,none,own,2,skilled,1,yes,yes,good
no checking,12,existing paid,radio/tv,1493.0,<100,<1,4,female div/dep/mar,none,3,car,34,none,own,1,skilled,2,none,yes,good
0<=X<200,48,all paid,new car,12169.0,no known savings,unemployed,4,male single,co applicant,4,no known property,36,none,for free,1,high qualif/self emp/mgmt,1,yes,yes,good
<0,47,existing paid,new car,10722.0,<100,<1,1,female div/dep/mar,none,1,real estate,35,none,own,1,unskilled resident,1,yes,yes,good
0<=X<200,18,existing paid,education,1239.0,no known savings,1<=X<4,4,male single,none,4,no known property,61,none,for free,1,skilled,1,none,yes,good
no checking,10,existing paid,education,727.0,500<=X<1000,>=7,4,male single,none,4,no known property,46,none,for free,1,skilled,1,yes,yes,good
<0,11,critical/other existing credit,new car,3905.0,<100,1<=X<4,2,male single,none,2,real estate,36,none,rent,2,skilled,2,none,yes,good
no checking,6,existing paid,furniture/equipment,4611.0,<100,<1,1,female div/dep/mar,none,4,life insurance,32,none,own,1,skilled,1,none,yes,bad
0<=X<200,12,existing paid,radio/tv,1567.0,<100,1<=X<4,1,female div/dep/mar,none,1,car,22,none,own,1,skilled,1,yes,yes,good
<0,21,all paid,new car,1647.0,no known savings,1<=X<4,4,male single,none,2,life insurance,40,none,own,2,unskilled resident,2,none,yes,bad
<0,36,existing paid,furniture/equipment,3446.0,<100,>=7,4,male single,none,2,car,42,none,own,1,skilled,2,none,yes,bad
no checking,24,existing paid,used car,9277.0,no known savings,1<=X<4,2,male div/sep,none,4,no known property,48,none,for free,1,skilled,1,yes,yes,good
0<=X<200,48,no credits/all paid,business,12204.0,no known savings,1<=X<4,2,male single,none,2,car,48,bank,own,1,high qualif/self emp/mgmt,1,yes,yes,good
no checking,24,delayed previously,business,2978.0,no known savings,1<=X<4,4,male single,none,4,real estate,32,none,own,2,skilled,2,yes,yes,good
no checking,24,existing paid,used car,5433.0,no known savings,unemployed,2,female div/dep/mar,none,4,life insurance,26,none,rent,1,high qualif/self emp/mgmt,1,yes,yes,good
0<=X<200,15,existing paid,repairs,1514.0,100<=X<500,1<=X<4,4,male single,guarantor,2,real estate,22,none,own,1,skilled,1,none,yes,good
0<=X<200,36,delayed previously,new car,8086.0,100<=X<500,>=7,2,male single,none,4,car,42,none,own,4,high qualif/self emp/mgmt,1,yes,yes,bad
<0,24,delayed previously,new car,1333.0,<100,unemployed,4,male single,none,2,real estate,43,none,for free,2,skilled,2,none,yes,bad
no checking,9,existing paid,furniture/equipment,1388.0,<100,1<=X<4,4,female div/dep/mar,none,2,real estate,26,none,rent,1,skilled,1,none,yes,good
no checking,9,existing paid,furniture/equipment,1980.0,<100,<1,2,female div/dep/mar,co applicant,2,car,19,none,rent,2,skilled,1,none,yes,bad
<0,12,existing paid,furniture/equipment,2577.0,<100,1<=X<4,2,male div/sep,none,1,car,42,none,own,1,skilled,1,none,yes,good
no checking,24,critical/other existing credit,other,6314.0,<100,unemployed,4,male single,co applicant,2,no known property,27,bank,own,2,high qualif/self emp/mgmt,1,yes,yes,good
no checking,6,critical/other existing credit,new car,2080.0,500<=X<1000,1<=X<4,1,male mar/wid,none,2,car,24,none,own,1,skilled,1,none,yes,good
<0,18,existing paid,furniture/equipment,2039.0,<100,1<=X<4,1,female div/dep/mar,none,4,real estate,20,bank,rent,1,skilled,1,none,yes,bad
no checking,15,existing paid,domestic appliance,874.0,no known savings,<1,4,female div/dep/mar,none,1,real estate,24,none,own,1,skilled,1,none,yes,good
<0,6,critical/other existing credit,radio/tv,1957.0,<100,4<=X<7,1,female div/dep/mar,none,4,car,31,none,own,1,skilled,1,none,yes,good
0<=X<200,10,existing paid,new car,7308.0,<100,unemployed,2,male single,none,4,no known property,70,bank,for free,1,high qualif/self emp/mgmt,1,yes,yes,good
>=200,24,existing paid,furniture/equipment,1925.0,<100,1<=X<4,2,male single,none,2,real estate,26,none,own,1,skilled,1,none,yes,good
0<=X<200,24,existing paid,new car,1355.0,<100,<1,3,female div/dep/mar,none,4,car,25,none,own,1,unskilled resident,1,yes,yes,bad
<0,12,existing paid,education,795.0,<100,<1,4,female div/dep/mar,none,4,life insurance,53,none,own,1,skilled,1,none,yes,bad
>=200,30,critical/other existing credit,radio/tv,3017.0,<100,>=7,4,male single,none,4,life insurance,47,none,own,1,skilled,1,none,yes,good
<0,48,all paid,business,7685.0,<100,4<=X<7,2,female div/dep/mar,guarantor,4,car,37,none,rent,1,skilled,1,none,yes,bad
no checking,12,critical/other existing credit,business,2292.0,<100,unemployed,4,male single,none,2,car,42,stores,own,2,high qualif/self emp/mgmt,1,yes,yes,bad
<0,36,existing paid,education,1977.0,no known savings,>=7,4,male single,none,4,no known property,40,none,own,1,high qualif/self emp/mgmt,1,yes,yes,bad
no checking,36,critical/other existing credit,new car,7855.0,<100,1<=X<4,4,female div/dep/mar,none,2,real estate,25,stores,own,2,skilled,1,yes,yes,bad
no checking,18,critical/other existing credit,new car,2775.0,<100,4<=X<7,2,male single,none,2,life insurance,31,bank,own,2,skilled,1,none,yes,bad
0<=X<200,21,delayed previously,new car,2353.0,<100,1<=X<4,1,male div/sep,none,4,life insurance,47,none,own,2,skilled,1,none,yes,good
no checking,18,existing paid,new car,1820.0,<100,1<=X<4,2,male mar/wid,none,2,life insurance,30,none,own,1,high qualif/self emp/mgmt,1,yes,yes,good
no checking,12,existing paid,used car,2445.0,no known savings,<1,2,male mar/wid,none,4,car,26,none,rent,1,skilled,1,yes,yes,good
<0,12,existing paid,radio/tv,1680.0,500<=X<1000,>=7,3,male mar/wid,none,1,real estate,35,none,own,1,skilled,1,none,yes,good
<0,18,delayed previously,education,8471.0,no known savings,1<=X<4,1,female div/dep/mar,none,2,car,23,none,rent,2,skilled,1,yes,yes,good
0<=X<200,26,existing paid,used car,7966.0,<100,<1,2,male single,none,3,car,30,none,own,2,skilled,1,none,yes,good
<0,12,existing paid,used car,3386.0,<100,>=7,3,male single,none,4,no known property,35,none,for free,1,skilled,1,yes,yes,bad
>=200,12,critical/other existing credit,new car,939.0,500<=X<1000,4<=X<7,4,male mar/wid,none,2,real estate,28,none,own,3,skilled,1,yes,yes,bad
no checking,12,critical/other existing credit,radio/tv,797.0,no known savings,>=7,4,female div/dep/mar,none,3,life insurance,33,bank,own,1,unskilled resident,2,none,yes,bad
<0,24,existing paid,furniture/equipment,1747.0,<100,<1,4,male single,co applicant,1,life insurance,24,none,own,1,unskilled resident,1,none,no,good
<0,12,no credits/all paid,repairs,1108.0,<100,4<=X<7,4,male single,none,3,real estate,28,none,own,2,skilled,1,none,yes,bad
0<=X<200,13,existing paid,radio/tv,2101.0,<100,<1,2,female div/dep/mar,guarantor,4,life insurance,23,none,own,1,unskilled resident,1,none,yes,good
<0,24,existing paid,used car,6579.0,<100,unemployed,4,male single,none,2,no known property,29,none,for free,1,high qualif/self emp/mgmt,1,yes,yes,good
no checking,48,delayed previously,radio/tv,12749.0,500<=X<1000,4<=X<7,4,male single,none,1,car,37,none,own,1,high qualif/self emp/mgmt,1,yes,yes,good
no checking,12,critical/other existing credit,radio/tv,522.0,500<=X<1000,>=7,4,male single,none,4,life insurance,42,none,own,2,skilled,2,yes,yes,good
<0,24,all paid,furniture/equipment,2828.0,500<=X<1000,1<=X<4,4,male single,none,4,real estate,22,stores,own,1,skilled,1,yes,yes,good
0<=X<200,24,existing paid,new car,2718.0,<100,1<=X<4,3,female div/dep/mar,none,4,life insurance,20,none,rent,1,unskilled resident,1,yes,yes,bad
>=200,10,existing paid,new car,1240.0,100<=X<500,>=7,1,female div/dep/mar,none,4,no known property,48,none,for free,1,unskilled resident,2,none,yes,bad
0<=X<200,12,existing paid,new car,1318.0,>=1000,>=7,4,male single,none,4,real estate,54,none,own,1,skilled,1,yes,yes,good
<0,48,existing paid,business,4308.0,<100,<1,3,female div/dep/mar,none,4,life insurance,24,none,rent,1,skilled,1,none,yes,bad
<0,12,existing paid,furniture/equipment,2578.0,<100,unemployed,3,female div/dep/mar,none,4,no known property,55,none,for free,1,high qualif/self emp/mgmt,1,none,yes,good
no checking,24,existing paid,radio/tv,1311.0,100<=X<500,4<=X<7,4,male mar/wid,none,3,life insurance,26,none,own,1,skilled,1,yes,yes,good
<0,30,critical/other existing credit,used car,6187.0,100<=X<500,4<=X<7,1,male mar/wid,none,4,car,24,none,rent,2,skilled,1,none,yes,good
0<=X<200,18,delayed previously,repairs,6204.0,<100,1<=X<4,2,male single,none,4,real estate,44,none,own,1,unskilled resident,2,yes,yes,good
0<=X<200,6,existing paid,radio/tv,1068.0,<100,>=7,4,male single,none,4,car,28,none,own,1,skilled,2,none,yes,good
0<=X<200,11,existing paid,furniture/equipment,1577.0,>=1000,<1,4,female div/dep/mar,none,1,real estate,20,none,own,1,skilled,1,none,yes,good
no checking,24,critical/other existing credit,furniture/equipment,1585.0,<100,4<=X<7,4,male single,none,3,life insurance,40,none,own,2,skilled,1,none,yes,good
<0,18,all paid,radio/tv,1940.0,<100,<1,3,male single,co applicant,4,no known property,36,bank,for free,1,high qualif/self emp/mgmt,1,yes,yes,good
0<=X<200,24,no credits/all paid,business,4241.0,<100,1<=X<4,1,male single,none,4,real estate,36,none,own,3,unskilled resident,1,yes,yes,bad
>=200,6,critical/other existing credit,new car,1299.0,<100,1<=X<4,1,male single,none,1,real estate,74,none,own,3,unemp/unskilled non res,2,none,no,good
no checking,24,existing paid,new car,1469.0,100<=X<500,>=7,4,male mar/wid,none,4,real estate,41,none,rent,1,unskilled resident,1,none,yes,good
no checking,28,critical/other existing credit,radio/tv,2743.0,<100,>=7,4,male single,none,2,car,29,none,own,2,skilled,1,none,yes,good
no checking,12,existing paid,radio/tv,1963.0,<100,4<=X<7,4,male single,none,2,car,31,none,rent,2,high qualif/self emp/mgmt,2,yes,yes,good
0<=X<200,48,critical/other existing credit,furniture/equipment,5096.0,<100,1<=X<4,2,female div/dep/mar,none,3,car,30,none,own,1,high qualif/self emp/mgmt,1,yes,yes,bad
<0,12,existing paid,new car,2579.0,<100,<1,4,male single,none,1,real estate,33,none,own,1,unskilled resident,2,none,yes,bad
no checking,36,delayed previously,furniture/equipment,7678.0,500<=X<1000,4<=X<7,2,female div/dep/mar,none,4,car,40,none,own,2,skilled,1,yes,yes,good
0<=X<200,30,critical/other existing credit,new car,2181.0,no known savings,>=7,4,male single,none,4,real estate,36,none,own,2,skilled,1,none,yes,good
no checking,6,existing paid,education,1538.0,<100,<1,1,female div/dep/mar,none,2,no known property,56,none,own,1,skilled,1,none,yes,good
<0,6,critical/other existing credit,radio/tv,338.0,500<=X<1000,>=7,4,male single,none,4,car,52,none,own,2,skilled,1,none,yes,good
0<=X<200,39,delayed previously,education,11760.0,100<=X<500,4<=X<7,2,male single,none,3,no known property,32,none,rent,1,skilled,1,yes,yes,good
0<=X<200,24,critical/other existing credit,furniture/equipment,4736.0,<100,<1,2,female div/dep/mar,none,4,car,25,bank,own,1,unskilled resident,1,none,yes,bad
>=200,24,existing paid,furniture/equipment,2892.0,<100,>=7,3,male div/sep,none,4,no known property,51,none,for free,1,skilled,1,none,yes,good
no checking,6,critical/other existing credit,radio/tv,1740.0,<100,>=7,2,male mar/wid,none,2,real estate,30,none,rent,2,skilled,1,none,yes,good
0<=X<200,36,delayed previously,business,9857.0,100<=X<500,4<=X<7,1,male single,none,3,life insurance,31,none,own,2,unskilled resident,2,yes,yes,good
>=200,12,existing paid,new car,1330.0,<100,<1,4,male single,none,1,real estate,26,none,own,1,skilled,1,none,yes,good
>=200,30,critical/other existing credit,radio/tv,3656.0,no known savings,>=7,4,male single,none,4,life insurance,49,stores,own,2,unskilled resident,1,none,yes,good
<0,18,existing paid,new car,976.0,<100,<1,1,female div/dep/mar,none,2,car,23,none,own,1,unskilled resident,1,none,yes,bad
<0,12,all paid,radio/tv,2149.0,<100,1<=X<4,4,male div/sep,none,1,no known property,29,none,for free,1,skilled,1,none,yes,bad
<0,48,existing paid,new car,7763.0,<100,>=7,4,male single,none,4,no known property,42,bank,for free,1,high qualif/self emp/mgmt,1,none,yes,bad
<0,6,critical/other existing credit,furniture/equipment,3384.0,<100,1<=X<4,1,male div/sep,none,4,real estate,44,none,rent,1,high qualif/self emp/mgmt,1,yes,yes,bad
<0,24,existing paid,radio/tv,1282.0,100<=X<500,1<=X<4,4,female div/dep/mar,none,2,car,32,none,own,1,unskilled resident,1,none,yes,bad
no checking,18,critical/other existing credit,new car,1028.0,<100,1<=X<4,4,female div/dep/mar,none,3,real estate,36,none,own,2,skilled,1,none,yes,good
no checking,24,existing paid,new car,1393.0,<100,1<=X<4,2,male single,guarantor,2,real estate,31,none,own,1,skilled,1,yes,yes,good
no checking,12,existing paid,radio/tv,707.0,<100,1<=X<4,4,male single,none,2,real estate,30,bank,own,2,skilled,1,none,yes,good
<0,21,critical/other existing credit,new car,571.0,<100,>=7,4,male single,none,4,real estate,65,none,own,2,skilled,1,none,yes,good
<0,36,existing paid,used car,8229.0,<100,1<=X<4,2,male single,none,2,life insurance,26,none,own,1,skilled,2,none,yes,bad
<0,10,critical/other existing credit,new car,2241.0,<100,<1,1,male single,none,3,real estate,48,none,rent,2,unskilled resident,2,none,no,good
no checking,12,critical/other existing credit,radio/tv,2331.0,no known savings,>=7,1,male single,co applicant,4,real estate,49,none,own,1,skilled,1,yes,yes,good
0<=X<200,30,all paid,furniture/equipment,3496.0,>=1000,1<=X<4,4,male single,none,2,car,34,stores,own,1,skilled,2,yes,yes,good
no checking,18,delayed previously,business,2169.0,<100,1<=X<4,4,male mar/wid,none,2,car,28,none,own,1,skilled,1,yes,yes,bad
0<=X<200,24,critical/other existing credit,education,5743.0,<100,<1,2,female div/dep/mar,none,4,no known property,24,none,for free,2,skilled,1,yes,yes,good
0<=X<200,24,existing paid,other,11328.0,<100,1<=X<4,2,male single,co applicant,3,car,29,bank,own,2,high qualif/self emp/mgmt,1,yes,yes,bad
no checking,6,all paid,radio/tv,1750.0,500<=X<1000,>=7,2,male single,none,4,life insurance,45,bank,own,1,unskilled resident,2,none,yes,good
0<=X<200,24,existing paid,radio/tv,5084.0,no known savings,>=7,2,female div/dep/mar,none,4,car,42,none,own,1,skilled,1,yes,yes,good
<0,12,existing paid,retraining,902.0,<100,4<=X<7,4,male mar/wid,none,4,life insurance,21,none,rent,1,skilled,1,none,yes,bad
<0,24,existing paid,radio/tv,3660.0,<100,1<=X<4,2,female div/dep/mar,none,4,car,28,none,own,1,skilled,1,none,yes,good
>=200,24,critical/other existing credit,furniture/equipment,3617.0,no known savings,>=7,4,male single,co applicant,4,no known property,20,none,rent,2,skilled,1,none,yes,good
<0,24,all paid,furniture/equipment,3552.0,<100,4<=X<7,3,male single,none,4,car,27,bank,own,1,skilled,1,none,yes,bad
no checking,36,existing paid,education,1819.0,<100,1<=X<4,4,male single,none,4,no known property,37,stores,for free,1,skilled,1,yes,yes,bad
no checking,48,existing paid,business,3914.0,no known savings,1<=X<4,4,male div/sep,none,2,real estate,38,bank,own,1,skilled,1,none,yes,bad
0<=X<200,24,critical/other existing credit,new car,3878.0,100<=X<500,<1,4,male div/sep,none,2,car,37,none,own,1,skilled,1,yes,yes,good
no checking,18,existing paid,furniture/equipment,3422.0,<100,>=7,4,male single,none,4,life insurance,47,bank,own,3,skilled,2,yes,yes,good
<0,9,existing paid,furniture/equipment,2136.0,<100,1<=X<4,3,male single,none,2,real estate,25,none,own,1,skilled,1,none,yes,good
0<=X<200,24,critical/other existing credit,used car,7758.0,>=1000,>=7,2,female div/dep/mar,none,4,no known property,29,none,rent,1,skilled,1,none,yes,good
<0,12,critical/other existing credit,used car,1526.0,<100,>=7,4,male single,none,4,no known property,66,none,for free,2,high qualif/self emp/mgmt,1,none,yes,good
0<=X<200,24,delayed previously,radio/tv,6403.0,<100,<1,1,male single,none,2,car,33,none,own,1,skilled,1,none,yes,good
<0,36,existing paid,new car,1842.0,<100,<1,4,female div/dep/mar,none,4,car,34,none,own,1,skilled,1,yes,yes,bad
<0,12,existing paid,radio/tv,674.0,100<=X<500,4<=X<7,4,male mar/wid,none,1,life insurance,20,none,own,1,skilled,1,none,yes,bad
no checking,12,critical/other existing credit,furniture/equipment,1402.0,500<=X<1000,4<=X<7,3,female div/dep/mar,none,4,car,37,none,rent,1,skilled,1,yes,yes,good
0<=X<200,6,existing paid,new car,14555.0,no known savings,unemployed,1,male single,none,2,life insurance,23,none,own,1,unemp/unskilled non res,1,yes,yes,bad
no checking,24,existing paid,new car,3757.0,<100,>=7,4,female div/dep/mar,co applicant,4,no known property,62,none,for free,1,skilled,1,yes,yes,good
<0,10,critical/other existing credit,furniture/equipment,2132.0,no known savings,<1,2,female div/dep/mar,co applicant,3,real estate,27,none,rent,2,skilled,1,none,no,good
no checking,4,critical/other existing credit,new car,1455.0,<100,4<=X<7,2,male single,none,1,real estate,42,none,own,3,unskilled resident,2,none,yes,good
>=200,15,existing paid,business,2687.0,<100,4<=X<7,2,male single,none,4,life insurance,26,none,rent,1,skilled,1,yes,yes,good
<0,21,critical/other existing credit,new car,1602.0,<100,>=7,4,male mar/wid,none,3,car,30,none,own,2,skilled,1,yes,yes,good
0<=X<200,24,delayed previously,new car,1965.0,no known savings,1<=X<4,4,female div/dep/mar,none,4,car,42,none,rent,2,skilled,1,yes,yes,good
<0,12,existing paid,radio/tv,701.0,<100,1<=X<4,4,male mar/wid,none,2,real estate,40,none,own,1,unskilled resident,1,none,yes,good
<0,42,existing paid,radio/tv,7174.0,no known savings,4<=X<7,4,female div/dep/mar,none,3,car,30,none,own,1,high qualif/self emp/mgmt,1,yes,yes,bad
no checking,6,existing paid,retraining,1238.0,no known savings,unemployed,4,male single,none,4,life insurance,36,none,own,1,high qualif/self emp/mgmt,2,yes,yes,good
<0,6,critical/other existing credit,new car,4716.0,no known savings,<1,1,male single,none,3,real estate,44,none,own,2,unskilled resident,2,none,yes,good
no checking,36,critical/other existing credit,radio/tv,9566.0,<100,1<=X<4,2,female div/dep/mar,none,2,car,31,stores,own,2,skilled,1,none,yes,good
no checking,27,critical/other existing credit,furniture/equipment,4526.0,>=1000,<1,4,male single,none,2,real estate,32,stores,own,2,unskilled resident,2,yes,yes,good
0<=X<200,30,existing paid,radio/tv,2991.0,no known savings,>=7,2,female div/dep/mar,none,4,car,25,none,own,1,skilled,1,none,yes,good
0<=X<200,18,existing paid,furniture/equipment,3001.0,<100,4<=X<7,2,female div/dep/mar,none,4,real estate,40,none,rent,1,skilled,1,none,yes,good
<0,14,existing paid,new car,8978.0,<100,>=7,1,male div/sep,none,4,life insurance,45,none,own,1,high qualif/self emp/mgmt,1,yes,no,bad
no checking,36,existing paid,radio/tv,2299.0,500<=X<1000,>=7,4,male single,none,4,car,39,none,own,1,skilled,1,none,yes,good
0<=X<200,9,critical/other existing credit,education,1136.0,>=1000,>=7,4,male single,none,3,no known property,32,none,for free,2,skilled,2,none,yes,bad
0<=X<200,9,critical/other existing credit,education,1501.0,<100,>=7,2,female div/dep/mar,none,3,car,34,none,own,2,high qualif/self emp/mgmt,1,yes,yes,bad
0<=X<200,45,critical/other existing credit,used car,4576.0,100<=X<500,unemployed,3,male single,none,4,car,27,none,own,1,skilled,1,none,yes,good
>=200,15,existing paid,radio/tv,2327.0,<100,<1,2,female div/dep/mar,none,3,real estate,25,none,own,1,unskilled resident,1,none,yes,bad
0<=X<200,24,existing paid,used car,11560.0,<100,1<=X<4,1,female div/dep/mar,none,4,car,23,none,rent,2,high qualif/self emp/mgmt,1,none,yes,bad
no checking,12,critical/other existing credit,education,2748.0,<100,>=7,2,female div/dep/mar,none,4,no known property,57,bank,for free,3,unskilled resident,1,none,yes,good
no checking,12,existing paid,education,719.0,<100,>=7,4,male single,none,4,car,41,bank,own,1,unskilled resident,2,none,yes,bad
no checking,30,critical/other existing credit,radio/tv,4530.0,<100,4<=X<7,4,female div/dep/mar,none,4,car,26,none,rent,1,high qualif/self emp/mgmt,1,yes,yes,good
no checking,48,critical/other existing credit,new car,10127.0,500<=X<1000,1<=X<4,2,male single,none,2,no known property,44,bank,for free,1,skilled,1,none,yes,bad
<0,21,existing paid,furniture/equipment,3599.0,<100,4<=X<7,1,female div/dep/mar,none,4,car,26,none,rent,1,unskilled resident,1,none,yes,good
0<=X<200,27,critical/other existing credit,radio/tv,2520.0,500<=X<1000,1<=X<4,4,male single,none,2,life insurance,23,none,own,2,unskilled resident,1,none,yes,bad
no checking,18,critical/other existing credit,radio/tv,1582.0,>=1000,>=7,4,male single,none,4,car,46,none,own,2,skilled,1,none,yes,good
0<=X<200,18,existing paid,furniture/equipment,1924.0,no known savings,<1,4,female div/dep/mar,none,3,real estate,27,none,rent,1,skilled,1,none,yes,bad
no checking,22,existing paid,radio/tv,2675.0,500<=X<1000,>=7,3,male single,none,4,car,40,none,own,1,skilled,1,none,yes,good
0<=X<200,24,delayed previously,furniture/equipment,2333.0,no known savings,<1,4,male single,none,2,life insurance,29,bank,own,1,unskilled resident,1,none,yes,good
<0,12,no credits/all paid,radio/tv,6199.0,<100,1<=X<4,4,male single,none,2,life insurance,28,none,rent,2,skilled,1,yes,yes,bad
<0,48,existing paid,used car,10297.0,<100,4<=X<7,4,male single,none,4,no known property,39,stores,for free,3,skilled,2,yes,yes,bad
<0,27,existing paid,radio/tv,3416.0,<100,1<=X<4,3,male single,none,2,car,27,none,own,1,high qualif/self emp/mgmt,1,none,yes,good
0<=X<200,24,existing paid,radio/tv,3092.0,100<=X<500,<1,3,male mar/wid,none,2,car,22,none,rent,1,skilled,1,yes,yes,bad
no checking,24,critical/other existing credit,radio/tv,1516.0,>=1000,1<=X<4,4,female div/dep/mar,none,1,real estate,43,none,own,2,unskilled resident,1,none,yes,good
no checking,15,existing paid,radio/tv,1979.0,no known savings,>=7,4,male single,none,2,car,35,none,own,1,skilled,1,none,yes,good
0<=X<200,30,critical/other existing credit,new car,4249.0,<100,unemployed,4,male mar/wid,none,2,car,28,none,own,2,high qualif/self emp/mgmt,1,none,yes,bad
no checking,24,existing paid,radio/tv,3430.0,500<=X<1000,>=7,3,male single,none,2,car,31,none,own,1,skilled,2,yes,yes,good
0<=X<200,15,no credits/all paid,new car,1778.0,<100,<1,2,female div/dep/mar,none,1,real estate,26,none,rent,2,unemp/unskilled non res,1,none,yes,bad
0<=X<200,21,existing paid,business,1188.0,<100,>=7,2,female div/dep/mar,none,4,life insurance,39,none,own,1,skilled,2,none,yes,bad
0<=X<200,42,all paid,used car,9283.0,<100,unemployed,1,male single,none,2,no known property,55,bank,for free,1,high qualif/self emp/mgmt,1,yes,yes,good
<0,15,existing paid,radio/tv,1053.0,<100,<1,4,male mar/wid,none,2,real estate,27,none,own,1,skilled,1,none,no,good
0<=X<200,18,critical/other existing credit,furniture/equipment,3612.0,<100,>=7,3,female div/dep/mar,none,4,life insurance,37,none,own,1,skilled,1,yes,yes,good
0<=X<200,21,critical/other existing credit,business,3652.0,<100,4<=X<7,2,male single,none,3,life insurance,27,none,own,2,skilled,1,none,yes,good
>=200,10,existing paid,domestic appliance,1225.0,<100,1<=X<4,2,male single,none,2,car,37,none,own,1,skilled,1,yes,yes,good
no checking,30,all paid,used car,7485.0,no known savings,unemployed,4,female div/dep/mar,none,1,real estate,53,bank,own,1,high qualif/self emp/mgmt,1,yes,yes,bad
no checking,24,existing paid,business,1258.0,<100,4<=X<7,4,male single,none,1,real estate,25,none,own,1,skilled,1,yes,yes,good
<0,36,existing paid,used car,8335.0,no known savings,>=7,3,male single,none,4,no known property,47,none,for free,1,skilled,1,none,yes,bad
no checking,48,all paid,business,3609.0,<100,1<=X<4,1,female div/dep/mar,none,1,real estate,27,stores,own,1,skilled,1,none,yes,good
no checking,12,delayed previously,repairs,1555.0,>=1000,>=7,4,male single,none,4,no known property,55,none,for free,2,skilled,2,none,yes,bad
<0,15,existing paid,new car,3959.0,<100,1<=X<4,3,female div/dep/mar,none,2,life insurance,29,none,own,1,skilled,1,yes,yes,bad
0<=X<200,24,delayed previously,business,6967.0,100<=X<500,4<=X<7,4,male single,none,4,car,36,none,rent,1,high qualif/self emp/mgmt,1,yes,yes,good
0<=X<200,48,delayed previously,other,7582.0,100<=X<500,unemployed,2,male single,none,4,no known property,31,none,for free,1,high qualif/self emp/mgmt,1,yes,yes,good
0<=X<200,24,all paid,education,1837.0,<100,4<=X<7,4,female div/dep/mar,none,4,no known property,34,bank,for free,1,unskilled resident,1,none,yes,bad
<0,48,existing paid,radio/tv,6758.0,<100,1<=X<4,3,female div/dep/mar,none,2,car,31,none,own,1,skilled,1,yes,yes,bad
<0,24,all paid,furniture/equipment,2483.0,500<=X<1000,1<=X<4,4,male single,none,4,real estate,22,stores,own,1,skilled,1,yes,yes,good
<0,30,no credits/all paid,business,8072.0,no known savings,<1,2,male single,none,3,car,25,bank,own,3,skilled,1,none,yes,good
0<=X<200,12,existing paid,repairs,639.0,<100,1<=X<4,4,male single,none,2,car,30,none,own,1,skilled,1,none,yes,bad
<0,24,existing paid,used car,2910.0,<100,4<=X<7,2,male single,none,1,no known property,34,none,for free,1,high qualif/self emp/mgmt,1,yes,yes,good
0<=X<200,60,delayed previously,radio/tv,7418.0,no known savings,1<=X<4,1,male single,none,1,real estate,27,none,own,1,unskilled resident,1,none,yes,good
no checking,48,existing paid,radio/tv,10222.0,no known savings,4<=X<7,4,male single,none,3,car,37,stores,own,1,skilled,1,yes,yes,good
0<=X<200,6,existing paid,repairs,454.0,<100,<1,3,male mar/wid,none,1,life insurance,22,none,own,1,unskilled resident,1,none,yes,good
no checking,24,existing paid,business,4591.0,>=1000,1<=X<4,2,male single,none,3,life insurance,54,none,own,3,high qualif/self emp/mgmt,1,yes,yes,bad
no checking,48,critical/other existing credit,radio/tv,3578.0,no known savings,>=7,4,male single,none,1,real estate,47,none,own,1,skilled,1,yes,yes,good
0<=X<200,60,delayed previously,radio/tv,9157.0,no known savings,1<=X<4,2,male single,none,2,no known property,27,none,for free,1,high qualif/self emp/mgmt,1,none,yes,good
no checking,24,critical/other existing credit,business,4526.0,<100,1<=X<4,3,male single,none,2,real estate,74,none,own,1,high qualif/self emp/mgmt,1,yes,yes,good
no checking,36,delayed previously,business,9572.0,<100,<1,1,male div/sep,none,1,car,28,none,own,2,skilled,1,none,yes,bad
0<=X<200,36,no credits/all paid,radio/tv,3804.0,<100,1<=X<4,4,female div/dep/mar,none,1,car,42,none,own,1,skilled,1,yes,yes,bad
<0,12,critical/other existing credit,new car,691.0,<100,>=7,4,male single,none,3,life insurance,35,none,own,2,skilled,1,none,yes,bad
no checking,21,existing paid,used car,2476.0,no known savings,>=7,4,male single,none,4,real estate,46,none,own,1,high qualif/self emp/mgmt,1,yes,yes,good
0<=X<200,9,existing paid,radio/tv,790.0,500<=X<1000,1<=X<4,4,female div/dep/mar,none,3,real estate,66,none,own,1,unskilled resident,1,none,yes,good
no checking,60,existing paid,new car,6527.0,no known savings,1<=X<4,4,male single,none,4,no known property,34,none,for free,1,skilled,2,yes,yes,good
0<=X<200,15,all paid,new car,1264.0,100<=X<500,1<=X<4,2,male mar/wid,none,2,life insurance,25,none,rent,1,skilled,1,none,yes,bad
no checking,36,critical/other existing credit,furniture/equipment,7127.0,<100,<1,2,female div/dep/mar,none,4,life insurance,23,none,rent,2,skilled,1,yes,yes,bad
no checking,24,critical/other existing credit,furniture/equipment,2028.0,<100,4<=X<7,2,male single,none,2,life insurance,30,none,own,2,unskilled resident,1,none,yes,good
no checking,11,critical/other existing credit,new car,1393.0,<100,<1,4,female div/dep/mar,none,4,car,35,none,own,2,high qualif/self emp/mgmt,1,none,yes,good
0<=X<200,9,existing paid,new car,3195.0,no known savings,1<=X<4,1,female div/dep/mar,none,2,real estate,33,none,own,1,unskilled resident,1,none,yes,good
<0,12,all paid,retraining,339.0,<100,>=7,4,male mar/wid,none,1,car,45,bank,own,1,unskilled resident,1,none,yes,good
no checking,24,critical/other existing credit,used car,4042.0,no known savings,4<=X<7,3,male single,none,4,life insurance,43,none,own,2,skilled,1,yes,yes,good
no checking,12,existing paid,furniture/equipment,763.0,<100,1<=X<4,4,female div/dep/mar,none,1,real estate,26,none,own,1,skilled,1,yes,yes,good
no checking,24,critical/other existing credit,radio/tv,2424.0,no known savings,>=7,4,male single,none,4,life insurance,53,none,own,2,skilled,1,none,yes,good
no checking,36,existing paid,used car,4686.0,<100,1<=X<4,2,male single,none,2,no known property,32,none,for free,1,high qualif/self emp/mgmt,1,yes,yes,good
no checking,11,critical/other existing credit,new car,7228.0,<100,1<=X<4,1,male single,none,4,life insurance,39,none,own,2,unskilled resident,1,none,yes,good
no checking,24,existing paid,new car,7393.0,<100,1<=X<4,1,male single,none,4,life insurance,43,none,own,1,unskilled resident,2,none,yes,good
no checking,12,existing paid,new car,3527.0,no known savings,<1,2,male single,none,3,life insurance,45,none,own,1,high qualif/self emp/mgmt,2,yes,yes,good
<0,6,critical/other existing credit,new car,609.0,<100,4<=X<7,4,female div/dep/mar,none,3,life insurance,37,none,own,2,skilled,1,none,no,good
0<=X<200,24,existing paid,used car,4113.0,500<=X<1000,<1,3,female div/dep/mar,none,4,car,28,none,rent,1,skilled,1,none,yes,bad
0<=X<200,12,critical/other existing credit,radio/tv,3573.0,<100,1<=X<4,1,female div/dep/mar,none,1,real estate,23,none,own,1,unskilled resident,1,none,yes,good
no checking,15,critical/other existing credit,furniture/equipment,1520.0,no known savings,>=7,4,male single,none,4,life insurance,63,none,own,1,skilled,1,none,yes,good
>=200,24,critical/other existing credit,radio/tv,3148.0,no known savings,1<=X<4,3,male single,none,2,car,31,none,own,2,skilled,1,yes,yes,good
no checking,36,existing paid,radio/tv,3595.0,<100,>=7,4,male single,none,2,car,28,none,own,1,skilled,1,none,yes,good
no checking,36,no credits/all paid,repairs,2613.0,<100,1<=X<4,4,male single,none,2,car,27,none,own,2,skilled,1,none,yes,good
no checking,6,no credits/all paid,radio/tv,426.0,<100,>=7,4,male mar/wid,none,4,car,39,none,own,1,unskilled resident,1,none,yes,good
<0,12,existing paid,new car,1893.0,<100,1<=X<4,4,female div/dep/mar,guarantor,4,life insurance,29,none,own,1,skilled,1,yes,yes,good
no checking,24,critical/other existing credit,new car,1287.0,>=1000,>=7,4,female div/dep/mar,none,4,real estate,37,none,own,2,skilled,1,yes,yes,good
<0,36,delayed previously,business,2145.0,<100,4<=X<7,2,male single,none,1,car,24,none,own,2,skilled,1,yes,yes,bad
<0,18,existing paid,furniture/equipment,2473.0,<100,unemployed,4,male single,none,1,car,25,none,own,1,unemp/unskilled non res,1,none,yes,bad
<0,24,existing paid,furniture/equipment,3149.0,<100,<1,4,male single,none,1,no known property,22,bank,for free,1,skilled,1,none,yes,good
>=200,18,existing paid,radio/tv,2100.0,<100,1<=X<4,4,male single,co applicant,2,real estate,37,stores,own,1,skilled,1,none,yes,bad
0<=X<200,30,existing paid,radio/tv,1715.0,no known savings,1<=X<4,4,female div/dep/mar,none,1,car,26,none,own,1,skilled,1,none,yes,good
0<=X<200,60,all paid,other,14782.0,100<=X<500,>=7,3,female div/dep/mar,none,4,no known property,60,bank,for free,2,high qualif/self emp/mgmt,1,yes,yes,bad
no checking,24,delayed previously,used car,4679.0,<100,4<=X<7,3,male single,none,3,car,35,none,own,2,unskilled resident,1,yes,yes,good
no checking,15,existing paid,radio/tv,3568.0,<100,>=7,4,female div/dep/mar,none,2,car,54,bank,rent,1,high qualif/self emp/mgmt,1,yes,yes,good
<0,20,critical/other existing credit,new car,2235.0,<100,1<=X<4,4,male mar/wid,guarantor,2,life insurance,33,bank,rent,2,skilled,1,none,no,bad
0<=X<200,27,existing paid,business,2528.0,<100,<1,4,female div/dep/mar,none,1,life insurance,32,none,own,1,skilled,2,yes,yes,good
no checking,21,delayed previously,used car,2993.0,<100,1<=X<4,3,male single,none,2,real estate,28,stores,own,2,unskilled resident,1,none,yes,good
0<=X<200,45,existing paid,radio/tv,3031.0,100<=X<500,1<=X<4,4,male single,guarantor,4,life insurance,21,none,rent,1,skilled,1,none,yes,bad
no checking,36,delayed previously,new car,10875.0,<100,>=7,2,male single,none,2,car,45,none,own,2,skilled,2,yes,yes,good
no checking,10,existing paid,furniture/equipment,2210.0,<100,1<=X<4,2,male single,none,2,real estate,25,bank,rent,1,unskilled resident,1,none,yes,bad
0<=X<200,24,critical/other existing credit,radio/tv,1216.0,100<=X<500,<1,4,male single,none,4,no known property,38,bank,own,2,skilled,2,none,yes,bad
<0,11,critical/other existing credit,new car,3939.0,<100,1<=X<4,1,male single,none,2,real estate,40,none,own,2,unskilled resident,2,none,yes,good
no checking,24,delayed previously,business,2375.0,500<=X<1000,1<=X<4,4,male single,none,2,car,44,none,own,2,skilled,2,yes,yes,good
no checking,24,existing paid,retraining,937.0,<100,<1,4,male mar/wid,none,3,car,27,none,own,2,unskilled resident,1,none,yes,good
no checking,42,existing paid,radio/tv,7166.0,no known savings,4<=X<7,2,male mar/wid,none,4,life insurance,29,none,rent,1,skilled,1,yes,yes,good
no checking,15,existing paid,domestic appliance,1262.0,500<=X<1000,4<=X<7,4,male single,none,3,life insurance,36,none,own,2,skilled,1,yes,yes,good
no checking,15,delayed previously,used car,3594.0,<100,<1,1,female div/dep/mar,none,2,life insurance,46,none,own,2,unskilled resident,1,none,yes,good
>=200,36,existing paid,radio/tv,5848.0,<100,1<=X<4,4,male single,none,1,car,24,none,own,1,skilled,1,none,yes,good
0<=X<200,18,critical/other existing credit,radio/tv,1795.0,<100,>=7,3,female div/dep/mar,guarantor,4,real estate,48,bank,rent,2,unskilled resident,1,yes,yes,good
<0,36,existing paid,furniture/equipment,3959.0,<100,unemployed,4,male single,none,3,life insurance,30,none,own,1,high qualif/self emp/mgmt,1,yes,yes,good
<0,24,existing paid,new car,1285.0,no known savings,4<=X<7,4,female div/dep/mar,none,4,no known property,32,none,rent,1,skilled,1,none,yes,bad
>=200,15,existing paid,education,392.0,<100,<1,4,female div/dep/mar,none,4,life insurance,23,none,rent,1,skilled,1,yes,yes,good
0<=X<200,48,existing paid,radio/tv,10961.0,>=1000,4<=X<7,1,male single,co applicant,2,no known property,27,bank,own,2,skilled,1,yes,yes,bad
no checking,9,existing paid,radio/tv,2753.0,100<=X<500,>=7,3,male single,co applicant,4,car,35,none,own,1,skilled,1,yes,yes,good
0<=X<200,9,critical/other existing credit,furniture/equipment,1919.0,<100,4<=X<7,4,male single,none,3,car,35,none,rent,1,skilled,1,yes,yes,good
0<=X<200,12,existing paid,used car,2028.0,no known savings,1<=X<4,4,male single,none,2,car,30,none,own,1,skilled,1,none,yes,good
0<=X<200,18,existing paid,new car,1042.0,no known savings,1<=X<4,4,female div/dep/mar,none,2,life insurance,33,none,own,1,skilled,1,none,yes,bad
<0,6,existing paid,furniture/equipment,428.0,<100,>=7,2,female div/dep/mar,none,1,life insurance,49,bank,own,1,skilled,1,yes,yes,good
<0,9,critical/other existing credit,new car,2799.0,<100,1<=X<4,2,male single,none,2,real estate,36,none,rent,2,skilled,2,none,yes,good
0<=X<200,39,critical/other existing credit,radio/tv,4933.0,<100,4<=X<7,2,male single,guarantor,2,real estate,25,none,own,2,skilled,1,none,yes,bad
no checking,60,existing paid,new car,10366.0,<100,>=7,2,male single,none,4,life insurance,42,none,own,1,high qualif/self emp/mgmt,1,yes,yes,good
0<=X<200,12,critical/other existing credit,new car,2366.0,500<=X<1000,4<=X<7,3,male div/sep,none,3,car,36,none,own,1,high qualif/self emp/mgmt,1,yes,yes,good
no checking,18,existing paid,used car,3378.0,no known savings,1<=X<4,2,male single,none,1,life insurance,31,none,own,1,skilled,1,yes,yes,good
no checking,10,existing paid,radio/tv,1924.0,<100,1<=X<4,1,male single,none,4,life insurance,38,none,own,1,skilled,1,yes,no,good
no checking,14,delayed previously,new car,802.0,<100,1<=X<4,4,male single,none,2,car,27,none,own,2,unskilled resident,1,none,yes,good
0<=X<200,48,no credits/all paid,new car,8358.0,500<=X<1000,<1,1,female div/dep/mar,none,1,car,30,none,own,2,skilled,1,none,yes,good
0<=X<200,12,critical/other existing credit,domestic appliance,1424.0,<100,4<=X<7,4,male single,none,3,life insurance,26,none,own,1,skilled,1,none,yes,good
0<=X<200,30,no credits/all paid,business,4221.0,<100,1<=X<4,2,female div/dep/mar,none,1,car,28,none,own,2,skilled,1,none,yes,good
no checking,24,all paid,business,1559.0,<100,4<=X<7,4,male single,none,4,car,50,bank,own,1,skilled,1,yes,yes,good
<0,12,existing paid,radio/tv,2214.0,<100,1<=X<4,4,male single,none,3,life insurance,24,none,own,1,unskilled resident,1,none,yes,good
no checking,12,existing paid,radio/tv,3059.0,>=1000,4<=X<7,2,male div/sep,none,4,real estate,61,none,own,1,unskilled resident,1,none,yes,good
no checking,12,critical/other existing credit,radio/tv,930.0,no known savings,>=7,4,male single,none,4,real estate,65,none,own,4,skilled,1,none,yes,good
no checking,48,critical/other existing credit,education,6110.0,<100,1<=X<4,1,male single,none,3,no known property,31,bank,for free,1,skilled,1,yes,yes,good
no checking,12,no credits/all paid,furniture/equipment,2759.0,<100,>=7,2,male single,none,4,life insurance,34,none,own,2,skilled,1,none,yes,good
0<=X<200,12,existing paid,furniture/equipment,1922.0,<100,1<=X<4,4,male single,none,2,life insurance,37,none,own,1,unskilled resident,1,none,yes,bad
no checking,24,delayed previously,furniture/equipment,4151.0,100<=X<500,1<=X<4,2,male single,none,3,life insurance,35,none,own,2,skilled,1,none,yes,good
<0,10,critical/other existing credit,new car,1038.0,<100,4<=X<7,4,male single,co applicant,3,life insurance,49,none,own,2,skilled,1,yes,yes,good
<0,15,existing paid,new car,2511.0,<100,unemployed,1,female div/dep/mar,none,4,car,23,none,rent,1,skilled,1,none,yes,good
no checking,30,critical/other existing credit,radio/tv,5954.0,<100,4<=X<7,3,male single,co applicant,2,car,38,none,own,1,skilled,1,none,yes,good
<0,12,existing paid,furniture/equipment,1858.0,<100,<1,4,female div/dep/mar,none,1,car,22,none,rent,1,skilled,1,none,yes,good
0<=X<200,8,existing paid,radio/tv,760.0,<100,4<=X<7,4,female div/dep/mar,guarantor,2,real estate,44,none,own,1,unskilled resident,1,none,yes,good
no checking,15,critical/other existing credit,radio/tv,1829.0,<100,>=7,4,male single,none,4,car,46,none,own,2,skilled,1,yes,yes,good
<0,18,critical/other existing credit,new car,5302.0,<100,>=7,2,male single,none,4,no known property,36,none,for free,3,high qualif/self emp/mgmt,1,yes,yes,good
<0,12,existing paid,domestic appliance,741.0,100<=X<500,unemployed,4,female div/dep/mar,none,3,life insurance,22,none,own,1,skilled,1,none,yes,bad
no checking,10,existing paid,new car,1287.0,no known savings,>=7,4,male single,co applicant,2,life insurance,45,none,own,1,unskilled resident,1,none,no,good
<0,24,existing paid,new car,1381.0,no known savings,1<=X<4,4,female div/dep/mar,none,2,life insurance,35,none,own,1,skilled,1,none,yes,bad
no checking,6,existing paid,radio/tv,1346.0,100<=X<500,>=7,2,male single,none,4,no known property,42,bank,for free,1,skilled,2,yes,yes,good
0<=X<200,48,delayed previously,education,6224.0,<100,>=7,4,male single,none,4,no known property,50,none,for free,1,skilled,1,none,yes,bad
<0,18,existing paid,education,750.0,<100,unemployed,4,female div/dep/mar,none,1,real estate,27,none,own,1,unemp/unskilled non res,1,none,yes,bad
no checking,28,all paid,used car,7824.0,no known savings,<1,3,male single,guarantor,4,real estate,40,bank,rent,2,skilled,2,yes,yes,good
no checking,12,critical/other existing credit,repairs,996.0,no known savings,4<=X<7,4,female div/dep/mar,none,4,real estate,23,none,own,2,skilled,1,none,yes,good
0<=X<200,24,critical/other existing credit,business,2825.0,no known savings,4<=X<7,4,male single,none,3,no known property,34,none,own,2,skilled,2,yes,yes,good
no checking,10,existing paid,new car,1418.0,100<=X<500,1<=X<4,3,male single,none,2,real estate,35,none,rent,1,unskilled resident,1,none,no,good
no checking,12,critical/other existing credit,new car,682.0,100<=X<500,4<=X<7,4,female div/dep/mar,none,3,car,51,none,own,2,skilled,1,yes,yes,good
<0,6,critical/other existing credit,new car,860.0,<100,>=7,1,female div/dep/mar,none,4,no known property,39,none,own,2,skilled,1,yes,yes,good
>=200,9,no credits/all paid,radio/tv,1337.0,<100,<1,4,male single,none,2,car,34,none,own,2,high qualif/self emp/mgmt,1,yes,yes,bad
0<=X<200,9,existing paid,radio/tv,1670.0,<100,<1,4,female div/dep/mar,none,2,car,22,none,own,1,skilled,1,yes,yes,bad
0<=X<200,30,no credits/all paid,business,4280.0,100<=X<500,1<=X<4,4,female div/dep/mar,none,4,car,26,none,rent,2,unskilled resident,1,none,yes,bad
0<=X<200,18,critical/other existing credit,furniture/equipment,6361.0,<100,>=7,2,male single,none,1,no known property,41,none,own,1,skilled,1,yes,yes,good
no checking,6,delayed previously,business,1743.0,100<=X<500,1<=X<4,1,male single,none,2,real estate,34,none,own,2,unskilled resident,1,none,yes,good
0<=X<200,12,existing paid,retraining,754.0,no known savings,>=7,4,male single,none,4,life insurance,38,none,own,2,skilled,1,none,yes,good
<0,8,critical/other existing credit,new car,3398.0,<100,4<=X<7,1,male single,none,4,real estate,39,none,own,2,unskilled resident,1,none,no,good
0<=X<200,9,all paid,used car,5129.0,<100,>=7,2,female div/dep/mar,none,4,no known property,74,bank,for free,1,high qualif/self emp/mgmt,2,yes,yes,bad
>=200,10,critical/other existing credit,new car,781.0,<100,>=7,4,male single,none,4,no known property,63,none,for free,2,skilled,1,yes,yes,good
<0,18,all paid,new car,1442.0,<100,4<=X<7,4,male single,none,4,no known property,32,none,for free,2,unskilled resident,2,none,yes,bad
no checking,18,existing paid,radio/tv,2051.0,<100,<1,4,male single,none,1,real estate,33,none,own,1,skilled,1,none,yes,good
<0,18,existing paid,furniture/equipment,2462.0,<100,1<=X<4,2,male single,none,2,car,22,none,own,1,skilled,1,none,yes,bad
<0,28,existing paid,new car,4006.0,<100,1<=X<4,3,male single,none,2,car,45,none,own,1,unskilled resident,1,none,yes,bad
0<=X<200,12,existing paid,furniture/equipment,951.0,100<=X<500,<1,4,female div/dep/mar,none,4,car,27,bank,rent,4,skilled,1,none,yes,bad
no checking,15,existing paid,used car,1300.0,no known savings,>=7,4,male single,none,4,no known property,45,bank,for free,1,skilled,2,none,yes,good
no checking,24,existing paid,radio/tv,1901.0,100<=X<500,1<=X<4,4,male single,none,4,car,29,none,rent,1,high qualif/self emp/mgmt,1,yes,yes,good
>=200,42,critical/other existing credit,used car,4796.0,<100,>=7,4,male single,none,4,no known property,56,none,for free,1,skilled,1,none,yes,good
no checking,18,existing paid,radio/tv,1473.0,<100,<1,3,male mar/wid,none,4,real estate,39,none,own,1,skilled,1,yes,yes,good
no checking,12,existing paid,furniture/equipment,1768.0,<100,1<=X<4,3,male single,none,2,real estate,24,none,rent,1,unskilled resident,1,none,yes,good
no checking,24,critical/other existing credit,furniture/equipment,3777.0,>=1000,1<=X<4,4,male single,none,4,real estate,50,none,own,1,skilled,1,yes,yes,good
no checking,27,delayed previously,business,5117.0,<100,4<=X<7,3,male single,none,4,car,26,none,own,2,skilled,1,none,yes,good
<0,42,critical/other existing credit,repairs,3394.0,<100,unemployed,4,male single,co applicant,4,car,65,none,own,2,unemp/unskilled non res,1,none,yes,good
no checking,12,critical/other existing credit,radio/tv,717.0,<100,>=7,4,male single,none,4,real estate,52,none,own,3,skilled,1,none,yes,good
no checking,36,critical/other existing credit,used car,5842.0,<100,>=7,2,male single,none,2,life insurance,35,none,own,2,skilled,2,yes,yes,good
no checking,9,critical/other existing credit,new car,1224.0,<100,1<=X<4,3,male single,none,1,real estate,30,none,own,2,skilled,1,none,yes,good
0<=X<200,12,existing paid,radio/tv,1155.0,<100,>=7,3,male mar/wid,guarantor,3,real estate,40,bank,own,2,unskilled resident,1,none,yes,good
<0,21,existing paid,new car,3763.0,no known savings,4<=X<7,2,male single,co applicant,2,real estate,24,none,own,1,unskilled resident,1,none,no,good
<0,12,no credits/all paid,new car,1082.0,<100,1<=X<4,4,male single,none,4,car,48,bank,own,2,skilled,1,none,yes,bad
0<=X<200,48,existing paid,business,15672.0,<100,1<=X<4,2,male single,none,2,car,23,none,own,1,skilled,1,yes,yes,bad
<0,12,critical/other existing credit,new car,3499.0,<100,1<=X<4,3,female div/dep/mar,co applicant,2,real estate,29,none,own,2,skilled,1,none,yes,bad
no checking,60,delayed previously,radio/tv,15653.0,<100,4<=X<7,2,male single,none,4,car,21,none,own,2,skilled,1,yes,yes,good
no checking,24,delayed previously,business,8648.0,<100,<1,2,male single,none,2,car,27,bank,own,2,skilled,1,yes,yes,bad
0<=X<200,20,existing paid,used car,6468.0,no known savings,unemployed,1,male div/sep,none,4,real estate,60,none,own,1,high qualif/self emp/mgmt,1,yes,yes,good
<0,24,existing paid,used car,2812.0,no known savings,>=7,2,female div/dep/mar,none,4,real estate,26,none,rent,1,skilled,1,none,yes,good
0<=X<200,36,all paid,domestic appliance,3990.0,no known savings,<1,3,female div/dep/mar,none,2,no known property,29,bank,own,1,unemp/unskilled non res,1,none,yes,good
no checking,11,existing paid,business,2142.0,>=1000,>=7,1,male div/sep,none,2,real estate,28,none,own,1,skilled,1,yes,yes,good
no checking,10,existing paid,new car,1364.0,<100,1<=X<4,2,female div/dep/mar,none,4,car,64,none,own,1,skilled,1,yes,yes,good
0<=X<200,15,existing paid,repairs,1308.0,<100,>=7,4,male single,none,4,car,38,none,own,2,unskilled resident,1,none,yes,good
0<=X<200,48,no credits/all paid,other,18424.0,<100,1<=X<4,1,female div/dep/mar,none,2,life insurance,32,bank,own,1,high qualif/self emp/mgmt,1,yes,no,bad
0<=X<200,12,existing paid,business,841.0,100<=X<500,4<=X<7,2,female div/dep/mar,none,4,real estate,23,none,rent,1,unskilled resident,1,none,yes,good
0<=X<200,6,existing paid,radio/tv,590.0,<100,<1,3,male mar/wid,none,3,real estate,26,none,own,1,unskilled resident,1,none,no,good
<0,24,existing paid,furniture/equipment,3345.0,<100,>=7,4,male single,none,2,life insurance,39,none,rent,1,high qualif/self emp/mgmt,1,yes,yes,bad
<0,18,existing paid,radio/tv,2600.0,<100,1<=X<4,4,male single,none,4,no known property,65,none,for free,2,skilled,1,none,yes,bad
<0,12,existing paid,furniture/equipment,3590.0,<100,1<=X<4,2,male single,co applicant,2,life insurance,29,none,own,1,unskilled resident,2,none,yes,good
no checking,15,critical/other existing credit,new car,5045.0,no known savings,>=7,1,female div/dep/mar,none,4,car,59,none,own,1,skilled,1,yes,yes,good
no checking,18,existing paid,radio/tv,1126.0,no known savings,<1,4,female div/dep/mar,none,2,real estate,21,none,rent,1,skilled,1,yes,yes,good
<0,24,all paid,new car,1193.0,<100,unemployed,1,female div/dep/mar,co applicant,4,no known property,29,none,rent,2,unemp/unskilled non res,1,none,yes,bad
no checking,39,existing paid,used car,8588.0,100<=X<500,>=7,4,male single,none,2,car,45,none,own,1,high qualif/self emp/mgmt,1,yes,yes,good
no checking,24,existing paid,radio/tv,1533.0,<100,<1,4,female div/dep/mar,none,3,car,38,stores,own,1,skilled,1,yes,yes,good
<0,18,existing paid,radio/tv,1345.0,<100,1<=X<4,4,male mar/wid,none,3,real estate,26,bank,own,1,skilled,1,none,yes,bad
<0,12,existing paid,furniture/equipment,1620.0,<100,1<=X<4,2,female div/dep/mar,co applicant,3,life insurance,30,none,own,1,skilled,1,none,yes,good
0<=X<200,36,existing paid,furniture/equipment,9034.0,100<=X<500,<1,4,male single,co applicant,1,no known property,29,none,rent,1,high qualif/self emp/mgmt,1,yes,yes,bad
0<=X<200,18,existing paid,new car,6260.0,<100,4<=X<7,3,male single,none,3,real estate,28,none,rent,1,unskilled resident,1,none,yes,good
0<=X<200,15,existing paid,repairs,2631.0,100<=X<500,1<=X<4,3,female div/dep/mar,none,2,real estate,25,none,own,1,unskilled resident,1,none,yes,good
no checking,12,existing paid,radio/tv,2141.0,100<=X<500,4<=X<7,3,male single,none,1,no known property,35,none,own,1,skilled,1,none,yes,good
<0,12,existing paid,furniture/equipment,652.0,<100,>=7,4,female div/dep/mar,none,4,life insurance,24,none,rent,1,skilled,1,none,yes,good
0<=X<200,36,existing paid,radio/tv,2671.0,100<=X<500,1<=X<4,4,female div/dep/mar,co applicant,4,no known property,50,none,for free,1,skilled,1,none,yes,bad
no checking,36,existing paid,business,5742.0,100<=X<500,4<=X<7,2,male single,none,2,car,31,none,own,2,skilled,1,yes,yes,good
no checking,60,critical/other existing credit,new car,13756.0,no known savings,>=7,2,male single,none,4,no known property,63,bank,for free,1,high qualif/self emp/mgmt,1,yes,yes,good
no checking,48,existing paid,business,4844.0,<100,unemployed,3,male single,none,2,car,33,bank,rent,1,high qualif/self emp/mgmt,1,yes,yes,bad
no checking,18,existing paid,repairs,1943.0,<100,<1,4,female div/dep/mar,none,4,real estate,23,none,own,1,skilled,1,none,yes,bad
0<=X<200,18,existing paid,radio/tv,866.0,<100,1<=X<4,4,male mar/wid,guarantor,2,real estate,25,none,own,1,unskilled resident,1,none,yes,good
0<=X<200,18,existing paid,business,1941.0,>=1000,1<=X<4,4,male single,none,2,life insurance,35,none,own,1,unskilled resident,1,yes,yes,good
no checking,24,critical/other existing credit,furniture/equipment,5150.0,<100,>=7,4,male single,none,4,car,33,none,own,1,skilled,1,yes,yes,good
0<=X<200,24,existing paid,furniture/equipment,4351.0,no known savings,1<=X<4,1,female div/dep/mar,none,4,life insurance,48,none,own,1,unskilled resident,1,yes,yes,good
>=200,24,existing paid,new car,947.0,<100,4<=X<7,4,male single,none,3,no known property,38,bank,for free,1,skilled,2,none,yes,bad
0<=X<200,24,existing paid,radio/tv,1967.0,<100,>=7,4,female div/dep/mar,none,4,car,20,none,own,1,skilled,1,yes,yes,good
no checking,15,existing paid,furniture/equipment,2186.0,no known savings,4<=X<7,1,female div/dep/mar,none,4,real estate,33,bank,rent,1,unskilled resident,1,none,yes,good
0<=X<200,9,existing paid,radio/tv,2118.0,<100,1<=X<4,2,male single,none,2,real estate,37,none,own,1,unskilled resident,2,none,yes,good
no checking,12,existing paid,radio/tv,776.0,<100,1<=X<4,4,male mar/wid,none,2,real estate,28,none,own,1,skilled,1,none,yes,good
no checking,15,existing paid,used car,3812.0,100<=X<500,<1,1,female div/dep/mar,none,4,car,23,none,own,1,skilled,1,yes,yes,good
<0,39,critical/other existing credit,furniture/equipment,14179.0,no known savings,4<=X<7,4,male single,none,4,life insurance,30,none,own,2,high qualif/self emp/mgmt,1,yes,yes,good
0<=X<200,9,all paid,new car,1437.0,100<=X<500,4<=X<7,2,male single,none,3,no known property,29,none,own,1,skilled,1,none,yes,bad
0<=X<200,15,existing paid,radio/tv,1444.0,no known savings,<1,4,male single,none,1,life insurance,23,none,own,1,skilled,1,none,yes,good
>=200,18,all paid,radio/tv,1445.0,no known savings,4<=X<7,4,male single,none,4,car,49,bank,own,1,unskilled resident,1,none,yes,good
no checking,18,delayed previously,radio/tv,2320.0,<100,unemployed,2,male mar/wid,none,3,real estate,34,none,own,2,skilled,1,none,yes,good
no checking,30,delayed previously,business,4272.0,100<=X<500,1<=X<4,2,male single,none,2,life insurance,26,none,own,2,unskilled resident,1,none,yes,good
no checking,15,existing paid,used car,4657.0,<100,1<=X<4,3,male single,none,2,car,30,none,own,1,skilled,1,yes,yes,good
no checking,36,existing paid,furniture/equipment,10974.0,<100,unemployed,4,female div/dep/mar,none,2,car,26,none,own,2,high qualif/self emp/mgmt,1,yes,yes,bad
<0,48,existing paid,new car,3931.0,<100,4<=X<7,4,male single,none,4,no known property,46,none,for free,1,skilled,2,none,yes,bad
<0,9,existing paid,new car,654.0,<100,1<=X<4,4,male single,none,3,car,28,none,own,1,unskilled resident,1,none,yes,bad
0<=X<200,24,existing paid,radio/tv,3758.0,500<=X<1000,unemployed,1,female div/dep/mar,none,4,no known property,23,none,rent,1,unemp/unskilled non res,1,none,yes,good
no checking,10,existing paid,new car,1309.0,no known savings,1<=X<4,4,male single,guarantor,4,life insurance,27,none,own,1,unskilled resident,1,none,yes,bad
<0,42,delayed previously,radio/tv,4370.0,<100,4<=X<7,3,male single,none,2,life insurance,26,bank,own,2,skilled,2,yes,yes,bad
no checking,13,existing paid,radio/tv,1409.0,100<=X<500,unemployed,2,female div/dep/mar,none,4,real estate,64,none,own,1,skilled,1,none,yes,good
no checking,30,existing paid,radio/tv,1867.0,no known savings,>=7,4,male single,none,4,car,58,none,own,1,skilled,1,yes,yes,good
<0,12,existing paid,radio/tv,1107.0,<100,1<=X<4,2,male single,none,2,real estate,20,none,rent,1,high qualif/self emp/mgmt,2,yes,yes,good
no checking,12,existing paid,new car,640.0,<100,1<=X<4,4,male div/sep,none,2,real estate,49,none,own,1,unskilled resident,1,none,yes,good
no checking,24,existing paid,new car,1474.0,100<=X<500,<1,4,male mar/wid,none,3,real estate,33,none,own,1,skilled,1,yes,yes,good
no checking,12,critical/other existing credit,radio/tv,976.0,no known savings,>=7,4,male single,none,4,car,35,none,own,2,skilled,1,none,yes,good
no checking,36,delayed previously,business,7980.0,no known savings,<1,4,male single,none,4,car,27,none,rent,2,skilled,1,yes,yes,bad
no checking,18,existing paid,new car,6761.0,no known savings,1<=X<4,2,male single,none,4,car,68,none,rent,2,skilled,1,none,yes,bad
0<=X<200,18,no credits/all paid,new car,2278.0,100<=X<500,<1,3,female div/dep/mar,none,3,car,28,none,own,2,skilled,1,none,yes,bad
0<=X<200,9,critical/other existing credit,radio/tv,1154.0,<100,>=7,2,male single,none,4,real estate,37,none,own,3,unskilled resident,1,none,yes,good
no checking,24,critical/other existing credit,education,1927.0,no known savings,1<=X<4,3,female div/dep/mar,none,2,car,33,none,own,2,skilled,1,yes,yes,good
no checking,9,existing paid,furniture/equipment,2301.0,100<=X<500,<1,2,female div/dep/mar,none,4,life insurance,22,none,rent,1,skilled,1,none,yes,good
no checking,12,critical/other existing credit,business,1412.0,<100,1<=X<4,4,female div/dep/mar,guarantor,2,real estate,29,none,own,2,high qualif/self emp/mgmt,1,yes,yes,good
<0,48,no credits/all paid,used car,4605.0,<100,>=7,3,male single,none,4,no known property,24,none,for free,2,skilled,2,none,yes,bad
no checking,18,critical/other existing credit,radio/tv,1800.0,<100,1<=X<4,4,male single,none,2,car,24,none,own,2,skilled,1,none,yes,good
no checking,6,critical/other existing credit,radio/tv,1898.0,no known savings,1<=X<4,1,male single,none,2,real estate,34,none,own,2,unskilled resident,2,none,yes,good
0<=X<200,18,existing paid,radio/tv,1113.0,<100,1<=X<4,4,female div/dep/mar,guarantor,4,real estate,26,none,own,1,unskilled resident,2,none,yes,good
0<=X<200,45,critical/other existing credit,radio/tv,4746.0,<100,<1,4,male single,none,2,life insurance,25,none,own,2,unskilled resident,1,none,yes,bad
0<=X<200,12,existing paid,radio/tv,1534.0,<100,<1,1,male mar/wid,none,1,real estate,23,none,rent,1,skilled,1,none,yes,bad
<0,15,no credits/all paid,new car,950.0,<100,>=7,4,male single,none,3,car,33,none,rent,2,skilled,2,none,yes,bad
no checking,24,critical/other existing credit,used car,2346.0,<100,4<=X<7,4,male single,none,3,car,35,none,own,2,skilled,1,yes,yes,good
<0,27,critical/other existing credit,business,2442.0,<100,>=7,4,male single,none,4,car,43,stores,own,4,high qualif/self emp/mgmt,2,yes,yes,good
no checking,15,critical/other existing credit,furniture/equipment,3343.0,<100,1<=X<4,4,male single,none,2,no known property,28,none,for free,1,skilled,1,yes,yes,good
no checking,24,existing paid,new car,1249.0,<100,<1,4,male mar/wid,none,2,real estate,28,none,own,1,skilled,1,none,yes,good
<0,15,existing paid,furniture/equipment,1845.0,<100,<1,4,female div/dep/mar,guarantor,1,life insurance,46,none,rent,1,skilled,1,none,yes,good
no checking,24,existing paid,used car,2603.0,>=1000,1<=X<4,2,female div/dep/mar,none,4,car,28,none,rent,1,skilled,1,yes,yes,good
0<=X<200,54,no credits/all paid,business,15945.0,<100,<1,3,male single,none,4,no known property,58,none,rent,1,skilled,1,yes,yes,bad
0<=X<200,36,existing paid,new car,12389.0,no known savings,1<=X<4,1,male single,none,4,no known property,37,none,for free,1,skilled,1,yes,yes,bad
<0,24,existing paid,new car,915.0,no known savings,>=7,4,female div/dep/mar,none,2,car,29,bank,own,1,skilled,1,none,yes,bad
no checking,21,existing paid,radio/tv,3160.0,no known savings,>=7,4,male single,none,3,life insurance,41,none,own,1,skilled,1,yes,yes,good
0<=X<200,9,existing paid,radio/tv,1082.0,<100,>=7,4,male single,none,4,car,27,none,own,2,unskilled resident,1,none,yes,good
<0,15,critical/other existing credit,furniture/equipment,975.0,<100,1<=X<4,2,male div/sep,none,3,life insurance,25,none,own,2,skilled,1,none,yes,good
<0,36,existing paid,furniture/equipment,3620.0,<100,1<=X<4,1,male single,guarantor,2,life insurance,37,none,own,1,skilled,2,none,yes,good
0<=X<200,12,critical/other existing credit,new car,1995.0,100<=X<500,<1,4,male single,none,1,car,27,none,own,1,skilled,1,none,yes,good
no checking,36,critical/other existing credit,new car,6614.0,<100,>=7,4,male single,none,4,car,34,none,own,2,high qualif/self emp/mgmt,1,yes,yes,good
no checking,12,critical/other existing credit,furniture/equipment,1935.0,<100,>=7,4,male single,none,4,real estate,43,none,own,3,skilled,1,yes,yes,good
<0,36,existing paid,new car,3249.0,<100,4<=X<7,2,male single,none,4,no known property,39,bank,for free,1,high qualif/self emp/mgmt,2,yes,yes,good
no checking,24,existing paid,furniture/equipment,3062.0,500<=X<1000,>=7,4,male single,none,3,no known property,32,none,rent,1,skilled,1,yes,yes,good
<0,36,critical/other existing credit,furniture/equipment,2348.0,<100,1<=X<4,3,male mar/wid,none,2,life insurance,46,none,own,2,skilled,1,yes,yes,good
<0,30,existing paid,furniture/equipment,3108.0,<100,<1,2,male div/sep,none,4,life insurance,31,none,own,1,unskilled resident,1,none,yes,bad
<0,9,existing paid,radio/tv,1364.0,<100,4<=X<7,3,male single,none,4,real estate,59,none,own,1,skilled,1,none,yes,good
>=200,36,existing paid,radio/tv,3913.0,<100,1<=X<4,2,male single,none,2,real estate,23,none,own,1,skilled,1,yes,yes,good
<0,24,delayed previously,new car,4870.0,<100,1<=X<4,3,male single,none,4,no known property,53,none,for free,2,skilled,2,none,yes,bad
0<=X<200,12,critical/other existing credit,furniture/equipment,3617.0,<100,>=7,1,male single,none,4,car,28,none,rent,3,skilled,1,yes,yes,good
no checking,15,existing paid,education,4623.0,100<=X<500,1<=X<4,3,male single,none,2,life insurance,40,none,own,1,high qualif/self emp/mgmt,1,yes,yes,bad
<0,12,delayed previously,new car,1344.0,<100,1<=X<4,4,male single,none,2,real estate,43,none,own,2,unskilled resident,2,none,yes,good
<0,21,existing paid,radio/tv,3357.0,>=1000,<1,4,female div/dep/mar,none,2,car,29,bank,own,1,skilled,1,none,yes,good
no checking,6,critical/other existing credit,new car,6761.0,<100,4<=X<7,1,male single,none,3,no known property,45,none,own,2,high qualif/self emp/mgmt,2,yes,yes,good
no checking,24,critical/other existing credit,new car,2022.0,<100,1<=X<4,4,female div/dep/mar,none,4,car,37,none,own,1,skilled,1,yes,yes,good
no checking,6,critical/other existing credit,new car,250.0,>=1000,1<=X<4,2,female div/dep/mar,none,2,real estate,41,bank,own,2,unskilled resident,1,none,yes,good
no checking,24,critical/other existing credit,radio/tv,5103.0,<100,<1,3,male mar/wid,none,3,no known property,47,none,for free,3,skilled,1,yes,yes,good
0<=X<200,36,critical/other existing credit,radio/tv,2337.0,<100,>=7,4,male single,none,4,real estate,36,none,own,1,skilled,1,none,yes,good
0<=X<200,12,existing paid,new car,7472.0,no known savings,unemployed,1,female div/dep/mar,none,2,real estate,24,none,rent,1,unemp/unskilled non res,1,none,yes,good
<0,18,existing paid,radio/tv,1882.0,<100,1<=X<4,4,female div/dep/mar,none,4,car,25,bank,rent,2,skilled,1,none,yes,bad
<0,15,existing paid,business,806.0,<100,1<=X<4,4,female div/dep/mar,none,4,life insurance,22,none,own,1,unskilled resident,1,none,yes,good
no checking,24,critical/other existing credit,used car,2197.0,no known savings,4<=X<7,4,male single,none,4,car,43,none,own,2,skilled,2,yes,yes,good
>=200,9,existing paid,radio/tv,1126.0,100<=X<500,>=7,2,male div/sep,none,4,real estate,49,none,own,1,skilled,1,none,yes,good
<0,6,existing paid,used car,1352.0,500<=X<1000,unemployed,1,female div/dep/mar,none,2,life insurance,23,none,rent,1,unemp/unskilled non res,1,yes,yes,good
0<=X<200,18,existing paid,new car,5866.0,100<=X<500,1<=X<4,2,male single,none,2,car,30,none,own,2,skilled,1,yes,yes,good
0<=X<200,18,existing paid,repairs,3872.0,<100,unemployed,2,female div/dep/mar,none,4,car,67,none,own,1,skilled,1,yes,yes,good
no checking,24,critical/other existing credit,radio/tv,2611.0,<100,>=7,4,male mar/wid,co applicant,3,real estate,46,none,own,2,skilled,1,none,yes,good
no checking,9,critical/other existing credit,education,936.0,500<=X<1000,>=7,4,male single,none,2,car,52,none,own,2,skilled,1,yes,yes,good
no checking,60,existing paid,radio/tv,10144.0,100<=X<500,4<=X<7,2,female div/dep/mar,none,4,real estate,21,none,own,1,skilled,1,yes,yes,good
>=200,12,all paid,radio/tv,409.0,>=1000,1<=X<4,3,female div/dep/mar,none,3,real estate,42,none,rent,2,skilled,1,none,yes,good
no checking,24,existing paid,used car,7814.0,<100,4<=X<7,3,male single,none,3,car,38,none,own,1,high qualif/self emp/mgmt,1,yes,yes,good
>=200,36,existing paid,radio/tv,4210.0,<100,1<=X<4,4,male single,none,2,car,26,none,own,1,skilled,1,none,yes,bad
no checking,6,existing paid,new car,3518.0,<100,1<=X<4,2,male single,guarantor,3,life insurance,26,none,rent,1,skilled,1,none,yes,good
no checking,21,critical/other existing credit,used car,3275.0,<100,>=7,1,male single,none,4,car,36,none,own,1,high qualif/self emp/mgmt,1,yes,yes,good
0<=X<200,36,existing paid,new car,14318.0,<100,>=7,4,male single,none,2,no known property,57,none,for free,1,high qualif/self emp/mgmt,1,yes,yes,bad
0<=X<200,12,existing paid,radio/tv,1092.0,<100,1<=X<4,4,female div/dep/mar,guarantor,4,real estate,49,none,own,2,skilled,1,yes,yes,good
no checking,21,existing paid,new car,2782.0,500<=X<1000,4<=X<7,1,female div/dep/mar,none,2,car,31,bank,own,1,high qualif/self emp/mgmt,1,none,yes,good
no checking,21,delayed previously,business,2580.0,500<=X<1000,<1,4,male single,none,2,real estate,41,bank,own,1,unskilled resident,2,none,yes,bad
0<=X<200,12,existing paid,furniture/equipment,983.0,>=1000,<1,1,female div/dep/mar,none,4,real estate,19,none,rent,1,unskilled resident,1,none,yes,good
no checking,21,existing paid,business,1572.0,>=1000,>=7,4,female div/dep/mar,none,4,real estate,36,bank,own,1,unskilled resident,1,none,yes,good
0<=X<200,18,existing paid,radio/tv,1301.0,<100,>=7,4,male mar/wid,guarantor,2,real estate,32,none,own,1,unskilled resident,1,none,yes,good
0<=X<200,15,critical/other existing credit,radio/tv,2728.0,no known savings,4<=X<7,4,male single,guarantor,2,real estate,35,bank,own,3,skilled,1,yes,yes,good
0<=X<200,36,no credits/all paid,business,1953.0,<100,>=7,4,male single,none,4,no known property,61,none,for free,1,high qualif/self emp/mgmt,1,yes,yes,bad
<0,6,existing paid,education,448.0,<100,<1,4,female div/dep/mar,none,4,life insurance,23,none,own,1,skilled,1,none,yes,bad
no checking,12,existing paid,new car,1386.0,500<=X<1000,1<=X<4,2,female div/dep/mar,none,2,life insurance,26,none,own,1,skilled,1,none,yes,bad
0<=X<200,12,critical/other existing credit,used car,1860.0,<100,unemployed,4,male single,none,2,car,34,none,own,2,high qualif/self emp/mgmt,1,yes,yes,good
0<=X<200,6,existing paid,radio/tv,753.0,<100,1<=X<4,2,female div/dep/mar,guarantor,3,real estate,64,none,own,1,skilled,1,none,yes,good
no checking,24,critical/other existing credit,repairs,5507.0,<100,>=7,3,male single,none,4,no known property,44,none,for free,2,skilled,1,none,yes,good
<0,24,critical/other existing credit,used car,2957.0,<100,>=7,4,male single,none,4,life insurance,63,none,own,2,skilled,1,yes,yes,good
no checking,15,existing paid,new car,3556.0,no known savings,1<=X<4,3,male single,none,2,no known property,29,none,own,1,skilled,1,none,yes,good
no checking,24,existing paid,radio/tv,3181.0,<100,<1,4,female div/dep/mar,none,4,life insurance,26,none,own,1,skilled,1,yes,yes,good
<0,36,critical/other existing credit,used car,9629.0,<100,4<=X<7,4,male single,none,4,car,24,none,own,2,skilled,1,yes,yes,bad
<0,15,existing paid,new car,1403.0,<100,1<=X<4,2,female div/dep/mar,none,4,car,28,none,rent,1,skilled,1,none,yes,good
<0,9,critical/other existing credit,repairs,1288.0,100<=X<500,>=7,3,male single,guarantor,4,real estate,48,none,own,2,skilled,2,none,no,good
no checking,30,existing paid,radio/tv,2333.0,500<=X<1000,>=7,4,male single,none,2,car,30,bank,own,1,high qualif/self emp/mgmt,1,none,yes,good
no checking,6,critical/other existing credit,radio/tv,1237.0,100<=X<500,1<=X<4,1,female div/dep/mar,none,1,life insurance,27,none,own,2,skilled,1,none,yes,good
no checking,6,critical/other existing credit,new car,362.0,100<=X<500,1<=X<4,4,female div/dep/mar,none,4,car,52,none,own,2,unskilled resident,1,none,yes,good
0<=X<200,16,critical/other existing credit,new car,1175.0,<100,unemployed,2,male single,none,3,car,68,none,for free,3,unemp/unskilled non res,1,yes,yes,good
no checking,21,critical/other existing credit,new car,12680.0,no known savings,>=7,4,male single,none,4,no known property,30,none,for free,1,high qualif/self emp/mgmt,1,yes,yes,bad
<0,18,no credits/all paid,business,3104.0,<100,4<=X<7,3,male single,none,1,life insurance,31,bank,own,1,skilled,1,yes,yes,good
no checking,24,existing paid,used car,6313.0,no known savings,>=7,3,male single,none,4,car,41,none,own,1,high qualif/self emp/mgmt,2,yes,yes,good
no checking,12,existing paid,radio/tv,1262.0,<100,1<=X<4,3,male single,none,2,car,25,none,own,1,skilled,1,none,yes,good
<0,9,existing paid,new car,1422.0,<100,<1,3,male single,none,2,no known property,27,none,for free,1,high qualif/self emp/mgmt,1,yes,yes,bad
<0,15,existing paid,domestic appliance,1275.0,no known savings,1<=X<4,4,female div/dep/mar,none,2,car,24,none,rent,1,skilled,1,none,yes,bad
no checking,21,existing paid,used car,5248.0,no known savings,1<=X<4,1,male single,none,3,car,26,none,own,1,skilled,1,none,yes,good
0<=X<200,20,no credits/all paid,used car,6148.0,100<=X<500,>=7,3,male mar/wid,none,4,car,31,bank,own,2,skilled,1,yes,yes,good
no checking,27,existing paid,new car,2570.0,<100,1<=X<4,3,female div/dep/mar,none,3,real estate,21,none,rent,1,skilled,1,none,yes,bad
0<=X<200,48,existing paid,furniture/equipment,9960.0,<100,<1,1,female div/dep/mar,none,2,car,26,none,own,1,skilled,1,yes,yes,bad
<0,48,critical/other existing credit,used car,6331.0,<100,>=7,4,male single,none,4,no known property,46,none,for free,2,skilled,1,yes,yes,bad
>=200,12,existing paid,furniture/equipment,2251.0,<100,1<=X<4,1,female div/dep/mar,none,2,car,46,none,own,1,unskilled resident,1,none,yes,good
no checking,15,critical/other existing credit,radio/tv,1316.0,500<=X<1000,1<=X<4,2,male mar/wid,none,2,life insurance,47,none,own,2,unskilled resident,1,none,yes,good
<0,15,existing paid,new car,1721.0,<100,<1,2,male single,none,3,real estate,36,none,own,1,skilled,1,none,yes,good
no checking,24,existing paid,used car,2679.0,<100,<1,4,female div/dep/mar,none,1,no known property,29,none,own,1,high qualif/self emp/mgmt,1,yes,yes,good
<0,30,existing paid,used car,3857.0,<100,1<=X<4,4,male div/sep,none,4,life insurance,40,none,own,1,high qualif/self emp/mgmt,1,yes,yes,good
0<=X<200,36,delayed previously,new car,7432.0,<100,1<=X<4,2,female div/dep/mar,none,2,life insurance,54,none,rent,1,skilled,1,none,yes,good
<0,24,existing paid,radio/tv,2439.0,<100,<1,4,female div/dep/mar,none,4,real estate,35,none,own,1,skilled,1,yes,yes,bad
no checking,24,existing paid,radio/tv,999.0,no known savings,>=7,4,male single,none,2,car,25,none,own,2,skilled,1,none,yes,good
<0,12,existing paid,new car,1168.0,<100,1<=X<4,4,male mar/wid,none,3,real estate,27,none,own,1,unskilled resident,1,none,yes,good
no checking,18,critical/other existing credit,new car,1055.0,<100,<1,4,female div/dep/mar,none,1,life insurance,30,none,own,2,skilled,1,none,yes,good
0<=X<200,12,existing paid,radio/tv,1331.0,<100,<1,2,male single,none,1,car,22,stores,own,1,skilled,1,none,yes,bad
>=200,24,critical/other existing credit,business,1275.0,>=1000,1<=X<4,2,male div/sep,none,4,real estate,36,none,own,2,skilled,1,yes,yes,good
0<=X<200,18,critical/other existing credit,business,1887.0,no known savings,1<=X<4,4,male mar/wid,none,4,real estate,28,bank,own,2,skilled,1,none,yes,good
>=200,24,existing paid,radio/tv,1377.0,100<=X<500,>=7,4,female div/dep/mar,none,2,no known property,47,none,for free,1,skilled,1,yes,yes,good
no checking,39,existing paid,used car,2569.0,500<=X<1000,1<=X<4,4,male single,none,4,car,24,none,own,1,skilled,1,none,yes,good
>=200,12,existing paid,radio/tv,3016.0,<100,1<=X<4,3,male mar/wid,none,1,car,24,none,own,1,skilled,1,none,yes,good
<0,36,critical/other existing credit,education,8065.0,<100,1<=X<4,3,female div/dep/mar,none,2,no known property,25,none,own,2,high qualif/self emp/mgmt,1,yes,yes,bad
0<=X<200,24,critical/other existing credit,other,11938.0,<100,1<=X<4,2,male single,co applicant,3,car,39,none,own,2,high qualif/self emp/mgmt,2,yes,yes,bad
0<=X<200,24,delayed previously,radio/tv,1553.0,100<=X<500,4<=X<7,3,female div/dep/mar,none,2,life insurance,23,none,rent,2,skilled,1,yes,yes,good
no checking,9,existing paid,business,1449.0,<100,4<=X<7,3,female div/dep/mar,none,2,car,27,none,own,2,skilled,1,none,yes,good
0<=X<200,48,existing paid,radio/tv,5951.0,<100,1<=X<4,2,female div/dep/mar,none,2,real estate,22,none,own,1,skilled,1,none,yes,bad
0<=X<200,6,existing paid,radio/tv,2063.0,<100,<1,4,male mar/wid,none,3,car,30,none,rent,1,high qualif/self emp/mgmt,1,yes,yes,good
>=200,21,existing paid,new car,2923.0,100<=X<500,1<=X<4,1,female div/dep/mar,none,1,car,28,bank,own,1,high qualif/self emp/mgmt,1,yes,yes,good
<0,24,all paid,radio/tv,1546.0,<100,4<=X<7,4,male single,guarantor,4,car,24,bank,rent,1,unskilled resident,1,none,yes,bad
no checking,24,existing paid,radio/tv,5943.0,no known savings,<1,1,female div/dep/mar,none,1,car,44,none,own,2,skilled,1,yes,yes,bad
<0,30,critical/other existing credit,used car,10623.0,<100,>=7,3,male single,none,4,no known property,38,none,for free,3,high qualif/self emp/mgmt,2,yes,yes,good
>=200,12,existing paid,furniture/equipment,1474.0,<100,<1,4,female div/dep/mar,none,1,life insurance,33,bank,own,1,high qualif/self emp/mgmt,1,yes,yes,good
<0,24,existing paid,new car,1371.0,no known savings,1<=X<4,4,female div/dep/mar,none,4,real estate,25,none,rent,1,skilled,1,none,yes,bad
no checking,24,existing paid,radio/tv,1413.0,<100,1<=X<4,4,male mar/wid,none,2,life insurance,28,none,own,1,skilled,1,none,yes,good
no checking,18,critical/other existing credit,radio/tv,1149.0,>=1000,1<=X<4,4,male single,none,3,real estate,46,none,own,2,skilled,1,none,yes,good
<0,24,existing paid,new car,4817.0,<100,4<=X<7,2,male single,co applicant,3,life insurance,31,none,own,1,skilled,1,yes,yes,bad
no checking,18,critical/other existing credit,used car,3850.0,<100,4<=X<7,3,male single,none,1,car,27,none,own,2,skilled,1,none,yes,good
<0,12,critical/other existing credit,used car,1409.0,<100,>=7,4,male single,none,3,real estate,54,none,own,1,skilled,1,none,yes,good
0<=X<200,10,existing paid,furniture/equipment,1521.0,<100,1<=X<4,4,male div/sep,none,2,car,31,none,own,1,unskilled resident,1,none,yes,good
no checking,12,critical/other existing credit,furniture/equipment,1592.0,>=1000,4<=X<7,3,female div/dep/mar,none,2,life insurance,35,none,own,1,skilled,1,none,no,good
0<=X<200,24,delayed previously,business,4712.0,no known savings,1<=X<4,4,male single,none,2,life insurance,37,bank,own,2,high qualif/self emp/mgmt,1,yes,yes,good
no checking,15,critical/other existing credit,radio/tv,1459.0,<100,1<=X<4,4,female div/dep/mar,none,2,car,43,none,own,1,unskilled resident,1,none,yes,good
no checking,36,critical/other existing credit,new car,3535.0,<100,4<=X<7,4,male single,none,4,car,37,none,own,2,skilled,1,yes,yes,good
no checking,6,existing paid,radio/tv,1595.0,<100,4<=X<7,3,male single,none,2,life insurance,51,none,own,1,skilled,2,none,yes,good
<0,24,critical/other existing credit,new car,1199.0,<100,>=7,4,male single,none,4,car,60,none,own,2,unskilled resident,1,none,yes,bad
<0,36,all paid,furniture/equipment,2746.0,<100,>=7,4,male single,none,4,car,31,bank,own,1,skilled,1,none,yes,bad
0<=X<200,7,existing paid,radio/tv,2329.0,<100,<1,1,female div/dep/mar,guarantor,1,real estate,45,none,own,1,skilled,1,none,yes,good
0<=X<200,18,critical/other existing credit,furniture/equipment,7374.0,<100,unemployed,4,male single,none,4,life insurance,40,stores,own,2,high qualif/self emp/mgmt,1,yes,yes,good
0<=X<200,48,existing paid,radio/tv,3060.0,<100,4<=X<7,4,male single,none,4,real estate,28,none,own,2,skilled,1,none,yes,bad
<0,18,existing paid,furniture/equipment,1131.0,<100,unemployed,4,female div/dep/mar,none,2,car,33,none,own,1,skilled,1,none,yes,bad
<0,36,existing paid,furniture/equipment,5179.0,<100,4<=X<7,4,male single,none,2,life insurance,29,none,own,1,skilled,1,none,yes,bad
<0,18,existing paid,radio/tv,1936.0,no known savings,4<=X<7,2,male mar/wid,none,4,car,23,none,rent,2,unskilled resident,1,none,yes,good
<0,30,no credits/all paid,furniture/equipment,4583.0,<100,1<=X<4,2,male div/sep,guarantor,2,real estate,32,none,own,2,skilled,1,none,yes,good
<0,36,existing paid,other,15857.0,<100,unemployed,2,male div/sep,co applicant,3,car,43,none,own,1,high qualif/self emp/mgmt,1,none,yes,good
no checking,12,critical/other existing credit,new car,1163.0,500<=X<1000,1<=X<4,4,male single,none,4,real estate,44,none,own,1,skilled,1,yes,yes,good
0<=X<200,30,critical/other existing credit,furniture/equipment,8386.0,<100,4<=X<7,2,male single,none,2,life insurance,49,none,own,1,skilled,1,none,yes,bad
<0,24,existing paid,new car,1207.0,<100,<1,4,female div/dep/mar,none,4,life insurance,24,none,rent,1,skilled,1,none,yes,bad
<0,18,existing paid,new car,1216.0,<100,<1,4,female div/dep/mar,none,3,car,23,none,rent,1,skilled,1,yes,yes,bad
no checking,12,critical/other existing credit,business,1185.0,<100,1<=X<4,3,female div/dep/mar,none,2,real estate,27,none,own,2,skilled,1,none,yes,good
<0,12,existing paid,new car,1372.0,<100,4<=X<7,2,male div/sep,none,3,car,36,none,own,1,skilled,1,none,yes,bad
0<=X<200,11,critical/other existing credit,new car,1322.0,>=1000,1<=X<4,4,female div/dep/mar,none,4,car,40,none,own,2,skilled,1,none,yes,good
>=200,6,delayed previously,radio/tv,683.0,<100,<1,2,female div/dep/mar,none,1,life insurance,29,bank,own,1,skilled,1,none,yes,good
>=200,10,critical/other existing credit,radio/tv,1347.0,no known savings,4<=X<7,4,male single,none,2,life insurance,27,none,own,2,skilled,1,yes,yes,good
0<=X<200,18,no credits/all paid,furniture/equipment,3244.0,<100,1<=X<4,1,female div/dep/mar,none,4,car,33,bank,own,2,skilled,1,yes,yes,good
0<=X<200,12,no credits/all paid,retraining,1410.0,<100,1<=X<4,2,male single,none,2,real estate,31,none,own,1,unskilled resident,1,yes,yes,good
>=200,15,existing paid,education,1905.0,<100,>=7,4,male single,none,4,car,40,none,rent,1,high qualif/self emp/mgmt,1,yes,yes,good
<0,18,no credits/all paid,furniture/equipment,3114.0,<100,<1,1,female div/dep/mar,none,4,life insurance,26,none,rent,1,skilled,1,none,yes,bad
no checking,12,existing paid,radio/tv,2279.0,no known savings,1<=X<4,4,male single,none,4,no known property,37,none,for free,1,skilled,1,yes,yes,good
<0,12,existing paid,new car,759.0,<100,4<=X<7,4,male single,none,2,real estate,26,none,own,1,skilled,1,none,yes,bad
>=200,18,existing paid,new car,1961.0,<100,>=7,3,female div/dep/mar,none,2,car,23,none,own,1,high qualif/self emp/mgmt,1,none,yes,good
0<=X<200,18,critical/other existing credit,radio/tv,1245.0,<100,1<=X<4,4,male mar/wid,none,2,car,33,none,own,1,skilled,1,none,yes,bad
<0,24,existing paid,used car,2964.0,no known savings,>=7,4,male single,none,4,no known property,49,bank,for free,1,skilled,2,yes,yes,good
no checking,10,existing paid,retraining,894.0,no known savings,4<=X<7,4,female div/dep/mar,none,3,life insurance,40,none,own,1,skilled,1,yes,yes,good
<0,12,existing paid,new car,1274.0,<100,<1,3,female div/dep/mar,none,1,real estate,37,none,own,1,unskilled resident,1,none,yes,bad
0<=X<200,30,existing paid,new car,2150.0,<100,1<=X<4,4,female div/dep/mar,guarantor,2,no known property,24,bank,own,1,skilled,1,none,yes,bad
<0,6,existing paid,radio/tv,2647.0,500<=X<1000,1<=X<4,2,male single,none,3,real estate,44,none,rent,1,skilled,2,none,yes,good
0<=X<200,12,existing paid,new car,685.0,<100,4<=X<7,2,male mar/wid,none,3,car,25,bank,own,1,unskilled resident,1,none,yes,bad
no checking,18,existing paid,radio/tv,4594.0,<100,<1,3,male single,none,2,car,32,none,own,1,skilled,1,yes,yes,good
no checking,24,critical/other existing credit,radio/tv,2872.0,100<=X<500,>=7,3,male single,none,4,real estate,36,none,own,1,skilled,2,yes,yes,good
no checking,18,critical/other existing credit,radio/tv,2404.0,<100,1<=X<4,2,female div/dep/mar,none,2,car,26,none,own,2,skilled,1,none,yes,good
<0,24,critical/other existing credit,radio/tv,1231.0,>=1000,>=7,4,female div/dep/mar,none,4,life insurance,57,none,rent,2,high qualif/self emp/mgmt,1,yes,yes,good
0<=X<200,48,no credits/all paid,business,3844.0,100<=X<500,4<=X<7,4,male single,none,4,no known property,34,none,for free,1,unskilled resident,2,none,yes,bad
no checking,18,critical/other existing credit,radio/tv,2238.0,<100,1<=X<4,2,female div/dep/mar,none,1,car,25,none,own,2,skilled,1,none,yes,good
<0,36,existing paid,new car,9271.0,<100,4<=X<7,2,male single,none,1,car,24,none,own,1,skilled,1,yes,yes,bad
no checking,10,existing paid,new car,1597.0,500<=X<1000,1<=X<4,3,male single,none,2,no known property,40,none,rent,1,unskilled resident,2,none,no,good
0<=X<200,27,no credits/all paid,business,8318.0,<100,>=7,2,female div/dep/mar,none,4,no known property,42,none,for free,2,high qualif/self emp/mgmt,1,yes,yes,bad
0<=X<200,18,existing paid,business,4439.0,<100,>=7,1,male single,co applicant,1,real estate,33,bank,own,1,high qualif/self emp/mgmt,1,yes,yes,good
no checking,12,critical/other existing credit,radio/tv,1655.0,<100,>=7,2,male single,none,4,real estate,63,none,own,2,unskilled resident,1,yes,yes,good
0<=X<200,8,existing paid,furniture/equipment,1237.0,<100,1<=X<4,3,female div/dep/mar,none,4,real estate,24,none,own,1,skilled,1,none,yes,bad
<0,12,existing paid,new car,900.0,no known savings,1<=X<4,4,male mar/wid,none,2,car,23,none,own,1,skilled,1,none,yes,bad
0<=X<200,48,existing paid,new car,8487.0,no known savings,4<=X<7,1,female div/dep/mar,none,2,car,24,none,own,1,skilled,1,none,yes,good
0<=X<200,6,delayed previously,furniture/equipment,1050.0,<100,unemployed,4,male single,none,1,life insurance,35,stores,own,2,high qualif/self emp/mgmt,1,yes,yes,good
>=200,6,critical/other existing credit,new car,1343.0,<100,>=7,1,male single,none,4,real estate,46,none,own,2,skilled,2,none,no,good
0<=X<200,20,delayed previously,used car,7057.0,no known savings,4<=X<7,3,male single,none,4,life insurance,36,bank,rent,2,high qualif/self emp/mgmt,2,yes,yes,good
no checking,10,critical/other existing credit,furniture/equipment,2146.0,<100,<1,1,female div/dep/mar,none,3,real estate,23,none,rent,2,skilled,1,none,yes,good
0<=X<200,36,existing paid,education,12612.0,100<=X<500,1<=X<4,1,male single,none,4,no known property,47,none,for free,1,skilled,2,yes,yes,bad
<0,6,existing paid,domestic appliance,343.0,<100,<1,4,female div/dep/mar,none,1,real estate,27,none,own,1,skilled,1,none,yes,good
<0,24,critical/other existing credit,used car,6615.0,<100,unemployed,2,male single,none,4,no known property,75,none,for free,2,high qualif/self emp/mgmt,1,yes,yes,good
no checking,36,critical/other existing credit,radio/tv,3342.0,no known savings,>=7,4,male single,none,2,car,51,none,own,1,skilled,1,yes,yes,good
<0,24,delayed previously,radio/tv,1659.0,<100,<1,4,female div/dep/mar,none,2,car,29,none,rent,1,unskilled resident,1,yes,yes,bad
no checking,24,critical/other existing credit,used car,3868.0,<100,>=7,4,female div/dep/mar,none,2,car,41,none,rent,2,high qualif/self emp/mgmt,1,yes,yes,good
no checking,18,delayed previously,furniture/equipment,1808.0,<100,4<=X<7,4,female div/dep/mar,none,1,real estate,22,none,own,1,skilled,1,none,yes,bad
no checking,9,critical/other existing credit,new car,2134.0,<100,1<=X<4,4,male single,none,4,car,48,none,own,3,skilled,1,yes,yes,good
no checking,12,existing paid,furniture/equipment,1123.0,500<=X<1000,1<=X<4,4,female div/dep/mar,none,4,car,29,none,rent,1,unskilled resident,1,none,yes,bad
no checking,7,critical/other existing credit,radio/tv,730.0,no known savings,>=7,4,male single,none,2,life insurance,46,none,rent,2,unskilled resident,1,yes,yes,good
no checking,18,all paid,new car,6458.0,<100,>=7,2,male single,none,4,no known property,39,bank,own,2,high qualif/self emp/mgmt,2,yes,yes,bad
no checking,18,existing paid,new car,2662.0,no known savings,4<=X<7,4,male single,none,3,life insurance,32,none,own,1,skilled,1,none,no,good
no checking,24,critical/other existing credit,used car,5804.0,>=1000,1<=X<4,4,male single,none,2,real estate,27,none,own,2,skilled,1,none,yes,good
0<=X<200,12,existing paid,radio/tv,1484.0,no known savings,1<=X<4,2,male mar/wid,none,1,real estate,25,none,own,1,skilled,1,yes,yes,bad
no checking,6,delayed previously,radio/tv,932.0,<100,1<=X<4,3,female div/dep/mar,none,2,real estate,24,none,own,1,skilled,1,none,yes,good
