{
    "column_id": "IMDB/movies2writers.csvmovies2writers.csv/writerid",
    "dataset_name": "movies2writers.csv",
    "dataset_id": "IMDB/movies2writers.csv",
    "path": "/home/ubuntu/CatDB/Experiments/data/IMDB/movies2writers.csv",
    "table_name": "movies2writers.csv",
    "table_id": "IMDB/movies2writers.csvmovies2writers.csv",
    "column_name": "writerid",
    "data_source": "IMDB",
    "data_type": "int",
    "total_values_count": 9863,
    "distinct_values_count": 5559,
    "missing_values_count": 0,
    "true_ratio": null,
    "min_value": 70.0,
    "max_value": 407170.0,
    "mean": 203839.33356990773,
    "median": 201333.0,
    "iqr": 206160.0,
    "category_values": null,
    "embedding": [
        -1.0,
        -1.0,
        -1.0,
        1.0,
        -1.0,
        1.0,
        -1.0,
        -1.0,
        -1.0,
        -1.0,
        1.0,
        -1.0,
        -1.0,
        1.0,
        1.0,
        1.0,
        1.0,
        -1.0,
        1.0,
        -1.0,
        1.0,
        -1.0,
        1.0,
        -1.0,
        1.0,
        -1.0,
        -1.0,
        1.0,
        -1.0,
        -1.0,
        1.0,
        1.0,
        -1.0,
        -1.0,
        -1.0,
        1.0,
        -1.0,
        1.0,
        1.0,
        -1.0,
        -1.0,
        1.0,
        -1.0,
        -1.0,
        -1.0,
        -1.0,
        1.0,
        -1.0,
        -1.0,
        -0.8158718347549438,
        -1.0,
        1.0,
        1.0,
        1.0,
        -1.0,
        1.0,
        1.0,
        1.0,
        -1.0,
        0.9902328252792358,
        -1.0,
        -1.0,
        1.0,
        -1.0,
        1.0,
        -1.0,
        1.0,
        -1.0,
        1.0,
        1.0,
        1.0,
        -1.0,
        -1.0,
        -1.0,
        -1.0,
        1.0,
        1.0,
        1.0,
        1.0,
        1.0,
        1.0,
        1.0,
        1.0,
        -1.0,
        -1.0,
        1.0,
        -1.0,
        1.0,
        1.0,
        1.0,
        -1.0,
        1.0,
        1.0,
        -1.0,
        1.0,
        -1.0,
        1.0,
        -1.0,
        -1.0,
        -1.0,
        -0.995421826839447,
        -1.0,
        1.0,
        -1.0,
        -1.0,
        1.0,
        1.0,
        1.0,
        -1.0,
        -1.0,
        1.0,
        -1.0,
        -1.0,
        1.0,
        1.0,
        1.0,
        1.0,
        1.0,
        1.0,
        -1.0,
        -1.0,
        1.0,
        -1.0,
        -1.0,
        1.0,
        -1.0,
        -1.0,
        -1.0,
        -1.0,
        1.0,
        -1.0,
        1.0,
        -1.0,
        -1.0,
        1.0,
        -1.0,
        -1.0,
        1.0,
        1.0,
        -1.0,
        1.0,
        1.0,
        1.0,
        -1.0,
        1.0,
        -1.0,
        1.0,
        -1.0,
        -1.0,
        -1.0,
        1.0,
        -1.0,
        1.0,
        -1.0,
        1.0,
        -1.0,
        1.0,
        -1.0,
        1.0,
        -1.0,
        -1.0,
        1.0,
        -1.0,
        -1.0,
        1.0,
        -1.0,
        1.0,
        -1.0,
        -1.0,
        -1.0,
        -1.0,
        -1.0,
        1.0,
        1.0,
        -1.0,
        -1.0,
        1.0,
        -1.0,
        -1.0,
        -1.0,
        1.0,
        -1.0,
        -1.0,
        -1.0,
        1.0,
        -1.0,
        1.0,
        -1.0,
        -1.0,
        -1.0,
        1.0,
        1.0,
        1.0,
        1.0,
        -1.0,
        -1.0,
        1.0,
        -1.0,
        -1.0,
        1.0,
        -1.0,
        1.0,
        -1.0,
        -1.0,
        -1.0,
        -1.0,
        1.0,
        1.0,
        -1.0,
        -1.0,
        -1.0,
        1.0,
        -1.0,
        -1.0,
        -1.0,
        1.0,
        -1.0,
        1.0,
        -1.0,
        -1.0,
        1.0,
        -1.0,
        -1.0,
        1.0,
        -1.0,
        -0.8108211755752563,
        1.0,
        -1.0,
        -1.0,
        -1.0,
        1.0,
        -1.0,
        1.0,
        -1.0,
        -1.0,
        1.0,
        -1.0,
        1.0,
        1.0,
        -1.0,
        1.0,
        -0.8067510724067688,
        1.0,
        -1.0,
        1.0,
        1.0,
        -1.0,
        -1.0,
        -1.0,
        1.0,
        1.0,
        1.0,
        -1.0,
        -1.0,
        -1.0,
        1.0,
        1.0,
        -1.0,
        -1.0,
        -1.0,
        1.0,
        1.0,
        1.0,
        -1.0,
        1.0,
        -1.0,
        -1.0,
        -1.0,
        1.0,
        1.0,
        -0.9953305721282959,
        -1.0,
        -1.0,
        1.0,
        -1.0,
        1.0,
        1.0,
        1.0,
        1.0,
        1.0,
        1.0,
        -1.0,
        1.0,
        1.0,
        1.0,
        -1.0,
        -1.0,
        1.0,
        -1.0,
        -1.0,
        -1.0,
        1.0,
        -1.0,
        -1.0,
        -1.0,
        -1.0,
        -1.0,
        1.0,
        1.0,
        1.0
    ],
    "embedding_scaling_factor": 58.65646743774414,
    "samples": [
        363693,
        299930,
        306243,
        349561,
        388080,
        300429,
        266675,
        30173,
        69506,
        299346,
        306857,
        278576,
        304672,
        399260,
        167138,
        138653,
        152191,
        273006,
        380859,
        121228,
        208364,
        140398,
        334253,
        328486,
        72154,
        256444,
        247265,
        130806,
        42783,
        246359,
        189747,
        352387,
        315213,
        268000,
        304308,
        55789,
        194719,
        137193,
        146766,
        365754,
        95038,
        266362,
        282661,
        256416,
        88972,
        402031,
        29852,
        339459,
        254501,
        217966,
        379145,
        285882,
        245834,
        258036,
        49050,
        29994,
        363693,
        371267,
        392863,
        24477,
        141311,
        310864,
        392764,
        128488,
        64389,
        112349,
        145112,
        362546,
        169116,
        241385,
        206412,
        268361,
        386559,
        342424,
        8613,
        389529,
        346766,
        203271,
        404340,
        230380,
        363771,
        194671,
        68347,
        50354,
        312702,
        336416,
        162754,
        9497,
        173739,
        114653,
        120754,
        336785,
        315243,
        159484,
        338336,
        80605,
        158721,
        256416,
        303004,
        254661
    ],
    "category_values_ratio": null,
    "nrows": 9863
}