dataset,col_index,data_type,missing_values_count,total_values_count,distinct_values_count,number_rows
oml_dataset_1_rnc,1,int,0,5100000,16,5100000
oml_dataset_1_rnc,2,str,0,5100000,2,5100000
oml_dataset_1_rnc,3,float,0,5100000,2272,5100000
oml_dataset_1_rnc,4,float,0,5100000,1907,5100000
oml_dataset_1_rnc,5,float,0,5100000,8233,5100000
oml_dataset_1_rnc,6,float,0,5100000,102,5100000
oml_dataset_1_rnc,7,float,0,5100000,5926,5100000
oml_dataset_1_rnc,8,float,0,5100000,4869,5100000
oml_dataset_1_rnc,9,float,0,5100000,4341,5100000
