{
    "column_id": "Accidents/Accidents.csvAccidents.csv/starost",
    "dataset_name": "Accidents.csv",
    "dataset_id": "Accidents/Accidents.csv",
    "path": "/home/ubuntu/CatDB/Experiments/data/Accidents/Accidents.csv",
    "table_name": "Accidents.csv",
    "table_id": "Accidents/Accidents.csvAccidents.csv",
    "column_name": "starost",
    "data_source": "Accidents",
    "data_type": "int",
    "total_values_count": 954036,
    "distinct_values_count": 100,
    "missing_values_count": 1334,
    "true_ratio": null,
    "min_value": 0.0,
    "max_value": 99.0,
    "mean": 36.01617714668385,
    "median": 33.0,
    "iqr": 21.0,
    "category_values": [
        38,
        28,
        12,
        24,
        27,
        21,
        37,
        45,
        44,
        41,
        23,
        25,
        36,
        58,
        47,
        22,
        19,
        26,
        35,
        20,
        34,
        61,
        48,
        39,
        40,
        31,
        52,
        29,
        59,
        51,
        30,
        43,
        65,
        50,
        56,
        32,
        18,
        4,
        2,
        33,
        55,
        62,
        46,
        54,
        53,
        85,
        42,
        49,
        57,
        69,
        64,
        60,
        70,
        66,
        67,
        77,
        81,
        7,
        73,
        11,
        17,
        63,
        9,
        10,
        76,
        72,
        82,
        15,
        6,
        16,
        14,
        8,
        5,
        68,
        71,
        74,
        3,
        80,
        1,
        75,
        79,
        13,
        78,
        87,
        95,
        83,
        84,
        86,
        0,
        89,
        88,
        94,
        90,
        96,
        92,
        93,
        91,
        97,
        98,
        99
    ],
    "embedding": [
        -1.0,
        -1.0,
        -1.0,
        1.0,
        -1.0,
        1.0,
        -1.0,
        -1.0,
        -1.0,
        -1.0,
        1.0,
        -1.0,
        -1.0,
        1.0,
        1.0,
        1.0,
        1.0,
        -1.0,
        1.0,
        -1.0,
        1.0,
        -1.0,
        1.0,
        -1.0,
        1.0,
        -1.0,
        -1.0,
        1.0,
        -1.0,
        -1.0,
        1.0,
        1.0,
        -1.0,
        -1.0,
        -1.0,
        1.0,
        -1.0,
        1.0,
        1.0,
        -1.0,
        -1.0,
        1.0,
        -1.0,
        -1.0,
        -1.0,
        -1.0,
        1.0,
        -1.0,
        -1.0,
        -0.9839156866073608,
        -1.0,
        1.0,
        1.0,
        1.0,
        -1.0,
        1.0,
        1.0,
        1.0,
        -1.0,
        0.9981406331062317,
        -1.0,
        -1.0,
        1.0,
        -1.0,
        1.0,
        -1.0,
        1.0,
        -1.0,
        1.0,
        1.0,
        1.0,
        -1.0,
        -1.0,
        -1.0,
        -1.0,
        1.0,
        1.0,
        1.0,
        1.0,
        1.0,
        1.0,
        1.0,
        1.0,
        -1.0,
        -1.0,
        1.0,
        -1.0,
        1.0,
        1.0,
        1.0,
        -1.0,
        1.0,
        1.0,
        -1.0,
        1.0,
        -1.0,
        1.0,
        -1.0,
        -1.0,
        -1.0,
        -0.9985545873641968,
        -1.0,
        1.0,
        -1.0,
        -1.0,
        1.0,
        1.0,
        1.0,
        -1.0,
        -1.0,
        1.0,
        -1.0,
        -1.0,
        1.0,
        1.0,
        1.0,
        1.0,
        1.0,
        1.0,
        -1.0,
        -1.0,
        1.0,
        -1.0,
        -1.0,
        1.0,
        -1.0,
        -1.0,
        -1.0,
        -1.0,
        1.0,
        -1.0,
        1.0,
        -1.0,
        -1.0,
        1.0,
        -1.0,
        -1.0,
        1.0,
        1.0,
        -1.0,
        1.0,
        1.0,
        1.0,
        -1.0,
        1.0,
        -1.0,
        1.0,
        -1.0,
        -1.0,
        -1.0,
        1.0,
        -1.0,
        1.0,
        -1.0,
        1.0,
        -1.0,
        1.0,
        -1.0,
        1.0,
        -1.0,
        -1.0,
        1.0,
        -1.0,
        -1.0,
        1.0,
        -1.0,
        1.0,
        -1.0,
        -1.0,
        -1.0,
        -1.0,
        -1.0,
        1.0,
        1.0,
        -1.0,
        -1.0,
        1.0,
        -1.0,
        -1.0,
        -1.0,
        1.0,
        -1.0,
        -1.0,
        -1.0,
        1.0,
        -1.0,
        1.0,
        -1.0,
        -1.0,
        -1.0,
        1.0,
        1.0,
        1.0,
        1.0,
        -1.0,
        -1.0,
        1.0,
        -1.0,
        -1.0,
        1.0,
        -1.0,
        1.0,
        -1.0,
        -1.0,
        -1.0,
        -1.0,
        1.0,
        1.0,
        -1.0,
        -1.0,
        -1.0,
        1.0,
        -1.0,
        -1.0,
        -1.0,
        1.0,
        -1.0,
        1.0,
        -1.0,
        -1.0,
        1.0,
        -1.0,
        -1.0,
        1.0,
        -1.0,
        -0.985898494720459,
        1.0,
        -1.0,
        -1.0,
        -1.0,
        1.0,
        -1.0,
        1.0,
        -1.0,
        -1.0,
        1.0,
        -1.0,
        1.0,
        1.0,
        -1.0,
        1.0,
        -0.9809572696685791,
        1.0,
        -1.0,
        1.0,
        1.0,
        -1.0,
        -1.0,
        -1.0,
        1.0,
        1.0,
        1.0,
        -1.0,
        -1.0,
        -1.0,
        1.0,
        1.0,
        -1.0,
        -1.0,
        -1.0,
        1.0,
        1.0,
        1.0,
        -1.0,
        1.0,
        -1.0,
        -1.0,
        -1.0,
        1.0,
        1.0,
        -0.9985685348510742,
        -1.0,
        -1.0,
        1.0,
        -1.0,
        1.0,
        1.0,
        1.0,
        1.0,
        1.0,
        1.0,
        -1.0,
        1.0,
        1.0,
        1.0,
        -1.0,
        -1.0,
        1.0,
        -1.0,
        -1.0,
        -1.0,
        1.0,
        -1.0,
        -1.0,
        -1.0,
        -1.0,
        -1.0,
        1.0,
        1.0,
        1.0
    ],
    "embedding_scaling_factor": 41.713687896728516,
    "samples": [
        29,
        60,
        35,
        32,
        26,
        30,
        72,
        22,
        36,
        29,
        43,
        34,
        22,
        43,
        35,
        57,
        24,
        47,
        32,
        22,
        21,
        35,
        39,
        49,
        28,
        47,
        52,
        51,
        20,
        65,
        54,
        45,
        21,
        25,
        45,
        76,
        37,
        43,
        35,
        20,
        29,
        38,
        35,
        45,
        34,
        20,
        20,
        20,
        23,
        56,
        21,
        31,
        23,
        34,
        33,
        21,
        20,
        52,
        37,
        26,
        25,
        18,
        31,
        45,
        43,
        54,
        24,
        38,
        49,
        31,
        32,
        20,
        41,
        54,
        54,
        21,
        25,
        33,
        26,
        18,
        23,
        35,
        33,
        37,
        57,
        52,
        38,
        47,
        17,
        34,
        33,
        19,
        17,
        30,
        40,
        41,
        50,
        18,
        37,
        27
    ],
    "category_values_ratio": {
        "21": 33689,
        "22": 33540,
        "20": 33095,
        "23": 32658,
        "24": 31294,
        "19": 30543,
        "25": 29942,
        "26": 28482,
        "27": 27614,
        "28": 26169,
        "29": 25102,
        "30": 24120,
        "31": 23267,
        "32": 22511,
        "33": 22241,
        "18": 22218,
        "34": 21381,
        "35": 21025,
        "36": 20639,
        "37": 20424,
        "38": 20389,
        "40": 20106,
        "39": 19995,
        "41": 19741,
        "42": 19084,
        "43": 18682,
        "44": 18405,
        "45": 18046,
        "46": 17233,
        "47": 16478,
        "48": 15838,
        "49": 14926,
        "50": 14024,
        "51": 12911,
        "52": 12299,
        "53": 11577,
        "54": 10402,
        "55": 9742,
        "56": 8862,
        "57": 7979,
        "58": 7375,
        "17": 6946,
        "59": 6779,
        "60": 6149,
        "61": 5726,
        "16": 5672,
        "62": 5328,
        "63": 5148,
        "64": 4781,
        "65": 4433,
        "15": 4269,
        "66": 4129,
        "67": 3801,
        "68": 3564,
        "69": 3338,
        "70": 3042,
        "71": 2841,
        "14": 2827,
        "72": 2611,
        "73": 2358,
        "74": 2119,
        "75": 1923,
        "76": 1607,
        "77": 1390,
        "13": 1357,
        "78": 1200,
        "12": 1154,
        "11": 1004,
        "9": 996,
        "10": 978,
        "79": 894,
        "8": 885,
        "7": 852,
        "80": 832,
        "6": 776,
        "5": 683,
        "81": 650,
        "0": 641,
        "4": 572,
        "3": 520,
        "82": 504,
        "2": 455,
        "83": 437,
        "1": 388,
        "99": 327,
        "84": 321,
        "85": 244,
        "98": 198,
        "86": 182,
        "97": 179,
        "87": 134,
        "96": 133,
        "95": 103,
        "88": 92,
        "89": 59,
        "90": 49,
        "91": 33,
        "92": 23,
        "93": 12,
        "94": 6
    },
    "nrows": 954036
}