{
    "column_id": "Accidents/Accidents.csvAccidents.csv/oseba.povrsina",
    "dataset_name": "Accidents.csv",
    "dataset_id": "Accidents/Accidents.csv",
    "path": "/home/ubuntu/CatDB/Experiments/data/Accidents/Accidents.csv",
    "table_name": "Accidents.csv",
    "table_id": "Accidents/Accidents.csvAccidents.csv",
    "column_name": "oseba.povrsina",
    "data_source": "Accidents",
    "data_type": "int",
    "total_values_count": 954036,
    "distinct_values_count": 59,
    "missing_values_count": 0,
    "true_ratio": null,
    "min_value": 0.0,
    "max_value": 939.0,
    "mean": 279.75496522143817,
    "median": 230.0,
    "iqr": 453.0,
    "category_values": [
        105,
        0,
        425,
        904,
        645,
        155,
        590,
        239,
        367,
        356,
        453,
        268,
        47,
        375,
        400,
        338,
        311,
        168,
        353,
        660,
        197,
        59,
        493,
        224,
        640,
        512,
        464,
        147,
        321,
        214,
        230,
        58,
        483,
        760,
        256,
        173,
        692,
        171,
        304,
        240,
        289,
        286,
        334,
        346,
        480,
        508,
        119,
        939,
        175,
        28,
        317,
        249,
        209,
        109,
        345,
        648,
        212,
        486,
        272
    ],
    "embedding": [
        -1.0,
        -1.0,
        -1.0,
        1.0,
        -1.0,
        1.0,
        -1.0,
        -1.0,
        -0.9980974793434143,
        -1.0,
        1.0,
        -1.0,
        -1.0,
        1.0,
        1.0,
        1.0,
        1.0,
        -1.0,
        1.0,
        -1.0,
        1.0,
        -1.0,
        1.0,
        -1.0,
        1.0,
        -1.0,
        -1.0,
        1.0,
        -1.0,
        -1.0,
        1.0,
        1.0,
        -1.0,
        -1.0,
        -1.0,
        1.0,
        -1.0,
        1.0,
        1.0,
        -1.0,
        -1.0,
        1.0,
        -1.0,
        -1.0,
        -1.0,
        -1.0,
        1.0,
        -1.0,
        -0.9991652965545654,
        -0.4349648654460907,
        -1.0,
        1.0,
        1.0,
        1.0,
        -1.0,
        1.0,
        1.0,
        1.0,
        -1.0,
        0.8562967777252197,
        -1.0,
        -1.0,
        1.0,
        -1.0,
        1.0,
        -1.0,
        1.0,
        -1.0,
        1.0,
        1.0,
        1.0,
        -1.0,
        -1.0,
        -1.0,
        -1.0,
        1.0,
        1.0,
        1.0,
        1.0,
        1.0,
        1.0,
        1.0,
        1.0,
        -1.0,
        -1.0,
        1.0,
        -1.0,
        1.0,
        1.0,
        1.0,
        -1.0,
        1.0,
        1.0,
        -1.0,
        1.0,
        -1.0,
        1.0,
        -1.0,
        -1.0,
        -1.0,
        -0.9321542382240295,
        -1.0,
        1.0,
        -1.0,
        -1.0,
        1.0,
        1.0,
        1.0,
        -1.0,
        -1.0,
        1.0,
        -1.0,
        -1.0,
        1.0,
        1.0,
        1.0,
        1.0,
        1.0,
        1.0,
        -1.0,
        -1.0,
        1.0,
        -1.0,
        -1.0,
        1.0,
        -1.0,
        -1.0,
        -0.991875171661377,
        -1.0,
        1.0,
        -1.0,
        1.0,
        -1.0,
        -1.0,
        1.0,
        -1.0,
        -1.0,
        1.0,
        1.0,
        -1.0,
        1.0,
        1.0,
        1.0,
        -1.0,
        1.0,
        -1.0,
        1.0,
        -1.0,
        -1.0,
        -1.0,
        0.9936212301254272,
        -1.0,
        1.0,
        -1.0,
        1.0,
        -1.0,
        1.0,
        -1.0,
        1.0,
        -1.0,
        -1.0,
        1.0,
        -1.0,
        -1.0,
        1.0,
        -1.0,
        1.0,
        -1.0,
        -1.0,
        -1.0,
        -1.0,
        -1.0,
        1.0,
        1.0,
        -1.0,
        -1.0,
        1.0,
        -1.0,
        -1.0,
        -1.0,
        1.0,
        -1.0,
        -1.0,
        -1.0,
        1.0,
        -1.0,
        1.0,
        -1.0,
        -1.0,
        -1.0,
        1.0,
        1.0,
        1.0,
        1.0,
        -1.0,
        -1.0,
        1.0,
        -1.0,
        -1.0,
        1.0,
        -1.0,
        1.0,
        -1.0,
        -1.0,
        -1.0,
        -1.0,
        1.0,
        1.0,
        -1.0,
        -1.0,
        -1.0,
        1.0,
        -1.0,
        -1.0,
        -1.0,
        1.0,
        -1.0,
        1.0,
        -1.0,
        -1.0,
        1.0,
        -1.0,
        -1.0,
        1.0,
        -0.9978198409080505,
        -0.4399977922439575,
        1.0,
        -1.0,
        -1.0,
        -1.0,
        1.0,
        -1.0,
        1.0,
        -1.0,
        -1.0,
        1.0,
        -1.0,
        1.0,
        1.0,
        -0.9993168711662292,
        1.0,
        -0.41978999972343445,
        1.0,
        -1.0,
        1.0,
        1.0,
        -1.0,
        -1.0,
        -1.0,
        1.0,
        1.0,
        1.0,
        -1.0,
        -1.0,
        -1.0,
        1.0,
        1.0,
        -1.0,
        -1.0,
        -1.0,
        1.0,
        1.0,
        1.0,
        -1.0,
        1.0,
        -1.0,
        -1.0,
        -1.0,
        1.0,
        1.0,
        -0.9252681136131287,
        -1.0,
        -1.0,
        1.0,
        -1.0,
        1.0,
        1.0,
        1.0,
        1.0,
        1.0,
        1.0,
        -1.0,
        1.0,
        1.0,
        1.0,
        -1.0,
        -1.0,
        1.0,
        -1.0,
        -1.0,
        -1.0,
        1.0,
        -1.0,
        -1.0,
        -1.0,
        -1.0,
        -1.0,
        1.0,
        1.0,
        0.9999980330467224
    ],
    "embedding_scaling_factor": 69.0413818359375,
    "samples": [
        230,
        0,
        400,
        356,
        256,
        0,
        0,
        317,
        0,
        904,
        286,
        0,
        0,
        0,
        0,
        0,
        512,
        0,
        0,
        645,
        240,
        0,
        400,
        939,
        240,
        0,
        197,
        645,
        197,
        0,
        400,
        168,
        0,
        0,
        334,
        286,
        0,
        240,
        356,
        645,
        0,
        0,
        345,
        356,
        197,
        286,
        400,
        353,
        0,
        645,
        0,
        0,
        334,
        197,
        0,
        0,
        904,
        356,
        0,
        0,
        692,
        47,
        58,
        904,
        645,
        230,
        0,
        939,
        0,
        0,
        0,
        105,
        240,
        321,
        214,
        0,
        464,
        512,
        0,
        760,
        105,
        0,
        0,
        0,
        486,
        0,
        356,
        0,
        356,
        480,
        0,
        0,
        0,
        28,
        0,
        321,
        486,
        304,
        168,
        286
    ],
    "category_values_ratio": {
        "0": 378414,
        "904": 102951,
        "356": 62288,
        "230": 24806,
        "645": 24380,
        "453": 19510,
        "692": 16454,
        "239": 15169,
        "311": 14742,
        "197": 14660,
        "760": 13486,
        "334": 13468,
        "367": 12167,
        "590": 12000,
        "289": 8540,
        "464": 8513,
        "224": 8354,
        "512": 8132,
        "640": 7807,
        "400": 7793,
        "375": 7374,
        "240": 6821,
        "304": 6539,
        "119": 6349,
        "214": 6312,
        "171": 6172,
        "47": 5998,
        "168": 5823,
        "345": 5621,
        "286": 5582,
        "256": 5574,
        "321": 5458,
        "268": 5440,
        "249": 5292,
        "209": 5239,
        "660": 5206,
        "175": 4995,
        "212": 4973,
        "58": 4945,
        "493": 4588,
        "648": 4565,
        "346": 4505,
        "147": 4454,
        "28": 4409,
        "317": 4303,
        "353": 4087,
        "486": 4058,
        "508": 3860,
        "272": 3776,
        "155": 3454,
        "939": 3180,
        "480": 3070,
        "338": 2972,
        "59": 2969,
        "483": 2965,
        "425": 2746,
        "173": 2685,
        "105": 2421,
        "109": 1622
    },
    "nrows": 954036
}