{
    "column_id": "Lahman-2014/els_teamnames.csvels_teamnames.csv/id",
    "dataset_name": "els_teamnames.csv",
    "dataset_id": "Lahman-2014/els_teamnames.csv",
    "path": "/home/ubuntu/CatDB/Experiments/data/Lahman-2014/els_teamnames.csv",
    "table_name": "els_teamnames.csv",
    "table_id": "Lahman-2014/els_teamnames.csvels_teamnames.csv",
    "column_name": "id",
    "data_source": "Lahman-2014",
    "data_type": "int",
    "total_values_count": 314,
    "distinct_values_count": 314,
    "missing_values_count": 0,
    "true_ratio": null,
    "min_value": 1.0,
    "max_value": 314.0,
    "mean": 157.5,
    "median": 157.5,
    "iqr": 156.5,
    "category_values": null,
    "embedding": [
        -1.0,
        -1.0,
        -1.0,
        1.0,
        -1.0,
        1.0,
        -1.0,
        -1.0,
        -0.9999306797981262,
        -1.0,
        1.0,
        -1.0,
        -1.0,
        1.0,
        1.0,
        1.0,
        1.0,
        -1.0,
        1.0,
        -1.0,
        1.0,
        -1.0,
        1.0,
        -1.0,
        1.0,
        -1.0,
        -1.0,
        1.0,
        -1.0,
        -1.0,
        1.0,
        1.0,
        -1.0,
        -1.0,
        -1.0,
        1.0,
        -1.0,
        1.0,
        1.0,
        -1.0,
        -1.0,
        1.0,
        -1.0,
        -1.0,
        -1.0,
        -1.0,
        1.0,
        -1.0,
        -0.9998812079429626,
        -0.9885865449905396,
        -1.0,
        1.0,
        1.0,
        1.0,
        -1.0,
        1.0,
        1.0,
        1.0,
        -1.0,
        0.9942941665649414,
        -1.0,
        -1.0,
        1.0,
        -1.0,
        1.0,
        -1.0,
        1.0,
        -1.0,
        1.0,
        1.0,
        1.0,
        -1.0,
        -1.0,
        -1.0,
        -1.0,
        1.0,
        1.0,
        1.0,
        1.0,
        1.0,
        1.0,
        1.0,
        1.0,
        -1.0,
        -1.0,
        1.0,
        -1.0,
        1.0,
        1.0,
        1.0,
        -1.0,
        1.0,
        1.0,
        -1.0,
        1.0,
        -1.0,
        1.0,
        -1.0,
        -1.0,
        -1.0,
        -0.9988600611686707,
        -1.0,
        1.0,
        -1.0,
        -1.0,
        1.0,
        1.0,
        1.0,
        -1.0,
        -1.0,
        1.0,
        -1.0,
        -1.0,
        1.0,
        1.0,
        1.0,
        1.0,
        1.0,
        1.0,
        -1.0,
        -1.0,
        1.0,
        -1.0,
        -1.0,
        1.0,
        -1.0,
        -1.0,
        -0.9993688464164734,
        -1.0,
        1.0,
        -1.0,
        1.0,
        -1.0,
        -1.0,
        1.0,
        -1.0,
        -1.0,
        1.0,
        1.0,
        -1.0,
        1.0,
        1.0,
        1.0,
        -1.0,
        1.0,
        -1.0,
        1.0,
        -1.0,
        -1.0,
        -1.0,
        0.9959796667098999,
        -1.0,
        1.0,
        -1.0,
        1.0,
        -1.0,
        1.0,
        -1.0,
        1.0,
        -1.0,
        -1.0,
        1.0,
        -1.0,
        -1.0,
        1.0,
        -1.0,
        1.0,
        -1.0,
        -1.0,
        -1.0,
        -1.0,
        -1.0,
        1.0,
        1.0,
        -1.0,
        -1.0,
        1.0,
        -1.0,
        -1.0,
        -1.0,
        1.0,
        -1.0,
        -1.0,
        -1.0,
        1.0,
        -1.0,
        1.0,
        -1.0,
        -1.0,
        -1.0,
        1.0,
        1.0,
        1.0,
        1.0,
        -1.0,
        -1.0,
        1.0,
        -1.0,
        -1.0,
        1.0,
        -1.0,
        1.0,
        -1.0,
        -1.0,
        -1.0,
        -1.0,
        1.0,
        1.0,
        -1.0,
        -1.0,
        -1.0,
        1.0,
        -1.0,
        -1.0,
        -1.0,
        1.0,
        -1.0,
        1.0,
        -1.0,
        -1.0,
        1.0,
        -1.0,
        -1.0,
        1.0,
        -0.9999496340751648,
        -0.9880688190460205,
        1.0,
        -1.0,
        -1.0,
        -1.0,
        1.0,
        -1.0,
        1.0,
        -1.0,
        -1.0,
        1.0,
        -1.0,
        1.0,
        1.0,
        -0.9999906420707703,
        1.0,
        -0.988079845905304,
        1.0,
        -1.0,
        1.0,
        1.0,
        -1.0,
        -1.0,
        -1.0,
        1.0,
        1.0,
        1.0,
        -1.0,
        -1.0,
        -1.0,
        1.0,
        1.0,
        -1.0,
        -1.0,
        -1.0,
        1.0,
        1.0,
        1.0,
        -1.0,
        1.0,
        -1.0,
        -1.0,
        -1.0,
        1.0,
        1.0,
        -0.9984036684036255,
        -1.0,
        -1.0,
        1.0,
        -1.0,
        1.0,
        1.0,
        1.0,
        1.0,
        1.0,
        1.0,
        -1.0,
        1.0,
        1.0,
        1.0,
        -1.0,
        -1.0,
        1.0,
        -1.0,
        -1.0,
        -1.0,
        1.0,
        -1.0,
        -1.0,
        -1.0,
        -1.0,
        -1.0,
        1.0,
        1.0,
        1.0
    ],
    "embedding_scaling_factor": 100.9342269897461,
    "samples": [
        77,
        52,
        73,
        96,
        128,
        109,
        134,
        154,
        196,
        93,
        150,
        32,
        175,
        202,
        260,
        153,
        152,
        283,
        292,
        183,
        86,
        215,
        149,
        220,
        132,
        25,
        187,
        54,
        18,
        147,
        259,
        214,
        185,
        212,
        84,
        45,
        221,
        251,
        148,
        230,
        40,
        47,
        297,
        313,
        2,
        239,
        6,
        295,
        189,
        312,
        89,
        184,
        136,
        176,
        66,
        74,
        240,
        9,
        271,
        182,
        80,
        69,
        294,
        99,
        144,
        34,
        100,
        200,
        269,
        41,
        174,
        281,
        131,
        248,
        83,
        195,
        116,
        206,
        273,
        226,
        143,
        166,
        135,
        17,
        201,
        92,
        211,
        193,
        204,
        64,
        97,
        72,
        79,
        108,
        158,
        278,
        85,
        87,
        138,
        277
    ],
    "category_values_ratio": null,
    "nrows": 314
}