{
    "column_id": "oml_dataset_35_rnc/oml_dataset_35_rnc.csvoml_dataset_35_rnc.csv/c_63",
    "dataset_name": "oml_dataset_35_rnc.csv",
    "dataset_id": "oml_dataset_35_rnc/oml_dataset_35_rnc.csv",
    "path": "/home/ubuntu/CatDB/Experiments/data/oml_dataset_35_rnc/oml_dataset_35_rnc.csv",
    "table_name": "oml_dataset_35_rnc.csv",
    "table_id": "oml_dataset_35_rnc/oml_dataset_35_rnc.csvoml_dataset_35_rnc.csv",
    "column_name": "c_63",
    "data_source": "oml_dataset_35_rnc",
    "data_type": "float",
    "total_values_count": 58310,
    "distinct_values_count": 454,
    "missing_values_count": 0,
    "true_ratio": null,
    "min_value": 0.0,
    "max_value": 0.37616,
    "mean": 0.001924584036871892,
    "median": 0.0,
    "iqr": 0.0,
    "category_values": [
        0.0,
        0.0017361,
        0.00028935,
        0.0020255,
        0.00086806,
        0.0005787,
        0.0011574,
        0.0031829,
        0.011574,
        0.0034722,
        0.012731,
        0.085938,
        0.0078125,
        0.004919,
        0.018229,
        0.0095486,
        0.0052083,
        0.02228,
        0.0054977,
        0.0489,
        0.023148,
        0.0023148,
        0.0081019,
        0.021701,
        0.061632,
        0.055845,
        0.0028935,
        0.0043403,
        0.009838,
        0.0026042,
        0.07581,
        0.015046,
        0.039931,
        0.0014468,
        0.046875,
        0.0072338,
        0.024016,
        0.036748,
        0.089988,
        0.012442,
        0.033854,
        0.03559,
        0.033275,
        0.010706,
        0.036169,
        0.023438,
        0.060475,
        0.017072,
        0.0040509,
        0.013889,
        0.086516,
        0.14873,
        0.045139,
        0.079282,
        0.0037616,
        0.035012,
        0.038773,
        0.0046296,
        0.039641,
        0.030961,
        0.0060764,
        0.0092593,
        0.011863,
        0.0069444,
        0.005787,
        0.064525,
        0.016782,
        0.059896,
        0.0063657,
        0.23495,
        0.050347,
        0.0089699,
        0.032118,
        0.14063,
        0.0083912,
        0.027488,
        0.051794,
        0.019676,
        0.010127,
        0.051505,
        0.082755,
        0.10156,
        0.055266,
        0.015625,
        0.01331,
        0.028935,
        0.0075231,
        0.038484,
        0.036458,
        0.023727,
        0.025174,
        0.0066551,
        0.028646,
        0.12703,
        0.014757,
        0.067708,
        0.021412,
        0.1195,
        0.076968,
        0.067998,
        0.033565,
        0.014178,
        0.038194,
        0.04022,
        0.08478,
        0.024306,
        0.068287,
        0.037616,
        0.026042,
        0.030093,
        0.03125,
        0.043403,
        0.027778,
        0.1114,
        0.012153,
        0.015336,
        0.0136,
        0.074074,
        0.032697,
        0.065683,
        0.21875,
        0.019387,
        0.013021,
        0.028067,
        0.070602,
        0.018519,
        0.034722,
        0.010417,
        0.018808,
        0.045428,
        0.061343,
        0.030671,
        0.083333,
        0.037037,
        0.020255,
        0.014468,
        0.032407,
        0.11863,
        0.019097,
        0.0086806,
        0.19531,
        0.067419,
        0.056713,
        0.015914,
        0.12355,
        0.15336,
        0.037326,
        0.032986,
        0.114,
        0.044271,
        0.043692,
        0.072049,
        0.042245,
        0.048322,
        0.12731,
        0.019965,
        0.011285,
        0.04456,
        0.01794,
        0.072917,
        0.083623,
        0.040509,
        0.13339,
        0.12645,
        0.069444,
        0.010995,
        0.020833,
        0.045718,
        0.022569,
        0.02662,
        0.070023,
        0.048611,
        0.052951,
        0.10619,
        0.024595,
        0.17014,
        0.05787,
        0.081308,
        0.027199,
        0.079572,
        0.12442,
        0.054977,
        0.29369,
        0.047743,
        0.11748,
        0.10995,
        0.029225,
        0.059028,
        0.05353,
        0.034433,
        0.039352,
        0.043981,
        0.078993,
        0.020544,
        0.062789,
        0.021123,
        0.10706,
        0.039063,
        0.026331,
        0.025752,
        0.10127,
        0.057292,
        0.053819,
        0.11892,
        0.016493,
        0.034144,
        0.10648,
        0.041667,
        0.1603,
        0.092593,
        0.068866,
        0.037905,
        0.017361,
        0.06684,
        0.061053,
        0.073495,
        0.060185,
        0.27373,
        0.050058,
        0.14757,
        0.073785,
        0.10909,
        0.046007,
        0.028356,
        0.07147,
        0.04485,
        0.051215,
        0.12818,
        0.063079,
        0.20515,
        0.025463,
        0.052083,
        0.14583,
        0.063657,
        0.021991,
        0.041956,
        0.12384,
        0.18316,
        0.23177,
        0.29745,
        0.092303,
        0.029514,
        0.081597,
        0.14641,
        0.1849,
        0.042535,
        0.27546,
        0.035301,
        0.11198,
        0.063947,
        0.022859,
        0.03588,
        0.10532,
        0.043113,
        0.29398,
        0.073206,
        0.13657,
        0.11285,
        0.18171,
        0.10272,
        0.14034,
        0.11545,
        0.19936,
        0.030382,
        0.1658,
        0.024884,
        0.064815,
        0.078125,
        0.085359,
        0.20081,
        0.041377,
        0.074653,
        0.11111,
        0.016204,
        0.11574,
        0.087384,
        0.1305,
        0.029803,
        0.01765,
        0.10938,
        0.13079,
        0.11314,
        0.041088,
        0.15567,
        0.070313,
        0.054398,
        0.10793,
        0.13542,
        0.050637,
        0.05816,
        0.061921,
        0.057581,
        0.096644,
        0.096354,
        0.15104,
        0.058738,
        0.091146,
        0.054688,
        0.031829,
        0.050926,
        0.02691,
        0.15365,
        0.085648,
        0.093461,
        0.066262,
        0.20718,
        0.083044,
        0.054109,
        0.20978,
        0.31279,
        0.11834,
        0.11921,
        0.21383,
        0.070891,
        0.052373,
        0.10677,
        0.15394,
        0.15046,
        0.063368,
        0.12674,
        0.057002,
        0.052662,
        0.082465,
        0.076389,
        0.040799,
        0.13513,
        0.084491,
        0.10214,
        0.17072,
        0.049769,
        0.081887,
        0.074363,
        0.25839,
        0.053241,
        0.055556,
        0.10041,
        0.10822,
        0.056424,
        0.1765,
        0.08044,
        0.13137,
        0.11603,
        0.048032,
        0.1088,
        0.08015,
        0.083912,
        0.10764,
        0.065972,
        0.20891,
        0.087963,
        0.18721,
        0.059606,
        0.14005,
        0.0761,
        0.16493,
        0.049479,
        0.10098,
        0.098669,
        0.2474,
        0.28733,
        0.076678,
        0.13166,
        0.13571,
        0.088252,
        0.10475,
        0.10561,
        0.065394,
        0.11429,
        0.077836,
        0.11516,
        0.099826,
        0.042824,
        0.031539,
        0.077257,
        0.09809,
        0.13223,
        0.26215,
        0.047454,
        0.095486,
        0.087674,
        0.20804,
        0.047164,
        0.074942,
        0.059317,
        0.11082,
        0.090856,
        0.13918,
        0.10069,
        0.13397,
        0.095775,
        0.046296,
        0.22049,
        0.04919,
        0.092882,
        0.15509,
        0.19589,
        0.19126,
        0.098958,
        0.16204,
        0.065104,
        0.072338,
        0.10243,
        0.26823,
        0.097512,
        0.12529,
        0.37616,
        0.056134,
        0.20775,
        0.068576,
        0.125,
        0.078414,
        0.14612,
        0.075231,
        0.085069,
        0.075521,
        0.14468,
        0.071759,
        0.13455,
        0.15017,
        0.17506,
        0.081019,
        0.19792,
        0.12905,
        0.087095,
        0.16956,
        0.15712,
        0.1169,
        0.20399,
        0.097222,
        0.079861,
        0.069155,
        0.082176,
        0.25376,
        0.06713,
        0.11806,
        0.32784,
        0.12153,
        0.16059,
        0.11372,
        0.35156,
        0.13744,
        0.17043,
        0.1901,
        0.22454,
        0.10301,
        0.10388,
        0.069734,
        0.25,
        0.064236,
        0.058449,
        0.14699,
        0.12558,
        0.20631,
        0.09375
    ],
    "embedding": [
        -0.05382056161761284,
        -0.13049912452697754,
        0.14706654846668243,
        -0.01106745284050703,
        0.042513955384492874,
        0.09710643440485,
        0.09984051436185837,
        0.2172696441411972,
        0.23210155963897705,
        0.1512935757637024,
        -0.16310396790504456,
        0.00510288355872035,
        0.06472735106945038,
        -0.20748630166053772,
        0.04180962219834328,
        -0.15994320809841156,
        0.191314235329628,
        0.1702566146850586,
        0.05193190649151802,
        -0.037654317915439606,
        0.05530411750078201,
        -0.09878818690776825,
        0.07957369089126587,
        0.16912035644054413,
        -0.09814088046550751,
        -0.13060474395751953,
        -0.10514805465936661,
        -0.16809120774269104,
        0.12098060548305511,
        -0.2646700143814087,
        -0.13148576021194458,
        -0.01781579479575157,
        0.007380038034170866,
        -0.17095425724983215,
        0.19653743505477905,
        0.11855112761259079,
        0.0513552688062191,
        -0.10185720026493073,
        0.0035409715492278337,
        0.03732794523239136,
        -0.20302845537662506,
        0.04627535119652748,
        -0.07066435366868973,
        -0.008394459262490273,
        -0.14273637533187866,
        0.15885235369205475,
        -0.11084058880805969,
        -0.037073198705911636,
        0.1297680288553238,
        0.1075139045715332,
        -0.04618570953607559,
        -0.154807910323143,
        0.1195194274187088,
        -0.03726567327976227,
        0.040308043360710144,
        -0.05100128799676895,
        0.03570098057389259,
        0.13969860970973969,
        -0.06439229100942612,
        -0.07566696405410767,
        0.09992080926895142,
        0.03753555566072464,
        -0.012152628041803837,
        -0.02938339300453663,
        -0.0411381758749485,
        -0.1901135891675949,
        0.2719731628894806,
        0.21316759288311005,
        -0.1427222043275833,
        -0.15328983962535858,
        0.10360336303710938,
        0.03803272917866707,
        -0.1741636097431183,
        0.2015887200832367,
        -0.11299731582403183,
        -0.039576612412929535,
        0.15814417600631714,
        0.02763783559203148,
        0.07382823526859283,
        0.04827466979622841,
        -0.035783473402261734,
        -0.0012722309911623597,
        -0.003229009686037898,
        0.145005002617836,
        -0.009633176028728485,
        0.035747773945331573,
        -0.006361819338053465,
        -0.21636541187763214,
        0.19726979732513428,
        0.13755083084106445,
        -0.04275944083929062,
        -0.007631942629814148,
        0.10519085079431534,
        0.12154832482337952,
        -0.0471845306456089,
        -0.025482643395662308,
        -0.012585747987031937,
        -0.08473093807697296,
        -0.024018453434109688,
        -0.12175577133893967,
        0.0440659336745739,
        0.15008941292762756,
        0.01132072601467371,
        -0.04277237877249718,
        -0.10994251817464828,
        0.03793477267026901,
        -0.010224724188446999,
        0.09750989824533463,
        0.04201127588748932,
        -0.053572673350572586,
        -0.16648443043231964,
        0.2052731066942215,
        0.05524386093020439,
        0.008041108027100563,
        -0.12443365156650543,
        -0.07275010645389557,
        0.043007709085941315,
        0.0713091567158699,
        0.04381478950381279,
        -0.034065306186676025,
        0.05034701153635979,
        0.16554512083530426,
        0.1581413745880127,
        0.007949582301080227,
        -0.03687576577067375,
        0.08240469545125961,
        0.09147393703460693,
        0.04314951226115227,
        0.033638712018728256,
        -0.17656920850276947,
        0.1002187430858612,
        -0.0016721573192626238,
        -0.041170258074998856,
        -0.04582245647907257,
        -0.049469105899333954,
        -0.05057179927825928,
        0.08755414932966232,
        0.02434321492910385,
        -0.16464552283287048,
        0.07678083330392838,
        0.070287324488163,
        -0.04707048833370209,
        0.08314113318920135,
        -0.145567387342453,
        -0.16729019582271576,
        -0.01422230526804924,
        -0.035535626113414764,
        0.0762622207403183,
        0.22615940868854523,
        -0.10753525793552399,
        0.12588678300380707,
        -0.19301600754261017,
        -0.16897575557231903,
        0.1809939444065094,
        -0.020172007381916046,
        -0.1219734251499176,
        -0.091000996530056,
        -0.028748992830514908,
        0.0723479688167572,
        -0.15926997363567352,
        -0.042131006717681885,
        0.03493952378630638,
        -0.010906294919550419,
        0.019493436440825462,
        -0.022710300981998444,
        -0.06257930397987366,
        -0.03217995911836624,
        0.13406793773174286,
        0.035668134689331055,
        0.07731548696756363,
        -0.03323115035891533,
        0.01778600551187992,
        -0.23916654288768768,
        0.16333727538585663,
        -0.027170192450284958,
        0.002029173541814089,
        -0.2114793062210083,
        0.0071314009837806225,
        -0.022671686485409737,
        0.04021070525050163,
        0.12087512761354446,
        -0.13510747253894806,
        0.057318877428770065,
        -0.030241284519433975,
        -0.08123759180307388,
        -0.03869061917066574,
        -0.15141798555850983,
        -0.08250921964645386,
        -0.04044782742857933,
        -0.006762429606169462,
        0.12391931563615799,
        -0.015330611728131771,
        -0.06486457586288452,
        -0.11374744772911072,
        -0.022863002493977547,
        -0.020273305475711823,
        -0.06798448413610458,
        -0.001283805351704359,
        0.19246573746204376,
        0.1695517748594284,
        0.18218474090099335,
        -0.016305627301335335,
        -0.03928409516811371,
        0.15663327276706696,
        -0.01809450052678585,
        0.0909709483385086,
        0.04596232995390892,
        0.05299338325858116,
        0.027578338980674744,
        -0.1458365023136139,
        0.06305619329214096,
        -0.0209762342274189,
        0.1854589432477951,
        0.10243511945009232,
        -0.17516863346099854,
        0.039399921894073486,
        -0.18394345045089722,
        0.27424630522727966,
        -0.001494461903348565,
        -0.04404430091381073,
        0.19397784769535065,
        -0.17108237743377686,
        0.10977750271558762,
        0.0008497854578308761,
        0.12856312096118927,
        -0.021027734503149986,
        -0.05118893086910248,
        -0.2106911987066269,
        0.007535841315984726,
        0.06398516148328781,
        0.15099860727787018,
        0.014153119176626205,
        -0.024025743827223778,
        0.046823129057884216,
        -0.05001236870884895,
        0.08208017796278,
        0.01456371508538723,
        0.06971460580825806,
        -0.0034301390405744314,
        -0.08874819427728653,
        0.17557933926582336,
        -0.19731555879116058,
        0.03896143287420273,
        -0.06781254708766937,
        -0.014132370240986347,
        0.1629927009344101,
        0.06427642703056335,
        0.014523050747811794,
        -0.006109693553298712,
        0.14537297189235687,
        0.05521482601761818,
        -0.18589262664318085,
        -0.0009401009301654994,
        0.11342506855726242,
        0.08159519731998444,
        0.1947428286075592,
        0.12877346575260162,
        -0.02811332605779171,
        0.1446044147014618,
        0.028435777872800827,
        0.04543765261769295,
        0.00921703316271305,
        -0.006669588852673769,
        0.10612842440605164,
        -0.10888108611106873,
        0.005179958883672953,
        0.03442375361919403,
        -0.16716067492961884,
        -0.015894440934062004,
        0.09153714030981064,
        -0.03263258934020996,
        -0.002000486943870783,
        -0.011751909740269184,
        0.011296945624053478,
        -0.2794242799282074,
        0.09679826349020004,
        -0.019981736317276955,
        0.11138241738080978,
        0.02314906194806099,
        -0.01178483571857214,
        -0.019713077694177628,
        0.14466644823551178,
        0.175181582570076,
        0.07604502141475677,
        0.13520042598247528,
        0.2819804549217224,
        0.16937999427318573,
        0.18930964171886444,
        0.004049063194543123,
        0.001846480299718678,
        0.1363442838191986,
        0.2092103511095047,
        -0.03850856050848961,
        -0.11403398215770721,
        -0.013407486490905285,
        -0.022854462265968323,
        0.016970502212643623,
        0.12393377721309662,
        -0.13514970242977142,
        -0.016472987830638885
    ],
    "embedding_scaling_factor": 0.07248205691576004,
    "samples": [
        0.0,
        0.0,
        0.0,
        0.0,
        0.0,
        0.0,
        0.010127,
        0.0,
        0.0,
        0.0,
        0.0,
        0.0,
        0.0,
        0.0,
        0.0,
        0.0,
        0.0,
        0.0,
        0.0,
        0.0,
        0.0,
        0.0,
        0.0,
        0.0046296,
        0.0,
        0.0,
        0.0,
        0.0,
        0.0,
        0.0,
        0.0,
        0.0,
        0.0,
        0.0,
        0.0,
        0.0081019,
        0.019097,
        0.0,
        0.0005787,
        0.0,
        0.0,
        0.0,
        0.0,
        0.0,
        0.0,
        0.0,
        0.0,
        0.0,
        0.0,
        0.00086806,
        0.0,
        0.0,
        0.0,
        0.0037616,
        0.0,
        0.0,
        0.0,
        0.0060764,
        0.0,
        0.0005787,
        0.0,
        0.0,
        0.0,
        0.0,
        0.0,
        0.0,
        0.0,
        0.0,
        0.0,
        0.0,
        0.0,
        0.070602,
        0.0,
        0.0,
        0.0,
        0.0,
        0.0,
        0.0,
        0.0,
        0.00028935,
        0.0,
        0.0,
        0.0,
        0.0,
        0.0,
        0.0,
        0.0,
        0.0,
        0.0,
        0.0,
        0.0,
        0.0,
        0.0,
        0.0,
        0.0005787,
        0.0,
        0.0,
        0.0,
        0.0,
        0.0014468
    ],
    "category_values_ratio": {
        "0.0": 49073,
        "0.00028935": 1477,
        "0.0005787": 842,
        "0.00086806": 554,
        "0.0011574": 440,
        "0.0014468": 346,
        "0.0017361": 299,
        "0.0020255": 251,
        "0.0023148": 223,
        "0.0026042": 206,
        "0.0028935": 179,
        "0.0031829": 163,
        "0.0034722": 141,
        "0.0037616": 123,
        "0.0040509": 117,
        "0.0043403": 112,
        "0.0052083": 102,
        "0.004919": 94,
        "0.0046296": 94,
        "0.005787": 83,
        "0.0063657": 79,
        "0.0054977": 76,
        "0.0069444": 72,
        "0.0066551": 71,
        "0.0072338": 70,
        "0.0083912": 65,
        "0.0075231": 63,
        "0.0092593": 63,
        "0.0060764": 63,
        "0.0078125": 59,
        "0.0086806": 57,
        "0.0095486": 57,
        "0.010706": 53,
        "0.0081019": 52,
        "0.012153": 50,
        "0.0089699": 48,
        "0.011574": 45,
        "0.010417": 43,
        "0.010127": 42,
        "0.013889": 41,
        "0.013021": 38,
        "0.010995": 37,
        "0.009838": 37,
        "0.011285": 35,
        "0.011863": 33,
        "0.012442": 32,
        "0.014757": 32,
        "0.015046": 30,
        "0.016493": 29,
        "0.018229": 29,
        "0.012731": 29,
        "0.0136": 28,
        "0.014178": 27,
        "0.015336": 26,
        "0.019097": 26,
        "0.017361": 26,
        "0.016204": 26,
        "0.015625": 25,
        "0.017072": 25,
        "0.024016": 24,
        "0.01331": 24,
        "0.014468": 24,
        "0.019965": 23,
        "0.015914": 22,
        "0.016782": 19,
        "0.02228": 19,
        "0.018519": 19,
        "0.01794": 19,
        "0.020255": 19,
        "0.019676": 18,
        "0.022569": 18,
        "0.020544": 17,
        "0.028067": 17,
        "0.021412": 17,
        "0.032986": 17,
        "0.01765": 16,
        "0.029225": 16,
        "0.020833": 16,
        "0.021123": 16,
        "0.025174": 16,
        "0.023148": 15,
        "0.023727": 14,
        "0.019387": 14,
        "0.026042": 14,
        "0.027778": 14,
        "0.021701": 13,
        "0.030093": 13,
        "0.02691": 12,
        "0.024306": 12,
        "0.022859": 12,
        "0.021991": 12,
        "0.036458": 12,
        "0.027488": 12,
        "0.023438": 12,
        "0.024595": 12,
        "0.02662": 11,
        "0.025463": 11,
        "0.018808": 11,
        "0.037037": 11,
        "0.024884": 11,
        "0.032118": 11,
        "0.025752": 10,
        "0.052951": 10,
        "0.028935": 10,
        "0.038773": 10,
        "0.039352": 10,
        "0.029514": 10,
        "0.03588": 9,
        "0.033275": 9,
        "0.028356": 9,
        "0.048611": 9,
        "0.039931": 9,
        "0.03125": 9,
        "0.029803": 9,
        "0.033854": 9,
        "0.039641": 9,
        "0.036169": 9,
        "0.026331": 9,
        "0.040509": 8,
        "0.03559": 8,
        "0.027199": 8,
        "0.030671": 8,
        "0.037905": 8,
        "0.045428": 7,
        "0.046875": 7,
        "0.043113": 7,
        "0.037616": 7,
        "0.041956": 7,
        "0.051505": 7,
        "0.041377": 7,
        "0.028646": 7,
        "0.035012": 7,
        "0.074653": 7,
        "0.054398": 7,
        "0.034433": 7,
        "0.032407": 7,
        "0.033565": 7,
        "0.044271": 7,
        "0.04022": 7,
        "0.038194": 7,
        "0.0489": 7,
        "0.041667": 6,
        "0.061053": 6,
        "0.035301": 6,
        "0.045139": 6,
        "0.030961": 6,
        "0.036748": 6,
        "0.038484": 6,
        "0.043403": 6,
        "0.030382": 6,
        "0.051794": 6,
        "0.041088": 6,
        "0.031829": 6,
        "0.052083": 6,
        "0.050058": 6,
        "0.034722": 6,
        "0.055845": 5,
        "0.070602": 5,
        "0.042535": 5,
        "0.050637": 5,
        "0.081597": 5,
        "0.034144": 5,
        "0.069444": 5,
        "0.043692": 5,
        "0.051215": 5,
        "0.037326": 5,
        "0.054109": 5,
        "0.052662": 5,
        "0.042245": 5,
        "0.057292": 5,
        "0.073495": 5,
        "0.04485": 5,
        "0.043981": 5,
        "0.039063": 5,
        "0.053819": 5,
        "0.047743": 5,
        "0.031539": 5,
        "0.05353": 5,
        "0.032697": 4,
        "0.05787": 4,
        "0.072049": 4,
        "0.08478": 4,
        "0.060185": 4,
        "0.042824": 4,
        "0.049769": 4,
        "0.068287": 4,
        "0.061921": 4,
        "0.048032": 4,
        "0.046007": 4,
        "0.061343": 4,
        "0.063947": 4,
        "0.061632": 4,
        "0.063079": 4,
        "0.081308": 3,
        "0.13339": 3,
        "0.056713": 3,
        "0.064815": 3,
        "0.055266": 3,
        "0.067419": 3,
        "0.070023": 3,
        "0.055556": 3,
        "0.059028": 3,
        "0.067708": 3,
        "0.054977": 3,
        "0.063368": 3,
        "0.1195": 3,
        "0.076678": 3,
        "0.087963": 3,
        "0.11834": 3,
        "0.095486": 3,
        "0.072917": 3,
        "0.070891": 3,
        "0.065683": 3,
        "0.058738": 3,
        "0.083333": 3,
        "0.13079": 3,
        "0.068576": 3,
        "0.13455": 3,
        "0.11516": 3,
        "0.096354": 3,
        "0.18316": 3,
        "0.10909": 3,
        "0.085938": 3,
        "0.063657": 3,
        "0.050926": 3,
        "0.07147": 3,
        "0.067998": 3,
        "0.059896": 3,
        "0.065972": 3,
        "0.074942": 3,
        "0.091146": 3,
        "0.12645": 2,
        "0.074074": 2,
        "0.11863": 2,
        "0.069734": 2,
        "0.12355": 2,
        "0.12731": 2,
        "0.04456": 2,
        "0.083623": 2,
        "0.10706": 2,
        "0.079572": 2,
        "0.078993": 2,
        "0.062789": 2,
        "0.10127": 2,
        "0.11892": 2,
        "0.10648": 2,
        "0.092593": 2,
        "0.076968": 2,
        "0.1114": 2,
        "0.099826": 2,
        "0.10156": 2,
        "0.082755": 2,
        "0.073785": 2,
        "0.097222": 2,
        "0.14583": 2,
        "0.073206": 2,
        "0.10272": 2,
        "0.069155": 2,
        "0.10532": 2,
        "0.11198": 2,
        "0.14757": 2,
        "0.06684": 2,
        "0.14873": 2,
        "0.079282": 2,
        "0.064525": 2,
        "0.050347": 2,
        "0.14063": 2,
        "0.068866": 2,
        "0.086516": 2,
        "0.1658": 2,
        "0.087384": 2,
        "0.084491": 2,
        "0.056424": 2,
        "0.096644": 2,
        "0.083912": 2,
        "0.078125": 2,
        "0.085359": 2,
        "0.059317": 2,
        "0.087674": 2,
        "0.11921": 2,
        "0.10938": 2,
        "0.08015": 2,
        "0.049479": 2,
        "0.077836": 2,
        "0.070313": 2,
        "0.10995": 2,
        "0.10098": 2,
        "0.066262": 2,
        "0.098669": 2,
        "0.15394": 2,
        "0.081887": 2,
        "0.072338": 2,
        "0.065104": 2,
        "0.20718": 2,
        "0.10822": 2,
        "0.04919": 2,
        "0.053241": 2,
        "0.074363": 2,
        "0.057581": 2,
        "0.15509": 2,
        "0.13223": 2,
        "0.065394": 2,
        "0.040799": 2,
        "0.082465": 2,
        "0.05816": 2,
        "0.098958": 2,
        "0.17014": 1,
        "0.19531": 1,
        "0.15336": 1,
        "0.114": 1,
        "0.048322": 1,
        "0.045718": 1,
        "0.10619": 1,
        "0.29369": 1,
        "0.12442": 1,
        "0.11748": 1,
        "0.1603": 1,
        "0.15567": 1,
        "0.10793": 1,
        "0.21875": 1,
        "0.15104": 1,
        "0.13542": 1,
        "0.20515": 1,
        "0.12703": 1,
        "0.11574": 1,
        "0.18171": 1,
        "0.13137": 1,
        "0.14034": 1,
        "0.11545": 1,
        "0.19936": 1,
        "0.20081": 1,
        "0.11111": 1,
        "0.1305": 1,
        "0.23495": 1,
        "0.11314": 1,
        "0.23177": 1,
        "0.10561": 1,
        "0.27373": 1,
        "0.07581": 1,
        "0.089988": 1,
        "0.060475": 1,
        "0.08044": 1,
        "0.10041": 1,
        "0.11603": 1,
        "0.1088": 1,
        "0.085648": 1,
        "0.093461": 1,
        "0.083044": 1,
        "0.20978": 1,
        "0.31279": 1,
        "0.052373": 1,
        "0.17072": 1,
        "0.10677": 1,
        "0.15046": 1,
        "0.12674": 1,
        "0.057002": 1,
        "0.076389": 1,
        "0.13513": 1,
        "0.10214": 1,
        "0.13657": 1,
        "0.15365": 1,
        "0.054688": 1,
        "0.21383": 1,
        "0.16493": 1,
        "0.10764": 1,
        "0.20891": 1,
        "0.18721": 1,
        "0.059606": 1,
        "0.14005": 1,
        "0.0761": 1,
        "0.2474": 1,
        "0.25839": 1,
        "0.28733": 1,
        "0.13166": 1,
        "0.13571": 1,
        "0.088252": 1,
        "0.10475": 1,
        "0.1765": 1,
        "0.11285": 1,
        "0.058449": 1,
        "0.29398": 1,
        "0.12558": 1,
        "0.17506": 1,
        "0.077257": 1,
        "0.09809": 1,
        "0.26215": 1,
        "0.20804": 1,
        "0.047454": 1,
        "0.12905": 1,
        "0.15017": 1,
        "0.087095": 1,
        "0.14468": 1,
        "0.16956": 1,
        "0.10301": 1,
        "0.10388": 1,
        "0.079861": 1,
        "0.125": 1,
        "0.14699": 1,
        "0.20631": 1,
        "0.27546": 1,
        "0.19792": 1,
        "0.13397": 1,
        "0.10069": 1,
        "0.095775": 1,
        "0.071759": 1,
        "0.25": 1,
        "0.1169": 1,
        "0.13918": 1,
        "0.046296": 1,
        "0.090856": 1,
        "0.22049": 1,
        "0.15712": 1,
        "0.11082": 1,
        "0.064236": 1,
        "0.078414": 1,
        "0.047164": 1,
        "0.11806": 1,
        "0.20775": 1,
        "0.14612": 1,
        "0.12153": 1,
        "0.1901": 1,
        "0.19589": 1,
        "0.085069": 1,
        "0.20399": 1,
        "0.075521": 1,
        "0.092882": 1,
        "0.22454": 1,
        "0.11372": 1,
        "0.12818": 1,
        "0.11429": 1,
        "0.12384": 1,
        "0.29745": 1,
        "0.092303": 1,
        "0.14641": 1,
        "0.1849": 1,
        "0.19126": 1,
        "0.17043": 1,
        "0.13744": 1,
        "0.082176": 1,
        "0.056134": 1,
        "0.37616": 1,
        "0.12529": 1,
        "0.06713": 1,
        "0.25376": 1,
        "0.097512": 1,
        "0.26823": 1,
        "0.075231": 1,
        "0.10243": 1,
        "0.16059": 1,
        "0.32784": 1,
        "0.081019": 1,
        "0.16204": 1,
        "0.35156": 1,
        "0.09375": 1
    },
    "nrows": 58310
}