{
    "column_id": "oml_dataset_35_rnc/oml_dataset_35_rnc.csvoml_dataset_35_rnc.csv/c_50",
    "dataset_name": "oml_dataset_35_rnc.csv",
    "dataset_id": "oml_dataset_35_rnc/oml_dataset_35_rnc.csv",
    "path": "/home/ubuntu/CatDB/Experiments/data/oml_dataset_35_rnc/oml_dataset_35_rnc.csv",
    "table_name": "oml_dataset_35_rnc.csv",
    "table_id": "oml_dataset_35_rnc/oml_dataset_35_rnc.csvoml_dataset_35_rnc.csv",
    "column_name": "c_50",
    "data_source": "oml_dataset_35_rnc",
    "data_type": "float",
    "total_values_count": 58310,
    "distinct_values_count": 1382,
    "missing_values_count": 0,
    "true_ratio": null,
    "min_value": 0.0,
    "max_value": 1.0,
    "mean": 0.017663457391699534,
    "median": 0.0,
    "iqr": 0.0072338,
    "category_values": [
        0.0,
        0.0060764,
        0.048322,
        0.0031829,
        0.037905,
        0.010417,
        0.00028935,
        0.015046,
        0.039641,
        0.16985,
        0.0020255,
        0.044271,
        0.0095486,
        0.004919,
        0.0017361,
        0.023438,
        0.096933,
        0.04919,
        0.00086806,
        0.028935,
        0.0011574,
        0.0066551,
        0.012731,
        0.063368,
        0.058449,
        0.01765,
        0.0136,
        0.039063,
        0.0014468,
        0.03125,
        0.032986,
        0.063947,
        0.072338,
        0.0092593,
        0.029225,
        0.31163,
        0.039931,
        0.045428,
        0.04456,
        0.024884,
        0.0005787,
        0.030093,
        0.0040509,
        0.0054977,
        0.12095,
        0.22338,
        0.0028935,
        0.019387,
        0.0081019,
        0.043692,
        0.046296,
        0.019676,
        0.017361,
        0.30295,
        0.033854,
        0.012153,
        0.064815,
        0.05787,
        0.093171,
        0.097801,
        0.0034722,
        0.019097,
        0.0043403,
        0.0086806,
        0.089988,
        0.0625,
        0.054977,
        0.094329,
        0.016782,
        0.015336,
        0.055556,
        0.043981,
        0.088831,
        0.036169,
        0.012442,
        0.059606,
        0.0078125,
        0.021412,
        0.048032,
        0.0052083,
        0.15162,
        0.033565,
        0.051505,
        0.020255,
        0.043113,
        0.44271,
        0.28038,
        0.11429,
        0.028356,
        0.083623,
        0.10012,
        0.016493,
        0.44126,
        0.02662,
        0.01331,
        0.065394,
        0.086227,
        0.053819,
        0.024595,
        0.027199,
        0.042535,
        0.013889,
        0.0046296,
        0.037616,
        0.027488,
        0.055266,
        0.0023148,
        0.1305,
        0.084491,
        0.041956,
        0.070023,
        0.2989,
        0.0037616,
        0.069734,
        0.13426,
        0.038773,
        0.041088,
        0.0063657,
        0.060764,
        0.20399,
        0.069444,
        0.30208,
        0.20052,
        0.021991,
        0.015914,
        0.054398,
        0.081019,
        0.11516,
        0.19358,
        0.18084,
        0.11806,
        0.053241,
        0.16609,
        0.083912,
        0.067998,
        0.042245,
        0.028067,
        0.037326,
        0.047164,
        0.010127,
        0.010995,
        0.016204,
        0.014757,
        0.0072338,
        0.032697,
        0.095486,
        0.064236,
        0.065104,
        0.028646,
        0.01794,
        0.22685,
        0.30469,
        0.034144,
        0.0075231,
        0.18895,
        0.017072,
        0.1331,
        0.11748,
        0.10764,
        0.024016,
        0.014178,
        0.15422,
        0.091146,
        0.011285,
        0.023727,
        0.02228,
        0.066551,
        0.026042,
        0.083044,
        0.036748,
        0.022859,
        0.030961,
        0.15133,
        0.24421,
        0.49277,
        0.068287,
        0.16059,
        0.03559,
        0.038194,
        0.14352,
        0.050637,
        0.042824,
        0.0026042,
        0.051215,
        0.010706,
        0.10793,
        0.25694,
        0.095775,
        0.17564,
        0.009838,
        0.0083912,
        0.26186,
        0.10619,
        0.49132,
        0.032118,
        0.052083,
        0.031829,
        0.036458,
        0.08015,
        0.040509,
        0.047743,
        0.050926,
        0.24682,
        0.049769,
        0.10648,
        0.031539,
        0.056713,
        0.021701,
        0.060185,
        0.04022,
        0.0069444,
        0.025752,
        0.046007,
        0.1114,
        0.086806,
        0.067708,
        0.061343,
        0.014468,
        0.011863,
        0.071759,
        0.078414,
        0.029803,
        0.0089699,
        0.29167,
        0.07147,
        0.50347,
        0.30353,
        0.041377,
        0.02691,
        0.057002,
        0.27488,
        0.058738,
        0.077546,
        0.08044,
        0.31395,
        0.16146,
        0.25434,
        0.04485,
        0.059896,
        0.011574,
        0.027778,
        0.2691,
        0.026331,
        0.088542,
        0.064525,
        0.040799,
        0.33912,
        0.024306,
        0.26042,
        0.59028,
        0.065683,
        0.14034,
        0.41782,
        0.018229,
        0.10069,
        0.099537,
        0.005787,
        0.10388,
        0.37789,
        0.081887,
        0.2309,
        0.073495,
        0.14757,
        0.15104,
        0.035301,
        0.14612,
        0.061921,
        0.022569,
        0.050058,
        0.013021,
        0.1088,
        0.32957,
        0.11661,
        0.078704,
        0.079572,
        0.10214,
        0.20631,
        0.098669,
        0.086516,
        0.054109,
        0.090567,
        0.18721,
        0.076389,
        0.62876,
        0.063657,
        0.15394,
        0.092303,
        0.090856,
        0.25347,
        0.82841,
        0.7202,
        0.12442,
        0.14294,
        0.25781,
        0.32407,
        0.025463,
        0.062211,
        0.033275,
        0.015625,
        0.51447,
        0.1522,
        0.0761,
        0.10822,
        0.1548,
        0.034433,
        0.030382,
        0.16782,
        0.061632,
        0.03588,
        0.045718,
        0.18605,
        0.020833,
        0.097222,
        0.10185,
        0.4974,
        0.021123,
        0.11921,
        0.33044,
        0.072917,
        0.05353,
        0.20139,
        0.20775,
        0.085648,
        0.054688,
        0.063079,
        0.16319,
        0.052662,
        0.20978,
        0.25984,
        0.030671,
        0.15075,
        0.059317,
        0.068866,
        0.052373,
        0.14005,
        0.28964,
        0.039352,
        0.050347,
        0.055845,
        0.22801,
        0.07581,
        0.023148,
        0.10127,
        0.077836,
        0.17332,
        0.019965,
        0.066262,
        0.071181,
        0.056134,
        0.13137,
        0.53154,
        0.11227,
        0.06684,
        0.094618,
        0.18981,
        0.051794,
        0.12066,
        0.15972,
        0.083333,
        0.10359,
        0.25608,
        0.2419,
        0.14786,
        0.28356,
        0.046875,
        0.11487,
        0.038484,
        0.057581,
        0.16001,
        0.020544,
        0.67101,
        0.33275,
        0.22454,
        0.025174,
        0.018519,
        0.045139,
        0.33333,
        0.029514,
        0.074363,
        0.087384,
        0.11545,
        0.49682,
        0.08478,
        0.070891,
        0.16956,
        0.14063,
        0.11574,
        0.35475,
        0.17622,
        0.22598,
        0.82899,
        0.15336,
        0.094907,
        0.32841,
        0.11053,
        0.27141,
        0.43692,
        0.13831,
        0.4022,
        0.08941,
        0.4809,
        0.19068,
        0.076678,
        0.099248,
        0.085938,
        0.073206,
        0.13657,
        0.15278,
        0.061053,
        0.032407,
        0.19329,
        0.10938,
        0.077257,
        0.072627,
        0.11256,
        0.18287,
        0.22512,
        0.048611,
        0.037037,
        0.052951,
        0.067419,
        0.26331,
        0.45718,
        0.53212,
        0.33854,
        0.085069,
        0.035012,
        0.22135,
        0.041667,
        0.18056,
        0.37008,
        0.13166,
        0.34404,
        0.047454,
        0.2338,
        0.21383,
        0.12674,
        0.078125,
        0.11719,
        0.125,
        0.36372,
        0.16753,
        0.08912,
        0.043403,
        0.056424,
        0.4485,
        0.16377,
        0.074942,
        0.15885,
        0.1577,
        0.55845,
        0.13455,
        0.096644,
        0.24884,
        0.31105,
        0.11892,
        0.079861,
        0.085359,
        0.12326,
        0.088252,
        0.13802,
        0.20428,
        0.27054,
        0.060475,
        0.082465,
        0.10966,
        0.13513,
        0.49392,
        0.068576,
        0.60966,
        0.26939,
        0.43519,
        0.37992,
        0.18519,
        0.018808,
        0.40307,
        0.64468,
        0.078993,
        0.24826,
        0.28009,
        0.13889,
        0.070313,
        0.11169,
        0.12037,
        0.12153,
        0.16262,
        0.17679,
        0.27951,
        0.8151,
        0.046586,
        0.095197,
        0.23929,
        0.43432,
        0.3044,
        0.33594,
        0.079282,
        0.12876,
        0.23438,
        0.099826,
        0.074653,
        0.1956,
        0.22975,
        0.72541,
        0.69068,
        0.70284,
        0.17072,
        0.057292,
        0.10677,
        0.28762,
        0.12847,
        0.52459,
        0.081597,
        0.14207,
        0.15509,
        0.080729,
        0.074074,
        0.69965,
        0.087095,
        0.18634,
        0.084201,
        0.17708,
        0.18663,
        0.15567,
        0.14699,
        0.22569,
        0.80498,
        0.16869,
        0.21181,
        0.17216,
        0.28935,
        0.23785,
        0.15625,
        0.34172,
        0.11863,
        0.42911,
        0.19387,
        0.10561,
        0.89786,
        0.27257,
        0.14439,
        0.14091,
        0.10735,
        0.092014,
        0.0489,
        0.35619,
        0.20718,
        0.28617,
        0.14468,
        0.1985,
        0.27517,
        0.36979,
        0.069155,
        0.10532,
        0.68432,
        0.23814,
        0.13628,
        0.17824,
        0.24103,
        0.10098,
        0.39641,
        0.12645,
        0.073785,
        0.36429,
        0.35966,
        0.40451,
        0.44039,
        0.059028,
        0.4864,
        0.27894,
        0.20804,
        0.9265,
        0.18374,
        0.1195,
        0.10243,
        0.11979,
        0.26244,
        0.27546,
        0.19184,
        0.075231,
        0.42766,
        0.091435,
        0.54138,
        0.11458,
        0.19618,
        0.081308,
        0.12269,
        0.28385,
        0.09809,
        0.094039,
        0.37731,
        0.10272,
        0.070602,
        0.39554,
        0.049479,
        0.12905,
        0.18576,
        0.096354,
        0.15191,
        0.30035,
        0.19416,
        0.12992,
        0.12297,
        0.21701,
        0.034722,
        0.15914,
        0.21759,
        0.13484,
        0.33536,
        0.29543,
        0.86314,
        0.17593,
        0.082176,
        0.12616,
        0.20226,
        0.076968,
        0.46267,
        0.1169,
        0.40856,
        0.12182,
        0.3912,
        0.15596,
        0.17101,
        0.48843,
        0.12731,
        0.15249,
        0.43576,
        0.29225,
        0.11198,
        0.95747,
        0.43981,
        0.17535,
        0.30411,
        0.23958,
        0.20862,
        0.21904,
        0.12211,
        0.58073,
        0.17911,
        0.12384,
        0.30642,
        0.19763,
        0.17361,
        0.48553,
        0.14873,
        0.12471,
        0.16088,
        0.39497,
        0.43634,
        0.4647,
        0.17274,
        0.21672,
        0.17188,
        0.26447,
        0.53993,
        0.33565,
        0.4728,
        0.10446,
        0.56308,
        0.10475,
        0.57176,
        0.32552,
        0.17477,
        0.54774,
        0.14815,
        0.1224,
        0.14583,
        0.35764,
        0.10503,
        0.18779,
        0.96788,
        0.18461,
        0.062789,
        0.087963,
        0.072049,
        0.24074,
        0.14988,
        0.17998,
        0.065972,
        0.35359,
        0.67853,
        0.25839,
        0.091725,
        0.16435,
        0.087674,
        0.18403,
        0.092882,
        0.25203,
        0.51736,
        0.24797,
        0.99826,
        0.11343,
        0.093461,
        0.47801,
        0.075521,
        0.13079,
        0.31366,
        0.32147,
        0.29196,
        0.23553,
        0.10909,
        0.10851,
        0.35995,
        0.14497,
        0.68027,
        0.1467,
        0.21007,
        0.28733,
        0.17766,
        0.40828,
        0.4945,
        0.24248,
        0.53443,
        0.33015,
        0.092593,
        0.09375,
        0.62703,
        0.15828,
        0.14236,
        0.24508,
        0.45428,
        0.44502,
        0.18142,
        0.90046,
        0.25405,
        0.2364,
        0.17737,
        0.19821,
        0.31279,
        0.11082,
        0.12934,
        0.13976,
        0.41753,
        0.11834,
        0.99624,
        0.14265,
        0.42361,
        0.12963,
        0.10156,
        0.24769,
        0.22917,
        0.20341,
        0.45833,
        0.2445,
        0.14931,
        0.31453,
        0.46152,
        0.09838,
        0.29138,
        0.42824,
        0.16348,
        0.43866,
        0.50087,
        0.082755,
        0.49016,
        0.20197,
        0.29398,
        0.096065,
        0.46123,
        0.1033,
        0.089699,
        0.20023,
        0.11024,
        0.090278,
        0.21123,
        0.1412,
        0.2636,
        0.3151,
        0.14178,
        0.24711,
        0.86719,
        0.12008,
        0.48322,
        0.70775,
        0.25521,
        0.1713,
        0.2066,
        0.16725,
        0.28443,
        0.65885,
        0.27344,
        0.40741,
        0.29688,
        0.44676,
        0.32784,
        0.30324,
        0.24913,
        0.3125,
        0.21557,
        0.21962,
        0.23351,
        0.20255,
        0.15538,
        0.16204,
        0.42535,
        0.10417,
        0.34433,
        0.14728,
        0.2798,
        0.511,
        0.35272,
        0.15307,
        0.69589,
        0.27604,
        0.33767,
        0.13773,
        0.82697,
        0.12789,
        0.30816,
        0.23987,
        0.67593,
        0.23003,
        0.29803,
        0.19242,
        0.67072,
        0.38976,
        0.45023,
        0.53385,
        0.18953,
        0.14902,
        0.25492,
        0.7798,
        0.17303,
        0.62066,
        0.761,
        0.38252,
        0.42853,
        0.34664,
        0.59375,
        0.37269,
        0.40017,
        0.40625,
        0.3831,
        0.06713,
        0.2934,
        0.182,
        0.1276,
        0.85561,
        0.11111,
        0.58362,
        0.1059,
        0.05816,
        0.22541,
        0.91782,
        0.49942,
        0.18345,
        0.45631,
        0.31481,
        0.69647,
        0.42274,
        0.54369,
        0.13223,
        0.82986,
        0.37645,
        0.47106,
        0.11777,
        0.097512,
        0.21152,
        0.3776,
        0.1901,
        0.11372,
        0.11632,
        0.27778,
        0.12818,
        0.29601,
        0.26013,
        0.33247,
        0.15741,
        0.40075,
        0.19965,
        0.31829,
        0.54919,
        0.27199,
        0.28472,
        0.51794,
        0.19531,
        0.16493,
        0.29022,
        0.35185,
        0.13686,
        0.14641,
        0.40914,
        0.25955,
        0.13397,
        0.6114,
        0.68692,
        0.65307,
        0.16551,
        0.38166,
        0.10995,
        0.41638,
        0.74769,
        0.33709,
        0.29716,
        0.28819,
        0.26997,
        0.15654,
        0.26534,
        0.12413,
        0.38773,
        0.40596,
        0.16811,
        0.27402,
        0.12587,
        0.21817,
        0.12355,
        0.54051,
        0.14149,
        0.22743,
        0.13252,
        0.24479,
        0.19097,
        0.16696,
        0.16927,
        0.41175,
        0.46296,
        0.31655,
        0.40162,
        0.13715,
        0.18316,
        0.20891,
        0.71817,
        0.10041,
        0.40943,
        0.37587,
        0.56047,
        0.36806,
        0.22772,
        0.114,
        0.23032,
        0.56163,
        0.23148,
        0.29572,
        0.21875,
        0.43113,
        0.35822,
        0.136,
        0.19878,
        0.19039,
        0.38484,
        0.47222,
        0.84867,
        0.2555,
        0.46441,
        0.53617,
        0.51273,
        0.35156,
        0.25174,
        0.24219,
        0.098958,
        0.41898,
        0.27315,
        0.18866,
        0.15451,
        0.29109,
        0.18258,
        0.21325,
        0.30179,
        0.18547,
        0.35706,
        0.6386,
        0.13542,
        0.79311,
        0.20833,
        0.77633,
        0.35098,
        0.10301,
        0.23322,
        0.45978,
        0.41725,
        0.13744,
        0.35561,
        0.32581,
        0.11603,
        0.4103,
        0.57755,
        0.37297,
        0.29485,
        0.19444,
        0.64931,
        0.13194,
        0.34722,
        0.10706,
        0.19792,
        0.21586,
        0.4592,
        0.1684,
        0.40683,
        0.20515,
        0.12124,
        0.21354,
        0.48495,
        0.23409,
        0.13918,
        0.27807,
        0.18229,
        0.60764,
        0.13571,
        0.70689,
        0.16898,
        0.39005,
        0.83218,
        0.557,
        0.20747,
        0.14554,
        0.27228,
        0.193,
        0.22859,
        0.38889,
        0.45775,
        0.36343,
        0.51939,
        0.20081,
        0.34375,
        0.20544,
        0.57784,
        0.89844,
        0.6765,
        0.21094,
        0.22309,
        0.2526,
        0.80469,
        0.56944,
        0.61024,
        0.32668,
        0.19936,
        0.34549,
        0.22106,
        0.3015,
        0.39583,
        0.17448,
        0.83854,
        0.1441,
        0.70544,
        0.11314,
        0.4213,
        0.36198,
        0.18692,
        0.15799,
        0.24624,
        0.26476,
        0.20168,
        0.20573,
        0.2011,
        0.13021,
        0.23727,
        0.38339,
        0.74624,
        0.42622,
        0.17795,
        0.24363,
        0.44763,
        0.77315,
        0.16233,
        0.35503,
        0.18027,
        0.25318,
        0.25637,
        0.27749,
        0.2147,
        0.12558,
        0.47483,
        0.23669,
        0.1765,
        0.21615,
        0.21991,
        0.50289,
        0.31134,
        0.28791,
        0.1739,
        0.20602,
        0.29948,
        0.34259,
        0.27083,
        0.28299,
        0.23466,
        0.41696,
        0.56337,
        0.76331,
        0.65133,
        0.24537,
        0.15943,
        0.28848,
        0.43374,
        0.19502,
        0.4184,
        0.38657,
        0.13281,
        0.42737,
        0.19907,
        0.42303,
        0.71528,
        0.16464,
        0.26215,
        0.62355,
        0.26765,
        0.41204,
        0.32118,
        0.65017,
        0.33304,
        0.37124,
        0.20949,
        0.22946,
        0.27662,
        0.51071,
        0.25752,
        0.6088,
        0.13368,
        0.22888,
        0.43924,
        0.37471,
        0.44821,
        0.40394,
        0.25897,
        0.49161,
        0.16406,
        0.36632,
        0.22193,
        0.21788,
        0.22164,
        0.32263,
        0.14381,
        0.40104,
        0.57147,
        0.5,
        0.20313,
        0.28212,
        0.22656,
        0.19994,
        0.14525,
        0.91175,
        0.73351,
        0.18924,
        0.32321,
        0.74711,
        0.33623,
        0.39988,
        0.38918,
        0.42593,
        0.29919,
        0.61632,
        0.28414,
        0.13339,
        0.44213,
        0.5489,
        0.45168,
        0.34491,
        0.34983,
        0.53762,
        0.58825,
        0.23293,
        0.11285,
        0.30671,
        0.41522,
        0.53646,
        0.18837,
        0.30556,
        0.15683,
        0.23206,
        0.21209,
        0.41059,
        0.32813,
        0.18432,
        0.31568,
        0.25926,
        0.16291,
        0.23698,
        0.2173,
        0.20284,
        0.49566,
        0.67043,
        0.52749,
        0.25666,
        0.17419,
        0.3342,
        0.21296,
        0.47367,
        0.31019,
        0.56916,
        0.27922,
        0.24016,
        0.63426,
        0.30122,
        0.66406,
        0.55469,
        0.12703,
        0.30237,
        0.5055,
        0.65654,
        0.36053,
        0.72772,
        0.59288,
        1.0,
        0.36227,
        0.26736,
        0.26418,
        0.19155,
        0.2092,
        0.34057,
        0.49334,
        0.70081,
        0.27112,
        0.17969,
        0.34954,
        0.33391,
        0.64149,
        0.12529,
        0.52778,
        0.41667,
        0.27025,
        0.36834,
        0.24306,
        0.22714,
        0.21267,
        0.64091,
        0.30093,
        0.85243,
        0.57523,
        0.24653,
        0.78646,
        0.25376,
        0.45284,
        0.28183,
        0.52228,
        0.79282,
        0.33681,
        0.37066,
        0.36111,
        0.29659,
        0.54948,
        0.48177,
        0.45486,
        0.25029,
        0.83883,
        0.32465,
        0.57378,
        0.47975,
        0.3695,
        0.46354,
        0.52083,
        0.35127,
        0.24595,
        0.28559,
        0.19473,
        0.26505,
        0.56076,
        0.16638,
        0.33449,
        0.30584,
        0.26678,
        0.70718,
        0.3614,
        0.432,
        0.42188,
        0.46325,
        0.77691,
        0.99277,
        0.17159,
        0.1386,
        0.3235,
        0.56019,
        0.33999,
        0.53414,
        0.79022,
        0.41551,
        0.27431,
        0.1875,
        0.33738,
        0.60417,
        0.52373,
        0.21528,
        0.64757,
        0.41406,
        0.2228,
        0.26389,
        0.90856,
        0.36545,
        0.1658,
        0.4294,
        0.56684,
        0.69502,
        0.25289,
        0.35851,
        0.13947,
        0.19271,
        0.16522,
        0.48727,
        0.42159,
        0.24971,
        0.18113,
        0.39149,
        0.52604,
        0.42564,
        0.48032,
        0.36256,
        0.20689,
        0.25231,
        0.21644,
        0.33796,
        0.16667,
        0.50029,
        0.28877,
        0.66811,
        0.5897,
        0.25145,
        0.24855,
        0.16175,
        0.28588,
        0.47193,
        0.13108,
        0.94271,
        0.27691,
        0.46383,
        0.17014,
        0.29051,
        0.93779,
        0.61429,
        0.47541,
        0.52025,
        0.23756,
        0.46759,
        0.15712,
        0.52286,
        0.20486,
        0.51649,
        0.72338,
        0.26794,
        0.30932,
        0.52865,
        0.43316,
        0.6195,
        0.1603,
        0.72222,
        0.36024,
        0.53038,
        0.18171,
        0.47049,
        0.60619,
        0.14844,
        0.37703,
        0.6901,
        0.239,
        0.51418,
        0.52199,
        0.48929,
        0.48669,
        0.60995,
        0.21846,
        0.19647,
        0.28646,
        0.78704,
        0.58709,
        0.58131,
        0.40538,
        0.39294,
        0.53906,
        0.52141,
        0.3316,
        0.20457,
        0.47917,
        0.76765,
        0.28096,
        0.36285,
        0.41377,
        0.23582,
        0.65046,
        0.58247,
        0.94907,
        0.65249,
        0.14323,
        0.49711,
        0.2474,
        0.7772,
        0.50376,
        0.2202,
        0.27836,
        0.386,
        0.50434,
        0.57726,
        0.30266,
        0.48698,
        0.49855,
        0.41493
    ],
    "embedding": [
        -0.05033843219280243,
        -0.13049927353858948,
        0.1499641388654709,
        -0.01641462929546833,
        0.0449494868516922,
        0.09464681148529053,
        0.10210961103439331,
        0.2172173708677292,
        0.22592014074325562,
        0.14471285045146942,
        -0.16527850925922394,
        -0.0030553105752915144,
        0.06942234933376312,
        -0.20771832764148712,
        0.035815294831991196,
        -0.1617763191461563,
        0.19202445447444916,
        0.1716107428073883,
        0.05090317875146866,
        -0.04432808980345726,
        0.053922127932310104,
        -0.10308370739221573,
        0.08200211077928543,
        0.17221572995185852,
        -0.10335063934326172,
        -0.13319195806980133,
        -0.11083823442459106,
        -0.1712050884962082,
        0.12359748035669327,
        -0.2581585645675659,
        -0.1316879540681839,
        -0.013366634026169777,
        0.005232959520071745,
        -0.17048822343349457,
        0.1939835250377655,
        0.117469921708107,
        0.056692879647016525,
        -0.1032264232635498,
        0.005390610080212355,
        0.03832465410232544,
        -0.2045377939939499,
        0.047186676412820816,
        -0.0681498572230339,
        -0.010566855780780315,
        -0.14619266986846924,
        0.15993604063987732,
        -0.11020348966121674,
        -0.033956825733184814,
        0.13182182610034943,
        0.10938950628042221,
        -0.049511004239320755,
        -0.15620474517345428,
        0.1190042570233345,
        -0.03837251663208008,
        0.036056146025657654,
        -0.04757516086101532,
        0.03974372521042824,
        0.14304085075855255,
        -0.06087763234972954,
        -0.06855550408363342,
        0.0931084156036377,
        0.03632529824972153,
        -0.012995063327252865,
        -0.029282335191965103,
        -0.04124961793422699,
        -0.19181518256664276,
        0.2665790319442749,
        0.2133117914199829,
        -0.14101342856884003,
        -0.15355715155601501,
        0.10222439467906952,
        0.033786121755838394,
        -0.17519788444042206,
        0.20246998965740204,
        -0.113093301653862,
        -0.03644261136651039,
        0.15926045179367065,
        0.027104482054710388,
        0.06840302050113678,
        0.05624689534306526,
        -0.037736669182777405,
        -0.0026246451307088137,
        0.002818083157762885,
        0.14205774664878845,
        -0.002830792684108019,
        0.0286659337580204,
        -0.011172628961503506,
        -0.21839670836925507,
        0.19888567924499512,
        0.14129577577114105,
        -0.03745812177658081,
        -0.014342321082949638,
        0.10904506593942642,
        0.1218259409070015,
        -0.052386634051799774,
        -0.02072223834693432,
        -0.014378204010426998,
        -0.0880827009677887,
        -0.016193395480513573,
        -0.1149737611413002,
        0.04131799936294556,
        0.1462026834487915,
        0.011304281651973724,
        -0.04889446124434471,
        -0.1151697188615799,
        0.03433459624648094,
        -0.010565118864178658,
        0.09827549755573273,
        0.0449867844581604,
        -0.061058346182107925,
        -0.1700761914253235,
        0.20599450170993805,
        0.05266164615750313,
        0.014514143578708172,
        -0.1274530589580536,
        -0.07010011374950409,
        0.04443558305501938,
        0.07380090653896332,
        0.04678935557603836,
        -0.028230732306838036,
        0.0472554974257946,
        0.1655116230249405,
        0.1570638120174408,
        0.007096616085618734,
        -0.03195186331868172,
        0.08752353489398956,
        0.08544467389583588,
        0.039481062442064285,
        0.035069335252046585,
        -0.17603091895580292,
        0.09634595364332199,
        -0.0015350424218922853,
        -0.04658184200525284,
        -0.0435660183429718,
        -0.043285660445690155,
        -0.045700497925281525,
        0.09235963225364685,
        0.015377271920442581,
        -0.16022725403308868,
        0.0808803141117096,
        0.06864749640226364,
        -0.041611719876527786,
        0.07404983788728714,
        -0.14795377850532532,
        -0.16734908521175385,
        -0.017382770776748657,
        -0.03480016067624092,
        0.07001156359910965,
        0.22001031041145325,
        -0.10595348477363586,
        0.1268537938594818,
        -0.19291752576828003,
        -0.1724412888288498,
        0.1831231564283371,
        -0.016647541895508766,
        -0.12400546669960022,
        -0.09500271081924438,
        -0.032134294509887695,
        0.06547216325998306,
        -0.15981820225715637,
        -0.04246485233306885,
        0.035805027931928635,
        -0.0050976634956896305,
        0.024813015013933182,
        -0.02853325568139553,
        -0.06983178108930588,
        -0.025013873353600502,
        0.1362655609846115,
        0.028875483199954033,
        0.0825289860367775,
        -0.03050273470580578,
        0.015936730429530144,
        -0.23400349915027618,
        0.1590900719165802,
        -0.021101975813508034,
        -0.00288336887024343,
        -0.21241386234760284,
        0.009842511266469955,
        -0.02983500249683857,
        0.0375145822763443,
        0.11752548813819885,
        -0.1345607340335846,
        0.061409175395965576,
        -0.029886145144701004,
        -0.0871179848909378,
        -0.04532670974731445,
        -0.15347447991371155,
        -0.08774320036172867,
        -0.045377571135759354,
        -0.013992932625114918,
        0.1206316128373146,
        -0.022459140047430992,
        -0.058271314948797226,
        -0.1100064143538475,
        -0.016737954691052437,
        -0.01737836003303528,
        -0.07430796325206757,
        -0.0015433442313224077,
        0.19530276954174042,
        0.1614881157875061,
        0.1839565932750702,
        -0.011430882848799229,
        -0.04681066423654556,
        0.15823382139205933,
        -0.012186415493488312,
        0.08452285081148148,
        0.04703226685523987,
        0.0537467896938324,
        0.03374597057700157,
        -0.14027860760688782,
        0.058034349232912064,
        -0.024641774594783783,
        0.18662889301776886,
        0.10238906741142273,
        -0.17511460185050964,
        0.03765203803777695,
        -0.17991016805171967,
        0.26814043521881104,
        -0.002968466840684414,
        -0.0509512834250927,
        0.19468598067760468,
        -0.17257262766361237,
        0.10214211791753769,
        0.004503721371293068,
        0.13035690784454346,
        -0.024426942691206932,
        -0.044371772557497025,
        -0.21082448959350586,
        0.004317805636674166,
        0.06966222822666168,
        0.15116338431835175,
        0.01161045953631401,
        -0.02732529118657112,
        0.051328063011169434,
        -0.05134891718626022,
        0.08696702867746353,
        0.02099602296948433,
        0.06882793456315994,
        -0.0029042288661003113,
        -0.0873827412724495,
        0.1752278357744217,
        -0.19625355303287506,
        0.043354786932468414,
        -0.06287901848554611,
        -0.013455430045723915,
        0.16280290484428406,
        0.0693073496222496,
        0.012139950878918171,
        -0.002825283445417881,
        0.14509351551532745,
        0.0502004437148571,
        -0.17719639837741852,
        0.004285830073058605,
        0.11526250094175339,
        0.08140197396278381,
        0.19455789029598236,
        0.12327644228935242,
        -0.02780059166252613,
        0.14266377687454224,
        0.024383634328842163,
        0.051872480660676956,
        0.001955073093995452,
        -0.0038012617733329535,
        0.10962173342704773,
        -0.11101363599300385,
        0.008199861273169518,
        0.04185418039560318,
        -0.16640175879001617,
        -0.011766226962208748,
        0.08421508967876434,
        -0.03493603318929672,
        0.003406645730137825,
        -0.017156826332211494,
        0.004861131776124239,
        -0.2764355540275574,
        0.09863584488630295,
        -0.01924019493162632,
        0.11468350142240524,
        0.023855576291680336,
        -0.010553792119026184,
        -0.02048638090491295,
        0.1433824896812439,
        0.1774567812681198,
        0.07252927869558334,
        0.1352733075618744,
        0.27987340092658997,
        0.17013508081436157,
        0.18452465534210205,
        0.010138618759810925,
        0.007988479919731617,
        0.130148246884346,
        0.20887009799480438,
        -0.042005058377981186,
        -0.10918132215738297,
        -0.009489709511399269,
        -0.02813301980495453,
        0.013386614620685577,
        0.1257837861776352,
        -0.1386099010705948,
        -0.01412702165544033
    ],
    "embedding_scaling_factor": 0.05133168026804924,
    "samples": [
        0.024595,
        0.004919,
        0.0,
        0.0,
        0.0037616,
        0.015336,
        0.0,
        0.0,
        0.0,
        0.021123,
        0.0,
        0.70775,
        0.0,
        0.039063,
        0.010995,
        0.0,
        0.0,
        0.0,
        0.0,
        0.056424,
        0.00086806,
        0.00028935,
        0.0,
        0.0,
        0.0054977,
        0.0,
        0.0,
        0.0,
        0.00028935,
        0.0,
        0.0,
        0.0,
        0.0,
        0.0,
        0.10677,
        0.0,
        0.0,
        0.0,
        0.048322,
        0.0,
        0.0,
        0.010417,
        0.0,
        0.0054977,
        0.0,
        0.0,
        0.00086806,
        0.0,
        0.0,
        0.0,
        0.070891,
        0.0,
        0.0,
        0.0,
        0.0,
        0.0,
        0.0005787,
        0.0,
        0.045139,
        0.16348,
        0.0,
        0.0,
        0.00028935,
        0.0,
        0.0,
        0.0005787,
        0.0,
        0.0,
        0.033854,
        0.0,
        0.0,
        0.00086806,
        0.0,
        0.018519,
        0.0078125,
        0.0,
        0.065394,
        0.038484,
        0.0,
        0.0095486,
        0.060764,
        0.0,
        0.0,
        0.0,
        0.012731,
        0.0,
        0.0,
        0.00028935,
        0.0,
        0.0,
        0.0,
        0.023438,
        0.31366,
        0.067419,
        0.070313,
        0.0,
        0.0,
        0.0,
        0.064815,
        0.0031829
    ],
    "category_values_ratio": {
        "0.0": 34798,
        "0.00028935": 1729,
        "0.0005787": 1066,
        "0.00086806": 761,
        "0.0011574": 607,
        "0.0014468": 491,
        "0.0017361": 385,
        "0.0020255": 357,
        "0.0023148": 310,
        "0.0028935": 283,
        "0.0026042": 274,
        "0.0031829": 271,
        "0.0034722": 228,
        "0.0037616": 223,
        "0.0040509": 208,
        "0.004919": 206,
        "0.0043403": 191,
        "0.0054977": 188,
        "0.0046296": 187,
        "0.0052083": 184,
        "0.0066551": 170,
        "0.005787": 164,
        "0.0063657": 150,
        "0.0060764": 144,
        "0.0072338": 140,
        "0.0078125": 138,
        "0.0075231": 128,
        "0.0083912": 127,
        "0.0069444": 123,
        "0.0081019": 122,
        "0.0092593": 121,
        "0.0089699": 117,
        "0.010995": 114,
        "0.011285": 113,
        "0.012153": 111,
        "0.009838": 102,
        "0.012442": 102,
        "0.010706": 101,
        "0.0086806": 101,
        "0.011863": 100,
        "0.012731": 99,
        "0.010127": 99,
        "0.016204": 97,
        "0.010417": 97,
        "0.013021": 95,
        "0.0136": 94,
        "0.0095486": 93,
        "0.017361": 87,
        "0.015914": 86,
        "0.011574": 85,
        "0.015046": 85,
        "0.01794": 84,
        "0.016782": 83,
        "0.01331": 83,
        "0.019387": 82,
        "0.021123": 82,
        "0.013889": 82,
        "0.020255": 81,
        "0.014178": 80,
        "0.019965": 79,
        "0.016493": 78,
        "0.014468": 78,
        "0.014757": 77,
        "0.018229": 76,
        "0.019097": 74,
        "0.021701": 73,
        "0.018808": 73,
        "0.020544": 72,
        "0.015625": 70,
        "0.01765": 70,
        "0.024016": 67,
        "0.024595": 66,
        "0.015336": 66,
        "0.02228": 65,
        "0.017072": 65,
        "0.024306": 65,
        "0.024884": 64,
        "0.020833": 64,
        "0.028935": 64,
        "0.023727": 63,
        "0.022569": 62,
        "0.030093": 61,
        "0.028356": 61,
        "0.022859": 61,
        "0.027488": 60,
        "0.023148": 59,
        "0.038773": 59,
        "0.029225": 59,
        "0.032407": 59,
        "0.021412": 59,
        "0.033854": 59,
        "0.019676": 58,
        "0.025463": 57,
        "0.027199": 55,
        "0.032118": 55,
        "0.026331": 54,
        "0.037905": 54,
        "0.027778": 54,
        "0.025174": 54,
        "0.018519": 54,
        "0.03588": 53,
        "0.03125": 53,
        "0.023438": 52,
        "0.03559": 52,
        "0.025752": 52,
        "0.033565": 51,
        "0.031539": 51,
        "0.046875": 51,
        "0.021991": 51,
        "0.02662": 50,
        "0.030961": 50,
        "0.031829": 50,
        "0.034433": 50,
        "0.026042": 50,
        "0.042245": 50,
        "0.037037": 49,
        "0.02691": 49,
        "0.029514": 49,
        "0.032697": 48,
        "0.028067": 48,
        "0.034722": 48,
        "0.029803": 47,
        "0.035301": 47,
        "0.037616": 46,
        "0.041088": 46,
        "0.045428": 45,
        "0.041956": 45,
        "0.028646": 44,
        "0.032986": 44,
        "0.042535": 44,
        "0.039641": 44,
        "0.055556": 44,
        "0.033275": 43,
        "0.049769": 43,
        "0.042824": 43,
        "0.05353": 42,
        "0.039931": 41,
        "0.037326": 41,
        "0.035012": 41,
        "0.030382": 41,
        "0.036458": 41,
        "0.048322": 40,
        "0.038484": 40,
        "0.039063": 40,
        "0.034144": 40,
        "0.046586": 39,
        "0.036169": 38,
        "0.04919": 38,
        "0.04456": 38,
        "0.056713": 38,
        "0.041667": 38,
        "0.052951": 38,
        "0.050926": 37,
        "0.044271": 37,
        "0.060475": 37,
        "0.043692": 37,
        "0.048032": 37,
        "0.043981": 37,
        "0.043113": 37,
        "0.045139": 36,
        "0.030671": 36,
        "0.04485": 36,
        "0.039352": 36,
        "0.048611": 36,
        "0.052083": 35,
        "0.052373": 35,
        "0.036748": 34,
        "0.051505": 33,
        "0.052662": 33,
        "0.050637": 33,
        "0.047743": 32,
        "0.047454": 32,
        "0.053241": 32,
        "0.047164": 31,
        "0.043403": 31,
        "0.046296": 31,
        "0.041377": 31,
        "0.054688": 31,
        "0.060185": 31,
        "0.057581": 30,
        "0.04022": 30,
        "0.038194": 30,
        "0.057292": 30,
        "0.055845": 30,
        "0.059317": 29,
        "0.050058": 29,
        "0.059606": 28,
        "0.064236": 28,
        "0.056424": 28,
        "0.062789": 28,
        "0.061632": 28,
        "0.063368": 28,
        "0.066262": 28,
        "0.040799": 28,
        "0.056134": 27,
        "0.067708": 27,
        "0.064525": 26,
        "0.054977": 26,
        "0.063079": 26,
        "0.054109": 26,
        "0.050347": 26,
        "0.064815": 26,
        "0.061921": 26,
        "0.057002": 25,
        "0.058449": 25,
        "0.072917": 25,
        "0.061343": 25,
        "0.040509": 24,
        "0.061053": 24,
        "0.060764": 24,
        "0.063657": 24,
        "0.053819": 24,
        "0.068576": 24,
        "0.062211": 23,
        "0.05816": 23,
        "0.065394": 23,
        "0.045718": 23,
        "0.058738": 23,
        "0.069444": 23,
        "0.069734": 23,
        "0.076389": 23,
        "0.0625": 23,
        "0.072627": 23,
        "0.051794": 23,
        "0.055266": 23,
        "0.078993": 22,
        "0.054398": 22,
        "0.085938": 22,
        "0.049479": 22,
        "0.0489": 22,
        "0.051215": 22,
        "0.068866": 22,
        "0.059896": 22,
        "0.07147": 22,
        "0.059028": 21,
        "0.070602": 21,
        "0.06713": 21,
        "0.08912": 21,
        "0.084201": 21,
        "0.067998": 21,
        "0.071181": 20,
        "0.068287": 20,
        "0.084491": 20,
        "0.073206": 20,
        "0.06684": 20,
        "0.0761": 19,
        "0.063947": 19,
        "0.077546": 19,
        "0.078414": 19,
        "0.065104": 19,
        "0.070891": 19,
        "0.079861": 19,
        "0.046007": 19,
        "0.065683": 19,
        "0.069155": 18,
        "0.074942": 18,
        "0.065972": 18,
        "0.071759": 18,
        "0.066551": 18,
        "0.077257": 17,
        "0.05787": 17,
        "0.070023": 17,
        "0.08015": 17,
        "0.083912": 17,
        "0.087384": 17,
        "0.079282": 17,
        "0.085359": 17,
        "0.07581": 17,
        "0.072338": 16,
        "0.072049": 16,
        "0.073495": 16,
        "0.076968": 16,
        "0.086516": 16,
        "0.070313": 16,
        "0.08478": 16,
        "0.1169": 15,
        "0.074074": 15,
        "0.090567": 15,
        "0.091146": 15,
        "0.096065": 15,
        "0.08941": 15,
        "0.080729": 15,
        "0.067419": 15,
        "0.081019": 15,
        "0.090856": 15,
        "0.078704": 14,
        "0.075521": 14,
        "0.088542": 14,
        "0.078125": 14,
        "0.096933": 14,
        "0.075231": 14,
        "0.092593": 14,
        "0.079572": 14,
        "0.076678": 14,
        "0.10388": 14,
        "0.073785": 14,
        "0.081597": 14,
        "0.086806": 14,
        "0.095775": 13,
        "0.082176": 13,
        "0.10619": 13,
        "0.074653": 13,
        "0.094618": 13,
        "0.087674": 13,
        "0.086227": 13,
        "0.088831": 13,
        "0.096644": 13,
        "0.077836": 13,
        "0.083333": 12,
        "0.094907": 12,
        "0.089699": 12,
        "0.083623": 12,
        "0.083044": 12,
        "0.098669": 12,
        "0.081887": 12,
        "0.10012": 11,
        "0.08044": 11,
        "0.10503": 11,
        "0.10764": 11,
        "0.089988": 11,
        "0.087963": 11,
        "0.099826": 11,
        "0.085648": 11,
        "0.082465": 11,
        "0.094329": 11,
        "0.074363": 11,
        "0.10851": 11,
        "0.092882": 11,
        "0.10214": 10,
        "0.082755": 10,
        "0.10069": 10,
        "0.12297": 10,
        "0.099537": 10,
        "0.10243": 10,
        "0.10822": 10,
        "0.1088": 10,
        "0.12269": 10,
        "0.095486": 10,
        "0.097222": 10,
        "0.10793": 10,
        "0.10301": 10,
        "0.094039": 10,
        "0.11719": 9,
        "0.088252": 9,
        "0.097801": 9,
        "0.12471": 9,
        "0.090278": 9,
        "0.091435": 9,
        "0.12731": 9,
        "0.12587": 9,
        "0.10938": 9,
        "0.085069": 9,
        "0.091725": 9,
        "0.11892": 9,
        "0.1033": 9,
        "0.10156": 9,
        "0.095197": 9,
        "0.10098": 8,
        "0.10475": 8,
        "0.14091": 8,
        "0.10185": 8,
        "0.10561": 8,
        "0.10272": 8,
        "0.11227": 8,
        "0.11545": 8,
        "0.11748": 8,
        "0.11661": 8,
        "0.17564": 8,
        "0.081308": 8,
        "0.10417": 8,
        "0.11806": 8,
        "0.092303": 8,
        "0.12066": 7,
        "0.087095": 7,
        "0.13889": 7,
        "0.11487": 7,
        "0.10677": 7,
        "0.1059": 7,
        "0.13455": 7,
        "0.11574": 7,
        "0.12818": 7,
        "0.1331": 7,
        "0.098958": 7,
        "0.099248": 7,
        "0.13831": 7,
        "0.09375": 7,
        "0.11053": 7,
        "0.092014": 7,
        "0.11082": 7,
        "0.13166": 7,
        "0.14786": 7,
        "0.12442": 7,
        "0.11516": 6,
        "0.12963": 6,
        "0.14439": 6,
        "0.12847": 6,
        "0.093461": 6,
        "0.10359": 6,
        "0.10648": 6,
        "0.15972": 6,
        "0.11429": 6,
        "0.12095": 6,
        "0.11169": 6,
        "0.093171": 6,
        "0.12876": 6,
        "0.15278": 6,
        "0.125": 6,
        "0.12326": 6,
        "0.11343": 6,
        "0.09838": 6,
        "0.09809": 6,
        "0.11979": 6,
        "0.11256": 6,
        "0.13715": 6,
        "0.18953": 6,
        "0.15914": 6,
        "0.13484": 6,
        "0.10446": 6,
        "0.13976": 6,
        "0.096354": 6,
        "0.16348": 5,
        "0.23958": 5,
        "0.11834": 5,
        "0.12789": 5,
        "0.14902": 5,
        "0.15162": 5,
        "0.14583": 5,
        "0.11777": 5,
        "0.16493": 5,
        "0.12355": 5,
        "1.0": 5,
        "0.17535": 5,
        "0.10995": 5,
        "0.15249": 5,
        "0.15596": 5,
        "0.15654": 5,
        "0.12182": 5,
        "0.13513": 5,
        "0.1305": 5,
        "0.11372": 5,
        "0.12008": 5,
        "0.12153": 5,
        "0.12905": 5,
        "0.11863": 5,
        "0.12616": 5,
        "0.114": 5,
        "0.17824": 5,
        "0.1195": 5,
        "0.14612": 5,
        "0.13744": 5,
        "0.11458": 5,
        "0.14757": 5,
        "0.13628": 5,
        "0.10041": 5,
        "0.10735": 5,
        "0.16869": 5,
        "0.1548": 5,
        "0.1956": 5,
        "0.16319": 5,
        "0.20544": 5,
        "0.15075": 5,
        "0.13194": 5,
        "0.11024": 5,
        "0.16956": 4,
        "0.13137": 4,
        "0.11314": 4,
        "0.31453": 4,
        "0.19097": 4,
        "0.13252": 4,
        "0.16638": 4,
        "0.23003": 4,
        "0.23727": 4,
        "0.20631": 4,
        "0.34404": 4,
        "0.12645": 4,
        "0.25347": 4,
        "0.14034": 4,
        "0.12992": 4,
        "0.16811": 4,
        "0.1713": 4,
        "0.40162": 4,
        "0.2011": 4,
        "0.1412": 4,
        "0.14063": 4,
        "0.10966": 4,
        "0.12037": 4,
        "0.2691": 4,
        "0.19068": 4,
        "0.15828": 4,
        "0.14236": 4,
        "0.14468": 4,
        "0.16204": 4,
        "0.15625": 4,
        "0.19792": 4,
        "0.22454": 4,
        "0.10706": 4,
        "0.14497": 4,
        "0.14352": 4,
        "0.16233": 4,
        "0.21904": 4,
        "0.1522": 4,
        "0.24797": 4,
        "0.15336": 4,
        "0.16782": 4,
        "0.18895": 4,
        "0.11198": 4,
        "0.4974": 4,
        "0.29225": 4,
        "0.18374": 4,
        "0.13571": 4,
        "0.19242": 4,
        "0.16001": 4,
        "0.193": 4,
        "0.1224": 4,
        "0.13686": 4,
        "0.21007": 4,
        "0.11603": 4,
        "0.22135": 4,
        "0.23814": 4,
        "0.22541": 4,
        "0.097512": 4,
        "0.14641": 4,
        "0.18403": 4,
        "0.14699": 4,
        "0.17188": 4,
        "0.21586": 3,
        "0.18663": 3,
        "0.15567": 3,
        "0.20515": 3,
        "0.36632": 3,
        "0.34722": 3,
        "0.27257": 3,
        "0.25781": 3,
        "0.18432": 3,
        "0.18634": 3,
        "0.1985": 3,
        "0.20833": 3,
        "0.23553": 3,
        "0.18605": 3,
        "0.13918": 3,
        "0.18576": 3,
        "0.27402": 3,
        "0.15191": 3,
        "0.32147": 3,
        "0.15943": 3,
        "0.13947": 3,
        "0.15422": 3,
        "0.25203": 3,
        "0.40625": 3,
        "0.16435": 3,
        "0.10532": 3,
        "0.16059": 3,
        "0.16291": 3,
        "0.3044": 3,
        "0.15509": 3,
        "0.11921": 3,
        "0.1276": 3,
        "0.12703": 3,
        "0.12558": 3,
        "0.27546": 3,
        "0.4485": 3,
        "0.15104": 3,
        "0.19618": 3,
        "0.23032": 3,
        "0.19878": 3,
        "0.12413": 3,
        "0.15885": 3,
        "0.22975": 3,
        "0.36343": 3,
        "0.20978": 3,
        "0.33594": 3,
        "0.17679": 3,
        "0.32668": 3,
        "0.34549": 3,
        "0.22106": 3,
        "0.10127": 3,
        "0.22656": 3,
        "0.17448": 3,
        "0.1441": 3,
        "0.49392": 3,
        "0.20428": 3,
        "0.17072": 3,
        "0.15394": 3,
        "0.10909": 3,
        "0.29138": 3,
        "0.26331": 3,
        "0.17361": 3,
        "0.19358": 3,
        "0.1901": 3,
        "0.27054": 3,
        "0.12674": 3,
        "0.22338": 3,
        "0.17593": 3,
        "0.35185": 3,
        "0.18056": 3,
        "0.13021": 3,
        "0.17622": 3,
        "0.16146": 3,
        "0.16551": 3,
        "0.30353": 3,
        "0.13773": 3,
        "0.30411": 3,
        "0.30035": 3,
        "0.32841": 3,
        "0.29167": 3,
        "0.19155": 3,
        "0.16088": 3,
        "0.28791": 3,
        "0.12529": 3,
        "0.17274": 3,
        "0.12384": 3,
        "0.13368": 3,
        "0.16927": 3,
        "0.24248": 3,
        "0.1739": 3,
        "0.15307": 3,
        "0.13657": 3,
        "0.24508": 3,
        "0.18345": 3,
        "0.31481": 3,
        "0.24682": 3,
        "0.17477": 3,
        "0.27141": 3,
        "0.11111": 3,
        "0.1114": 3,
        "0.1467": 3,
        "0.24595": 3,
        "0.21123": 3,
        "0.13426": 3,
        "0.18461": 3,
        "0.2066": 3,
        "0.12934": 3,
        "0.18142": 3,
        "0.32784": 3,
        "0.21528": 3,
        "0.19821": 3,
        "0.18084": 3,
        "0.14988": 3,
        "0.14265": 3,
        "0.30324": 3,
        "0.22512": 3,
        "0.20052": 3,
        "0.17766": 3,
        "0.24421": 2,
        "0.25608": 2,
        "0.2419": 2,
        "0.31105": 2,
        "0.20862": 2,
        "0.19271": 2,
        "0.32957": 2,
        "0.13079": 2,
        "0.35851": 2,
        "0.33275": 2,
        "0.18779": 2,
        "0.15712": 2,
        "0.17216": 2,
        "0.19416": 2,
        "0.12211": 2,
        "0.20139": 2,
        "0.30642": 2,
        "0.48843": 2,
        "0.17101": 2,
        "0.14873": 2,
        "0.17014": 2,
        "0.29051": 2,
        "0.18981": 2,
        "0.27488": 2,
        "0.33044": 2,
        "0.40307": 2,
        "0.1577": 2,
        "0.2309": 2,
        "0.17708": 2,
        "0.20949": 2,
        "0.28299": 2,
        "0.25637": 2,
        "0.24653": 2,
        "0.29485": 2,
        "0.45631": 2,
        "0.29572": 2,
        "0.32581": 2,
        "0.11285": 2,
        "0.53414": 2,
        "0.20023": 2,
        "0.26939": 2,
        "0.23785": 2,
        "0.26186": 2,
        "0.25694": 2,
        "0.24074": 2,
        "0.18519": 2,
        "0.41782": 2,
        "0.37731": 2,
        "0.24971": 2,
        "0.42911": 2,
        "0.25839": 2,
        "0.14207": 2,
        "0.43866": 2,
        "0.14005": 2,
        "0.17737": 2,
        "0.20399": 2,
        "0.4022": 2,
        "0.36429": 2,
        "0.36979": 2,
        "0.20197": 2,
        "0.29398": 2,
        "0.36024": 2,
        "0.2989": 2,
        "0.31279": 2,
        "0.43981": 2,
        "0.33015": 2,
        "0.28733": 2,
        "0.9265": 2,
        "0.18721": 2,
        "0.4294": 2,
        "0.16753": 2,
        "0.16609": 2,
        "0.53443": 2,
        "0.27894": 2,
        "0.35475": 2,
        "0.30469": 2,
        "0.20804": 2,
        "0.2338": 2,
        "0.16464": 2,
        "0.35966": 2,
        "0.22569": 2,
        "0.20718": 2,
        "0.21759": 2,
        "0.25434": 2,
        "0.46296": 2,
        "0.21701": 2,
        "0.24103": 2,
        "0.22801": 2,
        "0.32552": 2,
        "0.28009": 2,
        "0.21181": 2,
        "0.14815": 2,
        "0.19184": 2,
        "0.24884": 2,
        "0.16377": 2,
        "0.30208": 2,
        "0.22598": 2,
        "0.14294": 2,
        "0.4864": 2,
        "0.24769": 2,
        "0.22917": 2,
        "0.26244": 2,
        "0.33854": 2,
        "0.2445": 2,
        "0.14931": 2,
        "0.33709": 2,
        "0.22743": 2,
        "0.1684": 2,
        "0.34491": 2,
        "0.16696": 2,
        "0.49161": 2,
        "0.20573": 2,
        "0.1386": 2,
        "0.17159": 2,
        "0.14178": 2,
        "0.20168": 2,
        "0.25521": 2,
        "0.24624": 2,
        "0.19907": 2,
        "0.15799": 2,
        "0.18692": 2,
        "0.16725": 2,
        "0.5055": 2,
        "0.56944": 2,
        "0.20891": 2,
        "0.30237": 2,
        "0.24913": 2,
        "0.19994": 2,
        "0.21962": 2,
        "0.23351": 2,
        "0.14149": 2,
        "0.20255": 2,
        "0.29688": 2,
        "0.68692": 2,
        "0.50289": 2,
        "0.42535": 2,
        "0.21788": 2,
        "0.35272": 2,
        "0.26505": 2,
        "0.14728": 2,
        "0.18924": 2,
        "0.2147": 2,
        "0.34433": 2,
        "0.22309": 2,
        "0.26765": 2,
        "0.14381": 2,
        "0.42622": 2,
        "0.28559": 2,
        "0.19473": 2,
        "0.2526": 2,
        "0.33767": 2,
        "0.33623": 2,
        "0.22164": 2,
        "0.41204": 2,
        "0.16406": 2,
        "0.35127": 2,
        "0.22859": 2,
        "0.36806": 2,
        "0.13339": 2,
        "0.15538": 2,
        "0.14554": 2,
        "0.21817": 2,
        "0.19531": 2,
        "0.21325": 2,
        "0.15451": 2,
        "0.25174": 2,
        "0.18866": 2,
        "0.31163": 2,
        "0.18027": 2,
        "0.27662": 2,
        "0.13223": 2,
        "0.26418": 2,
        "0.25955": 2,
        "0.22772": 2,
        "0.25492": 2,
        "0.24363": 2,
        "0.17303": 2,
        "0.29659": 2,
        "0.40017": 2,
        "0.12124": 2,
        "0.23148": 2,
        "0.28819": 2,
        "0.182": 2,
        "0.40683": 2,
        "0.61024": 2,
        "0.69647": 2,
        "0.17419": 2,
        "0.23409": 2,
        "0.30179": 2,
        "0.38166": 2,
        "0.3695": 2,
        "0.38976": 2,
        "0.21296": 2,
        "0.38773": 2,
        "0.18229": 2,
        "0.37645": 2,
        "0.41696": 2,
        "0.16985": 2,
        "0.21152": 2,
        "0.23466": 2,
        "0.3776": 2,
        "0.25318": 2,
        "0.35706": 2,
        "0.25926": 2,
        "0.19039": 2,
        "0.11632": 2,
        "0.24306": 2,
        "0.47222": 2,
        "0.27025": 2,
        "0.19965": 2,
        "0.27199": 2,
        "0.18547": 2,
        "0.37789": 1,
        "0.28385": 1,
        "0.31395": 1,
        "0.54138": 1,
        "0.59028": 1,
        "0.33912": 1,
        "0.39554": 1,
        "0.62876": 1,
        "0.20226": 1,
        "0.26042": 1,
        "0.33536": 1,
        "0.29543": 1,
        "0.86314": 1,
        "0.28762": 1,
        "0.52459": 1,
        "0.37008": 1,
        "0.70284": 1,
        "0.28356": 1,
        "0.67101": 1,
        "0.55845": 1,
        "0.33333": 1,
        "0.49682": 1,
        "0.36372": 1,
        "0.13802": 1,
        "0.21383": 1,
        "0.53212": 1,
        "0.45718": 1,
        "0.43692": 1,
        "0.40856": 1,
        "0.4809": 1,
        "0.46267": 1,
        "0.557": 1,
        "0.42766": 1,
        "0.44039": 1,
        "0.82899": 1,
        "0.20081": 1,
        "0.51939": 1,
        "0.45775": 1,
        "0.38889": 1,
        "0.27228": 1,
        "0.20747": 1,
        "0.83218": 1,
        "0.39005": 1,
        "0.13542": 1,
        "0.42303": 1,
        "0.29803": 1,
        "0.23987": 1,
        "0.39641": 1,
        "0.68432": 1,
        "0.82841": 1,
        "0.27517": 1,
        "0.28617": 1,
        "0.35619": 1,
        "0.40451": 1,
        "0.7202": 1,
        "0.89786": 1,
        "0.51447": 1,
        "0.19387": 1,
        "0.34172": 1,
        "0.28935": 1,
        "0.80498": 1,
        "0.32407": 1,
        "0.69965": 1,
        "0.18287": 1,
        "0.65885": 1,
        "0.53154": 1,
        "0.41753": 1,
        "0.25405": 1,
        "0.45833": 1,
        "0.90046": 1,
        "0.24711": 1,
        "0.48322": 1,
        "0.30816": 1,
        "0.82697": 1,
        "0.27604": 1,
        "0.69589": 1,
        "0.511": 1,
        "0.2798": 1,
        "0.86719": 1,
        "0.21557": 1,
        "0.44676": 1,
        "0.40741": 1,
        "0.27344": 1,
        "0.57784": 1,
        "0.28443": 1,
        "0.70775": 1,
        "0.3125": 1,
        "0.44502": 1,
        "0.45428": 1,
        "0.62703": 1,
        "0.57176": 1,
        "0.56308": 1,
        "0.4728": 1,
        "0.33565": 1,
        "0.53993": 1,
        "0.26447": 1,
        "0.2364": 1,
        "0.99624": 1,
        "0.60966": 1,
        "0.42361": 1,
        "0.43519": 1,
        "0.69068": 1,
        "0.72541": 1,
        "0.20775": 1,
        "0.23438": 1,
        "0.25984": 1,
        "0.43432": 1,
        "0.23929": 1,
        "0.8151": 1,
        "0.27951": 1,
        "0.16262": 1,
        "0.28964": 1,
        "0.24826": 1,
        "0.17332": 1,
        "0.64468": 1,
        "0.37992": 1,
        "0.3912": 1,
        "0.67593": 1,
        "0.50347": 1,
        "0.95747": 1,
        "0.2636": 1,
        "0.44126": 1,
        "0.46123": 1,
        "0.49016": 1,
        "0.50087": 1,
        "0.42824": 1,
        "0.3151": 1,
        "0.46152": 1,
        "0.20341": 1,
        "0.34375": 1,
        "0.21615": 1,
        "0.89844": 1,
        "0.28038": 1,
        "0.13397": 1,
        "0.40914": 1,
        "0.29022": 1,
        "0.2934": 1,
        "0.44271": 1,
        "0.3831": 1,
        "0.37269": 1,
        "0.59375": 1,
        "0.34664": 1,
        "0.85561": 1,
        "0.42853": 1,
        "0.761": 1,
        "0.62066": 1,
        "0.7798": 1,
        "0.53385": 1,
        "0.6765": 1,
        "0.45023": 1,
        "0.38252": 1,
        "0.58362": 1,
        "0.91782": 1,
        "0.49942": 1,
        "0.51794": 1,
        "0.28472": 1,
        "0.54919": 1,
        "0.31829": 1,
        "0.40075": 1,
        "0.15741": 1,
        "0.33247": 1,
        "0.26013": 1,
        "0.29601": 1,
        "0.46441": 1,
        "0.43113": 1,
        "0.35822": 1,
        "0.136": 1,
        "0.40943": 1,
        "0.71817": 1,
        "0.18316": 1,
        "0.31655": 1,
        "0.41175": 1,
        "0.24479": 1,
        "0.37587": 1,
        "0.54051": 1,
        "0.26534": 1,
        "0.26997": 1,
        "0.29716": 1,
        "0.74769": 1,
        "0.41638": 1,
        "0.65307": 1,
        "0.40596": 1,
        "0.6114": 1,
        "0.56047": 1,
        "0.21875": 1,
        "0.29109": 1,
        "0.27315": 1,
        "0.41898": 1,
        "0.24219": 1,
        "0.35156": 1,
        "0.51273": 1,
        "0.56163": 1,
        "0.53617": 1,
        "0.2555": 1,
        "0.84867": 1,
        "0.38484": 1,
        "0.30295": 1,
        "0.27778": 1,
        "0.47106": 1,
        "0.28848": 1,
        "0.76331": 1,
        "0.56337": 1,
        "0.27083": 1,
        "0.34259": 1,
        "0.29948": 1,
        "0.24537": 1,
        "0.39583": 1,
        "0.3015": 1,
        "0.19936": 1,
        "0.48495": 1,
        "0.21354": 1,
        "0.4592": 1,
        "0.64931": 1,
        "0.19444": 1,
        "0.37297": 1,
        "0.27807": 1,
        "0.57755": 1,
        "0.35561": 1,
        "0.41725": 1,
        "0.45978": 1,
        "0.23322": 1,
        "0.35098": 1,
        "0.77633": 1,
        "0.4103": 1,
        "0.60764": 1,
        "0.70689": 1,
        "0.16898": 1,
        "0.80469": 1,
        "0.21094": 1,
        "0.65133": 1,
        "0.31134": 1,
        "0.82986": 1,
        "0.43374": 1,
        "0.54369": 1,
        "0.42274": 1,
        "0.18258": 1,
        "0.67072": 1,
        "0.6386": 1,
        "0.79311": 1,
        "0.1765": 1,
        "0.23669": 1,
        "0.47483": 1,
        "0.27749": 1,
        "0.35503": 1,
        "0.77315": 1,
        "0.21672": 1,
        "0.44763": 1,
        "0.74624": 1,
        "0.38339": 1,
        "0.26476": 1,
        "0.36198": 1,
        "0.4213": 1,
        "0.70544": 1,
        "0.17795": 1,
        "0.83854": 1,
        "0.21991": 1,
        "0.20602": 1,
        "0.42737": 1,
        "0.13281": 1,
        "0.38657": 1,
        "0.4184": 1,
        "0.19502": 1,
        "0.54774": 1,
        "0.66811": 1,
        "0.43634": 1,
        "0.57147": 1,
        "0.20313": 1,
        "0.36285": 1,
        "0.28212": 1,
        "0.28096": 1,
        "0.76765": 1,
        "0.47917": 1,
        "0.20457": 1,
        "0.3316": 1,
        "0.52141": 1,
        "0.91175": 1,
        "0.40104": 1,
        "0.53906": 1,
        "0.39294": 1,
        "0.32321": 1,
        "0.74711": 1,
        "0.40538": 1,
        "0.58131": 1,
        "0.39988": 1,
        "0.38918": 1,
        "0.58709": 1,
        "0.42593": 1,
        "0.29919": 1,
        "0.78704": 1,
        "0.28646": 1,
        "0.61632": 1,
        "0.19647": 1,
        "0.73351": 1,
        "0.65046": 1,
        "0.58247": 1,
        "0.5": 1,
        "0.41377": 1,
        "0.49855": 1,
        "0.23582": 1,
        "0.48032": 1,
        "0.85243": 1,
        "0.57523": 1,
        "0.42564": 1,
        "0.52604": 1,
        "0.78646": 1,
        "0.39149": 1,
        "0.18113": 1,
        "0.25376": 1,
        "0.25289": 1,
        "0.45284": 1,
        "0.28183": 1,
        "0.52228": 1,
        "0.79282": 1,
        "0.48727": 1,
        "0.33681": 1,
        "0.37066": 1,
        "0.36111": 1,
        "0.16522": 1,
        "0.54948": 1,
        "0.48177": 1,
        "0.45486": 1,
        "0.25029": 1,
        "0.83883": 1,
        "0.32465": 1,
        "0.42159": 1,
        "0.23698": 1,
        "0.30932": 1,
        "0.72222": 1,
        "0.94907": 1,
        "0.62355": 1,
        "0.64091": 1,
        "0.21209": 1,
        "0.30556": 1,
        "0.30671": 1,
        "0.31568": 1,
        "0.47049": 1,
        "0.32813": 1,
        "0.48929": 1,
        "0.60619": 1,
        "0.41059": 1,
        "0.239": 1,
        "0.37703": 1,
        "0.23206": 1,
        "0.14844": 1,
        "0.52199": 1,
        "0.15683": 1,
        "0.58825": 1,
        "0.48669": 1,
        "0.41522": 1,
        "0.18171": 1,
        "0.18837": 1,
        "0.5489": 1,
        "0.45168": 1,
        "0.21846": 1,
        "0.53646": 1,
        "0.34983": 1,
        "0.51418": 1,
        "0.6901": 1,
        "0.60995": 1,
        "0.53762": 1,
        "0.53038": 1,
        "0.23293": 1,
        "0.14525": 1,
        "0.48698": 1,
        "0.44213": 1,
        "0.32118": 1,
        "0.65017": 1,
        "0.33304": 1,
        "0.37124": 1,
        "0.30266": 1,
        "0.57726": 1,
        "0.22946": 1,
        "0.50434": 1,
        "0.51071": 1,
        "0.386": 1,
        "0.27836": 1,
        "0.25752": 1,
        "0.6088": 1,
        "0.22888": 1,
        "0.32263": 1,
        "0.65249": 1,
        "0.22193": 1,
        "0.14323": 1,
        "0.49711": 1,
        "0.2474": 1,
        "0.28414": 1,
        "0.7772": 1,
        "0.25897": 1,
        "0.40394": 1,
        "0.44821": 1,
        "0.37471": 1,
        "0.43924": 1,
        "0.2202": 1,
        "0.50376": 1,
        "0.30093": 1,
        "0.36256": 1,
        "0.39497": 1,
        "0.27691": 1,
        "0.2092": 1,
        "0.13108": 1,
        "0.34057": 1,
        "0.49334": 1,
        "0.70081": 1,
        "0.47193": 1,
        "0.27112": 1,
        "0.28588": 1,
        "0.16175": 1,
        "0.17969": 1,
        "0.24855": 1,
        "0.34954": 1,
        "0.33391": 1,
        "0.25145": 1,
        "0.64149": 1,
        "0.5897": 1,
        "0.52778": 1,
        "0.41667": 1,
        "0.28877": 1,
        "0.36834": 1,
        "0.50029": 1,
        "0.22714": 1,
        "0.61429": 1,
        "0.47541": 1,
        "0.52025": 1,
        "0.23756": 1,
        "0.1603": 1,
        "0.20284": 1,
        "0.49566": 1,
        "0.94271": 1,
        "0.26736": 1,
        "0.6195": 1,
        "0.46383": 1,
        "0.48553": 1,
        "0.19763": 1,
        "0.17911": 1,
        "0.58073": 1,
        "0.4647": 1,
        "0.35764": 1,
        "0.96788": 1,
        "0.49132": 1,
        "0.22685": 1,
        "0.4945": 1,
        "0.40828": 1,
        "0.68027": 1,
        "0.35995": 1,
        "0.29196": 1,
        "0.31366": 1,
        "0.47801": 1,
        "0.15133": 1,
        "0.99826": 1,
        "0.51736": 1,
        "0.49277": 1,
        "0.67853": 1,
        "0.35359": 1,
        "0.17998": 1,
        "0.43576": 1,
        "0.71528": 1,
        "0.19329": 1,
        "0.26215": 1,
        "0.93779": 1,
        "0.36227": 1,
        "0.67043": 1,
        "0.52749": 1,
        "0.20689": 1,
        "0.36545": 1,
        "0.26389": 1,
        "0.2228": 1,
        "0.56076": 1,
        "0.41406": 1,
        "0.64757": 1,
        "0.52373": 1,
        "0.60417": 1,
        "0.33738": 1,
        "0.69502": 1,
        "0.1875": 1,
        "0.27431": 1,
        "0.30584": 1,
        "0.41551": 1,
        "0.26678": 1,
        "0.70718": 1,
        "0.3614": 1,
        "0.432": 1,
        "0.79022": 1,
        "0.42188": 1,
        "0.46325": 1,
        "0.77691": 1,
        "0.99277": 1,
        "0.33999": 1,
        "0.56019": 1,
        "0.33449": 1,
        "0.2173": 1,
        "0.47975": 1,
        "0.57378": 1,
        "0.25231": 1,
        "0.90856": 1,
        "0.1658": 1,
        "0.25666": 1,
        "0.52083": 1,
        "0.43316": 1,
        "0.3342": 1,
        "0.52865": 1,
        "0.47367": 1,
        "0.31019": 1,
        "0.56916": 1,
        "0.27922": 1,
        "0.21267": 1,
        "0.24016": 1,
        "0.30122": 1,
        "0.3235": 1,
        "0.66406": 1,
        "0.55469": 1,
        "0.26794": 1,
        "0.72338": 1,
        "0.51649": 1,
        "0.20486": 1,
        "0.65654": 1,
        "0.52286": 1,
        "0.36053": 1,
        "0.46759": 1,
        "0.72772": 1,
        "0.59288": 1,
        "0.63426": 1,
        "0.16667": 1,
        "0.33796": 1,
        "0.21644": 1,
        "0.56684": 1,
        "0.46354": 1,
        "0.41493": 1
    },
    "nrows": 58310
}