{
    "column_id": "oml_dataset_35_rnc/oml_dataset_35_rnc.csvoml_dataset_35_rnc.csv/c_46",
    "dataset_name": "oml_dataset_35_rnc.csv",
    "dataset_id": "oml_dataset_35_rnc/oml_dataset_35_rnc.csv",
    "path": "/home/ubuntu/CatDB/Experiments/data/oml_dataset_35_rnc/oml_dataset_35_rnc.csv",
    "table_name": "oml_dataset_35_rnc.csv",
    "table_id": "oml_dataset_35_rnc/oml_dataset_35_rnc.csvoml_dataset_35_rnc.csv",
    "column_name": "c_46",
    "data_source": "oml_dataset_35_rnc",
    "data_type": "float",
    "total_values_count": 58310,
    "distinct_values_count": 1771,
    "missing_values_count": 0,
    "true_ratio": null,
    "min_value": 0.0,
    "max_value": 0.98698,
    "mean": 0.03402478578065512,
    "median": 0.0011574,
    "iqr": 0.034144,
    "category_values": [
        0.0,
        0.12095,
        0.23177,
        0.091146,
        0.28993,
        0.027778,
        0.005787,
        0.0014468,
        0.10648,
        0.03559,
        0.065972,
        0.0005787,
        0.0083912,
        0.0011574,
        0.059606,
        0.48727,
        0.0043403,
        0.055556,
        0.04456,
        0.020255,
        0.16753,
        0.1033,
        0.066262,
        0.0023148,
        0.078993,
        0.056424,
        0.00086806,
        0.12847,
        0.0075231,
        0.099248,
        0.0020255,
        0.039641,
        0.030961,
        0.15307,
        0.012731,
        0.021123,
        0.052083,
        0.060185,
        0.1386,
        0.0052083,
        0.052373,
        0.041088,
        0.28009,
        0.065394,
        0.0040509,
        0.12384,
        0.011574,
        0.00028935,
        0.063368,
        0.11834,
        0.0069444,
        0.10938,
        0.053819,
        0.07581,
        0.0089699,
        0.15451,
        0.015046,
        0.01765,
        0.019097,
        0.25521,
        0.12037,
        0.14988,
        0.048322,
        0.079861,
        0.0078125,
        0.14497,
        0.077546,
        0.0072338,
        0.068576,
        0.084491,
        0.0095486,
        0.054688,
        0.11111,
        0.098958,
        0.019387,
        0.054109,
        0.020544,
        0.010995,
        0.029225,
        0.0026042,
        0.023148,
        0.097512,
        0.08912,
        0.28848,
        0.11516,
        0.14902,
        0.13108,
        0.038484,
        0.074363,
        0.062211,
        0.0017361,
        0.16667,
        0.03125,
        0.038194,
        0.042824,
        0.088831,
        0.11429,
        0.094907,
        0.047164,
        0.0086806,
        0.013021,
        0.23409,
        0.11921,
        0.0028935,
        0.14207,
        0.046296,
        0.1901,
        0.078704,
        0.0063657,
        0.10793,
        0.12182,
        0.009838,
        0.02691,
        0.061053,
        0.0081019,
        0.010417,
        0.011285,
        0.74016,
        0.024306,
        0.017072,
        0.068287,
        0.087095,
        0.018229,
        0.087963,
        0.13571,
        0.0037616,
        0.032986,
        0.022569,
        0.036748,
        0.015625,
        0.021701,
        0.096065,
        0.051505,
        0.061632,
        0.015914,
        0.0092593,
        0.060764,
        0.073785,
        0.060475,
        0.01331,
        0.046875,
        0.065683,
        0.090278,
        0.1849,
        0.1331,
        0.029803,
        0.023727,
        0.024884,
        0.019965,
        0.037326,
        0.028646,
        0.16609,
        0.15133,
        0.0031829,
        0.0046296,
        0.036169,
        0.017361,
        0.0136,
        0.014468,
        0.024016,
        0.091435,
        0.041956,
        0.13889,
        0.099826,
        0.016204,
        0.049479,
        0.025752,
        0.062789,
        0.071759,
        0.020833,
        0.074942,
        0.041667,
        0.18663,
        0.0625,
        0.023438,
        0.016782,
        0.011863,
        0.0066551,
        0.061343,
        0.53993,
        0.014178,
        0.083333,
        0.028356,
        0.095486,
        0.085938,
        0.80613,
        0.1305,
        0.1276,
        0.021991,
        0.096644,
        0.059896,
        0.63397,
        0.074653,
        0.054977,
        0.087674,
        0.70804,
        0.0034722,
        0.11082,
        0.032407,
        0.063657,
        0.004919,
        0.4537,
        0.030382,
        0.1522,
        0.11777,
        0.012442,
        0.042535,
        0.069155,
        0.091725,
        0.086227,
        0.088542,
        0.1412,
        0.28212,
        0.12876,
        0.45486,
        0.2011,
        0.04022,
        0.31337,
        0.65509,
        0.10272,
        0.16175,
        0.24769,
        0.012153,
        0.055266,
        0.043403,
        0.114,
        0.43895,
        0.23293,
        0.045718,
        0.12297,
        0.050637,
        0.059028,
        0.33391,
        0.09838,
        0.11863,
        0.16869,
        0.052951,
        0.079282,
        0.06713,
        0.11053,
        0.076389,
        0.029514,
        0.073206,
        0.013889,
        0.050058,
        0.028935,
        0.46354,
        0.05353,
        0.070891,
        0.15509,
        0.048032,
        0.0054977,
        0.47917,
        0.10706,
        0.024595,
        0.18316,
        0.13484,
        0.34346,
        0.030671,
        0.030093,
        0.10127,
        0.046007,
        0.047454,
        0.050926,
        0.081597,
        0.015336,
        0.04485,
        0.082465,
        0.06684,
        0.088252,
        0.042245,
        0.27344,
        0.092882,
        0.037905,
        0.039063,
        0.018519,
        0.18837,
        0.30845,
        0.17245,
        0.11343,
        0.064815,
        0.043692,
        0.11487,
        0.02662,
        0.0489,
        0.79601,
        0.74479,
        0.10735,
        0.10417,
        0.076678,
        0.039352,
        0.19444,
        0.059317,
        0.33304,
        0.37008,
        0.036458,
        0.084201,
        0.14323,
        0.48929,
        0.044271,
        0.36603,
        0.037037,
        0.13686,
        0.069444,
        0.19821,
        0.083623,
        0.10185,
        0.11719,
        0.072338,
        0.10156,
        0.070023,
        0.046586,
        0.040509,
        0.010706,
        0.15075,
        0.067998,
        0.0060764,
        0.016493,
        0.1169,
        0.04919,
        0.034144,
        0.07147,
        0.067419,
        0.03588,
        0.045428,
        0.12731,
        0.1224,
        0.08044,
        0.17361,
        0.079572,
        0.29138,
        0.057002,
        0.44734,
        0.26128,
        0.10301,
        0.45023,
        0.096354,
        0.28617,
        0.02228,
        0.064236,
        0.11227,
        0.025463,
        0.028067,
        0.13252,
        0.11285,
        0.19358,
        0.16146,
        0.094618,
        0.23756,
        0.17679,
        0.10503,
        0.17622,
        0.136,
        0.12124,
        0.081019,
        0.55411,
        0.17737,
        0.51302,
        0.20978,
        0.41638,
        0.01794,
        0.014757,
        0.10069,
        0.20139,
        0.031829,
        0.072049,
        0.073495,
        0.039931,
        0.033565,
        0.072627,
        0.050347,
        0.082755,
        0.1577,
        0.19039,
        0.068866,
        0.10677,
        0.094039,
        0.4239,
        0.75984,
        0.17188,
        0.3423,
        0.035012,
        0.033854,
        0.041377,
        0.27894,
        0.24682,
        0.25492,
        0.21296,
        0.08478,
        0.13397,
        0.32436,
        0.063079,
        0.10446,
        0.11256,
        0.2066,
        0.075521,
        0.092303,
        0.62211,
        0.15625,
        0.10012,
        0.11806,
        0.021412,
        0.25984,
        0.57581,
        0.0761,
        0.033275,
        0.59578,
        0.043113,
        0.040799,
        0.72917,
        0.056713,
        0.049769,
        0.2147,
        0.16291,
        0.10041,
        0.071181,
        0.2309,
        0.080729,
        0.083912,
        0.12471,
        0.070602,
        0.057292,
        0.32494,
        0.1658,
        0.10388,
        0.065104,
        0.20284,
        0.17824,
        0.20833,
        0.047743,
        0.21759,
        0.026042,
        0.08941,
        0.35966,
        0.053241,
        0.052662,
        0.032118,
        0.11314,
        0.80932,
        0.018808,
        0.034722,
        0.037616,
        0.18692,
        0.12153,
        0.375,
        0.15972,
        0.33073,
        0.13079,
        0.32407,
        0.20602,
        0.32726,
        0.10822,
        0.097222,
        0.14844,
        0.05787,
        0.14265,
        0.1195,
        0.16956,
        0.027199,
        0.010127,
        0.45775,
        0.022859,
        0.14873,
        0.18605,
        0.20457,
        0.18113,
        0.25029,
        0.16811,
        0.097801,
        0.17448,
        0.11574,
        0.027488,
        0.2908,
        0.11979,
        0.11372,
        0.26042,
        0.2474,
        0.27315,
        0.23235,
        0.05816,
        0.58912,
        0.070313,
        0.057581,
        0.22425,
        0.26852,
        0.08015,
        0.21267,
        0.13744,
        0.083044,
        0.085359,
        0.025174,
        0.09809,
        0.33709,
        0.099537,
        0.058738,
        0.74103,
        0.60214,
        0.71933,
        0.034433,
        0.038773,
        0.089699,
        0.47569,
        0.1467,
        0.39844,
        0.38223,
        0.087384,
        0.39525,
        0.14034,
        0.19618,
        0.09375,
        0.40596,
        0.32928,
        0.048611,
        0.081887,
        0.12587,
        0.65191,
        0.031539,
        0.14468,
        0.53559,
        0.34751,
        0.42274,
        0.25203,
        0.11169,
        0.28125,
        0.085069,
        0.18981,
        0.22454,
        0.14959,
        0.14091,
        0.14149,
        0.36024,
        0.086806,
        0.058449,
        0.27373,
        0.092014,
        0.045139,
        0.11748,
        0.026331,
        0.17332,
        0.043981,
        0.17216,
        0.23727,
        0.30787,
        0.12789,
        0.078414,
        0.15741,
        0.12963,
        0.11024,
        0.092593,
        0.32176,
        0.71181,
        0.21209,
        0.45255,
        0.10098,
        0.078125,
        0.063947,
        0.086516,
        0.27865,
        0.37529,
        0.22483,
        0.15278,
        0.2555,
        0.19647,
        0.076968,
        0.27749,
        0.36169,
        0.019676,
        0.051215,
        0.14641,
        0.11661,
        0.13802,
        0.1765,
        0.18721,
        0.12442,
        0.1603,
        0.21354,
        0.10909,
        0.20052,
        0.16638,
        0.14439,
        0.16782,
        0.16493,
        0.25781,
        0.14815,
        0.19531,
        0.098669,
        0.090856,
        0.12558,
        0.12674,
        0.081308,
        0.20313,
        0.2827,
        0.054398,
        0.069734,
        0.032697,
        0.20226,
        0.093171,
        0.59606,
        0.58304,
        0.27922,
        0.6441,
        0.075231,
        0.31626,
        0.19271,
        0.33015,
        0.20775,
        0.14583,
        0.061921,
        0.35561,
        0.19676,
        0.10359,
        0.39294,
        0.20486,
        0.15654,
        0.18461,
        0.089988,
        0.33478,
        0.14525,
        0.24074,
        0.48322,
        0.10619,
        0.095775,
        0.12529,
        0.13976,
        0.077257,
        0.19416,
        0.17159,
        0.035301,
        0.13513,
        0.24334,
        0.082176,
        0.072917,
        0.96788,
        0.20341,
        0.64381,
        0.23929,
        0.10532,
        0.21933,
        0.57784,
        0.11603,
        0.23785,
        0.10966,
        0.21557,
        0.066551,
        0.17274,
        0.21499,
        0.095197,
        0.16001,
        0.24045,
        0.17998,
        0.25116,
        0.12616,
        0.52083,
        0.093461,
        0.18576,
        0.59838,
        0.35417,
        0.10851,
        0.14728,
        0.38455,
        0.10475,
        0.13715,
        0.090567,
        0.22917,
        0.21701,
        0.14381,
        0.73322,
        0.13947,
        0.10561,
        0.2772,
        0.23206,
        0.64931,
        0.14786,
        0.75376,
        0.45804,
        0.29311,
        0.074074,
        0.25868,
        0.15567,
        0.20689,
        0.067708,
        0.12269,
        0.14063,
        0.13368,
        0.29225,
        0.12326,
        0.21904,
        0.46007,
        0.22367,
        0.15046,
        0.49306,
        0.4375,
        0.22975,
        0.19705,
        0.18345,
        0.18953,
        0.12355,
        0.13223,
        0.49161,
        0.69242,
        0.69589,
        0.24479,
        0.38657,
        0.4919,
        0.32205,
        0.17593,
        0.31221,
        0.12413,
        0.31134,
        0.15799,
        0.16522,
        0.13339,
        0.25434,
        0.26794,
        0.48206,
        0.29109,
        0.52199,
        0.21181,
        0.24277,
        0.14699,
        0.17535,
        0.23438,
        0.52344,
        0.31424,
        0.14352,
        0.077836,
        0.13542,
        0.47106,
        0.64757,
        0.89005,
        0.094329,
        0.3831,
        0.307,
        0.56453,
        0.22164,
        0.55064,
        0.13773,
        0.24624,
        0.13137,
        0.051794,
        0.15596,
        0.33507,
        0.73235,
        0.11545,
        0.41782,
        0.50463,
        0.12211,
        0.18142,
        0.50318,
        0.52373,
        0.21615,
        0.1684,
        0.4809,
        0.41175,
        0.056134,
        0.1114,
        0.16464,
        0.32321,
        0.10243,
        0.41204,
        0.12645,
        0.22685,
        0.25405,
        0.34433,
        0.16435,
        0.13281,
        0.20718,
        0.24971,
        0.30353,
        0.055845,
        0.43924,
        0.45891,
        0.18084,
        0.11892,
        0.12703,
        0.14757,
        0.26823,
        0.1441,
        0.17072,
        0.13455,
        0.24537,
        0.064525,
        0.1548,
        0.27575,
        0.4673,
        0.26157,
        0.19387,
        0.19473,
        0.19734,
        0.34288,
        0.21036,
        0.44039,
        0.30613,
        0.42043,
        0.15162,
        0.41348,
        0.25376,
        0.24653,
        0.63281,
        0.76071,
        0.10214,
        0.22135,
        0.1088,
        0.1059,
        0.085648,
        0.50694,
        0.33449,
        0.62297,
        0.95023,
        0.26389,
        0.82147,
        0.19763,
        0.15538,
        0.27807,
        0.1794,
        0.11458,
        0.28154,
        0.35532,
        0.4294,
        0.41551,
        0.3478,
        0.26968,
        0.52286,
        0.28588,
        0.11198,
        0.12818,
        0.28414,
        0.28733,
        0.16117,
        0.13918,
        0.16204,
        0.24248,
        0.33247,
        0.40017,
        0.3614,
        0.16262,
        0.13657,
        0.27488,
        0.17564,
        0.25666,
        0.27054,
        0.29485,
        0.38339,
        0.53067,
        0.16898,
        0.20023,
        0.10764,
        0.19878,
        0.2037,
        0.25231,
        0.24161,
        0.20428,
        0.15914,
        0.16551,
        0.19126,
        0.3099,
        0.33131,
        0.35995,
        0.096933,
        0.76302,
        0.12934,
        0.36198,
        0.23119,
        0.18547,
        0.18634,
        0.12008,
        0.30527,
        0.23322,
        0.26302,
        0.28038,
        0.28791,
        0.35793,
        0.34462,
        0.17477,
        0.13021,
        0.32118,
        0.68692,
        0.6522,
        0.42101,
        0.50347,
        0.26649,
        0.53704,
        0.26591,
        0.14236,
        0.16088,
        0.54456,
        0.15856,
        0.33102,
        0.15191,
        0.23872,
        0.16725,
        0.24103,
        0.45341,
        0.18258,
        0.88223,
        0.40191,
        0.42072,
        0.51244,
        0.13166,
        0.74971,
        0.60966,
        0.31481,
        0.24826,
        0.28067,
        0.24942,
        0.125,
        0.14554,
        0.17969,
        0.42477,
        0.20515,
        0.14294,
        0.2798,
        0.19068,
        0.25058,
        0.49363,
        0.23032,
        0.52517,
        0.19965,
        0.25318,
        0.16927,
        0.44936,
        0.43113,
        0.15943,
        0.31308,
        0.56713,
        0.23582,
        0.49016,
        0.27083,
        0.72598,
        0.69792,
        0.25145,
        0.57899,
        0.3967,
        0.73264,
        0.35764,
        0.36429,
        0.15394,
        0.23264,
        0.20804,
        0.48061,
        0.16985,
        0.16406,
        0.58275,
        0.21441,
        0.44126,
        0.12905,
        0.24855,
        0.2364,
        0.20891,
        0.27431,
        0.2526,
        0.18056,
        0.182,
        0.47164,
        0.46933,
        0.35851,
        0.29253,
        0.18287,
        0.1739,
        0.71036,
        0.32697,
        0.31742,
        0.20081,
        0.17853,
        0.46759,
        0.36806,
        0.15885,
        0.53501,
        0.22222,
        0.14612,
        0.3912,
        0.17419,
        0.28443,
        0.46267,
        0.22656,
        0.21788,
        0.193,
        0.39873,
        0.22541,
        0.40133,
        0.38831,
        0.30006,
        0.18403,
        0.18866,
        0.36458,
        0.28183,
        0.40856,
        0.74624,
        0.29803,
        0.41088,
        0.23698,
        0.22714,
        0.2092,
        0.34722,
        0.31366,
        0.17766,
        0.2173,
        0.4213,
        0.37153,
        0.38513,
        0.28299,
        0.24508,
        0.15683,
        0.1875,
        0.15104,
        0.37442,
        0.85677,
        0.46094,
        0.27546,
        0.10995,
        0.2228,
        0.21065,
        0.2963,
        0.23553,
        0.29659,
        0.42014,
        0.57813,
        0.23148,
        0.87384,
        0.58565,
        0.58623,
        0.26678,
        0.21962,
        0.32523,
        0.13831,
        0.47512,
        0.52894,
        0.35041,
        0.26447,
        0.38281,
        0.21672,
        0.75868,
        0.19994,
        0.53356,
        0.1956,
        0.39641,
        0.83912,
        0.40104,
        0.65914,
        0.17795,
        0.42593,
        0.8669,
        0.17303,
        0.23466,
        0.26736,
        0.24306,
        0.22772,
        0.22251,
        0.25897,
        0.48611,
        0.15365,
        0.22106,
        0.43084,
        0.40538,
        0.13628,
        0.20168,
        0.15249,
        0.17043,
        0.17708,
        0.60532,
        0.16696,
        0.1985,
        0.18027,
        0.39149,
        0.15017,
        0.31771,
        0.53733,
        0.38079,
        0.48698,
        0.24566,
        0.37182,
        0.51389,
        0.21007,
        0.25723,
        0.72164,
        0.54919,
        0.20544,
        0.12992,
        0.23351,
        0.32031,
        0.17506,
        0.25463,
        0.30758,
        0.34375,
        0.56887,
        0.3941,
        0.31539,
        0.38773,
        0.6412,
        0.15828,
        0.93837,
        0.53096,
        0.45544,
        0.30903,
        0.17101,
        0.63918,
        0.26881,
        0.239,
        0.21412,
        0.35706,
        0.23843,
        0.65451,
        0.25347,
        0.3588,
        0.26331,
        0.46036,
        0.22743,
        0.50608,
        0.41898,
        0.27199,
        0.5651,
        0.14178,
        0.25579,
        0.5816,
        0.26939,
        0.13194,
        0.19155,
        0.33044,
        0.28675,
        0.6794,
        0.35127,
        0.38166,
        0.51071,
        0.43316,
        0.5787,
        0.16059,
        0.35648,
        0.34983,
        0.27836,
        0.57089,
        0.33362,
        0.18519,
        0.20631,
        0.83449,
        0.83796,
        0.43721,
        0.19792,
        0.18229,
        0.14931,
        0.31684,
        0.26707,
        0.23495,
        0.34578,
        0.59635,
        0.41493,
        0.3397,
        0.84896,
        0.62471,
        0.42159,
        0.53328,
        0.34201,
        0.46325,
        0.44763,
        0.4103,
        0.32378,
        0.37703,
        0.25637,
        0.11632,
        0.53762,
        0.36082,
        0.35446,
        0.33883,
        0.36719,
        0.48524,
        0.17014,
        0.21875,
        0.64468,
        0.57263,
        0.28935,
        0.56337,
        0.63194,
        0.35156,
        0.21325,
        0.49479,
        0.16348,
        0.43837,
        0.40422,
        0.44792,
        0.15336,
        0.2691,
        0.45862,
        0.17882,
        0.15712,
        0.27604,
        0.28096,
        0.489,
        0.15422,
        0.32639,
        0.44271,
        0.56626,
        0.34606,
        0.19936,
        0.30584,
        0.78964,
        0.12066,
        0.9022,
        0.45602,
        0.81308,
        0.3287,
        0.36574,
        0.77778,
        0.21094,
        0.22396,
        0.34317,
        0.36111,
        0.37616,
        0.31597,
        0.4566,
        0.37095,
        0.45313,
        0.26765,
        0.50579,
        0.21152,
        0.57176,
        0.318,
        0.19502,
        0.39381,
        0.75,
        0.37847,
        0.81973,
        0.61372,
        0.66406,
        0.16233,
        0.47541,
        0.33681,
        0.40162,
        0.39583,
        0.22338,
        0.28704,
        0.25839,
        0.40972,
        0.54601,
        0.23814,
        0.45052,
        0.41522,
        0.66985,
        0.39554,
        0.36516,
        0.18374,
        0.21528,
        0.20255,
        0.57552,
        0.20399,
        0.22859,
        0.20747,
        0.39468,
        0.26505,
        0.17911,
        0.13426,
        0.33912,
        0.29601,
        0.25955,
        0.44242,
        0.50955,
        0.6114,
        0.47193,
        0.34925,
        0.42245,
        0.35677,
        0.14005,
        0.39497,
        0.28762,
        0.38628,
        0.65249,
        0.5353,
        0.29948,
        0.23611,
        0.48293,
        0.34086,
        0.53212,
        0.51794,
        0.61285,
        0.41117,
        0.35214,
        0.53791,
        0.24595,
        0.20573,
        0.69039,
        0.58015,
        0.16377,
        0.22309,
        0.46123,
        0.36372,
        0.2445,
        0.20949,
        0.65133,
        0.79456,
        0.34404,
        0.38426,
        0.39091,
        0.76013,
        0.37587,
        0.48351,
        0.29051,
        0.71383,
        0.42303,
        0.70081,
        0.5081,
        0.43519,
        0.77228,
        0.29369,
        0.36487,
        0.27141,
        0.27286,
        0.37211,
        0.19097,
        0.443,
        0.46441,
        0.70052,
        0.54832,
        0.93432,
        0.42448,
        0.72338,
        0.66811,
        0.82436,
        0.53646,
        0.1713,
        0.25608,
        0.22569,
        0.67448,
        0.39959,
        0.18924,
        0.23003,
        0.88108,
        0.24016,
        0.19329,
        0.27691,
        0.19242,
        0.21817,
        0.53009,
        0.40799,
        0.24363,
        0.41406,
        0.37413,
        0.25087,
        0.85041,
        0.32465,
        0.31019,
        0.58709,
        0.34259,
        0.9103,
        0.22598,
        0.32234,
        0.44994,
        0.75637,
        0.80266,
        0.63137,
        0.30035,
        0.66377,
        0.76736,
        0.4265,
        0.24421,
        0.70428,
        0.261,
        0.93142,
        0.2662,
        0.3452,
        0.50521,
        0.6386,
        0.18895,
        0.60938,
        0.2419,
        0.26997,
        0.20862,
        0.46875,
        0.58362,
        0.46846,
        0.21644,
        0.5599,
        0.36979,
        0.52807,
        0.38021,
        0.33652,
        0.38571,
        0.44878,
        0.66262,
        0.48843,
        0.7364,
        0.42216,
        0.22512,
        0.43808,
        0.62037,
        0.26534,
        0.4728,
        0.56424,
        0.68895,
        0.2283,
        0.29688,
        0.55584,
        0.16319,
        0.24392,
        0.568,
        0.30295,
        0.40885,
        0.35938,
        0.19184,
        0.36863,
        0.41869,
        0.27633,
        0.37818,
        0.32841,
        0.60619,
        0.39265,
        0.75145,
        0.3125,
        0.4048,
        0.94126,
        0.61024,
        0.28328,
        0.30961,
        0.22193,
        0.39439,
        0.44821,
        0.73727,
        0.64497,
        0.95457,
        0.3316,
        0.24219,
        0.57986,
        0.51563,
        0.55006,
        0.5162,
        0.30093,
        0.63571,
        0.3695,
        0.42622,
        0.51939,
        0.77662,
        0.44676,
        0.49884,
        0.29716,
        0.81713,
        0.47338,
        0.26273,
        0.19907,
        0.89236,
        0.60735,
        0.50984,
        0.22801,
        0.37905,
        0.61806,
        0.66319,
        0.28964,
        0.51852,
        0.38918,
        0.31973,
        0.60822,
        0.78733,
        0.49942,
        0.34664,
        0.3805,
        0.32552,
        0.37645,
        0.49103,
        0.35243,
        0.28559,
        0.21383,
        0.47946,
        0.57205,
        0.52488,
        0.34896,
        0.40943,
        0.38744,
        0.36921,
        0.2338,
        0.29919,
        0.46672,
        0.61516,
        0.32957,
        0.50839,
        0.61632,
        0.2581,
        0.20197,
        0.44387,
        0.61979,
        0.50781,
        0.46296,
        0.27778,
        0.26476,
        0.52662,
        0.44473,
        0.55324,
        0.43056,
        0.27662,
        0.47251,
        0.50405,
        0.27517,
        0.23669,
        0.27402,
        0.39786,
        0.53241,
        0.57668,
        0.24884,
        0.24913,
        0.42564,
        0.35012,
        0.39757,
        0.39323,
        0.27025,
        0.49711,
        0.9158,
        0.19589,
        0.30064,
        0.21238,
        0.53154,
        0.32668,
        0.41811,
        0.56019,
        0.77257,
        0.6739,
        0.30208,
        0.58854,
        0.32755,
        0.26215,
        0.42361,
        0.79543,
        0.6684,
        0.26071,
        0.36892,
        0.25174,
        0.84838,
        0.31279,
        0.60156,
        0.65856,
        0.44647,
        0.40712,
        0.67795,
        0.48003,
        0.26418,
        0.55353,
        0.39178,
        0.71209,
        0.66175,
        0.23524,
        0.36632,
        0.63715,
        0.56684,
        0.33738,
        0.59086,
        0.59144,
        0.23958,
        0.70457,
        0.25,
        0.30556,
        0.50376,
        0.33218,
        0.26013,
        0.24711,
        0.47772,
        0.26563,
        0.31076,
        0.41464,
        0.52228,
        0.57118,
        0.64902,
        0.36343,
        0.40075,
        0.3886,
        0.30932,
        0.25289,
        0.26244,
        0.29196,
        0.77749,
        0.68981,
        0.34491,
        0.19213,
        0.24132,
        0.7581,
        0.39034,
        0.89352,
        0.68866,
        0.34838,
        0.85098,
        0.61256,
        0.23061,
        0.56539,
        0.29167,
        0.45226,
        0.45573,
        0.39005,
        0.54051,
        0.34115,
        0.45689,
        0.40567,
        0.3151,
        0.59491,
        0.28501,
        0.33536,
        0.48264,
        0.44589,
        0.44358,
        0.51013,
        0.32263,
        0.39207,
        0.38802,
        0.51273,
        0.761,
        0.87818,
        0.4077,
        0.46412,
        0.35909,
        0.66435,
        0.33825,
        0.38947,
        0.72106,
        0.37037,
        0.52025,
        0.18432,
        0.37789,
        0.63368,
        0.36256,
        0.33854,
        0.40394,
        0.42911,
        0.28646,
        0.54948,
        0.54369,
        0.86053,
        0.30324,
        0.36834,
        0.22946,
        0.39815,
        0.40625,
        0.35503,
        0.70197,
        0.33275,
        0.37992,
        0.55874,
        0.9184,
        0.38194,
        0.49074,
        0.59288,
        0.96412,
        0.61487,
        0.4974,
        0.71065,
        0.40046,
        0.55903,
        0.35069,
        0.55642,
        0.21123,
        0.49132,
        0.18171,
        0.44444,
        0.27112,
        0.24797,
        0.71615,
        0.34954,
        0.35475,
        0.43432,
        0.81163,
        0.76389,
        0.38108,
        0.77604,
        0.30122,
        0.89207,
        0.72078,
        0.38484,
        0.40683,
        0.44184,
        0.49219,
        0.29977,
        0.47801,
        0.52546,
        0.65422,
        0.94589,
        0.92101,
        0.69705,
        0.58767,
        0.3015,
        0.3235,
        0.2717,
        0.32784,
        0.49855,
        0.47454,
        0.52315,
        0.53385,
        0.44965,
        0.4456,
        0.3776,
        0.62876,
        0.56279,
        0.5136,
        0.70226,
        0.31829,
        0.65943,
        0.33594,
        0.5298,
        0.67361,
        0.41985,
        0.85793,
        0.66291,
        0.4349,
        0.40741,
        0.6224,
        0.46615,
        0.55556,
        0.2636,
        0.60012,
        0.27228,
        0.42737,
        0.38137,
        0.55816,
        0.39063,
        0.75405,
        0.47888,
        0.59201,
        0.29745,
        0.37558,
        0.53588,
        0.55469,
        0.29861,
        0.48669,
        0.49797,
        0.37731,
        0.56481,
        0.67564,
        0.18779,
        0.71296,
        0.36777,
        0.61545,
        0.35098,
        0.25694,
        0.50203,
        0.66609,
        0.44907,
        0.44329,
        0.81134,
        0.47685,
        0.80874,
        0.693,
        0.30179,
        0.23987,
        0.69994,
        0.48148,
        0.72396,
        0.37124,
        0.56163,
        0.22049,
        0.97512,
        0.90249,
        0.80324,
        0.4945,
        0.98698,
        0.4592,
        0.50116,
        0.93663,
        0.45284,
        0.49392,
        0.31887,
        0.51215,
        0.42766,
        0.31944,
        0.42679,
        0.37934,
        0.79659,
        0.76997,
        0.49277,
        0.74913,
        0.83507,
        0.40278,
        0.33999,
        0.41146,
        0.29282,
        0.41233,
        0.55093,
        0.26186,
        0.48872,
        0.28819,
        0.60417,
        0.82089
    ],
    "embedding": [
        -0.047468673437833786,
        -0.13251276314258575,
        0.1555425226688385,
        -0.019833073019981384,
        0.048876941204071045,
        0.09506407380104065,
        0.10556121915578842,
        0.2202732115983963,
        0.22190868854522705,
        0.13959641754627228,
        -0.16944211721420288,
        -0.007098537404090166,
        0.0741562694311142,
        -0.2101869434118271,
        0.030847657471895218,
        -0.16568584740161896,
        0.1951766163110733,
        0.1752767413854599,
        0.05000436678528786,
        -0.04951817914843559,
        0.053542330861091614,
        -0.105166956782341,
        0.08279533684253693,
        0.17669981718063354,
        -0.10638207197189331,
        -0.1363907903432846,
        -0.11496444046497345,
        -0.17605915665626526,
        0.12725543975830078,
        -0.25379738211631775,
        -0.13488662242889404,
        -0.01025518961250782,
        0.0029221251606941223,
        -0.1722571849822998,
        0.19338425993919373,
        0.11869354546070099,
        0.0601324737071991,
        -0.10504172742366791,
        0.007571850437670946,
        0.040418196469545364,
        -0.20765510201454163,
        0.04791473224759102,
        -0.06770340353250504,
        -0.013060602359473705,
        -0.15119925141334534,
        0.1627354472875595,
        -0.1113486960530281,
        -0.03300166130065918,
        0.1356458216905594,
        0.11313971132040024,
        -0.05445350706577301,
        -0.15893998742103577,
        0.12034395337104797,
        -0.03951099142432213,
        0.03162950277328491,
        -0.04599430784583092,
        0.041993800550699234,
        0.14802008867263794,
        -0.0571005716919899,
        -0.06340286880731583,
        0.08765793591737747,
        0.035473551601171494,
        -0.01250437181442976,
        -0.031053533777594566,
        -0.041556838899850845,
        -0.19435067474842072,
        0.2637280523777008,
        0.21524396538734436,
        -0.14259091019630432,
        -0.1568807065486908,
        0.10304821282625198,
        0.02958783693611622,
        -0.17764824628829956,
        0.20523740351200104,
        -0.11505886167287827,
        -0.03468400239944458,
        0.1619197428226471,
        0.02766164019703865,
        0.06305371224880219,
        0.0619078204035759,
        -0.04106708616018295,
        -0.004862035624682903,
        0.007977346889674664,
        0.1417224258184433,
        0.0021756018977612257,
        0.022831564769148827,
        -0.01570821739733219,
        -0.22133482992649078,
        0.20236527919769287,
        0.14553549885749817,
        -0.032120272517204285,
        -0.018648868426680565,
        0.11292631924152374,
        0.12370306998491287,
        -0.05708504840731621,
        -0.01916681043803692,
        -0.016258083283901215,
        -0.0928582027554512,
        -0.009574205614626408,
        -0.1105651706457138,
        0.041502222418785095,
        0.14504562318325043,
        0.010778850875794888,
        -0.05334971845149994,
        -0.11832413822412491,
        0.03136401250958443,
        -0.009321259334683418,
        0.09975554049015045,
        0.04615259915590286,
        -0.06577839702367783,
        -0.1751740574836731,
        0.20882242918014526,
        0.05200405791401863,
        0.019712716341018677,
        -0.13080883026123047,
        -0.07006917893886566,
        0.04746273159980774,
        0.07809484004974365,
        0.05055758357048035,
        -0.026071546599268913,
        0.04549524560570717,
        0.1675930619239807,
        0.15808141231536865,
        0.0073888166807591915,
        -0.031028201803565025,
        0.09109201282262802,
        0.08057336509227753,
        0.03740159794688225,
        0.03821967542171478,
        -0.17768733203411102,
        0.0952213928103447,
        -0.0007343870238400996,
        -0.051666948944330215,
        -0.042950138449668884,
        -0.036937326192855835,
        -0.04145825654268265,
        0.0964263379573822,
        0.009205320850014687,
        -0.1559935063123703,
        0.08594970405101776,
        0.06944642215967178,
        -0.03731773793697357,
        0.06709638983011246,
        -0.15200743079185486,
        -0.17022676765918732,
        -0.020833447575569153,
        -0.03439313918352127,
        0.0637459009885788,
        0.21612071990966797,
        -0.1059214398264885,
        0.130344957113266,
        -0.19443054497241974,
        -0.1741652935743332,
        0.18672847747802734,
        -0.013783145695924759,
        -0.1274423450231552,
        -0.09955712407827377,
        -0.03562361001968384,
        0.06142169609665871,
        -0.16202490031719208,
        -0.04289834201335907,
        0.03653985261917114,
        0.0003207715635653585,
        0.029902534559369087,
        -0.031973887234926224,
        -0.07535535842180252,
        -0.01924724504351616,
        0.1393911987543106,
        0.024659287184476852,
        0.08808481693267822,
        -0.030043814331293106,
        0.014886386692523956,
        -0.22974616289138794,
        0.157374307513237,
        -0.01575271412730217,
        -0.007422714028507471,
        -0.21511000394821167,
        0.013191649690270424,
        -0.03426921367645264,
        0.034954480826854706,
        0.11819399893283844,
        -0.13600286841392517,
        0.06675663590431213,
        -0.029438890516757965,
        -0.0907328799366951,
        -0.05028899013996124,
        -0.15662042796611786,
        -0.0917339026927948,
        -0.047927375882864,
        -0.018178654834628105,
        0.11935780197381973,
        -0.028130710124969482,
        -0.052699729800224304,
        -0.10980565845966339,
        -0.0114974370226264,
        -0.015410632826387882,
        -0.07831648737192154,
        -0.0036011580377817154,
        0.19894841313362122,
        0.15642987191677094,
        0.18812188506126404,
        -0.006122345570474863,
        -0.05223746970295906,
        0.16146254539489746,
        -0.006382621359080076,
        0.07895248383283615,
        0.04817682504653931,
        0.05603094398975372,
        0.03726601228117943,
        -0.13796889781951904,
        0.05317461118102074,
        -0.029936835169792175,
        0.1899961680173874,
        0.1033611074090004,
        -0.17718937993049622,
        0.03722947835922241,
        -0.17798472940921783,
        0.2650928497314453,
        -0.004860628861933947,
        -0.054767314344644547,
        0.1974392980337143,
        -0.17600001394748688,
        0.09644100815057755,
        0.00838474091142416,
        0.13365599513053894,
        -0.02810663729906082,
        -0.038889724761247635,
        -0.21428604423999786,
        0.0011815023608505726,
        0.0728083997964859,
        0.15276503562927246,
        0.011414028704166412,
        -0.030824659392237663,
        0.05598492920398712,
        -0.05420675873756409,
        0.09131106734275818,
        0.024514367803931236,
        0.06945420056581497,
        -0.003161446889862418,
        -0.08731810003519058,
        0.1772272139787674,
        -0.196546733379364,
        0.047444213181734085,
        -0.05777573212981224,
        -0.012722686864435673,
        0.16539716720581055,
        0.07162829488515854,
        0.010061902925372124,
        0.0016646423609927297,
        0.14667294919490814,
        0.04733989015221596,
        -0.17087934911251068,
        0.00791268888860941,
        0.11753430217504501,
        0.08248444646596909,
        0.19597722589969635,
        0.11936619877815247,
        -0.029782475903630257,
        0.1434178650379181,
        0.019582081586122513,
        0.05629434436559677,
        -0.0039882599376142025,
        -0.0017844866961240768,
        0.11476773023605347,
        -0.11437539011240005,
        0.011321351863443851,
        0.047453317791223526,
        -0.16813203692436218,
        -0.008885295130312443,
        0.07919437438249588,
        -0.036223746836185455,
        0.007082381751388311,
        -0.021846061572432518,
        -0.000786233227699995,
        -0.27581700682640076,
        0.1017395630478859,
        -0.018290124833583832,
        0.11818334460258484,
        0.02565052919089794,
        -0.008892606012523174,
        -0.021220140159130096,
        0.14469245076179504,
        0.18160651624202728,
        0.07103992253541946,
        0.13706912100315094,
        0.27982965111732483,
        0.17295049130916595,
        0.18149808049201965,
        0.013254310935735703,
        0.013118901289999485,
        0.12530256807804108,
        0.2108927071094513,
        -0.04571235924959183,
        -0.104587122797966,
        -0.004960987251251936,
        -0.03092954494059086,
        0.010151281021535397,
        0.1284557431936264,
        -0.1429433375597,
        -0.011187694035470486
    ],
    "embedding_scaling_factor": 0.03829782083630562,
    "samples": [
        0.0,
        0.03125,
        0.0,
        0.0,
        0.086806,
        0.0014468,
        0.15017,
        0.0,
        0.0,
        0.0,
        0.0,
        0.19242,
        0.050058,
        0.12008,
        0.0,
        0.0,
        0.00028935,
        0.079572,
        0.0026042,
        0.0,
        0.087963,
        0.0,
        0.0,
        0.12674,
        0.01794,
        0.022859,
        0.0,
        0.0,
        0.0,
        0.0,
        0.01765,
        0.0,
        0.011285,
        0.0005787,
        0.02228,
        0.17274,
        0.0020255,
        0.088542,
        0.0,
        0.0,
        0.0037616,
        0.0092593,
        0.0,
        0.0,
        0.0,
        0.091146,
        0.0037616,
        0.0,
        0.0043403,
        0.0,
        0.088542,
        0.0,
        0.0,
        0.0,
        0.37153,
        0.0,
        0.0,
        0.055266,
        0.098669,
        0.0,
        0.061632,
        0.0,
        0.0,
        0.0,
        0.0,
        0.0046296,
        0.011285,
        0.0,
        0.0,
        0.0,
        0.0,
        0.15567,
        0.0,
        0.0,
        0.0,
        0.017072,
        0.00028935,
        0.019097,
        0.0040509,
        0.042535,
        0.0,
        0.16753,
        0.014178,
        0.0,
        0.0,
        0.0005787,
        0.0,
        0.0,
        0.01794,
        0.0,
        0.015914,
        0.051505,
        0.00028935,
        0.03559,
        0.0026042,
        0.056424,
        0.005787,
        0.0,
        0.0,
        0.70052
    ],
    "category_values_ratio": {
        "0.0": 25631,
        "0.00028935": 1445,
        "0.0005787": 1019,
        "0.00086806": 712,
        "0.0011574": 599,
        "0.0014468": 528,
        "0.0017361": 481,
        "0.0020255": 421,
        "0.0023148": 340,
        "0.0026042": 324,
        "0.0028935": 315,
        "0.0034722": 311,
        "0.0031829": 281,
        "0.0040509": 268,
        "0.0037616": 261,
        "0.0046296": 236,
        "0.0043403": 234,
        "0.0052083": 217,
        "0.004919": 215,
        "0.0054977": 208,
        "0.005787": 203,
        "0.0066551": 196,
        "0.0060764": 196,
        "0.0063657": 190,
        "0.0072338": 185,
        "0.0078125": 173,
        "0.0069444": 172,
        "0.0081019": 154,
        "0.0075231": 154,
        "0.0092593": 151,
        "0.009838": 145,
        "0.0083912": 144,
        "0.0095486": 142,
        "0.0086806": 140,
        "0.010127": 140,
        "0.0089699": 138,
        "0.011285": 134,
        "0.014468": 133,
        "0.012731": 133,
        "0.011574": 131,
        "0.011863": 129,
        "0.01331": 126,
        "0.010995": 120,
        "0.0136": 120,
        "0.010706": 118,
        "0.013889": 118,
        "0.015046": 117,
        "0.010417": 116,
        "0.013021": 113,
        "0.015336": 111,
        "0.012442": 110,
        "0.020544": 109,
        "0.016493": 108,
        "0.012153": 106,
        "0.018519": 105,
        "0.017361": 103,
        "0.015914": 101,
        "0.016204": 101,
        "0.015625": 101,
        "0.019387": 99,
        "0.01765": 97,
        "0.027778": 97,
        "0.01794": 95,
        "0.018808": 95,
        "0.014178": 95,
        "0.020833": 93,
        "0.016782": 93,
        "0.019965": 91,
        "0.017072": 90,
        "0.014757": 90,
        "0.021991": 87,
        "0.023148": 86,
        "0.018229": 86,
        "0.024306": 84,
        "0.024016": 83,
        "0.019097": 82,
        "0.019676": 82,
        "0.021412": 81,
        "0.039641": 80,
        "0.030671": 78,
        "0.029514": 77,
        "0.03125": 77,
        "0.024595": 76,
        "0.021123": 76,
        "0.028935": 75,
        "0.028646": 75,
        "0.02662": 75,
        "0.022569": 75,
        "0.027488": 74,
        "0.021701": 73,
        "0.03559": 73,
        "0.025174": 71,
        "0.02228": 70,
        "0.022859": 70,
        "0.037326": 69,
        "0.030093": 69,
        "0.02691": 69,
        "0.023727": 69,
        "0.033565": 69,
        "0.025752": 68,
        "0.024884": 68,
        "0.032986": 67,
        "0.027199": 67,
        "0.020255": 67,
        "0.042245": 67,
        "0.037037": 67,
        "0.034144": 67,
        "0.037905": 66,
        "0.023438": 66,
        "0.033854": 66,
        "0.031829": 66,
        "0.029225": 65,
        "0.054688": 65,
        "0.041667": 65,
        "0.044271": 65,
        "0.035301": 64,
        "0.041088": 64,
        "0.030961": 63,
        "0.034433": 63,
        "0.028067": 63,
        "0.046007": 63,
        "0.036458": 62,
        "0.026042": 62,
        "0.028356": 62,
        "0.033275": 62,
        "0.040509": 61,
        "0.046296": 61,
        "0.039931": 61,
        "0.030382": 60,
        "0.037616": 60,
        "0.026331": 60,
        "0.052373": 59,
        "0.032697": 58,
        "0.050637": 58,
        "0.039063": 58,
        "0.03588": 58,
        "0.0625": 58,
        "0.04456": 58,
        "0.04022": 57,
        "0.047454": 57,
        "0.025463": 56,
        "0.047743": 56,
        "0.032407": 56,
        "0.043403": 54,
        "0.063657": 54,
        "0.031539": 54,
        "0.04919": 54,
        "0.049479": 54,
        "0.038484": 53,
        "0.038194": 53,
        "0.029803": 53,
        "0.060475": 53,
        "0.045428": 52,
        "0.045718": 51,
        "0.055266": 51,
        "0.061053": 51,
        "0.046586": 51,
        "0.0489": 51,
        "0.036748": 51,
        "0.043692": 51,
        "0.048611": 51,
        "0.034722": 51,
        "0.041377": 50,
        "0.062789": 50,
        "0.049769": 50,
        "0.043981": 50,
        "0.045139": 50,
        "0.055556": 50,
        "0.042824": 49,
        "0.051215": 49,
        "0.035012": 49,
        "0.066262": 49,
        "0.050058": 49,
        "0.054109": 49,
        "0.056424": 49,
        "0.050347": 48,
        "0.040799": 48,
        "0.036169": 48,
        "0.042535": 48,
        "0.041956": 48,
        "0.039352": 48,
        "0.048322": 48,
        "0.057292": 47,
        "0.05353": 47,
        "0.059606": 47,
        "0.043113": 47,
        "0.060764": 47,
        "0.059028": 47,
        "0.052951": 46,
        "0.053819": 46,
        "0.04485": 46,
        "0.047164": 46,
        "0.063947": 46,
        "0.046875": 45,
        "0.050926": 45,
        "0.063368": 45,
        "0.052083": 45,
        "0.064525": 45,
        "0.032118": 44,
        "0.038773": 44,
        "0.060185": 44,
        "0.05787": 44,
        "0.059896": 44,
        "0.067708": 43,
        "0.074363": 43,
        "0.061632": 43,
        "0.058738": 43,
        "0.070891": 42,
        "0.074942": 41,
        "0.069155": 41,
        "0.065394": 41,
        "0.067998": 41,
        "0.052662": 41,
        "0.057002": 40,
        "0.069444": 40,
        "0.058449": 40,
        "0.06684": 40,
        "0.059317": 39,
        "0.051505": 39,
        "0.056134": 38,
        "0.071181": 38,
        "0.061343": 38,
        "0.072627": 38,
        "0.06713": 38,
        "0.079861": 38,
        "0.076389": 38,
        "0.0761": 37,
        "0.055845": 37,
        "0.053241": 37,
        "0.079282": 37,
        "0.068576": 36,
        "0.056713": 36,
        "0.05816": 36,
        "0.070313": 36,
        "0.068287": 36,
        "0.048032": 36,
        "0.078704": 36,
        "0.073785": 36,
        "0.054977": 35,
        "0.087674": 34,
        "0.067419": 34,
        "0.051794": 34,
        "0.072338": 34,
        "0.062211": 34,
        "0.08912": 33,
        "0.070602": 33,
        "0.063079": 33,
        "0.068866": 33,
        "0.07147": 33,
        "0.071759": 33,
        "0.089988": 33,
        "0.065972": 32,
        "0.057581": 32,
        "0.086227": 32,
        "0.085359": 32,
        "0.078125": 32,
        "0.054398": 32,
        "0.1033": 31,
        "0.087963": 31,
        "0.081887": 31,
        "0.10156": 31,
        "0.069734": 31,
        "0.079572": 31,
        "0.072049": 31,
        "0.095486": 31,
        "0.083623": 31,
        "0.070023": 31,
        "0.075521": 31,
        "0.088831": 31,
        "0.073206": 30,
        "0.074653": 30,
        "0.094907": 30,
        "0.066551": 30,
        "0.094039": 30,
        "0.073495": 30,
        "0.090278": 30,
        "0.088542": 29,
        "0.096644": 29,
        "0.10127": 29,
        "0.08015": 29,
        "0.086806": 29,
        "0.091725": 29,
        "0.07581": 29,
        "0.10041": 29,
        "0.061921": 29,
        "0.087095": 29,
        "0.080729": 29,
        "0.091146": 29,
        "0.097512": 28,
        "0.065104": 28,
        "0.076968": 28,
        "0.097222": 28,
        "0.082755": 28,
        "0.092014": 28,
        "0.092882": 28,
        "0.085069": 27,
        "0.077546": 27,
        "0.08941": 27,
        "0.084491": 27,
        "0.099537": 27,
        "0.10098": 27,
        "0.10069": 27,
        "0.087384": 27,
        "0.082465": 27,
        "0.092303": 27,
        "0.081597": 27,
        "0.090856": 27,
        "0.064815": 27,
        "0.08478": 27,
        "0.077257": 26,
        "0.081308": 26,
        "0.098669": 26,
        "0.078414": 26,
        "0.095197": 26,
        "0.089699": 26,
        "0.064236": 26,
        "0.093461": 26,
        "0.084201": 25,
        "0.065683": 25,
        "0.10503": 25,
        "0.11516": 25,
        "0.11198": 25,
        "0.096354": 25,
        "0.081019": 24,
        "0.10706": 24,
        "0.096065": 24,
        "0.078993": 24,
        "0.072917": 24,
        "0.085938": 24,
        "0.083044": 24,
        "0.10648": 24,
        "0.11429": 24,
        "0.099248": 24,
        "0.11082": 24,
        "0.10388": 24,
        "0.093171": 23,
        "0.09809": 23,
        "0.10475": 23,
        "0.086516": 23,
        "0.11256": 23,
        "0.075231": 23,
        "0.076678": 23,
        "0.083333": 23,
        "0.08044": 23,
        "0.11806": 22,
        "0.096933": 22,
        "0.074074": 22,
        "0.098958": 22,
        "0.088252": 22,
        "0.11053": 22,
        "0.082176": 22,
        "0.094329": 21,
        "0.083912": 21,
        "0.11921": 21,
        "0.091435": 21,
        "0.092593": 21,
        "0.11574": 21,
        "0.077836": 21,
        "0.10735": 21,
        "0.10851": 21,
        "0.12037": 20,
        "0.10243": 20,
        "0.11487": 20,
        "0.10446": 20,
        "0.10214": 20,
        "0.09838": 20,
        "0.12297": 20,
        "0.11343": 20,
        "0.10359": 20,
        "0.11661": 20,
        "0.10301": 20,
        "0.10012": 20,
        "0.10938": 19,
        "0.10417": 19,
        "0.1169": 19,
        "0.11314": 19,
        "0.11719": 19,
        "0.10677": 19,
        "0.11111": 19,
        "0.090567": 19,
        "0.1224": 18,
        "0.099826": 18,
        "0.12587": 18,
        "0.12731": 18,
        "0.12471": 18,
        "0.12674": 18,
        "0.085648": 18,
        "0.13137": 18,
        "0.12442": 18,
        "0.12529": 17,
        "0.10909": 17,
        "0.13542": 17,
        "0.13079": 17,
        "0.11603": 17,
        "0.13715": 17,
        "0.11227": 17,
        "0.12384": 17,
        "0.095775": 17,
        "0.10619": 17,
        "0.12008": 17,
        "0.10185": 17,
        "0.12703": 17,
        "0.11863": 17,
        "0.114": 16,
        "0.10793": 16,
        "0.12182": 16,
        "0.12645": 16,
        "0.17188": 16,
        "0.1088": 16,
        "0.1305": 16,
        "0.11545": 16,
        "0.12124": 16,
        "0.13339": 16,
        "0.12789": 16,
        "0.10532": 16,
        "0.12963": 15,
        "0.12269": 15,
        "0.12095": 15,
        "0.12326": 15,
        "0.14063": 15,
        "0.12876": 15,
        "0.13166": 15,
        "0.11748": 15,
        "0.10272": 15,
        "0.11777": 15,
        "0.14988": 15,
        "0.097801": 15,
        "0.11285": 15,
        "0.11458": 15,
        "0.1059": 15,
        "0.12153": 15,
        "0.13657": 15,
        "0.1195": 15,
        "0.1467": 14,
        "0.13223": 14,
        "0.094618": 14,
        "0.09375": 14,
        "0.1276": 14,
        "0.14525": 14,
        "0.13108": 14,
        "0.11169": 14,
        "0.12211": 14,
        "0.13744": 14,
        "0.12616": 14,
        "0.13484": 14,
        "0.12992": 13,
        "0.10966": 13,
        "0.15625": 13,
        "0.14207": 13,
        "0.12413": 13,
        "0.14497": 13,
        "0.11372": 13,
        "0.14468": 13,
        "0.12905": 13,
        "0.10561": 13,
        "0.14873": 13,
        "0.1114": 13,
        "0.1412": 13,
        "0.16262": 13,
        "0.10822": 12,
        "0.14757": 12,
        "0.13397": 12,
        "0.1603": 12,
        "0.11979": 12,
        "0.13947": 12,
        "0.13513": 12,
        "0.11024": 12,
        "0.15567": 12,
        "0.125": 12,
        "0.11632": 12,
        "0.15654": 12,
        "0.1658": 12,
        "0.17245": 12,
        "0.16117": 12,
        "0.10995": 12,
        "0.13455": 12,
        "0.14091": 12,
        "0.14786": 12,
        "0.15046": 12,
        "0.14699": 12,
        "0.18953": 12,
        "0.12558": 12,
        "0.136": 12,
        "0.16001": 11,
        "0.13281": 11,
        "0.11834": 11,
        "0.17708": 11,
        "0.13571": 11,
        "0.13686": 11,
        "0.15943": 11,
        "0.15885": 11,
        "0.15336": 11,
        "0.15596": 11,
        "0.14554": 11,
        "0.12934": 11,
        "0.14236": 11,
        "0.16638": 10,
        "0.14352": 10,
        "0.17274": 10,
        "0.11892": 10,
        "0.15162": 10,
        "0.1331": 10,
        "0.1386": 10,
        "0.18663": 10,
        "0.15683": 10,
        "0.14439": 10,
        "0.14265": 10,
        "0.16667": 10,
        "0.12818": 10,
        "0.17564": 10,
        "0.14844": 10,
        "0.13802": 10,
        "0.13831": 10,
        "0.10764": 10,
        "0.14149": 10,
        "0.14381": 10,
        "0.1577": 10,
        "0.15307": 10,
        "0.13426": 10,
        "0.20631": 10,
        "0.16753": 10,
        "0.1522": 10,
        "0.14931": 10,
        "0.14323": 9,
        "0.12355": 9,
        "0.15538": 9,
        "0.1794": 9,
        "0.20804": 9,
        "0.17216": 9,
        "0.19531": 9,
        "0.15712": 9,
        "0.16233": 9,
        "0.12847": 9,
        "0.15075": 9,
        "0.15972": 9,
        "0.15422": 9,
        "0.15278": 9,
        "0.18866": 9,
        "0.14728": 9,
        "0.13628": 9,
        "0.16406": 9,
        "0.19734": 9,
        "0.15017": 9,
        "0.13773": 9,
        "0.13021": 9,
        "0.14612": 9,
        "0.17766": 9,
        "0.16493": 9,
        "0.16898": 9,
        "0.15191": 9,
        "0.13368": 9,
        "0.13194": 9,
        "0.22164": 8,
        "0.12066": 8,
        "0.17448": 8,
        "0.16146": 8,
        "0.18142": 8,
        "0.13918": 8,
        "0.19039": 8,
        "0.17361": 8,
        "0.1875": 8,
        "0.15828": 8,
        "0.17737": 8,
        "0.1739": 8,
        "0.14815": 8,
        "0.18837": 8,
        "0.14034": 8,
        "0.182": 8,
        "0.18721": 8,
        "0.16609": 8,
        "0.21238": 8,
        "0.18316": 8,
        "0.15249": 8,
        "0.1901": 8,
        "0.25231": 8,
        "0.17506": 8,
        "0.20052": 7,
        "0.25376": 7,
        "0.20747": 7,
        "0.16985": 7,
        "0.13889": 7,
        "0.24248": 7,
        "0.13252": 7,
        "0.14178": 7,
        "0.1765": 7,
        "0.16175": 7,
        "0.17014": 7,
        "0.14959": 7,
        "0.16551": 7,
        "0.18258": 7,
        "0.27054": 7,
        "0.28038": 7,
        "0.19647": 7,
        "0.14641": 7,
        "0.1441": 7,
        "0.17072": 7,
        "0.18692": 7,
        "0.14902": 7,
        "0.16696": 7,
        "0.18345": 7,
        "0.25029": 7,
        "0.16811": 7,
        "0.18113": 7,
        "0.16956": 7,
        "0.18605": 7,
        "0.15509": 7,
        "0.14294": 7,
        "0.13976": 7,
        "0.26389": 7,
        "0.15104": 7,
        "0.19358": 7,
        "0.18287": 7,
        "0.17853": 7,
        "0.18084": 7,
        "0.16464": 7,
        "0.17622": 7,
        "0.22541": 6,
        "0.16088": 6,
        "0.19502": 6,
        "0.18519": 6,
        "0.15799": 6,
        "0.16204": 6,
        "0.20486": 6,
        "0.16725": 6,
        "0.27922": 6,
        "0.3478": 6,
        "0.20226": 6,
        "0.17332": 6,
        "0.22222": 6,
        "0.17477": 6,
        "0.19473": 6,
        "0.17159": 6,
        "0.23438": 6,
        "0.16927": 6,
        "0.23843": 6,
        "0.18634": 6,
        "0.19387": 6,
        "0.15133": 6,
        "0.28212": 6,
        "0.24161": 6,
        "0.23872": 6,
        "0.2092": 6,
        "0.16782": 6,
        "0.16348": 6,
        "0.25145": 6,
        "0.26707": 6,
        "0.17882": 6,
        "0.15394": 6,
        "0.28443": 6,
        "0.17679": 6,
        "0.1548": 6,
        "0.18056": 6,
        "0.24363": 6,
        "0.20689": 6,
        "0.20949": 6,
        "0.18576": 6,
        "0.22396": 5,
        "0.23785": 5,
        "0.23698": 5,
        "0.2445": 5,
        "0.19676": 5,
        "0.20313": 5,
        "0.24074": 5,
        "0.22425": 5,
        "0.17101": 5,
        "0.22714": 5,
        "0.16869": 5,
        "0.21499": 5,
        "0.17043": 5,
        "0.22251": 5,
        "0.15365": 5,
        "0.2147": 5,
        "0.16291": 5,
        "0.20399": 5,
        "0.18547": 5,
        "0.15914": 5,
        "0.20833": 5,
        "0.22338": 5,
        "0.24334": 5,
        "0.17998": 5,
        "0.20284": 5,
        "0.19068": 5,
        "0.23351": 5,
        "0.21267": 5,
        "0.19821": 5,
        "0.25521": 5,
        "0.17795": 5,
        "0.20139": 5,
        "0.22975": 5,
        "0.2066": 5,
        "0.2173": 5,
        "0.21296": 5,
        "0.26128": 5,
        "0.36806": 5,
        "0.29138": 5,
        "0.18981": 5,
        "0.26331": 5,
        "0.19907": 5,
        "0.15741": 5,
        "0.19965": 5,
        "0.14005": 5,
        "0.28096": 5,
        "0.2364": 5,
        "0.27633": 5,
        "0.15856": 5,
        "0.17419": 5,
        "0.17593": 5,
        "0.21065": 5,
        "0.20891": 5,
        "0.20602": 4,
        "0.20168": 4,
        "0.21933": 4,
        "0.20457": 4,
        "0.21007": 4,
        "0.21152": 4,
        "0.18461": 4,
        "0.18374": 4,
        "0.26505": 4,
        "0.17824": 4,
        "0.23611": 4,
        "0.20775": 4,
        "0.23206": 4,
        "0.24306": 4,
        "0.17303": 4,
        "0.27315": 4,
        "0.24566": 4,
        "0.18171": 4,
        "0.23553": 4,
        "0.21325": 4,
        "0.28675": 4,
        "0.29225": 4,
        "0.20978": 4,
        "0.16522": 4,
        "0.30787": 4,
        "0.21209": 4,
        "0.18403": 4,
        "0.22743": 4,
        "0.27546": 4,
        "0.15451": 4,
        "0.24479": 4,
        "0.24624": 4,
        "0.21181": 4,
        "0.21962": 4,
        "0.23409": 4,
        "0.27373": 4,
        "0.19155": 4,
        "0.25492": 4,
        "0.1956": 4,
        "0.39641": 4,
        "0.23293": 4,
        "0.27807": 4,
        "0.22598": 4,
        "0.28154": 4,
        "0.25318": 4,
        "0.23032": 4,
        "0.18895": 4,
        "0.20023": 4,
        "0.24942": 4,
        "0.20428": 4,
        "0.25405": 4,
        "0.22685": 4,
        "0.4537": 4,
        "0.21615": 4,
        "0.21788": 4,
        "0.23322": 4,
        "0.21672": 4,
        "0.27344": 4,
        "0.30527": 4,
        "0.24653": 4,
        "0.31742": 4,
        "0.33102": 4,
        "0.25781": 4,
        "0.19936": 4,
        "0.2228": 4,
        "0.19242": 4,
        "0.23119": 4,
        "0.16435": 4,
        "0.22859": 4,
        "0.32697": 4,
        "0.16319": 4,
        "0.24537": 4,
        "0.26157": 4,
        "0.1849": 4,
        "0.1713": 4,
        "0.21441": 4,
        "0.4809": 3,
        "0.31337": 3,
        "0.25984": 3,
        "0.32436": 3,
        "0.24682": 3,
        "0.3423": 3,
        "0.1684": 3,
        "0.20718": 3,
        "0.23756": 3,
        "0.32321": 3,
        "0.45891": 3,
        "0.44734": 3,
        "0.23582": 3,
        "0.33304": 3,
        "0.21036": 3,
        "0.28791": 3,
        "0.24855": 3,
        "0.31424": 3,
        "0.22106": 3,
        "0.42043": 3,
        "0.40133": 3,
        "0.41406": 3,
        "0.40538": 3,
        "0.20255": 3,
        "0.43084": 3,
        "0.22772": 3,
        "0.34462": 3,
        "0.44126": 3,
        "0.23466": 3,
        "0.24016": 3,
        "0.24219": 3,
        "0.25955": 3,
        "0.25289": 3,
        "0.30613": 3,
        "0.35417": 3,
        "0.19444": 3,
        "0.19271": 3,
        "0.25203": 3,
        "0.2772": 3,
        "0.29311": 3,
        "0.25868": 3,
        "0.23235": 3,
        "0.19763": 3,
        "0.19878": 3,
        "0.22135": 3,
        "0.2037": 3,
        "0.29485": 3,
        "0.2011": 3,
        "0.27488": 3,
        "0.19126": 3,
        "0.26968": 3,
        "0.21701": 3,
        "0.22917": 3,
        "0.2474": 3,
        "0.28125": 3,
        "0.23929": 3,
        "0.2555": 3,
        "0.19416": 3,
        "0.33478": 3,
        "0.21354": 3,
        "0.35561": 3,
        "0.14583": 3,
        "0.31626": 3,
        "0.23727": 3,
        "0.26042": 3,
        "0.33073": 3,
        "0.17535": 3,
        "0.50694": 3,
        "0.49016": 3,
        "0.36603": 3,
        "0.61372": 3,
        "0.26273": 3,
        "0.23495": 3,
        "0.2691": 3,
        "0.2419": 3,
        "0.28559": 3,
        "0.29919": 3,
        "0.3588": 3,
        "0.30903": 3,
        "0.30584": 3,
        "0.27662": 3,
        "0.38773": 3,
        "0.24103": 3,
        "0.33652": 3,
        "0.34375": 3,
        "0.25463": 3,
        "0.239": 3,
        "0.19792": 3,
        "0.44878": 3,
        "0.20544": 3,
        "0.44936": 3,
        "0.34578": 3,
        "0.24421": 3,
        "0.19184": 3,
        "0.26939": 3,
        "0.20515": 3,
        "0.43316": 3,
        "0.31481": 3,
        "0.25723": 3,
        "0.24392": 3,
        "0.36111": 3,
        "0.2798": 3,
        "0.38166": 3,
        "0.3287": 3,
        "0.2662": 3,
        "0.21094": 3,
        "0.41493": 3,
        "0.27286": 3,
        "0.38513": 3,
        "0.29803": 3,
        "0.22656": 3,
        "0.25": 3,
        "0.26418": 3,
        "0.193": 3,
        "0.26447": 3,
        "0.25174": 3,
        "0.30932": 3,
        "0.26765": 3,
        "0.2526": 3,
        "0.18027": 3,
        "0.20197": 3,
        "0.30006": 3,
        "0.28299": 3,
        "0.1985": 3,
        "0.24508": 3,
        "0.31076": 3,
        "0.16377": 3,
        "0.23003": 3,
        "0.18924": 3,
        "0.35041": 3,
        "0.25608": 3,
        "0.21123": 3,
        "0.24595": 3,
        "0.2963": 3,
        "0.30961": 3,
        "0.32523": 3,
        "0.35793": 3,
        "0.23148": 3,
        "0.26678": 3,
        "0.46267": 2,
        "0.43924": 2,
        "0.4213": 2,
        "0.34722": 2,
        "0.46933": 2,
        "0.35851": 2,
        "0.29253": 2,
        "0.30353": 2,
        "0.3912": 2,
        "0.24971": 2,
        "0.46759": 2,
        "0.34433": 2,
        "0.41204": 2,
        "0.19994": 2,
        "0.20081": 2,
        "0.87384": 2,
        "0.37153": 2,
        "0.38281": 2,
        "0.19705": 2,
        "0.69242": 2,
        "0.58623": 2,
        "0.58565": 2,
        "0.38657": 2,
        "0.57813": 2,
        "0.42014": 2,
        "0.29659": 2,
        "0.32205": 2,
        "0.31221": 2,
        "0.31134": 2,
        "0.33507": 2,
        "0.25434": 2,
        "0.39873": 2,
        "0.30556": 2,
        "0.28183": 2,
        "0.307": 2,
        "0.37442": 2,
        "0.39468": 2,
        "0.2309": 2,
        "0.32494": 2,
        "0.21528": 2,
        "0.48293": 2,
        "0.41117": 2,
        "0.36487": 2,
        "0.37818": 2,
        "0.23524": 2,
        "0.63397": 2,
        "0.70081": 2,
        "0.48351": 2,
        "0.23958": 2,
        "0.38426": 2,
        "0.26476": 2,
        "0.24711": 2,
        "0.50781": 2,
        "0.55411": 2,
        "0.51302": 2,
        "0.36372": 2,
        "0.22309": 2,
        "0.30758": 2,
        "0.20573": 2,
        "0.33218": 2,
        "0.36082": 2,
        "0.33015": 2,
        "0.47106": 2,
        "0.3831": 2,
        "0.26794": 2,
        "0.52546": 2,
        "0.29109": 2,
        "0.53993": 2,
        "0.27083": 2,
        "0.65943": 2,
        "0.31829": 2,
        "0.41551": 2,
        "0.52517": 2,
        "0.49363": 2,
        "0.25058": 2,
        "0.22367": 2,
        "0.31973": 2,
        "0.65914": 2,
        "0.46007": 2,
        "0.35069": 2,
        "0.38455": 2,
        "0.25897": 2,
        "0.40104": 2,
        "0.48322": 2,
        "0.36777": 2,
        "0.20341": 2,
        "0.21557": 2,
        "0.38079": 2,
        "0.24797": 2,
        "0.42593": 2,
        "0.31771": 2,
        "0.40046": 2,
        "0.24045": 2,
        "0.21904": 2,
        "0.25116": 2,
        "0.52083": 2,
        "0.26736": 2,
        "0.28588": 2,
        "0.3967": 2,
        "0.47164": 2,
        "0.36429": 2,
        "0.27575": 2,
        "0.4673": 2,
        "0.27431": 2,
        "0.17969": 2,
        "0.33247": 2,
        "0.40017": 2,
        "0.3614": 2,
        "0.28067": 2,
        "0.24826": 2,
        "0.32784": 2,
        "0.45341": 2,
        "0.38339": 2,
        "0.3776": 2,
        "0.33131": 2,
        "0.26591": 2,
        "0.26649": 2,
        "0.42101": 2,
        "0.68692": 2,
        "0.32118": 2,
        "0.36198": 2,
        "0.42477": 2,
        "0.28733": 2,
        "0.28414": 2,
        "0.57899": 2,
        "0.34288": 2,
        "0.41348": 2,
        "0.58275": 2,
        "0.48061": 2,
        "0.23264": 2,
        "0.57581": 2,
        "0.32031": 2,
        "0.29601": 2,
        "0.23177": 2,
        "0.34317": 2,
        "0.39439": 2,
        "0.2581": 2,
        "0.3316": 2,
        "0.38571": 2,
        "0.37037": 2,
        "0.36169": 2,
        "0.5651": 2,
        "0.22483": 2,
        "0.46036": 2,
        "0.81713": 2,
        "0.28993": 2,
        "0.25347": 2,
        "0.65451": 2,
        "0.33044": 2,
        "0.42274": 2,
        "0.21412": 2,
        "0.22801": 2,
        "0.26881": 2,
        "0.34664": 2,
        "0.28964": 2,
        "0.58304": 2,
        "0.38918": 2,
        "0.44907": 2,
        "0.29716": 2,
        "0.39554": 2,
        "0.2338": 2,
        "0.52025": 2,
        "0.42159": 2,
        "0.63368": 2,
        "0.37095": 2,
        "0.50579": 2,
        "0.29167": 2,
        "0.39381": 2,
        "0.34086": 2,
        "0.66435": 2,
        "0.56337": 2,
        "0.32263": 2,
        "0.39844": 2,
        "0.39207": 2,
        "0.37703": 2,
        "0.43837": 2,
        "0.28935": 2,
        "0.33883": 2,
        "0.40596": 2,
        "0.57263": 2,
        "0.44271": 2,
        "0.4077": 2,
        "0.21875": 2,
        "0.26302": 2,
        "0.33709": 2,
        "0.48264": 2,
        "0.4103": 2,
        "0.34606": 2,
        "0.24132": 2,
        "0.23814": 2,
        "0.25839": 2,
        "0.28704": 2,
        "0.35966": 2,
        "0.33681": 2,
        "0.34838": 2,
        "0.375": 2,
        "0.56539": 2,
        "0.36256": 2,
        "0.22193": 2,
        "0.18229": 2,
        "0.42216": 2,
        "0.261": 2,
        "0.36979": 2,
        "0.21644": 2,
        "0.46846": 2,
        "0.20862": 2,
        "0.26997": 2,
        "0.24769": 2,
        "0.43895": 2,
        "0.46354": 2,
        "0.27402": 2,
        "0.33999": 2,
        "0.32668": 2,
        "0.34346": 2,
        "0.32755": 2,
        "0.26215": 2,
        "0.42361": 2,
        "0.40712": 2,
        "0.55353": 2,
        "0.28617": 2,
        "0.3125": 2,
        "0.75145": 2,
        "0.5353": 2,
        "0.38628": 2,
        "0.28762": 2,
        "0.27894": 2,
        "0.42245": 2,
        "0.28848": 2,
        "0.61979": 2,
        "0.40075": 2,
        "0.37413": 2,
        "0.32234": 2,
        "0.53009": 2,
        "0.21383": 2,
        "0.26071": 2,
        "0.21817": 2,
        "0.53241": 2,
        "0.28328": 2,
        "0.43721": 2,
        "0.19213": 2,
        "0.16059": 2,
        "0.22512": 2,
        "0.35648": 2,
        "0.34983": 2,
        "0.27836": 2,
        "0.34896": 2,
        "0.36921": 2,
        "0.22946": 2,
        "0.19329": 2,
        "0.36516": 2,
        "0.55584": 2,
        "0.44647": 2,
        "0.88108": 2,
        "0.2283": 2,
        "0.29688": 2,
        "0.37008": 2,
        "0.30295": 2,
        "0.39959": 2,
        "0.22569": 2,
        "0.48929": 2,
        "0.568": 2,
        "0.66811": 2,
        "0.26534": 2,
        "0.24277": 1,
        "0.52199": 1,
        "0.50318": 1,
        "0.48206": 1,
        "0.4919": 1,
        "0.64757": 1,
        "0.69589": 1,
        "0.52344": 1,
        "0.41782": 1,
        "0.56453": 1,
        "0.4375": 1,
        "0.55064": 1,
        "0.73235": 1,
        "0.50463": 1,
        "0.52373": 1,
        "0.89005": 1,
        "0.65509": 1,
        "0.36024": 1,
        "0.30845": 1,
        "0.70804": 1,
        "0.49161": 1,
        "0.45486": 1,
        "0.80613": 1,
        "0.47917": 1,
        "0.62211": 1,
        "0.79601": 1,
        "0.22454": 1,
        "0.74479": 1,
        "0.45023": 1,
        "0.41638": 1,
        "0.4239": 1,
        "0.75984": 1,
        "0.34751": 1,
        "0.41175": 1,
        "0.3452": 1,
        "0.49306": 1,
        "0.32176": 1,
        "0.62471": 1,
        "0.53328": 1,
        "0.443": 1,
        "0.63137": 1,
        "0.30035": 1,
        "0.66377": 1,
        "0.76736": 1,
        "0.4265": 1,
        "0.70428": 1,
        "0.93142": 1,
        "0.50521": 1,
        "0.6386": 1,
        "0.60938": 1,
        "0.46875": 1,
        "0.28009": 1,
        "0.84896": 1,
        "0.75376": 1,
        "0.64931": 1,
        "0.2827": 1,
        "0.6441": 1,
        "0.71181": 1,
        "0.45255": 1,
        "0.27865": 1,
        "0.37529": 1,
        "0.27749": 1,
        "0.59606": 1,
        "0.73322": 1,
        "0.39294": 1,
        "0.45804": 1,
        "0.96788": 1,
        "0.64381": 1,
        "0.57784": 1,
        "0.59838": 1,
        "0.74016": 1,
        "0.75868": 1,
        "0.48727": 1,
        "0.60532": 1,
        "0.5787": 1,
        "0.57089": 1,
        "0.33362": 1,
        "0.83449": 1,
        "0.83796": 1,
        "0.31684": 1,
        "0.59635": 1,
        "0.3397": 1,
        "0.63918": 1,
        "0.45544": 1,
        "0.53096": 1,
        "0.48698": 1,
        "0.53356": 1,
        "0.83912": 1,
        "0.8669": 1,
        "0.51071": 1,
        "0.35127": 1,
        "0.6794": 1,
        "0.52894": 1,
        "0.76302": 1,
        "0.6522": 1,
        "0.50347": 1,
        "0.53704": 1,
        "0.88223": 1,
        "0.46094": 1,
        "0.51852": 1,
        "0.5816": 1,
        "0.5599": 1,
        "0.35706": 1,
        "0.50608": 1,
        "0.41898": 1,
        "0.27199": 1,
        "0.25579": 1,
        "0.48611": 1,
        "0.39149": 1,
        "0.33391": 1,
        "0.53733": 1,
        "0.58912": 1,
        "0.26852": 1,
        "0.74103": 1,
        "0.60214": 1,
        "0.71933": 1,
        "0.47569": 1,
        "0.38223": 1,
        "0.39525": 1,
        "0.19618": 1,
        "0.32928": 1,
        "0.65191": 1,
        "0.53559": 1,
        "0.21759": 1,
        "0.72917": 1,
        "0.59578": 1,
        "0.2908": 1,
        "0.45775": 1,
        "0.32726": 1,
        "0.3941": 1,
        "0.37182": 1,
        "0.93837": 1,
        "0.51389": 1,
        "0.72164": 1,
        "0.54919": 1,
        "0.56887": 1,
        "0.31539": 1,
        "0.32407": 1,
        "0.6412": 1,
        "0.76071": 1,
        "0.63281": 1,
        "0.44039": 1,
        "0.26823": 1,
        "0.80932": 1,
        "0.58362": 1,
        "0.46441": 1,
        "0.52807": 1,
        "0.4566": 1,
        "0.36719": 1,
        "0.64468": 1,
        "0.489": 1,
        "0.63194": 1,
        "0.35156": 1,
        "0.49479": 1,
        "0.40422": 1,
        "0.44792": 1,
        "0.45862": 1,
        "0.27604": 1,
        "0.39583": 1,
        "0.40972": 1,
        "0.54601": 1,
        "0.37587": 1,
        "0.58015": 1,
        "0.35446": 1,
        "0.53762": 1,
        "0.25637": 1,
        "0.47541": 1,
        "0.57176": 1,
        "0.318": 1,
        "0.75": 1,
        "0.37847": 1,
        "0.81973": 1,
        "0.66406": 1,
        "0.40162": 1,
        "0.32378": 1,
        "0.78964": 1,
        "0.56626": 1,
        "0.32639": 1,
        "0.48524": 1,
        "0.46325": 1,
        "0.44763": 1,
        "0.46123": 1,
        "0.65133": 1,
        "0.79456": 1,
        "0.34925": 1,
        "0.17911": 1,
        "0.33912": 1,
        "0.44242": 1,
        "0.50955": 1,
        "0.47193": 1,
        "0.61285": 1,
        "0.35677": 1,
        "0.66985": 1,
        "0.39497": 1,
        "0.65249": 1,
        "0.29948": 1,
        "0.53212": 1,
        "0.51794": 1,
        "0.3099": 1,
        "0.57552": 1,
        "0.41522": 1,
        "0.34404": 1,
        "0.5081": 1,
        "0.39091": 1,
        "0.76013": 1,
        "0.29051": 1,
        "0.53791": 1,
        "0.71383": 1,
        "0.42303": 1,
        "0.43519": 1,
        "0.6114": 1,
        "0.77228": 1,
        "0.29369": 1,
        "0.27141": 1,
        "0.69039": 1,
        "0.35214": 1,
        "0.45052": 1,
        "0.45313": 1,
        "0.31597": 1,
        "0.38021": 1,
        "0.37616": 1,
        "0.31019": 1,
        "0.58709": 1,
        "0.34259": 1,
        "0.48843": 1,
        "0.7364": 1,
        "0.43808": 1,
        "0.44676": 1,
        "0.5162": 1,
        "0.30093": 1,
        "0.63571": 1,
        "0.3695": 1,
        "0.42622": 1,
        "0.51939": 1,
        "0.77662": 1,
        "0.49884": 1,
        "0.32465": 1,
        "0.85041": 1,
        "0.25087": 1,
        "0.54832": 1,
        "0.66262": 1,
        "0.80266": 1,
        "0.75637": 1,
        "0.44994": 1,
        "0.67448": 1,
        "0.70052": 1,
        "0.93432": 1,
        "0.40799": 1,
        "0.42448": 1,
        "0.72338": 1,
        "0.82436": 1,
        "0.53646": 1,
        "0.27691": 1,
        "0.9103": 1,
        "0.51563": 1,
        "0.47338": 1,
        "0.89236": 1,
        "0.19097": 1,
        "0.4048": 1,
        "0.94126": 1,
        "0.61024": 1,
        "0.44821": 1,
        "0.73727": 1,
        "0.64497": 1,
        "0.34201": 1,
        "0.95457": 1,
        "0.37211": 1,
        "0.9022": 1,
        "0.45602": 1,
        "0.81308": 1,
        "0.36574": 1,
        "0.77778": 1,
        "0.39265": 1,
        "0.60619": 1,
        "0.60735": 1,
        "0.62037": 1,
        "0.50984": 1,
        "0.37905": 1,
        "0.61806": 1,
        "0.66319": 1,
        "0.55006": 1,
        "0.57986": 1,
        "0.32841": 1,
        "0.41869": 1,
        "0.4728": 1,
        "0.56424": 1,
        "0.68895": 1,
        "0.40885": 1,
        "0.35938": 1,
        "0.36863": 1,
        "0.35995": 1,
        "0.31887": 1,
        "0.40191": 1,
        "0.44473": 1,
        "0.25694": 1,
        "0.37992": 1,
        "0.50203": 1,
        "0.23669": 1,
        "0.49132": 1,
        "0.5136": 1,
        "0.27517": 1,
        "0.60156": 1,
        "0.47251": 1,
        "0.43056": 1,
        "0.66609": 1,
        "0.55642": 1,
        "0.41233": 1,
        "0.55093": 1,
        "0.55874": 1,
        "0.50839": 1,
        "0.4974": 1,
        "0.49942": 1,
        "0.96412": 1,
        "0.57205": 1,
        "0.47946": 1,
        "0.59288": 1,
        "0.47454": 1,
        "0.60417": 1,
        "0.52315": 1,
        "0.35243": 1,
        "0.61487": 1,
        "0.49103": 1,
        "0.37645": 1,
        "0.53385": 1,
        "0.32552": 1,
        "0.3805": 1,
        "0.35098": 1,
        "0.55324": 1,
        "0.55903": 1,
        "0.53067": 1,
        "0.52662": 1,
        "0.39005": 1,
        "0.38947": 1,
        "0.45573": 1,
        "0.45284": 1,
        "0.49392": 1,
        "0.45226": 1,
        "0.72106": 1,
        "0.29745": 1,
        "0.23061": 1,
        "0.61256": 1,
        "0.48669": 1,
        "0.85098": 1,
        "0.18432": 1,
        "0.50116": 1,
        "0.37789": 1,
        "0.54051": 1,
        "0.34115": 1,
        "0.65856": 1,
        "0.56279": 1,
        "0.26186": 1,
        "0.61545": 1,
        "0.27778": 1,
        "0.46296": 1,
        "0.58767": 1,
        "0.3015": 1,
        "0.3235": 1,
        "0.48003": 1,
        "0.44387": 1,
        "0.2717": 1,
        "0.9184": 1,
        "0.48872": 1,
        "0.49855": 1,
        "0.31279": 1,
        "0.52488": 1,
        "0.44965": 1,
        "0.40943": 1,
        "0.38744": 1,
        "0.24884": 1,
        "0.57668": 1,
        "0.70226": 1,
        "0.29282": 1,
        "0.30064": 1,
        "0.77257": 1,
        "0.40625": 1,
        "0.66291": 1,
        "0.80874": 1,
        "0.41985": 1,
        "0.74913": 1,
        "0.85793": 1,
        "0.39815": 1,
        "0.18779": 1,
        "0.36834": 1,
        "0.69705": 1,
        "0.24913": 1,
        "0.42564": 1,
        "0.65422": 1,
        "0.41146": 1,
        "0.34954": 1,
        "0.49711": 1,
        "0.35503": 1,
        "0.39323": 1,
        "0.9158": 1,
        "0.19589": 1,
        "0.92101": 1,
        "0.27025": 1,
        "0.33594": 1,
        "0.39757": 1,
        "0.5298": 1,
        "0.35012": 1,
        "0.94589": 1,
        "0.53154": 1,
        "0.693": 1,
        "0.36892": 1,
        "0.32957": 1,
        "0.41811": 1,
        "0.67361": 1,
        "0.70197": 1,
        "0.50405": 1,
        "0.39786": 1,
        "0.61632": 1,
        "0.62876": 1,
        "0.33275": 1,
        "0.38194": 1,
        "0.61516": 1,
        "0.46672": 1,
        "0.28819": 1,
        "0.49074": 1,
        "0.4456": 1,
        "0.56019": 1,
        "0.44329": 1,
        "0.30324": 1,
        "0.71296": 1,
        "0.4349": 1,
        "0.44444": 1,
        "0.84838": 1,
        "0.6684": 1,
        "0.83507": 1,
        "0.40278": 1,
        "0.79543": 1,
        "0.81134": 1,
        "0.47685": 1,
        "0.29977": 1,
        "0.47801": 1,
        "0.58854": 1,
        "0.30208": 1,
        "0.6739": 1,
        "0.68866": 1,
        "0.89352": 1,
        "0.76389": 1,
        "0.39178": 1,
        "0.38137": 1,
        "0.48148": 1,
        "0.3886": 1,
        "0.30122": 1,
        "0.69994": 1,
        "0.36343": 1,
        "0.89207": 1,
        "0.64902": 1,
        "0.72078": 1,
        "0.23987": 1,
        "0.57118": 1,
        "0.71065": 1,
        "0.52228": 1,
        "0.42737": 1,
        "0.27228": 1,
        "0.26244": 1,
        "0.42679": 1,
        "0.55816": 1,
        "0.47772": 1,
        "0.49219": 1,
        "0.49277": 1,
        "0.35475": 1,
        "0.67795": 1,
        "0.79659": 1,
        "0.60012": 1,
        "0.40683": 1,
        "0.29196": 1,
        "0.42766": 1,
        "0.31944": 1,
        "0.72396": 1,
        "0.77604": 1,
        "0.77749": 1,
        "0.40394": 1,
        "0.42911": 1,
        "0.41464": 1,
        "0.37934": 1,
        "0.25666": 1,
        "0.41088": 1,
        "0.31366": 1,
        "0.85677": 1,
        "0.74971": 1,
        "0.51244": 1,
        "0.42072": 1,
        "0.33449": 1,
        "0.40856": 1,
        "0.62297": 1,
        "0.95023": 1,
        "0.82147": 1,
        "0.35532": 1,
        "0.4294": 1,
        "0.52286": 1,
        "0.74624": 1,
        "0.36458": 1,
        "0.26563": 1,
        "0.31308": 1,
        "0.38484": 1,
        "0.54456": 1,
        "0.60822": 1,
        "0.47512": 1,
        "0.60966": 1,
        "0.43113": 1,
        "0.56713": 1,
        "0.38831": 1,
        "0.72598": 1,
        "0.69792": 1,
        "0.73264": 1,
        "0.35764": 1,
        "0.71036": 1,
        "0.53501": 1,
        "0.54369": 1,
        "0.30179": 1,
        "0.38108": 1,
        "0.71209": 1,
        "0.51273": 1,
        "0.22049": 1,
        "0.29861": 1,
        "0.38802": 1,
        "0.55469": 1,
        "0.43432": 1,
        "0.97512": 1,
        "0.81163": 1,
        "0.90249": 1,
        "0.51013": 1,
        "0.45689": 1,
        "0.4945": 1,
        "0.44358": 1,
        "0.35909": 1,
        "0.44589": 1,
        "0.56163": 1,
        "0.761": 1,
        "0.87818": 1,
        "0.75405": 1,
        "0.39034": 1,
        "0.7581": 1,
        "0.59201": 1,
        "0.49797": 1,
        "0.47888": 1,
        "0.34491": 1,
        "0.39063": 1,
        "0.46412": 1,
        "0.51215": 1,
        "0.93663": 1,
        "0.33825": 1,
        "0.86053": 1,
        "0.80324": 1,
        "0.37124": 1,
        "0.53588": 1,
        "0.37558": 1,
        "0.98698": 1,
        "0.33738": 1,
        "0.56481": 1,
        "0.40741": 1,
        "0.70457": 1,
        "0.44184": 1,
        "0.59144": 1,
        "0.59086": 1,
        "0.78733": 1,
        "0.6224": 1,
        "0.56684": 1,
        "0.63715": 1,
        "0.54948": 1,
        "0.36632": 1,
        "0.67564": 1,
        "0.66175": 1,
        "0.27112": 1,
        "0.46615": 1,
        "0.4592": 1,
        "0.37731": 1,
        "0.33536": 1,
        "0.28501": 1,
        "0.59491": 1,
        "0.3151": 1,
        "0.71615": 1,
        "0.40567": 1,
        "0.33854": 1,
        "0.50376": 1,
        "0.68981": 1,
        "0.28646": 1,
        "0.2636": 1,
        "0.26013": 1,
        "0.76997": 1,
        "0.55556": 1,
        "0.82089": 1
    },
    "nrows": 58310
}