{
    "column_id": "oml_dataset_35_rnc/oml_dataset_35_rnc.csvoml_dataset_35_rnc.csv/c_84",
    "dataset_name": "oml_dataset_35_rnc.csv",
    "dataset_id": "oml_dataset_35_rnc/oml_dataset_35_rnc.csv",
    "path": "/home/ubuntu/CatDB/Experiments/data/oml_dataset_35_rnc/oml_dataset_35_rnc.csv",
    "table_name": "oml_dataset_35_rnc.csv",
    "table_id": "oml_dataset_35_rnc/oml_dataset_35_rnc.csvoml_dataset_35_rnc.csv",
    "column_name": "c_84",
    "data_source": "oml_dataset_35_rnc",
    "data_type": "float",
    "total_values_count": 58310,
    "distinct_values_count": 1859,
    "missing_values_count": 0,
    "true_ratio": null,
    "min_value": 0.0,
    "max_value": 1.0,
    "mean": 0.021910285878580005,
    "median": 0.0,
    "iqr": 0.0011574,
    "category_values": [
        0.12037,
        0.18374,
        0.0,
        0.0040509,
        0.81597,
        0.0017361,
        0.0052083,
        0.0011574,
        0.004919,
        0.10272,
        0.0078125,
        0.0089699,
        0.035012,
        0.010706,
        0.00028935,
        0.032986,
        0.29774,
        0.0028935,
        0.0023148,
        0.077836,
        0.0014468,
        0.136,
        0.18461,
        0.10359,
        0.0066551,
        0.4809,
        0.022569,
        0.0026042,
        0.039352,
        0.0072338,
        0.033275,
        0.010127,
        0.11632,
        0.0005787,
        0.081887,
        0.024884,
        0.027778,
        0.14728,
        0.02228,
        0.0037616,
        0.0086806,
        0.015914,
        0.0020255,
        0.37211,
        0.14902,
        0.092882,
        0.010417,
        0.14352,
        0.34057,
        0.0043403,
        0.009838,
        0.026331,
        0.00086806,
        0.08478,
        0.046296,
        0.014757,
        0.0761,
        0.029225,
        0.050347,
        0.18779,
        0.0046296,
        0.011285,
        0.098669,
        0.0083912,
        0.014468,
        0.043692,
        0.0095486,
        0.99855,
        0.0031829,
        0.0092593,
        0.46412,
        0.040509,
        0.22627,
        0.037616,
        0.1522,
        0.019965,
        0.0034722,
        0.016204,
        0.24682,
        0.074363,
        0.18229,
        0.019387,
        0.019097,
        0.62182,
        0.81742,
        0.034433,
        0.0069444,
        0.078414,
        0.30729,
        0.50955,
        0.005787,
        0.03588,
        0.011863,
        0.0060764,
        0.073495,
        0.19618,
        0.16377,
        0.021701,
        0.023727,
        0.85706,
        0.063657,
        0.99797,
        0.014178,
        0.010995,
        0.055266,
        0.043113,
        0.04485,
        0.24508,
        0.13426,
        0.062211,
        0.032407,
        0.039063,
        0.021412,
        0.0075231,
        0.98177,
        0.013021,
        0.57813,
        0.022859,
        0.44387,
        0.94821,
        0.14091,
        0.1169,
        0.055845,
        0.3099,
        0.18808,
        0.27865,
        0.14236,
        0.44184,
        0.24797,
        0.25868,
        0.030093,
        0.0136,
        0.074942,
        0.024016,
        0.090278,
        0.064236,
        0.026042,
        0.60185,
        0.011574,
        0.038194,
        0.15972,
        0.017072,
        0.18634,
        0.041667,
        0.078704,
        0.02662,
        0.084491,
        0.19792,
        0.0063657,
        0.025174,
        0.048032,
        0.40017,
        0.046875,
        0.80729,
        0.0081019,
        0.15249,
        0.015046,
        0.043403,
        0.023148,
        0.072049,
        0.29022,
        0.52633,
        0.016782,
        0.030671,
        0.15538,
        0.019676,
        0.057581,
        0.041088,
        0.2338,
        0.051505,
        0.59317,
        0.52778,
        0.0054977,
        0.17361,
        0.061343,
        0.01331,
        0.069444,
        0.064815,
        0.12269,
        0.085648,
        0.049479,
        0.057292,
        0.10156,
        0.028646,
        0.01794,
        0.45168,
        0.84115,
        0.052083,
        0.018808,
        0.013889,
        0.020833,
        0.058449,
        0.36458,
        0.13166,
        0.041377,
        0.020544,
        0.14381,
        0.94994,
        0.084201,
        0.12992,
        0.26447,
        0.040799,
        0.012153,
        0.020255,
        0.47251,
        0.18866,
        0.114,
        0.2445,
        0.039641,
        0.51881,
        0.75174,
        0.021123,
        0.54572,
        0.052373,
        0.10069,
        0.34635,
        0.37876,
        0.024595,
        1.0,
        0.059317,
        0.9592,
        0.016493,
        0.081019,
        0.030382,
        0.69242,
        0.063947,
        0.037326,
        0.068866,
        0.10677,
        0.11169,
        0.27286,
        0.036169,
        0.38657,
        0.015336,
        0.12211,
        0.095775,
        0.1386,
        0.15914,
        0.060764,
        0.06684,
        0.031539,
        0.29398,
        0.10417,
        0.050926,
        0.88571,
        0.13223,
        0.38889,
        0.031829,
        0.015625,
        0.11256,
        0.13976,
        0.16725,
        0.04919,
        0.041956,
        0.28414,
        0.054977,
        0.012731,
        0.12674,
        0.012442,
        0.048611,
        0.49826,
        0.10127,
        0.12153,
        0.56279,
        0.66348,
        0.087384,
        0.6195,
        0.057002,
        0.029803,
        0.87153,
        0.13021,
        0.14323,
        0.082176,
        0.42622,
        0.3478,
        0.11545,
        0.33536,
        0.052951,
        0.071181,
        0.11863,
        0.060475,
        0.094618,
        0.68895,
        0.48206,
        0.070891,
        0.071759,
        0.03125,
        0.49884,
        0.025463,
        0.13455,
        0.53704,
        0.14063,
        0.0489,
        0.028935,
        0.092593,
        0.024306,
        0.35938,
        0.035301,
        0.060185,
        0.12789,
        0.033854,
        0.04022,
        0.39381,
        0.97396,
        0.38542,
        0.31858,
        0.27431,
        0.10851,
        0.070602,
        0.36314,
        0.15596,
        0.61487,
        0.18316,
        0.056424,
        0.087963,
        0.029514,
        0.39931,
        0.20862,
        0.72193,
        0.079572,
        0.027488,
        0.03559,
        0.11921,
        0.054109,
        0.028356,
        0.28848,
        0.42274,
        0.49624,
        0.20139,
        0.1713,
        0.27025,
        0.10648,
        0.049769,
        0.028067,
        0.51939,
        0.033565,
        0.045718,
        0.13744,
        0.1603,
        0.15104,
        0.13628,
        0.67188,
        0.21933,
        0.27604,
        0.02691,
        0.52315,
        0.43605,
        0.60417,
        0.095197,
        0.12703,
        0.66262,
        0.082755,
        0.17766,
        0.12847,
        0.18605,
        0.29572,
        0.069155,
        0.44907,
        0.193,
        0.38802,
        0.28906,
        0.30556,
        0.050058,
        0.59144,
        0.091435,
        0.20284,
        0.073785,
        0.32407,
        0.20718,
        0.018519,
        0.045139,
        0.14468,
        0.84288,
        0.097222,
        0.12182,
        0.23003,
        0.99769,
        0.039931,
        0.13831,
        0.066262,
        0.21296,
        0.11603,
        0.25203,
        0.21991,
        0.2011,
        0.21904,
        0.17188,
        0.99566,
        0.5923,
        0.06713,
        0.42361,
        0.086516,
        0.1305,
        0.48495,
        0.10098,
        0.12297,
        0.067708,
        0.41291,
        0.2228,
        0.48466,
        0.13715,
        0.097512,
        0.20631,
        0.034144,
        0.9919,
        0.98495,
        0.017361,
        0.21036,
        0.15799,
        0.093461,
        0.061053,
        0.053819,
        0.068576,
        0.032118,
        0.2853,
        0.71933,
        0.056713,
        0.066551,
        0.65075,
        0.22772,
        0.030961,
        0.39034,
        0.059028,
        0.077546,
        0.10938,
        0.065104,
        0.091725,
        0.53762,
        0.75723,
        0.16638,
        0.10995,
        0.35793,
        0.72049,
        0.025752,
        0.33275,
        0.11892,
        0.075231,
        0.051794,
        0.25,
        0.053241,
        0.28183,
        0.037037,
        0.17593,
        0.045428,
        0.57031,
        0.84404,
        0.33912,
        0.49797,
        0.16551,
        0.076389,
        0.1794,
        0.51273,
        0.05787,
        0.31944,
        0.60069,
        0.021991,
        0.023438,
        0.39988,
        0.50058,
        0.027199,
        0.14815,
        0.11429,
        0.099537,
        0.088831,
        0.88368,
        0.78646,
        0.29369,
        0.99074,
        0.14641,
        0.15828,
        0.62297,
        0.17506,
        0.4783,
        0.14005,
        0.085938,
        0.46615,
        0.05353,
        0.16696,
        0.20197,
        0.058738,
        0.28791,
        0.034722,
        0.28559,
        0.3423,
        0.072917,
        0.40799,
        0.307,
        0.2037,
        0.047164,
        0.090856,
        0.10822,
        0.15278,
        0.3287,
        0.57234,
        0.14497,
        0.21267,
        0.55411,
        0.23032,
        0.032697,
        0.042535,
        0.054398,
        0.2691,
        0.059896,
        0.24942,
        0.13802,
        0.1088,
        0.59086,
        0.070023,
        0.37269,
        0.18142,
        0.70284,
        0.046586,
        0.036748,
        0.31568,
        0.46036,
        0.44531,
        0.10764,
        0.067998,
        0.072338,
        0.61603,
        0.48293,
        0.69473,
        0.080729,
        0.1765,
        0.18084,
        0.21788,
        0.21817,
        0.018229,
        0.01765,
        0.12442,
        0.27373,
        0.22049,
        0.33738,
        0.14149,
        0.23872,
        0.6467,
        0.99942,
        0.10388,
        0.047454,
        0.059606,
        0.08044,
        0.081308,
        0.089699,
        0.07581,
        0.20457,
        0.099826,
        0.99219,
        0.81481,
        0.46904,
        0.065683,
        0.31829,
        0.125,
        0.23987,
        0.13686,
        0.10243,
        0.20255,
        0.19444,
        0.23958,
        0.094907,
        0.85561,
        0.7147,
        0.17101,
        0.46817,
        0.13773,
        0.067419,
        0.14931,
        0.56453,
        0.22367,
        0.73409,
        0.28299,
        0.37616,
        0.061921,
        0.05816,
        0.29311,
        0.04456,
        0.077257,
        0.12731,
        0.13108,
        0.038484,
        0.4022,
        0.21499,
        0.13571,
        0.38513,
        0.065394,
        0.054688,
        0.037905,
        0.54774,
        0.26186,
        0.061632,
        0.31192,
        0.29485,
        0.042245,
        0.45284,
        0.53096,
        0.54138,
        0.10966,
        0.71759,
        0.17969,
        0.99913,
        0.56944,
        0.16811,
        0.5897,
        0.083044,
        0.39439,
        0.073206,
        0.99884,
        0.050637,
        0.50752,
        0.23524,
        0.38918,
        0.22946,
        0.15162,
        0.49855,
        0.37558,
        0.17014,
        0.15683,
        0.11053,
        0.042824,
        0.46354,
        0.45457,
        0.13252,
        0.46672,
        0.98264,
        0.41059,
        0.12326,
        0.26968,
        0.0625,
        0.24711,
        0.10706,
        0.062789,
        0.1548,
        0.24016,
        0.092303,
        0.11372,
        0.88484,
        0.11979,
        0.26823,
        0.11777,
        0.20573,
        0.3669,
        0.074074,
        0.90191,
        0.66493,
        0.082465,
        0.16348,
        0.26881,
        0.3342,
        0.27691,
        0.43519,
        0.19589,
        0.16117,
        0.79398,
        0.11082,
        0.51591,
        0.036458,
        0.16319,
        0.19965,
        0.046007,
        0.22309,
        0.22512,
        0.048322,
        0.21152,
        0.58044,
        0.3235,
        0.13484,
        0.19531,
        0.14699,
        0.044271,
        0.15943,
        0.76071,
        0.35185,
        0.13918,
        0.78385,
        0.84259,
        0.35995,
        0.71325,
        0.18692,
        0.76968,
        0.24334,
        0.063368,
        0.44589,
        0.052662,
        0.48727,
        0.73814,
        0.11487,
        0.17477,
        0.18981,
        0.28356,
        0.14265,
        0.6849,
        0.35417,
        0.070313,
        0.14873,
        0.10012,
        0.12934,
        0.54659,
        0.16146,
        0.59578,
        0.23582,
        0.097801,
        0.625,
        0.19039,
        0.70718,
        0.068287,
        0.064525,
        0.32234,
        0.68866,
        0.24769,
        0.16464,
        0.44155,
        0.22425,
        0.14554,
        0.34115,
        0.55295,
        0.21586,
        0.31221,
        0.43634,
        0.37153,
        0.47367,
        0.17853,
        0.51418,
        0.076678,
        0.51736,
        0.44821,
        0.21383,
        0.26128,
        0.26649,
        0.89207,
        0.19676,
        0.096354,
        0.28588,
        0.20341,
        0.081597,
        0.051215,
        0.33015,
        0.1033,
        0.59259,
        0.27951,
        0.2963,
        0.70689,
        0.50839,
        0.26794,
        0.8478,
        0.48958,
        0.29543,
        0.083623,
        0.12124,
        0.24277,
        0.16493,
        0.055556,
        0.07147,
        0.11458,
        0.66667,
        0.15191,
        0.55961,
        0.091146,
        0.15422,
        0.18056,
        0.29688,
        0.28385,
        0.38571,
        0.97106,
        0.557,
        0.14034,
        0.11198,
        0.15712,
        0.17622,
        0.12876,
        0.13889,
        0.29282,
        0.16175,
        0.28009,
        0.32755,
        0.5515,
        0.08912,
        0.32378,
        0.038773,
        0.096065,
        0.20689,
        0.33941,
        0.77315,
        0.30642,
        0.3044,
        0.58073,
        0.8559,
        0.36834,
        0.80498,
        0.46962,
        0.5842,
        0.37963,
        0.83478,
        0.7555,
        0.19068,
        0.2173,
        0.078993,
        0.64149,
        0.45891,
        0.31047,
        0.23843,
        0.99277,
        0.088252,
        0.065972,
        0.19242,
        0.32465,
        0.69039,
        0.24248,
        0.38108,
        0.48438,
        0.50868,
        0.17274,
        0.39497,
        0.57986,
        0.68287,
        0.056134,
        0.77228,
        0.088542,
        0.65104,
        0.1412,
        0.89178,
        0.3452,
        0.45428,
        0.14439,
        0.31655,
        0.39554,
        0.40451,
        0.17708,
        0.085359,
        0.23061,
        0.12558,
        0.56308,
        0.085069,
        0.33478,
        0.094329,
        0.16204,
        0.086227,
        0.89352,
        0.22222,
        0.45515,
        0.99595,
        0.37095,
        0.93576,
        0.11285,
        0.61661,
        0.55035,
        0.15307,
        0.17911,
        0.12066,
        0.89063,
        0.44734,
        0.1658,
        0.21238,
        0.20833,
        0.40104,
        0.19271,
        0.40828,
        0.21557,
        0.11574,
        0.075521,
        0.17419,
        0.16869,
        0.24074,
        0.32292,
        0.60012,
        0.078125,
        0.096644,
        0.19821,
        0.76042,
        0.13397,
        0.32147,
        0.86111,
        0.17882,
        0.1195,
        0.20052,
        0.15451,
        0.093171,
        0.13194,
        0.069734,
        0.076968,
        0.92477,
        0.63571,
        0.93981,
        0.087674,
        0.16927,
        0.10446,
        0.079282,
        0.23756,
        0.090567,
        0.97917,
        0.87442,
        0.24479,
        0.40683,
        0.69589,
        0.29225,
        0.93374,
        0.58623,
        0.64294,
        0.52054,
        0.36082,
        0.28212,
        0.364,
        0.16522,
        0.30498,
        0.19936,
        0.95284,
        0.67216,
        0.48553,
        0.12529,
        0.3125,
        0.25926,
        0.57118,
        0.19734,
        0.67274,
        0.43461,
        0.61053,
        0.19994,
        0.34317,
        0.25434,
        0.20399,
        0.44068,
        0.25984,
        0.14988,
        0.49537,
        0.75434,
        0.95486,
        0.81163,
        0.58912,
        0.16985,
        0.27199,
        0.36024,
        0.23177,
        0.63976,
        0.20515,
        0.12355,
        0.93866,
        0.4213,
        0.99016,
        0.30527,
        0.91088,
        0.50579,
        0.54167,
        0.51128,
        0.33073,
        0.15017,
        0.28877,
        0.61545,
        0.84867,
        0.85735,
        0.72685,
        0.74103,
        0.54051,
        0.12095,
        0.18345,
        0.28733,
        0.66464,
        0.56366,
        0.19126,
        0.12818,
        0.13542,
        0.14612,
        0.094039,
        0.41667,
        0.043981,
        0.73235,
        0.77402,
        0.98814,
        0.24537,
        0.079861,
        0.32639,
        0.12384,
        0.083333,
        0.63281,
        0.27807,
        0.18953,
        0.60735,
        0.19502,
        0.33333,
        0.063079,
        0.22714,
        0.39873,
        0.511,
        0.11719,
        0.09809,
        0.31163,
        0.53733,
        0.68924,
        0.23351,
        0.40509,
        0.70949,
        0.79659,
        0.74971,
        0.20602,
        0.90625,
        0.261,
        0.16898,
        0.072627,
        0.6386,
        0.1441,
        0.88397,
        0.52199,
        0.09838,
        0.76273,
        0.386,
        0.64641,
        0.2717,
        0.14207,
        0.49971,
        0.13137,
        0.69097,
        0.37818,
        0.10561,
        0.57755,
        0.47049,
        0.16956,
        0.23785,
        0.66377,
        0.54514,
        0.64757,
        0.19647,
        0.38686,
        0.27749,
        0.22743,
        0.11834,
        0.45081,
        0.70255,
        0.25694,
        0.82581,
        0.32176,
        0.49306,
        0.45052,
        0.67072,
        0.26157,
        0.23611,
        0.52228,
        0.51215,
        0.16435,
        0.27575,
        0.14786,
        0.26997,
        0.59462,
        0.17535,
        0.4919,
        0.99103,
        0.41319,
        0.086806,
        0.23119,
        0.1331,
        0.10214,
        0.30353,
        0.5625,
        0.15365,
        0.10185,
        0.33189,
        0.80556,
        0.2147,
        0.90885,
        0.30961,
        0.33883,
        0.10909,
        0.99248,
        0.19329,
        0.2662,
        0.36892,
        0.33362,
        0.13657,
        0.2283,
        0.93519,
        0.64815,
        0.34433,
        0.40972,
        0.24306,
        0.31887,
        0.36256,
        0.57436,
        0.32523,
        0.44878,
        0.089988,
        0.12008,
        0.91609,
        0.38744,
        0.64728,
        0.48872,
        0.28154,
        0.40654,
        0.54977,
        0.17072,
        0.29803,
        0.97483,
        0.27315,
        0.29514,
        0.10735,
        0.13947,
        0.30584,
        0.22541,
        0.31626,
        0.71094,
        0.2202,
        0.12616,
        0.59346,
        0.29167,
        0.38426,
        0.25637,
        0.32928,
        0.52546,
        0.25405,
        0.53501,
        0.58709,
        0.20428,
        0.33449,
        0.16291,
        0.22454,
        0.48582,
        0.8588,
        0.83738,
        0.32002,
        0.44676,
        0.11343,
        0.57002,
        0.23264,
        0.43345,
        0.23929,
        0.14525,
        0.43981,
        0.1114,
        0.81366,
        0.48032,
        0.35388,
        0.16059,
        0.34983,
        0.26042,
        0.43692,
        0.19097,
        0.35561,
        0.31134,
        0.44705,
        0.1875,
        0.74161,
        0.21412,
        0.15567,
        0.22656,
        0.13079,
        0.083912,
        0.67882,
        0.81453,
        0.31539,
        0.69936,
        0.26418,
        0.18113,
        0.8912,
        0.6739,
        0.1684,
        0.64988,
        0.13513,
        0.52662,
        0.239,
        0.76013,
        0.70573,
        0.94329,
        0.99479,
        0.68084,
        0.54803,
        0.68692,
        0.23727,
        0.4375,
        0.10532,
        0.15654,
        0.27662,
        0.54485,
        0.15336,
        0.10475,
        0.17043,
        0.56568,
        0.4702,
        0.818,
        0.48785,
        0.42564,
        0.19878,
        0.46209,
        0.99971,
        0.36227,
        0.65799,
        0.16782,
        0.53385,
        0.27922,
        0.28125,
        0.73438,
        0.92593,
        0.21441,
        0.81568,
        0.39091,
        0.21962,
        0.59549,
        0.76389,
        0.95544,
        0.30787,
        0.94618,
        0.21094,
        0.047743,
        0.68171,
        0.97743,
        0.25723,
        0.10301,
        0.68605,
        0.67998,
        0.45775,
        0.40046,
        0.24421,
        0.98553,
        0.74421,
        0.26071,
        0.69965,
        0.41493,
        0.12471,
        0.63194,
        0.64931,
        0.26534,
        0.08015,
        0.19907,
        0.28241,
        0.489,
        0.99508,
        0.92043,
        0.62008,
        0.78096,
        0.71846,
        0.29716,
        0.91175,
        0.10793,
        0.11748,
        0.51302,
        0.39728,
        0.46267,
        0.20313,
        0.89931,
        0.4673,
        0.38339,
        0.54601,
        0.57552,
        0.23495,
        0.4048,
        0.57697,
        0.65046,
        0.096933,
        0.37789,
        0.31742,
        0.93084,
        0.41406,
        0.25145,
        0.69994,
        0.568,
        0.46788,
        0.61748,
        0.2908,
        0.63426,
        0.98409,
        0.90567,
        0.25231,
        0.46586,
        0.68229,
        0.60995,
        0.29427,
        0.22106,
        0.33507,
        0.098958,
        0.30006,
        0.16667,
        0.17564,
        0.18171,
        0.99537,
        0.21615,
        0.78472,
        0.84693,
        0.16001,
        0.29861,
        0.85156,
        0.85938,
        0.57176,
        0.67824,
        0.41146,
        0.55758,
        0.83536,
        0.33218,
        0.27836,
        0.28038,
        0.28096,
        0.2555,
        0.98322,
        0.087095,
        0.98524,
        0.35532,
        0.96209,
        0.25492,
        0.3967,
        0.33594,
        0.39844,
        0.21701,
        0.67245,
        0.8886,
        0.77922,
        0.94647,
        0.8397,
        0.7963,
        0.68027,
        0.432,
        0.61574,
        0.75029,
        0.29601,
        0.53038,
        0.95833,
        0.21209,
        0.97888,
        0.095486,
        0.86053,
        0.89323,
        0.27546,
        0.2066,
        0.96933,
        0.33652,
        0.82899,
        0.96846,
        0.41609,
        0.15741,
        0.25289,
        0.4294,
        0.51071,
        0.09375,
        0.90654,
        0.92072,
        0.3886,
        0.17303,
        0.30613,
        0.25752,
        0.87211,
        0.28819,
        0.36979,
        0.69387,
        0.14294,
        0.79514,
        0.37355,
        0.26244,
        0.17448,
        0.93461,
        0.13339,
        0.18403,
        0.53009,
        0.18663,
        0.14178,
        0.98872,
        0.90712,
        0.98438,
        0.18576,
        0.18258,
        0.1849,
        0.074653,
        0.68403,
        0.64873,
        0.99826,
        0.26215,
        0.18924,
        0.40365,
        0.33623,
        0.15394,
        0.32581,
        0.72309,
        0.3724,
        0.18432,
        0.14844,
        0.39699,
        0.27633,
        0.40538,
        0.99392,
        0.65509,
        0.82784,
        0.16262,
        0.32813,
        0.83073,
        0.2364,
        0.50029,
        0.33102,
        0.68634,
        0.52807,
        0.17332,
        0.16233,
        0.21325,
        0.27257,
        0.36574,
        0.36516,
        0.34664,
        0.31597,
        0.23466,
        0.3805,
        0.31279,
        0.72078,
        0.28675,
        0.72367,
        0.15856,
        0.70168,
        0.40191,
        0.24913,
        0.25579,
        0.66638,
        0.37587,
        0.70486,
        0.099248,
        0.15625,
        0.71788,
        0.27344,
        0.45255,
        0.65307,
        0.62558,
        0.44473,
        0.94676,
        0.62587,
        0.4485,
        0.24595,
        0.53356,
        0.62731,
        0.7202,
        0.38194,
        0.87992,
        0.11111,
        0.33304,
        0.21759,
        0.53183,
        0.34086,
        0.62384,
        0.24971,
        0.22975,
        0.24045,
        0.60272,
        0.22135,
        0.5272,
        0.68258,
        0.18519,
        0.35706,
        0.26678,
        0.5544,
        0.45602,
        0.42303,
        0.11024,
        0.35012,
        0.3261,
        0.1059,
        0.80122,
        0.98669,
        0.39323,
        0.72164,
        0.25955,
        0.74711,
        0.10619,
        0.11806,
        0.84896,
        0.87269,
        0.17245,
        0.10503,
        0.17216,
        0.41956,
        0.11661,
        0.51852,
        0.95949,
        0.25347,
        0.96441,
        0.42998,
        0.28964,
        0.72512,
        0.53675,
        0.64265,
        0.32697,
        0.18721,
        0.56395,
        0.34722,
        0.29745,
        0.20804,
        0.46846,
        0.35851,
        0.38397,
        0.11314,
        0.23148,
        0.18547,
        0.89786,
        0.54398,
        0.31308,
        0.62992,
        0.34028,
        0.26563,
        0.88194,
        0.32784,
        0.29253,
        0.19473,
        0.21123,
        0.44271,
        0.66898,
        0.13368,
        0.94531,
        0.19213,
        0.34751,
        0.77633,
        0.50463,
        0.38137,
        0.69676,
        0.15509,
        0.12963,
        0.29051,
        0.2798,
        0.31076,
        0.23553,
        0.36053,
        0.1739,
        0.78819,
        0.18287,
        0.092014,
        0.32436,
        0.36603,
        0.39005,
        0.89265,
        0.52286,
        0.21181,
        0.91117,
        0.52691,
        0.28993,
        0.16088,
        0.33565,
        0.20775,
        0.65422,
        0.43171,
        0.80064,
        0.60561,
        0.15133,
        0.48987,
        0.30208,
        0.63773,
        0.68142,
        0.45399,
        0.22917,
        0.55729,
        0.65394,
        0.41551,
        0.25376,
        0.82292,
        0.20747,
        0.31105,
        0.40278,
        0.15075,
        0.58681,
        0.36198,
        0.53212,
        0.22685,
        0.75926,
        0.19387,
        0.17679,
        0.7908,
        0.6548,
        0.6059,
        0.25839,
        0.42911,
        0.7092,
        0.74334,
        0.25174,
        0.89641,
        0.31395,
        0.99682,
        0.44358,
        0.62703,
        0.30845,
        0.53472,
        0.66609,
        0.51186,
        0.95428,
        0.15046,
        0.22193,
        0.29659,
        0.43374,
        0.85446,
        0.34549,
        0.24132,
        0.1276,
        0.38715,
        0.28501,
        0.8342,
        0.82639,
        0.66291,
        0.98061,
        0.96962,
        0.35156,
        0.40885,
        0.12645,
        0.24826,
        0.50203,
        0.20544,
        0.48929,
        0.35648,
        0.99306,
        0.3316,
        0.60127,
        0.28067,
        0.24566,
        0.48524,
        0.36719,
        0.53154,
        0.43547,
        0.34954,
        0.35214,
        0.87847,
        0.1224,
        0.40741,
        0.22483,
        0.54369,
        0.32726,
        0.20226,
        0.2581,
        0.33391,
        0.30469,
        0.90307,
        0.9647,
        0.34144,
        0.97425,
        0.58449,
        0.46933,
        0.45631,
        0.35735,
        0.84954,
        0.86314,
        0.84375,
        0.27054,
        0.25058,
        0.48003,
        0.91435,
        0.47801,
        0.14757,
        0.48148,
        0.48351,
        0.83854,
        0.56481,
        0.41348,
        0.38079,
        0.12413,
        0.4511,
        0.12587,
        0.97975,
        0.36777,
        0.51534,
        0.61314,
        0.32321,
        0.74942,
        0.45486,
        0.26331,
        0.9673,
        0.77836,
        0.21644,
        0.3559,
        0.2526,
        0.71441,
        0.81105,
        0.26273,
        0.80961,
        0.43258,
        0.30093,
        0.87066,
        0.29977,
        0.66551,
        0.39063,
        0.61458,
        0.89554,
        0.30903,
        0.5,
        0.78443,
        0.82176,
        0.93287,
        0.27517,
        0.60706,
        0.46238,
        0.6658,
        0.41435,
        0.38484,
        0.18837,
        0.693,
        0.30035,
        0.56597,
        0.72222,
        0.31366,
        0.36863,
        0.08941,
        0.47772,
        0.73119,
        0.83912,
        0.99653,
        0.28704,
        0.74566,
        0.46065,
        0.94878,
        0.37384,
        0.57668,
        0.85359,
        0.98756,
        0.29196,
        0.87789,
        0.45978,
        0.39902,
        0.28617,
        0.37731,
        0.11227,
        0.61921,
        0.41088,
        0.24855,
        0.7309,
        0.46644,
        0.33796,
        0.70052,
        0.97078,
        0.74595,
        0.71904,
        0.25666,
        0.21354,
        0.39294,
        0.69358,
        0.58999,
        0.7934,
        0.66435,
        0.10041,
        0.25897,
        0.5489,
        0.37442,
        0.52025,
        0.31424,
        0.90336,
        0.64178,
        0.20081,
        0.25781,
        0.49421,
        0.86545,
        0.22888,
        0.82726,
        0.62963,
        0.50666,
        0.99624,
        0.53906,
        0.93229,
        0.46441,
        0.26505,
        0.6276,
        0.56192,
        0.41811,
        0.78125,
        0.44618,
        0.7364,
        0.58767,
        0.90828,
        0.39352,
        0.76649,
        0.53299,
        0.56337,
        0.41985,
        0.43316,
        0.84722,
        0.20486,
        0.97685,
        0.30411,
        0.60041,
        0.44329,
        0.75637,
        0.42593,
        0.29109,
        0.70978,
        0.7338,
        0.4864,
        0.18895,
        0.5217,
        0.67795,
        0.69792,
        0.96817,
        0.39149,
        0.24653,
        0.42419,
        0.24161,
        0.1467,
        0.99045,
        0.62645,
        0.63339,
        0.99363,
        0.2092,
        0.22338,
        0.80006,
        0.74306,
        0.40625,
        0.64786,
        0.56973,
        0.52951,
        0.61256,
        0.35127,
        0.16609,
        0.50174,
        0.32899,
        0.69531,
        0.61372,
        0.46325,
        0.23814,
        0.6331,
        0.99421,
        0.49103,
        0.37326,
        0.75579,
        0.53964,
        0.47338,
        0.90596,
        0.72743,
        0.34896,
        0.72106,
        0.53559,
        0.35909,
        0.28762,
        0.19416,
        0.40249,
        0.28935,
        0.6412,
        0.80208,
        0.28443,
        0.32552,
        0.73003,
        0.6713,
        0.36487,
        0.3776,
        0.51389,
        0.22569,
        0.64612,
        0.29138,
        0.12905,
        0.54282,
        0.14959,
        0.29456,
        0.38831,
        0.19358,
        0.32668,
        0.42245,
        0.16753,
        0.47135,
        0.95197,
        0.53877,
        0.42072,
        0.3397,
        0.21007,
        0.42043,
        0.49074,
        0.30932,
        0.81916,
        0.38368,
        0.93403,
        0.55671,
        0.25521,
        0.57841,
        0.56887,
        0.43953,
        0.95689,
        0.23293,
        0.98958,
        0.27894,
        0.38252,
        0.91696,
        0.2827,
        0.71528,
        0.20949
    ],
    "embedding": [
        -0.052460480481386185,
        -0.12970852851867676,
        0.15078654885292053,
        -0.013090160675346851,
        0.04525633901357651,
        0.09816849231719971,
        0.1013653352856636,
        0.21867576241493225,
        0.22583287954330444,
        0.14697891473770142,
        -0.16624632477760315,
        -0.000468469166662544,
        0.07055182754993439,
        -0.20747201144695282,
        0.03842145949602127,
        -0.16223351657390594,
        0.1923561692237854,
        0.17166265845298767,
        0.05332334339618683,
        -0.041838884353637695,
        0.05745857208967209,
        -0.10187894105911255,
        0.08283628523349762,
        0.17258568108081818,
        -0.10082373768091202,
        -0.13477861881256104,
        -0.109287329018116,
        -0.17128072679042816,
        0.12510664761066437,
        -0.2586428225040436,
        -0.1323753148317337,
        -0.016947336494922638,
        0.007994605228304863,
        -0.17228755354881287,
        0.19297531247138977,
        0.1198573037981987,
        0.05375522002577782,
        -0.10455469787120819,
        0.003248425666242838,
        0.036513470113277435,
        -0.20459438860416412,
        0.04951481521129608,
        -0.07201294600963593,
        -0.007658077869564295,
        -0.14720416069030762,
        0.1603337824344635,
        -0.11298489570617676,
        -0.03520187363028526,
        0.1312221884727478,
        0.11004041135311127,
        -0.049255549907684326,
        -0.1565077304840088,
        0.12203365564346313,
        -0.0406339056789875,
        0.03541484847664833,
        -0.051327645778656006,
        0.037217482924461365,
        0.14459891617298126,
        -0.06273862719535828,
        -0.07100505381822586,
        0.09420857578516006,
        0.03890778869390488,
        -0.01509268768131733,
        -0.027955127879977226,
        -0.043993029743433,
        -0.19180642068386078,
        0.2662770450115204,
        0.21361052989959717,
        -0.14117936789989471,
        -0.15401585400104523,
        0.10533330589532852,
        0.03542903810739517,
        -0.1764679253101349,
        0.2026936560869217,
        -0.1119551956653595,
        -0.03460972383618355,
        0.1609124392271042,
        0.0250686127692461,
        0.07006561011075974,
        0.053152646869421005,
        -0.036371033638715744,
        -0.0005087082972750068,
        0.00029159546829760075,
        0.14172755181789398,
        -0.006488880608230829,
        0.030927501618862152,
        -0.008192220702767372,
        -0.21912917494773865,
        0.19971059262752533,
        0.1420920491218567,
        -0.03906795009970665,
        -0.010508794337511063,
        0.1109950989484787,
        0.12413559854030609,
        -0.049682192504405975,
        -0.02299126796424389,
        -0.012633995153009892,
        -0.08753417432308197,
        -0.018300889059901237,
        -0.117671437561512,
        0.0428847037255764,
        0.14617976546287537,
        0.01377262081950903,
        -0.0462433360517025,
        -0.1126604825258255,
        0.032894134521484375,
        -0.012774757109582424,
        0.09974976629018784,
        0.04315458983182907,
        -0.05853994935750961,
        -0.17148315906524658,
        0.20588231086730957,
        0.05312245339155197,
        0.011281615123152733,
        -0.1286778450012207,
        -0.07252886891365051,
        0.043494801968336105,
        0.07335866242647171,
        0.04486056789755821,
        -0.03198257461190224,
        0.050711460411548615,
        0.16699013113975525,
        0.15583927929401398,
        0.004795558750629425,
        -0.03376244381070137,
        0.08608686178922653,
        0.088313527405262,
        0.042729564011096954,
        0.03464624285697937,
        -0.1774500459432602,
        0.0956067219376564,
        -0.003957174718379974,
        -0.04422285035252571,
        -0.04657996818423271,
        -0.0440453439950943,
        -0.0452079102396965,
        0.08964365720748901,
        0.018695376813411713,
        -0.16021275520324707,
        0.08108788728713989,
        0.06979002803564072,
        -0.044470395892858505,
        0.07634609192609787,
        -0.14756573736667633,
        -0.1681254506111145,
        -0.015087488107383251,
        -0.037815213203430176,
        0.07073737680912018,
        0.2206139862537384,
        -0.10445115715265274,
        0.12799111008644104,
        -0.19224824011325836,
        -0.1712154895067215,
        0.18356674909591675,
        -0.01944829151034355,
        -0.12420285493135452,
        -0.0953601822257042,
        -0.030040640383958817,
        0.06792811304330826,
        -0.16154104471206665,
        -0.04443444311618805,
        0.03827929124236107,
        -0.007264913525432348,
        0.022243577986955643,
        -0.024620387703180313,
        -0.06721725314855576,
        -0.02739347331225872,
        0.13756199181079865,
        0.03165042772889137,
        0.08300115168094635,
        -0.02908891811966896,
        0.018005289137363434,
        -0.23369623720645905,
        0.15923941135406494,
        -0.02345840260386467,
        2.5426557840546593e-05,
        -0.21254117786884308,
        0.007986429147422314,
        -0.027063287794589996,
        0.04059866815805435,
        0.11929426342248917,
        -0.1337883323431015,
        0.06085514277219772,
        -0.03226222097873688,
        -0.08460430055856705,
        -0.043247055262327194,
        -0.15555283427238464,
        -0.086130291223526,
        -0.042958684265613556,
        -0.010885661467909813,
        0.1209942027926445,
        -0.019919058308005333,
        -0.05992850661277771,
        -0.1118626520037651,
        -0.018905479460954666,
        -0.02007868140935898,
        -0.07280565798282623,
        0.00014841467782389373,
        0.19655317068099976,
        0.16252999007701874,
        0.18481063842773438,
        -0.013117513619363308,
        -0.043720394372940063,
        0.1583665907382965,
        -0.014324741438031197,
        0.0844898447394371,
        0.0492827333509922,
        0.052369724959135056,
        0.03157901391386986,
        -0.140668585896492,
        0.058428920805454254,
        -0.024307917803525925,
        0.18651868402957916,
        0.10410536825656891,
        -0.17718689143657684,
        0.04088811203837395,
        -0.18075697124004364,
        0.26859840750694275,
        -0.0004981268430128694,
        -0.04909076169133186,
        0.1956852227449417,
        -0.1722882241010666,
        0.10404917597770691,
        0.0058587705716490746,
        0.13281220197677612,
        -0.021784480661153793,
        -0.04680614545941353,
        -0.21212375164031982,
        0.006919759325683117,
        0.06718207895755768,
        0.15018804371356964,
        0.013888315297663212,
        -0.029172973707318306,
        0.05101748928427696,
        -0.050218913704156876,
        0.08441198617219925,
        0.017459681257605553,
        0.06996502727270126,
        -0.0006508140359073877,
        -0.08637544512748718,
        0.17464908957481384,
        -0.19628508388996124,
        0.04150635376572609,
        -0.06463795900344849,
        -0.015544627793133259,
        0.16545738279819489,
        0.06652837991714478,
        0.015150824561715126,
        -0.0030113833490759134,
        0.14568403363227844,
        0.05366024002432823,
        -0.17918550968170166,
        0.0006631591822952032,
        0.11444073915481567,
        0.080203115940094,
        0.19364941120147705,
        0.12239554524421692,
        -0.026754416525363922,
        0.1445116400718689,
        0.02541634812951088,
        0.048917386680841446,
        0.00477022398263216,
        -0.006808362435549498,
        0.11002220958471298,
        -0.11250888556241989,
        0.0062258620746433735,
        0.03894413635134697,
        -0.16854353249073029,
        -0.014616856351494789,
        0.08570211380720139,
        -0.037107910960912704,
        -0.0007137447828426957,
        -0.014374532736837864,
        0.007370250299572945,
        -0.2768648862838745,
        0.0974540188908577,
        -0.021970082074403763,
        0.11453379690647125,
        0.021314160898327827,
        -0.012545429170131683,
        -0.018433302640914917,
        0.14264819025993347,
        0.17730577290058136,
        0.07577071338891983,
        0.13446035981178284,
        0.27921801805496216,
        0.17265012860298157,
        0.18367326259613037,
        0.006841222755610943,
        0.005348723381757736,
        0.12953169643878937,
        0.2088344842195511,
        -0.039641451090574265,
        -0.10968805849552155,
        -0.011440737172961235,
        -0.025778666138648987,
        0.016133638098835945,
        0.12808847427368164,
        -0.14036649465560913,
        -0.016008570790290833
    ],
    "embedding_scaling_factor": 0.058362122625112534,
    "samples": [
        0.0,
        0.0,
        0.014468,
        0.0,
        0.0,
        0.0020255,
        0.0,
        0.0,
        0.0,
        0.0,
        0.0,
        0.0,
        0.0,
        0.0,
        0.10851,
        0.0,
        0.068866,
        0.0040509,
        0.0,
        0.0,
        0.20255,
        0.0,
        0.12297,
        0.0,
        0.818,
        0.0,
        0.085069,
        0.0,
        0.0,
        0.25868,
        0.0,
        0.0,
        0.018808,
        0.21615,
        0.0,
        0.0,
        0.0,
        0.0,
        0.00028935,
        0.0,
        0.070023,
        0.0005787,
        0.0,
        0.094907,
        0.0,
        0.0,
        0.3235,
        0.021701,
        0.0,
        0.0,
        0.0,
        0.0,
        0.0031829,
        0.0,
        0.0011574,
        0.024306,
        0.0,
        0.0,
        0.52199,
        0.0,
        0.0,
        0.0,
        0.0,
        0.018229,
        0.0,
        0.0005787,
        0.00028935,
        0.0,
        0.0,
        0.15683,
        0.0,
        0.0,
        0.0,
        0.017361,
        0.0,
        0.0083912,
        0.0,
        0.067708,
        0.0,
        0.005787,
        0.3125,
        0.0,
        0.0,
        0.0,
        0.0,
        0.69676,
        0.0,
        0.0,
        0.0011574,
        0.0034722,
        0.0,
        0.0046296,
        0.01331,
        0.0,
        0.00028935,
        0.0,
        0.0,
        0.0,
        0.0,
        0.0
    ],
    "category_values_ratio": {
        "0.0": 40017,
        "0.00028935": 1774,
        "0.0005787": 1014,
        "0.00086806": 728,
        "0.0011574": 526,
        "0.0014468": 459,
        "0.0017361": 441,
        "0.0020255": 330,
        "0.0023148": 290,
        "0.0026042": 271,
        "0.0028935": 250,
        "0.0031829": 238,
        "0.0040509": 237,
        "0.0034722": 224,
        "0.0037616": 212,
        "0.0043403": 169,
        "0.0046296": 155,
        "0.0054977": 154,
        "0.004919": 139,
        "0.0052083": 137,
        "0.0060764": 132,
        "0.0063657": 129,
        "0.0066551": 128,
        "0.005787": 124,
        "0.0069444": 114,
        "0.0081019": 98,
        "0.0075231": 96,
        "0.0072338": 94,
        "0.0095486": 91,
        "0.0086806": 90,
        "0.0078125": 88,
        "0.009838": 86,
        "0.010127": 85,
        "0.0083912": 82,
        "0.011574": 81,
        "0.0092593": 77,
        "0.010706": 77,
        "0.0089699": 74,
        "0.010995": 74,
        "0.011285": 72,
        "0.010417": 68,
        "0.012731": 68,
        "0.013021": 66,
        "0.011863": 65,
        "0.0136": 64,
        "0.014468": 62,
        "0.012153": 62,
        "0.014178": 60,
        "0.013889": 60,
        "0.015914": 59,
        "0.015046": 59,
        "0.01331": 59,
        "0.014757": 55,
        "0.012442": 55,
        "0.01794": 52,
        "0.016782": 52,
        "0.016493": 51,
        "0.015625": 49,
        "0.018229": 48,
        "0.018808": 47,
        "0.020255": 46,
        "0.015336": 45,
        "0.019097": 45,
        "0.016204": 45,
        "0.022859": 44,
        "0.021123": 43,
        "0.017361": 43,
        "0.021701": 42,
        "0.020833": 41,
        "0.026042": 41,
        "0.024016": 41,
        "0.024884": 40,
        "0.024595": 40,
        "0.01765": 40,
        "0.019676": 38,
        "0.018519": 38,
        "0.017072": 37,
        "0.019387": 37,
        "0.020544": 37,
        "0.027778": 37,
        "0.019965": 36,
        "0.023727": 36,
        "0.022569": 35,
        "0.02691": 35,
        "0.02228": 35,
        "0.023148": 35,
        "0.030093": 35,
        "0.02662": 35,
        "0.025752": 33,
        "0.029514": 32,
        "0.025463": 32,
        "0.028067": 32,
        "0.029225": 31,
        "0.031829": 31,
        "0.021412": 31,
        "0.036169": 30,
        "0.024306": 29,
        "0.030382": 29,
        "0.029803": 29,
        "0.030961": 29,
        "0.021991": 29,
        "0.032407": 28,
        "0.03125": 28,
        "0.040509": 28,
        "0.025174": 28,
        "0.032697": 27,
        "0.032986": 27,
        "0.035301": 27,
        "0.030671": 27,
        "0.023438": 27,
        "0.026331": 26,
        "0.027199": 26,
        "0.042824": 26,
        "0.040799": 26,
        "0.031539": 25,
        "0.039352": 25,
        "0.037616": 25,
        "0.043113": 25,
        "0.027488": 25,
        "0.038773": 25,
        "0.028646": 24,
        "0.033565": 24,
        "0.039641": 24,
        "0.041377": 24,
        "0.037905": 23,
        "0.037037": 23,
        "0.03588": 22,
        "0.033854": 22,
        "0.032118": 22,
        "1.0": 21,
        "0.041956": 21,
        "0.043403": 21,
        "0.034144": 21,
        "0.036458": 21,
        "0.04022": 20,
        "0.04485": 20,
        "0.043692": 20,
        "0.050926": 20,
        "0.034433": 20,
        "0.057581": 20,
        "0.033275": 19,
        "0.038194": 19,
        "0.053819": 19,
        "0.052951": 19,
        "0.051794": 19,
        "0.052662": 19,
        "0.039931": 19,
        "0.0489": 19,
        "0.050347": 18,
        "0.045139": 18,
        "0.045718": 18,
        "0.061921": 18,
        "0.028356": 18,
        "0.028935": 18,
        "0.055266": 18,
        "0.061343": 17,
        "0.035012": 17,
        "0.051215": 17,
        "0.046007": 17,
        "0.062789": 17,
        "0.065394": 17,
        "0.034722": 17,
        "0.036748": 17,
        "0.042245": 17,
        "0.066262": 16,
        "0.046875": 16,
        "0.052373": 16,
        "0.048032": 16,
        "0.063657": 16,
        "0.066551": 16,
        "0.049769": 16,
        "0.037326": 16,
        "0.039063": 16,
        "0.049479": 16,
        "0.03559": 16,
        "0.048322": 15,
        "0.050058": 15,
        "0.04919": 15,
        "0.041667": 15,
        "0.073785": 15,
        "0.042535": 15,
        "0.054977": 15,
        "0.068287": 15,
        "0.057002": 15,
        "0.046296": 15,
        "0.04456": 15,
        "0.060475": 15,
        "0.05353": 14,
        "0.046586": 14,
        "0.053241": 14,
        "0.058738": 14,
        "0.055845": 14,
        "0.060185": 14,
        "0.059028": 14,
        "0.064815": 14,
        "0.054688": 14,
        "0.047164": 14,
        "0.063079": 14,
        "0.068866": 13,
        "0.061053": 13,
        "0.069444": 13,
        "0.063947": 13,
        "0.044271": 13,
        "0.059896": 13,
        "0.072049": 13,
        "0.081597": 13,
        "0.038484": 12,
        "0.05787": 12,
        "0.074942": 12,
        "0.041088": 12,
        "0.057292": 12,
        "0.052083": 12,
        "0.063368": 12,
        "0.045428": 12,
        "0.10156": 12,
        "0.13744": 12,
        "0.065972": 12,
        "0.097222": 12,
        "0.088542": 12,
        "0.0761": 11,
        "0.056424": 11,
        "0.054109": 11,
        "0.050637": 11,
        "0.05816": 11,
        "0.047454": 11,
        "0.060764": 11,
        "0.070602": 11,
        "0.051505": 11,
        "0.056713": 11,
        "0.054398": 11,
        "0.064236": 11,
        "0.087963": 11,
        "0.065104": 11,
        "0.058449": 10,
        "0.11429": 10,
        "0.088831": 10,
        "0.059317": 10,
        "0.074653": 10,
        "0.062211": 10,
        "0.091435": 10,
        "0.092882": 10,
        "0.073206": 10,
        "0.10359": 10,
        "0.048611": 10,
        "0.076968": 10,
        "0.11892": 10,
        "0.084491": 9,
        "0.0625": 9,
        "0.043981": 9,
        "0.087674": 9,
        "0.10764": 9,
        "0.073495": 9,
        "0.085648": 9,
        "0.085069": 9,
        "0.061632": 9,
        "0.076678": 9,
        "0.15972": 9,
        "0.12037": 9,
        "0.069155": 9,
        "0.094618": 9,
        "0.068576": 9,
        "0.075231": 9,
        "0.09375": 9,
        "0.10127": 9,
        "0.087384": 9,
        "0.12182": 9,
        "0.093461": 9,
        "0.095775": 8,
        "0.13976": 8,
        "0.11256": 8,
        "0.13802": 8,
        "0.079282": 8,
        "0.070023": 8,
        "0.071181": 8,
        "0.072338": 8,
        "0.077546": 8,
        "0.082176": 8,
        "0.079861": 8,
        "0.059606": 8,
        "0.10677": 8,
        "0.080729": 8,
        "0.18866": 8,
        "0.11777": 8,
        "0.084201": 8,
        "0.067708": 8,
        "0.12847": 8,
        "0.091146": 8,
        "0.079572": 8,
        "0.08912": 8,
        "0.1169": 8,
        "0.078704": 8,
        "0.11458": 8,
        "0.055556": 8,
        "0.12674": 8,
        "0.072627": 7,
        "0.1088": 7,
        "0.077257": 7,
        "0.092593": 7,
        "0.089699": 7,
        "0.07581": 7,
        "0.10966": 7,
        "0.14815": 7,
        "0.091725": 7,
        "0.090856": 7,
        "0.11863": 7,
        "0.06713": 7,
        "0.15712": 7,
        "0.096354": 7,
        "0.11198": 7,
        "0.056134": 7,
        "0.093171": 7,
        "0.075521": 7,
        "0.088252": 7,
        "0.11632": 7,
        "0.12558": 7,
        "0.086516": 7,
        "0.076389": 6,
        "0.12297": 6,
        "0.11372": 6,
        "0.14034": 6,
        "0.092303": 6,
        "0.083044": 6,
        "0.13889": 6,
        "0.12703": 6,
        "0.10793": 6,
        "0.1305": 6,
        "0.081887": 6,
        "0.10503": 6,
        "0.081019": 6,
        "0.16725": 6,
        "0.16638": 6,
        "0.074363": 6,
        "0.06684": 6,
        "0.13455": 6,
        "0.1386": 6,
        "0.08478": 6,
        "0.12153": 6,
        "0.086806": 6,
        "0.10851": 6,
        "0.07147": 6,
        "0.193": 6,
        "0.08044": 6,
        "0.16985": 6,
        "0.14641": 6,
        "0.12731": 6,
        "0.070313": 6,
        "0.081308": 6,
        "0.067998": 6,
        "0.094329": 6,
        "0.10446": 6,
        "0.15307": 6,
        "0.125": 6,
        "0.18345": 6,
        "0.064525": 6,
        "0.22425": 6,
        "0.19878": 6,
        "0.12616": 6,
        "0.10938": 6,
        "0.10012": 6,
        "0.13657": 6,
        "0.10243": 6,
        "0.1765": 5,
        "0.11834": 5,
        "0.12066": 5,
        "0.18142": 5,
        "0.11285": 5,
        "0.14352": 5,
        "0.18084": 5,
        "0.047743": 5,
        "0.13252": 5,
        "0.10388": 5,
        "0.065683": 5,
        "0.090278": 5,
        "0.13426": 5,
        "0.096065": 5,
        "0.083623": 5,
        "0.12124": 5,
        "0.2228": 5,
        "0.13831": 5,
        "0.10735": 5,
        "0.10214": 5,
        "0.10272": 5,
        "0.089988": 5,
        "0.094907": 5,
        "0.20139": 5,
        "0.2011": 5,
        "0.23958": 5,
        "0.11024": 5,
        "0.085359": 5,
        "0.14873": 5,
        "0.083333": 5,
        "0.072917": 5,
        "0.14207": 5,
        "0.10532": 5,
        "0.19271": 5,
        "0.15191": 5,
        "0.085938": 5,
        "0.16782": 5,
        "0.099537": 5,
        "0.35995": 5,
        "0.13079": 5,
        "0.14236": 5,
        "0.074074": 5,
        "0.15451": 5,
        "0.077836": 5,
        "0.14005": 5,
        "0.12818": 5,
        "0.19792": 5,
        "0.20631": 5,
        "0.12269": 5,
        "0.13571": 5,
        "0.14439": 5,
        "0.16898": 5,
        "0.067419": 5,
        "0.1114": 5,
        "0.1794": 4,
        "0.14699": 4,
        "0.15943": 4,
        "0.13918": 4,
        "0.14265": 4,
        "0.29514": 4,
        "0.1713": 4,
        "0.070891": 4,
        "0.15509": 4,
        "0.26042": 4,
        "0.1684": 4,
        "0.19589": 4,
        "0.13484": 4,
        "0.15654": 4,
        "0.21296": 4,
        "0.10475": 4,
        "0.12442": 4,
        "0.25723": 4,
        "0.33738": 4,
        "0.14149": 4,
        "0.15683": 4,
        "0.086227": 4,
        "0.10069": 4,
        "0.10995": 4,
        "0.15394": 4,
        "0.13339": 4,
        "0.12789": 4,
        "0.11748": 4,
        "0.19329": 4,
        "0.2173": 4,
        "0.21557": 4,
        "0.14294": 4,
        "0.16435": 4,
        "0.16319": 4,
        "0.092014": 4,
        "0.10561": 4,
        "0.17188": 4,
        "0.11574": 4,
        "0.11487": 4,
        "0.13947": 4,
        "0.29774": 4,
        "0.14091": 4,
        "0.23264": 4,
        "0.15596": 4,
        "0.069734": 4,
        "0.12934": 4,
        "0.18808": 4,
        "0.19473": 4,
        "0.22541": 4,
        "0.13368": 4,
        "0.16204": 4,
        "0.10822": 4,
        "0.18519": 4,
        "0.082465": 4,
        "0.095486": 4,
        "0.14497": 4,
        "0.1522": 4,
        "0.26649": 4,
        "0.18229": 4,
        "0.19676": 4,
        "0.13223": 4,
        "0.078414": 4,
        "0.26823": 4,
        "0.11979": 4,
        "0.10417": 4,
        "0.16927": 4,
        "0.15104": 4,
        "0.17911": 4,
        "0.20341": 4,
        "0.087095": 4,
        "0.14468": 4,
        "0.094039": 4,
        "0.15249": 4,
        "0.29022": 4,
        "0.29398": 4,
        "0.082755": 4,
        "0.15365": 4,
        "0.27286": 4,
        "0.26968": 4,
        "0.16348": 4,
        "0.99913": 4,
        "0.24248": 4,
        "0.11111": 4,
        "0.1331": 4,
        "0.28385": 4,
        "0.18953": 4,
        "0.13773": 4,
        "0.14931": 4,
        "0.46412": 4,
        "0.29688": 4,
        "0.19907": 4,
        "0.21933": 4,
        "0.3452": 4,
        "0.098669": 4,
        "0.52778": 4,
        "0.17622": 4,
        "0.17708": 4,
        "0.37211": 4,
        "0.10185": 4,
        "0.08941": 4,
        "0.13108": 4,
        "0.22714": 4,
        "0.12529": 4,
        "0.1603": 3,
        "0.40683": 3,
        "0.090567": 3,
        "0.99769": 3,
        "0.10648": 3,
        "0.11603": 3,
        "0.15625": 3,
        "0.099248": 3,
        "0.17216": 3,
        "0.56395": 3,
        "0.10098": 3,
        "0.42274": 3,
        "0.13715": 3,
        "0.11921": 3,
        "0.17332": 3,
        "0.15799": 3,
        "0.4809": 3,
        "0.12384": 3,
        "0.13628": 3,
        "0.16696": 3,
        "0.34086": 3,
        "0.20804": 3,
        "0.25926": 3,
        "0.18316": 3,
        "0.46036": 3,
        "0.1739": 3,
        "0.18287": 3,
        "0.50058": 3,
        "0.20515": 3,
        "0.13021": 3,
        "0.17448": 3,
        "0.24074": 3,
        "0.20399": 3,
        "0.20862": 3,
        "0.20718": 3,
        "0.17766": 3,
        "0.095197": 3,
        "0.30498": 3,
        "0.29572": 3,
        "0.25955": 3,
        "0.42303": 3,
        "0.95284": 3,
        "0.11806": 3,
        "0.27604": 3,
        "0.22106": 3,
        "0.12992": 3,
        "0.12211": 3,
        "0.31944": 3,
        "0.1412": 3,
        "0.21499": 3,
        "0.11719": 3,
        "0.14728": 3,
        "0.99942": 3,
        "0.432": 3,
        "0.39844": 3,
        "0.12095": 3,
        "0.2037": 3,
        "0.49826": 3,
        "0.59086": 3,
        "0.15278": 3,
        "0.21209": 3,
        "0.28559": 3,
        "0.25289": 3,
        "0.56279": 3,
        "0.307": 3,
        "0.24942": 3,
        "0.2691": 3,
        "0.24826": 3,
        "0.23495": 3,
        "0.14612": 3,
        "0.45428": 3,
        "0.27836": 3,
        "0.37095": 3,
        "0.21788": 3,
        "0.21817": 3,
        "0.29861": 3,
        "0.99537": 3,
        "0.19387": 3,
        "0.14902": 3,
        "0.098958": 3,
        "0.56308": 3,
        "0.46904": 3,
        "0.13686": 3,
        "0.15914": 3,
        "0.2445": 3,
        "0.25231": 3,
        "0.25145": 3,
        "0.22367": 3,
        "0.31742": 3,
        "0.096933": 3,
        "0.18403": 3,
        "0.20255": 3,
        "0.18663": 3,
        "0.69965": 3,
        "0.11082": 3,
        "0.19039": 3,
        "0.28241": 3,
        "0.17969": 3,
        "0.097801": 3,
        "0.23582": 3,
        "0.22743": 3,
        "0.23524": 3,
        "0.24016": 3,
        "0.23785": 3,
        "0.10706": 3,
        "0.22656": 3,
        "0.21094": 3,
        "0.34433": 3,
        "0.30787": 3,
        "0.18692": 3,
        "0.19068": 3,
        "0.28588": 3,
        "0.13137": 3,
        "0.16956": 3,
        "0.21383": 3,
        "0.27691": 3,
        "0.99508": 3,
        "0.29716": 3,
        "0.364": 3,
        "0.32378": 3,
        "0.26997": 3,
        "0.2717": 3,
        "0.2338": 3,
        "0.18634": 3,
        "0.25058": 3,
        "0.99884": 3,
        "0.27749": 3,
        "0.1441": 3,
        "0.23727": 3,
        "0.20428": 3,
        "0.16146": 3,
        "0.08015": 3,
        "0.23843": 3,
        "0.3099": 3,
        "0.26157": 3,
        "0.25694": 3,
        "0.17361": 3,
        "0.21441": 3,
        "0.48872": 3,
        "0.18113": 3,
        "0.2798": 3,
        "0.33102": 3,
        "0.13194": 3,
        "0.14844": 3,
        "0.29253": 3,
        "0.25984": 3,
        "0.1195": 3,
        "0.3724": 3,
        "0.72049": 3,
        "0.35938": 3,
        "0.14063": 3,
        "0.75434": 3,
        "0.40365": 3,
        "0.58912": 3,
        "0.071759": 3,
        "0.57031": 3,
        "0.15017": 3,
        "0.36024": 3,
        "0.14178": 3,
        "0.1548": 3,
        "0.13397": 3,
        "0.18374": 3,
        "0.16522": 3,
        "0.19965": 3,
        "0.24421": 3,
        "0.21412": 3,
        "0.26071": 3,
        "0.17014": 3,
        "0.45775": 3,
        "0.10301": 3,
        "0.50839": 3,
        "0.16059": 3,
        "0.15567": 3,
        "0.68924": 3,
        "0.46354": 3,
        "0.17535": 3,
        "0.18981": 3,
        "0.19097": 3,
        "0.3235": 3,
        "0.1224": 3,
        "0.33362": 3,
        "0.1875": 3,
        "0.11053": 3,
        "0.29282": 2,
        "0.48958": 2,
        "0.24277": 2,
        "0.16493": 2,
        "0.55961": 2,
        "0.15422": 2,
        "0.18056": 2,
        "0.557": 2,
        "0.12876": 2,
        "0.16175": 2,
        "0.32234": 2,
        "0.70718": 2,
        "0.30729": 2,
        "0.46788": 2,
        "0.31192": 2,
        "0.29485": 2,
        "0.45284": 2,
        "0.70689": 2,
        "0.16811": 2,
        "0.54659": 2,
        "0.24682": 2,
        "0.2963": 2,
        "0.27951": 2,
        "0.35793": 2,
        "0.33275": 2,
        "0.28183": 2,
        "0.28299": 2,
        "0.37616": 2,
        "0.4022": 2,
        "0.68866": 2,
        "0.24769": 2,
        "0.16464": 2,
        "0.14554": 2,
        "0.55295": 2,
        "0.62182": 2,
        "0.22627": 2,
        "0.99855": 2,
        "0.17853": 2,
        "0.51736": 2,
        "0.33015": 2,
        "0.1033": 2,
        "0.59259": 2,
        "0.5897": 2,
        "0.24334": 2,
        "0.27865": 2,
        "0.15162": 2,
        "0.39091": 2,
        "0.12471": 2,
        "0.34954": 2,
        "0.41493": 2,
        "0.22483": 2,
        "0.2581": 2,
        "0.28125": 2,
        "0.43547": 2,
        "0.36227": 2,
        "0.56568": 2,
        "0.17043": 2,
        "0.30469": 2,
        "0.99479": 2,
        "0.239": 2,
        "0.90307": 2,
        "0.42564": 2,
        "0.52662": 2,
        "0.26534": 2,
        "0.53762": 2,
        "0.23177": 2,
        "0.2853": 2,
        "0.24508": 2,
        "0.24711": 2,
        "0.37558": 2,
        "0.45457": 2,
        "0.57813": 2,
        "0.98177": 2,
        "0.46672": 2,
        "0.18779": 2,
        "0.98264": 2,
        "0.12326": 2,
        "0.20573": 2,
        "0.17477": 2,
        "0.3669": 2,
        "0.16117": 2,
        "0.79398": 2,
        "0.51591": 2,
        "0.85706": 2,
        "0.19531": 2,
        "0.35185": 2,
        "0.19618": 2,
        "0.75723": 2,
        "0.11169": 2,
        "0.48206": 2,
        "0.22772": 2,
        "0.37963": 2,
        "0.1658": 2,
        "0.32292": 2,
        "0.48438": 2,
        "0.40451": 2,
        "0.18461": 2,
        "0.50868": 2,
        "0.078125": 2,
        "0.97917": 2,
        "0.99595": 2,
        "0.3342": 2,
        "0.28009": 2,
        "0.11545": 2,
        "0.3478": 2,
        "0.42622": 2,
        "0.39988": 2,
        "0.87153": 2,
        "0.6195": 2,
        "0.15828": 2,
        "0.29225": 2,
        "0.39554": 2,
        "0.60012": 2,
        "0.17882": 2,
        "0.22222": 2,
        "0.30642": 2,
        "0.3044": 2,
        "0.19242": 2,
        "0.77315": 2,
        "0.31047": 2,
        "0.61661": 2,
        "0.20052": 2,
        "0.45515": 2,
        "0.38108": 2,
        "0.58623": 2,
        "0.16869": 2,
        "0.078993": 2,
        "0.33478": 2,
        "0.20833": 2,
        "0.096644": 2,
        "0.7555": 2,
        "0.19821": 2,
        "0.17506": 2,
        "0.88571": 2,
        "0.40799": 2,
        "0.99566": 2,
        "0.20284": 2,
        "0.32407": 2,
        "0.23003": 2,
        "0.51939": 2,
        "0.27025": 2,
        "0.49624": 2,
        "0.21904": 2,
        "0.28848": 2,
        "0.5923": 2,
        "0.18605": 2,
        "0.48495": 2,
        "0.48466": 2,
        "0.097512": 2,
        "0.36314": 2,
        "0.31858": 2,
        "0.38542": 2,
        "0.97396": 2,
        "0.39381": 2,
        "0.60417": 2,
        "0.28906": 2,
        "0.57234": 2,
        "0.23987": 2,
        "0.34635": 2,
        "0.23032": 2,
        "0.47251": 2,
        "0.22049": 2,
        "0.23872": 2,
        "0.20457": 2,
        "0.099826": 2,
        "0.99219": 2,
        "0.13166": 2,
        "0.25": 2,
        "0.19444": 2,
        "0.7147": 2,
        "0.17101": 2,
        "0.59317": 2,
        "0.15538": 2,
        "0.33912": 2,
        "0.73409": 2,
        "0.33536": 2,
        "0.53154": 2,
        "0.26186": 2,
        "0.69994": 2,
        "0.32639": 2,
        "0.20775": 2,
        "0.43171": 2,
        "0.4294": 2,
        "0.15741": 2,
        "0.2066": 2,
        "0.15133": 2,
        "0.33594": 2,
        "0.30208": 2,
        "0.27517": 2,
        "0.56597": 2,
        "0.39323": 2,
        "0.31163": 2,
        "0.37442": 2,
        "0.52228": 2,
        "0.67274": 2,
        "0.43461": 2,
        "0.66377": 2,
        "0.23814": 2,
        "0.10041": 2,
        "0.3886": 2,
        "0.17303": 2,
        "0.30613": 2,
        "0.18171": 2,
        "0.15075": 2,
        "0.58681": 2,
        "0.16001": 2,
        "0.28096": 2,
        "0.21615": 2,
        "0.7092": 2,
        "0.31395": 2,
        "0.44358": 2,
        "0.16667": 2,
        "0.87211": 2,
        "0.33507": 2,
        "0.17679": 2,
        "0.2555": 2,
        "0.25492": 2,
        "0.65394": 2,
        "0.26244": 2,
        "0.36979": 2,
        "0.28993": 2,
        "0.24653": 2,
        "0.23611": 2,
        "0.33218": 2,
        "0.19994": 2,
        "0.57755": 2,
        "0.29196": 2,
        "0.3125": 2,
        "0.54167": 2,
        "0.46644": 2,
        "0.66435": 2,
        "0.18895": 2,
        "0.51128": 2,
        "0.63976": 2,
        "0.261": 2,
        "0.99103": 2,
        "0.74103": 2,
        "0.30353": 2,
        "0.37384": 2,
        "0.09809": 2,
        "0.40509": 2,
        "0.93866": 2,
        "0.90625": 2,
        "0.57697": 2,
        "0.84867": 2,
        "0.48553": 2,
        "0.23119": 2,
        "0.52951": 2,
        "0.45081": 2,
        "0.49971": 2,
        "0.24537": 2,
        "0.34317": 2,
        "0.77402": 2,
        "0.28733": 2,
        "0.1467": 2,
        "0.19647": 2,
        "0.25897": 2,
        "0.19936": 2,
        "0.09838": 2,
        "0.13542": 2,
        "0.88397": 2,
        "0.19734": 2,
        "0.57118": 2,
        "0.14786": 2,
        "0.14988": 2,
        "0.69097": 2,
        "0.57176": 2,
        "0.64757": 2,
        "0.20747": 2,
        "0.22454": 2,
        "0.24306": 2,
        "0.26273": 2,
        "0.36892": 2,
        "0.10909": 2,
        "0.33883": 2,
        "0.30961": 2,
        "0.2147": 2,
        "0.2283": 2,
        "0.46933": 2,
        "0.17072": 2,
        "0.2202": 2,
        "0.31539": 2,
        "0.67882": 2,
        "0.083912": 2,
        "0.45631": 2,
        "0.35388": 2,
        "0.43981": 2,
        "0.29803": 2,
        "0.14525": 2,
        "0.28154": 2,
        "0.12587": 2,
        "0.12413": 2,
        "0.60127": 2,
        "0.24132": 2,
        "0.39005": 2,
        "0.1276": 2,
        "0.35156": 2,
        "0.71846": 2,
        "0.12645": 2,
        "0.38339": 2,
        "0.99306": 2,
        "0.28067": 2,
        "0.32523": 2,
        "0.39728": 2,
        "0.51302": 2,
        "0.57552": 2,
        "0.2908": 2,
        "0.13513": 2,
        "0.69936": 2,
        "0.38079": 2,
        "0.12008": 2,
        "0.32002": 2,
        "0.31887": 2,
        "0.16291": 2,
        "0.38137": 2,
        "0.27257": 2,
        "0.23466": 2,
        "0.1059": 2,
        "0.10619": 2,
        "0.45602": 2,
        "0.22975": 2,
        "0.24971": 2,
        "0.36516": 2,
        "0.17245": 2,
        "0.62558": 2,
        "0.27344": 2,
        "0.25579": 2,
        "0.40191": 2,
        "0.72512": 2,
        "0.28675": 2,
        "0.21759": 2,
        "0.48003": 2,
        "0.18576": 2,
        "0.36603": 2,
        "0.12963": 2,
        "0.62384": 2,
        "0.23148": 2,
        "0.2364": 2,
        "0.56481": 2,
        "0.64873": 2,
        "0.11343": 2,
        "0.63426": 2,
        "0.29427": 2,
        "0.51186": 2,
        "0.25637": 2,
        "0.54398": 2,
        "0.52807": 2,
        "0.88194": 2,
        "0.27633": 2,
        "0.21325": 2,
        "0.21123": 2,
        "0.18432": 2,
        "0.33623": 2,
        "0.69676": 2,
        "0.18924": 2,
        "0.99826": 2,
        "0.86111": 1,
        "0.76042": 1,
        "0.32147": 1,
        "0.81163": 1,
        "0.95486": 1,
        "0.5842": 1,
        "0.49537": 1,
        "0.44068": 1,
        "0.92477": 1,
        "0.4213": 1,
        "0.27199": 1,
        "0.83478": 1,
        "0.12355": 1,
        "0.63281": 1,
        "0.27807": 1,
        "0.60735": 1,
        "0.8559": 1,
        "0.46962": 1,
        "0.64149": 1,
        "0.37818": 1,
        "0.47049": 1,
        "0.93981": 1,
        "0.25434": 1,
        "0.55035": 1,
        "0.61053": 1,
        "0.23756": 1,
        "0.56366": 1,
        "0.80498": 1,
        "0.19126": 1,
        "0.89063": 1,
        "0.93576": 1,
        "0.41667": 1,
        "0.73235": 1,
        "0.98814": 1,
        "0.89352": 1,
        "0.23061": 1,
        "0.91088": 1,
        "0.30527": 1,
        "0.99016": 1,
        "0.63571": 1,
        "0.52054": 1,
        "0.64294": 1,
        "0.67216": 1,
        "0.93374": 1,
        "0.69589": 1,
        "0.24479": 1,
        "0.87442": 1,
        "0.54514": 1,
        "0.89323": 1,
        "0.36834": 1,
        "0.32465": 1,
        "0.57986": 1,
        "0.39497": 1,
        "0.386": 1,
        "0.70949": 1,
        "0.79659": 1,
        "0.74971": 1,
        "0.20602": 1,
        "0.17274": 1,
        "0.6386": 1,
        "0.69039": 1,
        "0.52199": 1,
        "0.38686": 1,
        "0.76273": 1,
        "0.90191": 1,
        "0.46209": 1,
        "0.99971": 1,
        "0.51273": 1,
        "0.16551": 1,
        "0.98872": 1,
        "0.90712": 1,
        "0.98438": 1,
        "0.44734": 1,
        "0.53733": 1,
        "0.68287": 1,
        "0.77228": 1,
        "0.65104": 1,
        "0.58073": 1,
        "0.99277": 1,
        "0.70255": 1,
        "0.82581": 1,
        "0.32176": 1,
        "0.49306": 1,
        "0.45052": 1,
        "0.67072": 1,
        "0.33941": 1,
        "0.20689": 1,
        "0.5515": 1,
        "0.51215": 1,
        "0.45891": 1,
        "0.64641": 1,
        "0.19502": 1,
        "0.23351": 1,
        "0.33333": 1,
        "0.31655": 1,
        "0.89178": 1,
        "0.39873": 1,
        "0.511": 1,
        "0.66464": 1,
        "0.38571": 1,
        "0.21238": 1,
        "0.40972": 1,
        "0.57436": 1,
        "0.89207": 1,
        "0.44878": 1,
        "0.26128": 1,
        "0.44821": 1,
        "0.48582": 1,
        "0.83738": 1,
        "0.38802": 1,
        "0.44676": 1,
        "0.8912": 1,
        "0.6739": 1,
        "0.64988": 1,
        "0.58044": 1,
        "0.21152": 1,
        "0.22512": 1,
        "0.76013": 1,
        "0.70573": 1,
        "0.94329": 1,
        "0.22309": 1,
        "0.68084": 1,
        "0.54803": 1,
        "0.36256": 1,
        "0.64815": 1,
        "0.4375": 1,
        "0.93519": 1,
        "0.53501": 1,
        "0.58709": 1,
        "0.44155": 1,
        "0.33449": 1,
        "0.51418": 1,
        "0.64728": 1,
        "0.38744": 1,
        "0.8478": 1,
        "0.41319": 1,
        "0.97106": 1,
        "0.18258": 1,
        "0.5625": 1,
        "0.66667": 1,
        "0.33189": 1,
        "0.80556": 1,
        "0.90885": 1,
        "0.29543": 1,
        "0.99248": 1,
        "0.2662": 1,
        "0.91609": 1,
        "0.26794": 1,
        "0.68692": 1,
        "0.27662": 1,
        "0.54051": 1,
        "0.35561": 1,
        "0.44705": 1,
        "0.73814": 1,
        "0.74161": 1,
        "0.48727": 1,
        "0.44589": 1,
        "0.76968": 1,
        "0.71325": 1,
        "0.84259": 1,
        "0.4919": 1,
        "0.59462": 1,
        "0.27575": 1,
        "0.32755": 1,
        "0.50579": 1,
        "0.17419": 1,
        "0.33073": 1,
        "0.40828": 1,
        "0.28877": 1,
        "0.61545": 1,
        "0.40104": 1,
        "0.85735": 1,
        "0.72685": 1,
        "0.31134": 1,
        "0.81453": 1,
        "0.54485": 1,
        "0.43692": 1,
        "0.15336": 1,
        "0.43519": 1,
        "0.26881": 1,
        "0.4702": 1,
        "0.818": 1,
        "0.48785": 1,
        "0.66493": 1,
        "0.76071": 1,
        "0.26418": 1,
        "0.78385": 1,
        "0.28356": 1,
        "0.57002": 1,
        "0.43345": 1,
        "0.23929": 1,
        "0.625": 1,
        "0.59578": 1,
        "0.81366": 1,
        "0.48032": 1,
        "0.35417": 1,
        "0.6849": 1,
        "0.34983": 1,
        "0.49797": 1,
        "0.24913": 1,
        "0.1849": 1,
        "0.68171": 1,
        "0.88484": 1,
        "0.73438": 1,
        "0.92593": 1,
        "0.81568": 1,
        "0.21962": 1,
        "0.59549": 1,
        "0.76389": 1,
        "0.95544": 1,
        "0.94618": 1,
        "0.50752": 1,
        "0.97743": 1,
        "0.68403": 1,
        "0.68605": 1,
        "0.67998": 1,
        "0.49855": 1,
        "0.40046": 1,
        "0.98553": 1,
        "0.74421": 1,
        "0.22946": 1,
        "0.38918": 1,
        "0.46817": 1,
        "0.568": 1,
        "0.27922": 1,
        "0.53385": 1,
        "0.41059": 1,
        "0.39439": 1,
        "0.92043": 1,
        "0.62008": 1,
        "0.78096": 1,
        "0.53096": 1,
        "0.91175": 1,
        "0.54774": 1,
        "0.46267": 1,
        "0.20313": 1,
        "0.89931": 1,
        "0.4673": 1,
        "0.38513": 1,
        "0.54601": 1,
        "0.29311": 1,
        "0.4048": 1,
        "0.65046": 1,
        "0.37789": 1,
        "0.93084": 1,
        "0.41406": 1,
        "0.56453": 1,
        "0.64931": 1,
        "0.63194": 1,
        "0.61748": 1,
        "0.77922": 1,
        "0.70284": 1,
        "0.78472": 1,
        "0.90567": 1,
        "0.46586": 1,
        "0.68229": 1,
        "0.60995": 1,
        "0.31829": 1,
        "0.81481": 1,
        "0.30006": 1,
        "0.17564": 1,
        "0.6467": 1,
        "0.84693": 1,
        "0.28038": 1,
        "0.27373": 1,
        "0.85156": 1,
        "0.85938": 1,
        "0.69473": 1,
        "0.67824": 1,
        "0.41146": 1,
        "0.55758": 1,
        "0.83536": 1,
        "0.48293": 1,
        "0.61603": 1,
        "0.98409": 1,
        "0.85561": 1,
        "0.98524": 1,
        "0.44531": 1,
        "0.35532": 1,
        "0.96209": 1,
        "0.37269": 1,
        "0.3967": 1,
        "0.55411": 1,
        "0.21701": 1,
        "0.67245": 1,
        "0.8886": 1,
        "0.94647": 1,
        "0.31568": 1,
        "0.8397": 1,
        "0.7963": 1,
        "0.68027": 1,
        "0.21267": 1,
        "0.61574": 1,
        "0.75029": 1,
        "0.29601": 1,
        "0.53038": 1,
        "0.95833": 1,
        "0.97888": 1,
        "0.98322": 1,
        "0.54138": 1,
        "0.489": 1,
        "0.71759": 1,
        "0.3423": 1,
        "0.20197": 1,
        "0.51071": 1,
        "0.46615": 1,
        "0.92072": 1,
        "0.88368": 1,
        "0.4783": 1,
        "0.62297": 1,
        "0.25752": 1,
        "0.28819": 1,
        "0.99074": 1,
        "0.69387": 1,
        "0.29369": 1,
        "0.79514": 1,
        "0.37355": 1,
        "0.78646": 1,
        "0.65075": 1,
        "0.50029": 1,
        "0.71933": 1,
        "0.53183": 1,
        "0.62587": 1,
        "0.4485": 1,
        "0.28791": 1,
        "0.41609": 1,
        "0.53356": 1,
        "0.96846": 1,
        "0.84404": 1,
        "0.17593": 1,
        "0.26215": 1,
        "0.32581": 1,
        "0.72309": 1,
        "0.39034": 1,
        "0.39699": 1,
        "0.40538": 1,
        "0.99392": 1,
        "0.65509": 1,
        "0.82784": 1,
        "0.16262": 1,
        "0.32813": 1,
        "0.83073": 1,
        "0.53009": 1,
        "0.60069": 1,
        "0.93461": 1,
        "0.90654": 1,
        "0.96933": 1,
        "0.33652": 1,
        "0.82899": 1,
        "0.24595": 1,
        "0.62731": 1,
        "0.56944": 1,
        "0.98495": 1,
        "0.36574": 1,
        "0.34664": 1,
        "0.31597": 1,
        "0.3805": 1,
        "0.31279": 1,
        "0.41291": 1,
        "0.65307": 1,
        "0.72367": 1,
        "0.15856": 1,
        "0.70168": 1,
        "0.52546": 1,
        "0.42361": 1,
        "0.66638": 1,
        "0.37587": 1,
        "0.70486": 1,
        "0.71788": 1,
        "0.45255": 1,
        "0.27546": 1,
        "0.86053": 1,
        "0.65799": 1,
        "0.3287": 1,
        "0.9919": 1,
        "0.16233": 1,
        "0.7202": 1,
        "0.21036": 1,
        "0.38194": 1,
        "0.87992": 1,
        "0.25203": 1,
        "0.33304": 1,
        "0.84288": 1,
        "0.44473": 1,
        "0.59144": 1,
        "0.24045": 1,
        "0.60272": 1,
        "0.22135": 1,
        "0.5272": 1,
        "0.68258": 1,
        "0.30556": 1,
        "0.35706": 1,
        "0.26678": 1,
        "0.5544": 1,
        "0.94676": 1,
        "0.21991": 1,
        "0.68634": 1,
        "0.72078": 1,
        "0.36082": 1,
        "0.25405": 1,
        "0.32726": 1,
        "0.32928": 1,
        "0.62992": 1,
        "0.38252": 1,
        "0.87269": 1,
        "0.67188": 1,
        "0.27894": 1,
        "0.98958": 1,
        "0.41956": 1,
        "0.11661": 1,
        "0.51852": 1,
        "0.95949": 1,
        "0.25521": 1,
        "0.34028": 1,
        "0.80006": 1,
        "0.21181": 1,
        "0.36053": 1,
        "0.78819": 1,
        "0.42072": 1,
        "0.53877": 1,
        "0.32436": 1,
        "0.95197": 1,
        "0.14323": 1,
        "0.89265": 1,
        "0.52286": 1,
        "0.25347": 1,
        "0.84896": 1,
        "0.43605": 1,
        "0.74711": 1,
        "0.46846": 1,
        "0.35851": 1,
        "0.57841": 1,
        "0.38397": 1,
        "0.11314": 1,
        "0.39931": 1,
        "0.18547": 1,
        "0.89786": 1,
        "0.61487": 1,
        "0.31308": 1,
        "0.28964": 1,
        "0.42998": 1,
        "0.96441": 1,
        "0.52315": 1,
        "0.71528": 1,
        "0.2827": 1,
        "0.80122": 1,
        "0.98669": 1,
        "0.66262": 1,
        "0.72164": 1,
        "0.91696": 1,
        "0.91117": 1,
        "0.3397": 1,
        "0.52633": 1,
        "0.81916": 1,
        "0.49884": 1,
        "0.30932": 1,
        "0.49074": 1,
        "0.29051": 1,
        "0.42043": 1,
        "0.21007": 1,
        "0.52691": 1,
        "0.33391": 1,
        "0.6412": 1,
        "0.33796": 1,
        "0.97078": 1,
        "0.74595": 1,
        "0.71904": 1,
        "0.25666": 1,
        "0.21354": 1,
        "0.39294": 1,
        "0.69358": 1,
        "0.58999": 1,
        "0.64786": 1,
        "0.7934": 1,
        "0.40625": 1,
        "0.53704": 1,
        "0.50463": 1,
        "0.47135": 1,
        "0.68895": 1,
        "0.16753": 1,
        "0.16088": 1,
        "0.33565": 1,
        "0.42245": 1,
        "0.65422": 1,
        "0.66348": 1,
        "0.80064": 1,
        "0.23553": 1,
        "0.31076": 1,
        "0.55671": 1,
        "0.34751": 1,
        "0.26563": 1,
        "0.93403": 1,
        "0.32784": 1,
        "0.27431": 1,
        "0.44271": 1,
        "0.66898": 1,
        "0.38368": 1,
        "0.94531": 1,
        "0.19213": 1,
        "0.77633": 1,
        "0.72193": 1,
        "0.29745": 1,
        "0.34722": 1,
        "0.55729": 1,
        "0.41551": 1,
        "0.82292": 1,
        "0.75926": 1,
        "0.38657": 1,
        "0.31105": 1,
        "0.40278": 1,
        "0.38831": 1,
        "0.29456": 1,
        "0.69242": 1,
        "0.36198": 1,
        "0.12905": 1,
        "0.22685": 1,
        "0.62703": 1,
        "0.29659": 1,
        "0.30845": 1,
        "0.84115": 1,
        "0.51389": 1,
        "0.20544": 1,
        "0.48929": 1,
        "0.3776": 1,
        "0.35648": 1,
        "0.19358": 1,
        "0.22917": 1,
        "0.3316": 1,
        "0.45399": 1,
        "0.37876": 1,
        "0.89641": 1,
        "0.74334": 1,
        "0.9592": 1,
        "0.54572": 1,
        "0.7908": 1,
        "0.6548": 1,
        "0.6059": 1,
        "0.25839": 1,
        "0.25174": 1,
        "0.54282": 1,
        "0.99682": 1,
        "0.75174": 1,
        "0.42911": 1,
        "0.53212": 1,
        "0.14959": 1,
        "0.25376": 1,
        "0.38889": 1,
        "0.32668": 1,
        "0.63773": 1,
        "0.68142": 1,
        "0.36487": 1,
        "0.6713": 1,
        "0.56887": 1,
        "0.114": 1,
        "0.94994": 1,
        "0.28501": 1,
        "0.8342": 1,
        "0.82639": 1,
        "0.66291": 1,
        "0.98061": 1,
        "0.96962": 1,
        "0.26447": 1,
        "0.40885": 1,
        "0.64612": 1,
        "0.48987": 1,
        "0.5217": 1,
        "0.28414": 1,
        "0.60561": 1,
        "0.23293": 1,
        "0.53675": 1,
        "0.64265": 1,
        "0.32697": 1,
        "0.18721": 1,
        "0.95689": 1,
        "0.43953": 1,
        "0.38715": 1,
        "0.34549": 1,
        "0.36458": 1,
        "0.85446": 1,
        "0.24566": 1,
        "0.14381": 1,
        "0.73003": 1,
        "0.48524": 1,
        "0.32552": 1,
        "0.36719": 1,
        "0.45168": 1,
        "0.28443": 1,
        "0.35214": 1,
        "0.80208": 1,
        "0.87847": 1,
        "0.50203": 1,
        "0.22569": 1,
        "0.53472": 1,
        "0.29138": 1,
        "0.66609": 1,
        "0.51881": 1,
        "0.95428": 1,
        "0.15046": 1,
        "0.22193": 1,
        "0.43374": 1,
        "0.74306": 1,
        "0.5489": 1,
        "0.38426": 1,
        "0.93287": 1,
        "0.86314": 1,
        "0.19416": 1,
        "0.84375": 1,
        "0.27054": 1,
        "0.74942": 1,
        "0.45486": 1,
        "0.26331": 1,
        "0.9673": 1,
        "0.78443": 1,
        "0.82176": 1,
        "0.46325": 1,
        "0.52025": 1,
        "0.60706": 1,
        "0.46238": 1,
        "0.6658": 1,
        "0.41435": 1,
        "0.61372": 1,
        "0.38484": 1,
        "0.18837": 1,
        "0.693": 1,
        "0.30035": 1,
        "0.69531": 1,
        "0.84954": 1,
        "0.35735": 1,
        "0.44184": 1,
        "0.24797": 1,
        "0.51534": 1,
        "0.61314": 1,
        "0.53964": 1,
        "0.32321": 1,
        "0.75579": 1,
        "0.47801": 1,
        "0.94821": 1,
        "0.73119": 1,
        "0.28762": 1,
        "0.80729": 1,
        "0.54369": 1,
        "0.20226": 1,
        "0.40017": 1,
        "0.60185": 1,
        "0.25868": 1,
        "0.28935": 1,
        "0.40249": 1,
        "0.9647": 1,
        "0.34144": 1,
        "0.97425": 1,
        "0.58449": 1,
        "0.16377": 1,
        "0.72222": 1,
        "0.31366": 1,
        "0.39063": 1,
        "0.6331": 1,
        "0.61458": 1,
        "0.3261": 1,
        "0.28212": 1,
        "0.44907": 1,
        "0.8588": 1,
        "0.40654": 1,
        "0.54977": 1,
        "0.47367": 1,
        "0.97483": 1,
        "0.27315": 1,
        "0.37153": 1,
        "0.43634": 1,
        "0.31221": 1,
        "0.30584": 1,
        "0.21586": 1,
        "0.31626": 1,
        "0.71094": 1,
        "0.34115": 1,
        "0.59346": 1,
        "0.29167": 1,
        "0.99421": 1,
        "0.66551": 1,
        "0.36863": 1,
        "0.29977": 1,
        "0.32899": 1,
        "0.50174": 1,
        "0.47772": 1,
        "0.5": 1,
        "0.30903": 1,
        "0.89554": 1,
        "0.80961": 1,
        "0.77836": 1,
        "0.37326": 1,
        "0.21644": 1,
        "0.49103": 1,
        "0.3559": 1,
        "0.2526": 1,
        "0.71441": 1,
        "0.81105": 1,
        "0.99797": 1,
        "0.43258": 1,
        "0.81597": 1,
        "0.30093": 1,
        "0.35012": 1,
        "0.87066": 1,
        "0.36777": 1,
        "0.97975": 1,
        "0.47338": 1,
        "0.11227": 1,
        "0.61921": 1,
        "0.61256": 1,
        "0.41088": 1,
        "0.24855": 1,
        "0.7309": 1,
        "0.136": 1,
        "0.49421": 1,
        "0.2092": 1,
        "0.86545": 1,
        "0.22888": 1,
        "0.42419": 1,
        "0.56337": 1,
        "0.34057": 1,
        "0.39149": 1,
        "0.41985": 1,
        "0.43316": 1,
        "0.96817": 1,
        "0.84722": 1,
        "0.69792": 1,
        "0.20486": 1,
        "0.97685": 1,
        "0.35127": 1,
        "0.37731": 1,
        "0.30411": 1,
        "0.28617": 1,
        "0.31424": 1,
        "0.90336": 1,
        "0.64178": 1,
        "0.22338": 1,
        "0.20081": 1,
        "0.25781": 1,
        "0.70052": 1,
        "0.81742": 1,
        "0.99653": 1,
        "0.56973": 1,
        "0.74566": 1,
        "0.46065": 1,
        "0.16609": 1,
        "0.94878": 1,
        "0.50955": 1,
        "0.57668": 1,
        "0.85359": 1,
        "0.98756": 1,
        "0.87789": 1,
        "0.45978": 1,
        "0.39902": 1,
        "0.67795": 1,
        "0.60041": 1,
        "0.4511": 1,
        "0.41811": 1,
        "0.44618": 1,
        "0.7364": 1,
        "0.99045": 1,
        "0.58767": 1,
        "0.90828": 1,
        "0.28704": 1,
        "0.83912": 1,
        "0.40741": 1,
        "0.91435": 1,
        "0.14757": 1,
        "0.48148": 1,
        "0.35909": 1,
        "0.48351": 1,
        "0.83854": 1,
        "0.44387": 1,
        "0.41348": 1,
        "0.53559": 1,
        "0.72106": 1,
        "0.34896": 1,
        "0.72743": 1,
        "0.90596": 1,
        "0.78125": 1,
        "0.62645": 1,
        "0.44329": 1,
        "0.63339": 1,
        "0.75637": 1,
        "0.42593": 1,
        "0.29109": 1,
        "0.70978": 1,
        "0.7338": 1,
        "0.4864": 1,
        "0.53299": 1,
        "0.76649": 1,
        "0.39352": 1,
        "0.6276": 1,
        "0.82726": 1,
        "0.62963": 1,
        "0.50666": 1,
        "0.99624": 1,
        "0.53906": 1,
        "0.93229": 1,
        "0.46441": 1,
        "0.99363": 1,
        "0.26505": 1,
        "0.56192": 1,
        "0.24161": 1,
        "0.20949": 1
    },
    "nrows": 58310
}