{
    "column_id": "oml_dataset_35_rnc/oml_dataset_35_rnc.csvoml_dataset_35_rnc.csv/c_82",
    "dataset_name": "oml_dataset_35_rnc.csv",
    "dataset_id": "oml_dataset_35_rnc/oml_dataset_35_rnc.csv",
    "path": "/home/ubuntu/CatDB/Experiments/data/oml_dataset_35_rnc/oml_dataset_35_rnc.csv",
    "table_name": "oml_dataset_35_rnc.csv",
    "table_id": "oml_dataset_35_rnc/oml_dataset_35_rnc.csvoml_dataset_35_rnc.csv",
    "column_name": "c_82",
    "data_source": "oml_dataset_35_rnc",
    "data_type": "float",
    "total_values_count": 58310,
    "distinct_values_count": 2073,
    "missing_values_count": 0,
    "true_ratio": null,
    "min_value": 0.0,
    "max_value": 1.0,
    "mean": 0.033748817350540215,
    "median": 0.00028935,
    "iqr": 0.01765,
    "category_values": [
        0.11603,
        0.1305,
        0.0,
        0.0017361,
        0.066551,
        0.0086806,
        0.15972,
        0.0034722,
        0.0054977,
        0.34259,
        0.0031829,
        0.057292,
        0.030671,
        0.021412,
        0.00086806,
        0.46354,
        0.019387,
        0.0063657,
        0.010417,
        0.12731,
        0.13455,
        0.011574,
        0.062789,
        0.12095,
        0.017361,
        0.10503,
        0.0052083,
        0.0011574,
        0.095775,
        0.20428,
        0.0072338,
        0.0069444,
        0.087384,
        0.0005787,
        0.0020255,
        0.00028935,
        0.005787,
        0.25347,
        0.4864,
        0.034144,
        0.13108,
        0.24334,
        0.011285,
        0.047164,
        0.19126,
        0.47917,
        0.032697,
        0.014178,
        0.0014468,
        0.069444,
        0.045718,
        0.018229,
        0.0026042,
        0.04485,
        0.043692,
        0.010127,
        0.20515,
        0.015046,
        0.061053,
        0.28125,
        0.12616,
        0.070602,
        0.013889,
        0.065683,
        0.18316,
        0.23119,
        0.0046296,
        0.18808,
        0.010995,
        0.0089699,
        0.041667,
        0.085359,
        0.063947,
        0.077836,
        0.15625,
        0.022569,
        0.18924,
        0.011863,
        0.20862,
        0.029514,
        0.23322,
        0.033275,
        0.004919,
        0.0023148,
        0.1739,
        0.087963,
        0.056713,
        0.04022,
        0.0028935,
        0.11169,
        0.021991,
        0.010706,
        0.072917,
        0.060764,
        0.054688,
        0.06713,
        0.032118,
        0.060185,
        0.016204,
        0.031829,
        0.030961,
        0.038484,
        0.038194,
        0.05353,
        0.018808,
        0.061921,
        0.014757,
        0.025463,
        0.29138,
        0.0625,
        0.19387,
        0.25839,
        0.50897,
        0.41291,
        0.022859,
        0.029803,
        0.27054,
        0.24392,
        0.043403,
        0.031539,
        0.019676,
        0.0095486,
        0.041377,
        0.014468,
        0.045139,
        0.015336,
        0.020255,
        0.036169,
        0.016493,
        0.069734,
        0.18056,
        0.024884,
        0.045428,
        0.14525,
        0.08044,
        0.32494,
        0.1713,
        0.0078125,
        0.13802,
        0.084491,
        0.097512,
        0.10966,
        0.0075231,
        0.026042,
        0.017072,
        0.23843,
        0.079572,
        0.067419,
        0.053819,
        0.37731,
        0.17766,
        0.033565,
        0.024306,
        0.020544,
        0.10677,
        0.12124,
        0.14728,
        0.15307,
        0.26765,
        0.042824,
        0.0136,
        0.057002,
        0.049769,
        0.16522,
        0.050637,
        0.0081019,
        0.067998,
        0.0060764,
        0.064815,
        0.20804,
        0.34404,
        0.097801,
        0.58507,
        0.038773,
        0.076968,
        0.40162,
        0.0043403,
        0.10069,
        0.091435,
        0.043981,
        0.11343,
        0.012731,
        0.040799,
        0.10012,
        0.0092593,
        0.078993,
        0.063368,
        0.065104,
        0.26823,
        0.009838,
        0.050926,
        0.052662,
        0.33044,
        0.14959,
        0.088542,
        0.10156,
        0.01794,
        0.15596,
        0.20313,
        0.0037616,
        0.046875,
        0.62587,
        0.086516,
        0.033854,
        0.28559,
        0.0066551,
        0.015625,
        0.051505,
        0.023727,
        0.070313,
        0.016782,
        0.041956,
        0.21701,
        0.020833,
        0.20833,
        0.11053,
        0.37992,
        0.10648,
        0.026331,
        0.43953,
        0.10359,
        0.19155,
        0.023438,
        0.80469,
        0.093461,
        0.17998,
        0.02691,
        0.15336,
        0.091146,
        0.028935,
        0.6059,
        0.028646,
        0.075521,
        0.364,
        0.29051,
        0.30787,
        0.0040509,
        0.012153,
        0.03588,
        0.02228,
        0.28212,
        0.31916,
        0.14815,
        0.41435,
        0.039641,
        0.059317,
        0.073785,
        0.33767,
        0.034433,
        0.021701,
        0.04456,
        0.13947,
        0.84954,
        0.11082,
        0.31539,
        0.035012,
        0.06684,
        0.03125,
        0.081597,
        0.051794,
        0.58623,
        0.21644,
        0.18142,
        0.01765,
        0.019097,
        0.0083912,
        0.22512,
        0.26186,
        0.35127,
        0.74653,
        0.69792,
        0.18027,
        0.055556,
        0.025752,
        0.33594,
        0.037037,
        0.078704,
        0.042245,
        0.31684,
        0.054109,
        0.2147,
        0.32639,
        0.25608,
        0.039931,
        0.45486,
        0.12037,
        0.095486,
        0.10909,
        0.019965,
        0.18084,
        0.028067,
        0.10417,
        0.11487,
        0.046586,
        0.081887,
        0.044271,
        0.025174,
        0.015914,
        0.040509,
        0.043113,
        0.013021,
        0.04919,
        0.41956,
        0.027199,
        0.11198,
        0.092303,
        0.23698,
        0.012442,
        0.83767,
        0.78154,
        0.064236,
        0.13166,
        0.5952,
        0.11661,
        0.50434,
        0.080729,
        0.091725,
        0.21094,
        0.076389,
        0.18953,
        0.062211,
        0.10214,
        0.074653,
        0.036458,
        0.061632,
        0.052083,
        0.12558,
        0.19473,
        0.018519,
        0.037616,
        0.052373,
        0.09838,
        0.027488,
        0.063079,
        0.089988,
        0.054977,
        0.090567,
        0.739,
        0.25145,
        0.092014,
        0.042535,
        0.047454,
        0.29601,
        0.29253,
        0.11806,
        0.13137,
        0.066262,
        0.12587,
        0.090856,
        0.051215,
        0.12384,
        0.10446,
        0.035301,
        0.061343,
        0.083623,
        0.096354,
        0.60648,
        0.5217,
        0.1441,
        0.039352,
        0.039063,
        0.092593,
        0.01331,
        0.79369,
        0.07581,
        0.15046,
        0.24855,
        0.87616,
        0.024595,
        0.050058,
        0.84983,
        0.63455,
        0.45833,
        0.19531,
        0.15365,
        0.041088,
        0.085648,
        0.063657,
        0.037326,
        0.17679,
        0.094329,
        0.13281,
        0.24277,
        0.024016,
        0.77604,
        0.10243,
        0.11516,
        0.31047,
        0.27286,
        0.082176,
        0.028356,
        0.048322,
        0.032407,
        0.086227,
        0.22743,
        0.42882,
        0.37963,
        0.21441,
        0.41609,
        0.28385,
        0.060475,
        0.27778,
        0.24306,
        0.38484,
        0.17419,
        0.2066,
        0.14699,
        0.42216,
        0.82436,
        0.28848,
        0.31019,
        0.20573,
        0.15104,
        0.15943,
        0.074074,
        0.27865,
        0.92564,
        0.070023,
        0.1088,
        0.22569,
        0.068866,
        0.29225,
        0.27749,
        0.13021,
        0.41204,
        0.1577,
        0.030093,
        0.31395,
        0.47396,
        0.071759,
        0.16262,
        0.030382,
        0.027778,
        0.032986,
        0.16435,
        0.60127,
        0.072338,
        0.17795,
        0.38628,
        0.28096,
        0.31221,
        0.35909,
        0.084201,
        0.17622,
        0.29109,
        0.21354,
        0.21904,
        0.29659,
        0.96701,
        0.44965,
        0.16927,
        0.047743,
        0.14554,
        0.41319,
        0.085069,
        0.16609,
        0.72743,
        0.12326,
        0.08478,
        0.1331,
        0.15422,
        0.03559,
        0.065972,
        0.055266,
        0.38194,
        0.021123,
        0.37674,
        0.3206,
        0.029225,
        0.068576,
        0.098958,
        0.097222,
        0.1033,
        0.072627,
        0.3044,
        0.136,
        0.16638,
        0.28443,
        0.27402,
        0.056424,
        0.074942,
        0.11863,
        0.076678,
        0.12442,
        0.058449,
        0.20023,
        0.059028,
        0.16753,
        0.26736,
        0.49306,
        0.2283,
        0.23032,
        0.093171,
        0.75087,
        0.49479,
        0.046007,
        0.14323,
        0.10764,
        0.25492,
        0.22425,
        0.087674,
        0.08015,
        0.10561,
        0.069155,
        0.11256,
        0.12297,
        0.64844,
        0.18634,
        0.40943,
        0.059606,
        0.14497,
        0.23727,
        0.12471,
        0.46962,
        0.075231,
        0.13686,
        0.18403,
        0.59086,
        0.14149,
        0.63918,
        0.2963,
        0.13368,
        0.46846,
        0.19358,
        0.050347,
        0.20949,
        0.17274,
        0.25203,
        0.056134,
        0.11314,
        0.18866,
        0.02662,
        0.090278,
        0.114,
        0.11111,
        0.055845,
        0.19444,
        0.10822,
        0.20689,
        0.1224,
        0.037905,
        0.13339,
        0.19965,
        0.1195,
        0.13194,
        0.14352,
        0.12153,
        0.24595,
        0.15451,
        0.16319,
        0.27083,
        0.12934,
        0.55353,
        0.57205,
        0.15741,
        0.088252,
        0.80613,
        0.073495,
        0.13976,
        0.11892,
        0.046296,
        0.05816,
        0.081019,
        0.79253,
        0.49132,
        0.11227,
        0.25666,
        0.14091,
        0.049479,
        0.077546,
        0.37297,
        0.45718,
        0.059896,
        0.2364,
        0.2037,
        0.068287,
        0.85561,
        0.20168,
        0.18779,
        0.27633,
        0.089699,
        0.26649,
        0.0489,
        0.18663,
        0.073206,
        0.36516,
        0.87326,
        0.070891,
        0.12529,
        0.23466,
        0.12963,
        0.29948,
        0.23148,
        0.59375,
        0.55179,
        0.33218,
        0.1603,
        0.1059,
        0.38686,
        0.48409,
        0.14178,
        0.023148,
        0.12847,
        0.08941,
        0.4592,
        0.13715,
        0.11719,
        0.43027,
        0.4265,
        0.26794,
        0.21586,
        0.15394,
        0.62992,
        0.21007,
        0.42824,
        0.096065,
        0.10041,
        0.08912,
        0.13831,
        0.22454,
        0.16059,
        0.053241,
        0.20718,
        0.31366,
        0.088831,
        0.14757,
        0.31713,
        0.19994,
        0.85127,
        0.83854,
        0.66782,
        0.054398,
        0.46615,
        0.13426,
        0.19676,
        0.51968,
        0.07147,
        0.1467,
        0.96441,
        0.078125,
        0.44039,
        0.12645,
        0.30642,
        0.082755,
        0.22193,
        0.20486,
        0.14641,
        0.55382,
        0.40885,
        0.19821,
        0.11574,
        0.083044,
        0.067708,
        0.13397,
        0.2011,
        0.20747,
        0.085938,
        0.31771,
        0.35851,
        0.19907,
        0.048032,
        0.12355,
        0.064525,
        0.25752,
        0.41551,
        0.30324,
        0.17477,
        0.99016,
        0.50376,
        0.46123,
        0.1658,
        0.27257,
        0.1522,
        0.10127,
        0.09809,
        0.14063,
        0.19878,
        0.16725,
        0.22627,
        0.27228,
        0.1169,
        0.077257,
        0.11458,
        0.30179,
        0.036748,
        0.23235,
        0.13657,
        0.56221,
        0.18837,
        0.1849,
        0.22396,
        0.80122,
        0.18547,
        0.22772,
        0.10995,
        0.24913,
        0.19792,
        0.10272,
        0.19763,
        0.52691,
        0.19242,
        0.61603,
        0.12182,
        0.44358,
        0.7827,
        0.13918,
        0.2419,
        0.85012,
        0.11979,
        0.24566,
        0.83652,
        0.42679,
        0.12269,
        0.42708,
        0.10185,
        0.39439,
        0.34028,
        0.18721,
        0.17014,
        0.62703,
        0.35214,
        0.42737,
        0.10532,
        0.31887,
        0.29311,
        0.057581,
        0.094618,
        0.40596,
        0.14902,
        0.087095,
        0.22049,
        0.26997,
        0.21181,
        0.11545,
        0.0761,
        0.37905,
        0.083912,
        0.12818,
        0.14439,
        0.41782,
        0.05787,
        0.50203,
        0.12008,
        0.16204,
        0.30006,
        0.15017,
        0.27141,
        0.58275,
        0.3724,
        0.074363,
        0.60851,
        0.69242,
        0.35359,
        0.14844,
        0.23582,
        0.67043,
        0.10098,
        0.21788,
        0.1114,
        0.23177,
        0.37645,
        0.034722,
        0.081308,
        0.13744,
        0.21325,
        0.14034,
        0.30903,
        0.57957,
        0.39525,
        0.095197,
        0.2526,
        0.46557,
        0.20775,
        0.36661,
        0.099826,
        0.18229,
        0.1901,
        0.35619,
        0.19502,
        0.22106,
        0.10475,
        0.80324,
        0.086806,
        0.078414,
        0.25058,
        0.55845,
        0.10619,
        0.16001,
        0.048611,
        0.39988,
        0.23958,
        0.45197,
        0.67274,
        0.1276,
        0.43056,
        0.25231,
        0.14468,
        0.22975,
        0.14988,
        0.99971,
        0.18461,
        0.25955,
        0.7581,
        0.19589,
        0.1765,
        0.15799,
        0.15133,
        0.12674,
        0.16117,
        0.13571,
        0.18576,
        0.37326,
        0.47598,
        0.17072,
        0.77054,
        0.24363,
        0.21412,
        0.57089,
        0.098669,
        0.94502,
        0.24711,
        0.3669,
        0.66522,
        0.18287,
        0.75,
        0.40712,
        0.66319,
        0.3125,
        0.33796,
        0.34057,
        0.40046,
        0.36256,
        0.19618,
        0.28906,
        0.11372,
        0.42795,
        0.12992,
        0.11429,
        0.59201,
        0.54659,
        0.1386,
        0.3614,
        0.17101,
        0.43403,
        0.14265,
        0.17853,
        0.15075,
        0.1412,
        0.14294,
        0.52807,
        0.54514,
        0.16985,
        0.45023,
        0.95631,
        0.68721,
        0.26013,
        0.5408,
        0.72106,
        0.14873,
        0.20052,
        0.28762,
        0.63628,
        0.44531,
        0.23524,
        0.39207,
        0.16406,
        0.2908,
        0.096644,
        0.46036,
        0.24826,
        0.17593,
        0.13079,
        0.082465,
        0.30093,
        0.15856,
        0.23206,
        0.33565,
        0.29369,
        0.62529,
        0.21036,
        0.15885,
        0.30527,
        0.11748,
        0.21846,
        0.052951,
        0.80411,
        0.094907,
        0.24045,
        0.31829,
        0.3533,
        0.16348,
        0.11777,
        0.10388,
        0.41898,
        0.22251,
        0.31481,
        0.69387,
        0.14236,
        0.38079,
        0.34635,
        0.065394,
        0.44126,
        0.26505,
        0.22859,
        0.2853,
        0.10851,
        0.34433,
        0.34722,
        0.26881,
        0.24537,
        0.42188,
        0.19097,
        0.15654,
        0.36921,
        0.083333,
        0.38889,
        0.72135,
        0.41117,
        0.30122,
        0.26939,
        0.13889,
        0.34346,
        0.10301,
        0.58247,
        0.072049,
        0.31163,
        0.34838,
        0.11632,
        0.54861,
        0.35156,
        0.35677,
        0.43576,
        0.17332,
        0.4702,
        0.54282,
        0.13252,
        0.32321,
        0.16811,
        0.21875,
        0.10938,
        0.24479,
        0.6276,
        0.64005,
        0.91262,
        0.28819,
        0.12789,
        0.37124,
        0.57031,
        0.25289,
        0.39034,
        0.11285,
        0.15828,
        0.27112,
        0.28009,
        0.74132,
        0.62789,
        0.28964,
        0.43171,
        0.52199,
        0.9265,
        0.36024,
        0.58796,
        0.73611,
        0.99913,
        0.30845,
        0.22338,
        0.18895,
        0.37616,
        0.36458,
        0.28646,
        0.2228,
        0.36372,
        0.72049,
        0.25405,
        0.62847,
        0.094039,
        0.182,
        0.15712,
        0.33449,
        0.32552,
        0.26302,
        0.17824,
        0.28067,
        0.16696,
        0.29167,
        0.6224,
        0.17361,
        0.70255,
        0.46875,
        0.20978,
        0.27199,
        0.35098,
        0.82523,
        0.22541,
        0.27431,
        0.4077,
        0.17506,
        0.93142,
        0.17245,
        0.21267,
        0.24016,
        0.32899,
        0.17564,
        0.29572,
        0.21152,
        0.83738,
        0.95255,
        0.22917,
        0.4566,
        0.079282,
        0.36748,
        0.193,
        0.57234,
        0.58333,
        0.27315,
        0.49277,
        0.3261,
        0.45139,
        0.7853,
        0.63079,
        0.19416,
        0.10793,
        0.28183,
        0.16667,
        0.17159,
        0.25174,
        0.22367,
        0.071181,
        0.34144,
        0.24653,
        0.93808,
        0.40914,
        0.28704,
        0.26707,
        0.34751,
        0.51186,
        0.19039,
        0.10706,
        0.43374,
        0.56279,
        0.28617,
        0.40856,
        0.32581,
        0.74306,
        0.18519,
        0.20399,
        0.2173,
        0.95862,
        0.125,
        0.33275,
        0.16146,
        0.26476,
        0.19271,
        0.58738,
        0.99363,
        0.30961,
        0.41146,
        0.44155,
        0.22801,
        0.40307,
        0.18432,
        0.09375,
        0.5761,
        0.47772,
        0.29832,
        0.48553,
        0.40191,
        0.25984,
        0.85909,
        0.56047,
        0.18258,
        0.4647,
        0.66406,
        0.70399,
        0.57002,
        0.37413,
        0.20284,
        0.28588,
        0.13542,
        0.21933,
        0.30671,
        0.2717,
        0.21296,
        0.058738,
        0.63744,
        0.24103,
        0.54803,
        0.50029,
        0.46499,
        0.19705,
        0.34317,
        0.85446,
        0.22714,
        0.38397,
        0.53501,
        0.66638,
        0.15249,
        0.63657,
        0.67969,
        0.35272,
        0.98003,
        0.33825,
        0.33391,
        0.3316,
        0.79572,
        0.70341,
        0.21238,
        0.12211,
        0.30584,
        0.68779,
        0.21615,
        0.43142,
        0.24074,
        0.30353,
        0.77922,
        0.21817,
        0.74363,
        0.21557,
        0.79022,
        0.24508,
        0.80237,
        0.56626,
        0.15509,
        0.87095,
        0.58073,
        0.74711,
        0.36169,
        0.42419,
        0.16493,
        0.13513,
        0.18171,
        0.26128,
        0.54774,
        0.74479,
        0.8206,
        0.66001,
        0.37355,
        0.30295,
        0.42101,
        0.15683,
        0.33189,
        0.43634,
        0.079861,
        0.60388,
        0.25116,
        0.307,
        0.87124,
        0.87674,
        0.26678,
        0.7419,
        0.26273,
        0.27575,
        0.44734,
        0.73495,
        0.099537,
        0.62211,
        0.25463,
        0.59549,
        0.25637,
        0.59028,
        0.99219,
        0.28877,
        0.41696,
        0.14381,
        0.21383,
        0.11834,
        0.43345,
        0.53675,
        0.35561,
        0.2309,
        0.13484,
        0.17043,
        0.55266,
        0.32697,
        0.17737,
        0.77836,
        0.43287,
        0.57755,
        0.15567,
        0.26215,
        0.24769,
        0.21209,
        0.28414,
        0.67506,
        0.41811,
        0.4103,
        0.12703,
        0.57813,
        0.28038,
        0.57147,
        0.28299,
        0.40278,
        0.38368,
        0.36574,
        0.14612,
        0.61834,
        0.29427,
        0.91725,
        0.59954,
        0.18605,
        0.092882,
        0.22656,
        0.13223,
        0.2636,
        0.40394,
        0.3912,
        0.34172,
        0.25434,
        0.11024,
        0.14207,
        0.83681,
        0.19213,
        0.36603,
        0.70747,
        0.5081,
        0.12876,
        0.30874,
        0.12413,
        0.40365,
        0.10735,
        0.21499,
        0.90451,
        0.8941,
        0.37587,
        0.55527,
        0.18981,
        0.9022,
        0.9945,
        0.9974,
        0.25318,
        0.39497,
        0.74769,
        0.15191,
        0.22598,
        0.91175,
        0.44589,
        0.86256,
        0.26563,
        0.17969,
        0.33247,
        0.20139,
        0.2989,
        0.40336,
        0.39468,
        0.23553,
        0.26157,
        0.24624,
        0.6169,
        0.28241,
        0.20341,
        0.43519,
        0.41001,
        0.59925,
        0.48466,
        0.29196,
        0.16869,
        0.35822,
        0.43779,
        0.36198,
        0.36111,
        0.5191,
        0.16782,
        0.23438,
        0.44387,
        0.20255,
        0.22946,
        0.42766,
        0.48843,
        0.49797,
        0.5544,
        0.90509,
        0.82407,
        0.86921,
        0.51707,
        0.12905,
        0.25781,
        0.53993,
        0.30613,
        0.25868,
        0.83478,
        0.19936,
        0.25579,
        0.5625,
        0.48669,
        0.69126,
        0.99942,
        0.22164,
        0.11921,
        0.41927,
        0.54311,
        0.97106,
        0.32234,
        0.27025,
        0.36343,
        0.79485,
        0.36719,
        0.4048,
        0.33738,
        0.17911,
        0.84549,
        0.3588,
        0.76505,
        0.86053,
        0.16088,
        0.56019,
        0.74074,
        0.58594,
        0.3099,
        0.65596,
        0.62731,
        0.80584,
        0.14005,
        0.68229,
        0.30556,
        0.35388,
        0.17535,
        0.50579,
        0.45255,
        0.16291,
        0.37703,
        0.39091,
        0.31308,
        0.56134,
        0.58767,
        0.28733,
        0.35648,
        0.31655,
        0.69502,
        0.21962,
        0.31424,
        0.15278,
        0.94444,
        0.74797,
        0.33333,
        0.33652,
        0.60272,
        0.9919,
        0.57552,
        0.23409,
        0.80556,
        0.99537,
        0.45862,
        0.20457,
        0.79543,
        0.64034,
        0.72251,
        0.2934,
        0.33912,
        0.42332,
        0.875,
        0.54832,
        0.16551,
        0.24884,
        0.38455,
        0.39063,
        0.55006,
        0.66117,
        0.98987,
        0.57292,
        0.28791,
        0.54716,
        0.35243,
        0.32263,
        0.36053,
        0.16233,
        0.32784,
        0.20081,
        0.50521,
        0.1548,
        0.27604,
        0.1875,
        0.44618,
        0.22483,
        0.47685,
        0.43113,
        0.2827,
        0.58883,
        0.17882,
        0.35301,
        0.6305,
        0.83536,
        0.22888,
        0.92448,
        0.42303,
        0.20544,
        0.48206,
        0.23929,
        0.3941,
        0.52286,
        0.32957,
        0.19184,
        0.34867,
        0.49537,
        0.42998,
        0.51765,
        0.3287,
        0.46644,
        0.46586,
        0.53588,
        0.66609,
        0.31597,
        0.25897,
        0.17188,
        0.6577,
        0.49855,
        0.47627,
        0.81424,
        0.53328,
        0.43229,
        0.34809,
        0.16175,
        0.31742,
        0.68837,
        0.36227,
        0.7283,
        0.1684,
        0.69358,
        0.18374,
        0.099248,
        0.2092,
        0.38976,
        0.68142,
        0.35764,
        0.29774,
        0.40104,
        0.7011,
        0.31858,
        0.2555,
        0.67361,
        0.29485,
        0.80642,
        0.67216,
        0.58681,
        0.66348,
        0.65422,
        0.28472,
        0.60446,
        0.21759,
        0.40075,
        0.22309,
        0.89323,
        0.59259,
        0.78993,
        0.94126,
        0.87297,
        0.57899,
        0.90885,
        0.30064,
        0.56973,
        0.27894,
        0.32841,
        0.54427,
        0.88397,
        0.28356,
        0.72772,
        0.59664,
        0.37876,
        0.33304,
        0.26042,
        0.29688,
        0.23061,
        0.31105,
        0.58941,
        0.70515,
        0.94821,
        0.32205,
        0.24797,
        0.31134,
        0.33362,
        0.52488,
        1.0,
        0.14583,
        0.89988,
        0.17216,
        0.2202,
        0.47049,
        0.47193,
        0.23785,
        0.32436,
        0.25,
        0.2445,
        0.14931,
        0.35446,
        0.44097,
        0.24132,
        0.23351,
        0.3559,
        0.53299,
        0.511,
        0.51042,
        0.14786,
        0.30498,
        0.46325,
        0.67593,
        0.23264,
        0.99566,
        0.23611,
        0.40683,
        0.53559,
        0.26244,
        0.49682,
        0.3151,
        0.6794,
        0.27951,
        0.78675,
        0.47454,
        0.26447,
        0.24971,
        0.53472,
        0.27546,
        0.85272,
        0.50405,
        0.29919,
        0.27459,
        0.42448,
        0.77778,
        0.86372,
        0.99248,
        0.32755,
        0.25694,
        0.2338,
        0.45168,
        0.19329,
        0.52257,
        0.29716,
        0.261,
        0.16464,
        0.43084,
        0.39554,
        0.61372,
        0.58478,
        0.29977,
        0.43924,
        0.15538,
        0.096933,
        0.31076,
        0.6739,
        0.57986,
        0.78038,
        0.32292,
        0.38281,
        0.31626,
        0.58131,
        0.45081,
        0.63571,
        0.55729,
        0.55498,
        0.93084,
        0.67188,
        0.38571,
        0.3776,
        0.28328,
        0.90914,
        0.5515,
        0.56105,
        0.41667,
        0.32147,
        0.19734,
        0.63397,
        0.89728,
        0.20197,
        0.39352,
        0.23756,
        0.38339,
        0.71181,
        0.50666,
        0.21991,
        0.22222,
        0.26071,
        0.45428,
        0.45515,
        0.97222,
        0.99508,
        0.5162,
        0.29398,
        0.31944,
        0.12066,
        0.68924,
        0.60938,
        0.5489,
        0.67998,
        0.17448,
        0.31568,
        0.37818,
        0.1794,
        0.7717,
        0.45544,
        0.26331,
        0.57784,
        0.30816,
        0.23814,
        0.67332,
        0.44763,
        0.19647,
        0.2581,
        0.91898,
        0.55035,
        0.30729,
        0.95891,
        0.87211,
        0.84288,
        0.40017,
        0.13628,
        0.5298,
        0.71701,
        0.71412,
        0.47425,
        0.49016,
        0.26852,
        0.82726,
        0.35532,
        0.74595,
        0.18113,
        0.51649,
        0.68374,
        0.16956,
        0.23669,
        0.17708,
        0.48061,
        0.52633,
        0.49913,
        0.61806,
        0.42159,
        0.33709,
        0.55816,
        0.64149,
        0.28993,
        0.16898,
        0.63223,
        0.97078,
        0.44444,
        0.53906,
        0.72425,
        0.24161,
        0.5136,
        0.23872,
        0.58218,
        0.47975,
        0.21528,
        0.30411,
        0.34983,
        0.46007,
        0.27662,
        0.37789,
        0.20602,
        0.7908,
        0.1985,
        0.41377,
        0.8151,
        0.52025,
        0.85966,
        0.66898,
        0.23495,
        0.52662,
        0.31279,
        0.68113,
        0.61748,
        0.72078,
        0.73466,
        0.32986,
        0.13773,
        0.41088,
        0.26968,
        0.66869,
        0.19068,
        0.36082,
        0.64757,
        0.89931,
        0.37442,
        0.98438,
        0.81742,
        0.70284,
        0.88889,
        0.37182,
        0.2691,
        0.63368,
        0.58015,
        0.93519,
        0.53356,
        0.42593,
        0.61343,
        0.50752,
        0.80266,
        0.22078,
        0.17303,
        0.33015,
        0.18692,
        0.51678,
        0.67564,
        0.56453,
        0.26389,
        0.91406,
        0.81568,
        0.59404,
        0.5787,
        0.28935,
        0.25521,
        0.42072,
        0.20631,
        0.39902,
        0.2772,
        0.34664,
        0.67477,
        0.24248,
        0.91869,
        0.7934,
        0.21672,
        0.40567,
        0.38918,
        0.61256,
        0.47512,
        0.97627,
        0.45747,
        0.6033,
        0.29456,
        0.36285,
        0.92303,
        0.87529,
        0.73061,
        0.34549,
        0.46412,
        0.48177,
        0.54688,
        0.27836,
        0.76968,
        0.46991,
        0.59635,
        0.91146,
        0.34201,
        0.21123,
        0.73322,
        0.32813,
        0.44502,
        0.61516,
        0.45891,
        0.57928,
        0.40451,
        0.3452,
        0.48524,
        0.49653,
        0.15162,
        0.35417,
        0.44878,
        0.34578,
        0.4485,
        0.54543,
        0.78906,
        0.52922,
        0.87963,
        0.29803,
        0.47714,
        0.39005,
        0.69271,
        0.44242,
        0.39265,
        0.80035,
        0.25376,
        0.83507,
        0.76939,
        0.74537,
        0.50058,
        0.34288,
        0.48438,
        0.52778,
        0.66725,
        0.28501,
        0.56308,
        0.20226,
        0.39815,
        0.39699,
        0.24421,
        0.59115,
        0.41406,
        0.26591,
        0.60619,
        0.91088,
        0.36777,
        0.72859,
        0.5706,
        0.51447,
        0.77402,
        0.69647,
        0.65885,
        0.89815,
        0.77807,
        0.50231,
        0.66146,
        0.2662,
        0.98235,
        0.37558,
        0.33073,
        0.43316,
        0.51071,
        0.98756,
        0.36834,
        0.59896,
        0.76186,
        0.34954,
        0.54601,
        0.82234,
        0.45804,
        0.15914,
        0.29543,
        0.98727,
        0.42361,
        0.53096,
        0.25029,
        0.68692,
        0.57639,
        0.50492,
        0.86632,
        0.30266,
        0.52575,
        0.83218,
        0.3831,
        0.37211,
        0.40972,
        0.30035,
        0.85938,
        0.20891,
        0.33478,
        0.34462,
        0.57321,
        0.65365,
        0.9103,
        0.65683,
        0.39959,
        0.55613,
        0.95978,
        0.98929,
        0.44994,
        0.49826,
        0.46181,
        0.49971,
        0.61661,
        0.42853,
        0.38513,
        0.44821,
        0.51476,
        0.67853,
        0.92043,
        0.73351,
        0.99045,
        0.53646,
        0.64873,
        0.82263,
        0.59057,
        0.7202,
        0.57176,
        0.34693,
        0.46383,
        0.32089,
        0.3015,
        0.70862,
        0.64323,
        0.52546,
        0.44271,
        0.94734,
        0.54051,
        0.35012,
        0.47743,
        0.59809,
        0.99769,
        0.48958,
        0.28154,
        0.37066,
        0.71644,
        0.58362,
        0.33507,
        0.48582,
        0.52315,
        0.91753,
        0.489,
        0.23293,
        0.75318,
        0.83275,
        0.57465,
        0.48293,
        0.32407,
        0.61053,
        0.24219,
        0.67795,
        0.81944,
        0.82841,
        0.37384,
        0.63831,
        0.34491,
        0.81829,
        0.48003,
        0.9077,
        0.5735,
        0.73958,
        0.88744,
        0.46152,
        0.74971,
        0.5651,
        0.99826,
        0.39641,
        0.38744,
        0.64583,
        0.7173,
        0.48929,
        0.84317,
        0.76707,
        0.60764,
        0.87587,
        0.4184,
        0.54485,
        0.69416,
        0.69589,
        0.53819,
        0.58189,
        0.4919,
        0.55642,
        0.96296,
        0.86603,
        0.55903,
        0.25926,
        0.92188,
        0.69155,
        0.75666,
        0.557,
        0.32002,
        0.4239,
        0.66927,
        0.36429,
        0.50955,
        0.27488,
        0.70313,
        0.43981,
        0.71846,
        0.46441,
        0.55874,
        0.49045,
        0.94878,
        0.66753,
        0.62095,
        0.89236,
        0.90075,
        0.37934,
        0.36863,
        0.23003,
        0.46238,
        0.89959,
        0.32726,
        0.76302,
        0.37153,
        0.59172,
        0.34896,
        0.68895,
        0.60966,
        0.443,
        0.5026,
        0.41725,
        0.77517,
        0.53733,
        0.39786,
        0.53067,
        0.71238,
        0.27517,
        0.63108,
        0.18345,
        0.42969,
        0.30382,
        0.72888,
        0.49074,
        0.62442,
        0.87645,
        0.9838,
        0.1956,
        0.432,
        0.95718,
        0.42245,
        0.22685,
        0.47801,
        0.3805,
        0.87153,
        0.37037,
        0.2798,
        0.69039,
        0.7636,
        0.34925,
        0.70775,
        0.33941,
        0.4022,
        0.82031,
        0.90307,
        0.68808,
        0.83999,
        0.66291,
        0.43605,
        0.5978,
        0.239,
        0.75405,
        0.81481,
        0.71209,
        0.36545,
        0.28675,
        0.60156,
        0.5599,
        0.39873,
        0.55961,
        0.91001,
        0.69878,
        0.57841,
        0.77083,
        0.30469,
        0.3886,
        0.42506,
        0.46672,
        0.34606,
        0.94763,
        0.864,
        0.44792,
        0.21065,
        0.50289,
        0.70804,
        0.4945,
        0.48119,
        0.82494,
        0.41262,
        0.66377,
        0.32523,
        0.25087,
        0.8099,
        0.27922,
        0.49884,
        0.99797,
        0.65104,
        0.45313,
        0.60185,
        0.8886,
        0.69734,
        0.56568,
        0.4511,
        0.943,
        0.78704,
        0.4728,
        0.83073,
        0.93171,
        0.60214,
        0.60793,
        0.3235,
        0.53125,
        0.58044,
        0.70891,
        0.44676,
        0.49103,
        0.53154,
        0.9158,
        0.73814,
        0.49711,
        0.73148,
        0.55208,
        0.57494,
        0.55411,
        0.56337,
        0.65394,
        0.16377,
        0.72454,
        0.82118,
        0.34375,
        0.52054,
        0.74855,
        0.64497,
        0.5,
        0.77025,
        0.30208,
        0.83333,
        0.30932,
        0.76447,
        0.30758,
        0.39294
    ],
    "embedding": [
        -0.04827062413096428,
        -0.13096442818641663,
        0.15424060821533203,
        -0.01895271986722946,
        0.04770280048251152,
        0.09586592018604279,
        0.10467994213104248,
        0.219501331448555,
        0.22125713527202606,
        0.14031973481178284,
        -0.16870002448558807,
        -0.007397043518722057,
        0.07460988312959671,
        -0.20893260836601257,
        0.03202418237924576,
        -0.16466787457466125,
        0.19404640793800354,
        0.17422576248645782,
        0.05122220143675804,
        -0.048294905573129654,
        0.054731495678424835,
        -0.10489006340503693,
        0.08431591093540192,
        0.1762293428182602,
        -0.10598448663949966,
        -0.13699038326740265,
        -0.11413665115833282,
        -0.17497645318508148,
        0.12747541069984436,
        -0.25332924723625183,
        -0.13342125713825226,
        -0.011728770099580288,
        0.004880363121628761,
        -0.17204149067401886,
        0.19228066504001617,
        0.11885647475719452,
        0.05893395096063614,
        -0.10565351694822311,
        0.0066610281355679035,
        0.03903857246041298,
        -0.20685353875160217,
        0.04914084076881409,
        -0.06896421313285828,
        -0.011187667958438396,
        -0.15073634684085846,
        0.16233861446380615,
        -0.11202032119035721,
        -0.03299124911427498,
        0.13447566330432892,
        0.11239082366228104,
        -0.05327881500124931,
        -0.15879346430301666,
        0.12127724289894104,
        -0.04067515954375267,
        0.03182929754257202,
        -0.04671892151236534,
        0.04091613367199898,
        0.14750003814697266,
        -0.058488406240940094,
        -0.06392236799001694,
        0.08802927285432816,
        0.036739856004714966,
        -0.014143911190330982,
        -0.02904992364346981,
        -0.04258880764245987,
        -0.19392959773540497,
        0.26243090629577637,
        0.21434269845485687,
        -0.14146843552589417,
        -0.15523149073123932,
        0.10384714603424072,
        0.030582645907998085,
        -0.17770104110240936,
        0.20450332760810852,
        -0.1138569638133049,
        -0.03324960917234421,
        0.16196279227733612,
        0.02601827122271061,
        0.06429038196802139,
        0.060887791216373444,
        -0.03968865051865578,
        -0.003243377897888422,
        0.006729528307914734,
        0.14056509733200073,
        0.0008246213546954095,
        0.024047186598181725,
        -0.013942945748567581,
        -0.22111818194389343,
        0.20148229598999023,
        0.14554806053638458,
        -0.03330674394965172,
        -0.017345665022730827,
        0.11374559998512268,
        0.12422716617584229,
        -0.055681005120277405,
        -0.019046148285269737,
        -0.015433421358466148,
        -0.09169698506593704,
        -0.010824447497725487,
        -0.11084596812725067,
        0.04082408919930458,
        0.14418762922286987,
        0.01267922855913639,
        -0.05215534195303917,
        -0.1175759956240654,
        0.030671382322907448,
        -0.011414366774260998,
        0.10021306574344635,
        0.045888107270002365,
        -0.06504659354686737,
        -0.17473280429840088,
        0.20773760974407196,
        0.05173525959253311,
        0.018395408987998962,
        -0.13091179728507996,
        -0.0698261484503746,
        0.04592427238821983,
        0.07651492953300476,
        0.048994243144989014,
        -0.026434652507305145,
        0.04671825096011162,
        0.16739636659622192,
        0.15678438544273376,
        0.00550481304526329,
        -0.030182985588908195,
        0.09046263992786407,
        0.08200673758983612,
        0.03826862946152687,
        0.03652583435177803,
        -0.17728136479854584,
        0.09363710135221481,
        -0.00243940157815814,
        -0.05007482320070267,
        -0.04384908452630043,
        -0.038010384887456894,
        -0.041117195039987564,
        0.09465299546718597,
        0.01016749907284975,
        -0.15615622699260712,
        0.08550123870372772,
        0.06881933659315109,
        -0.038814034312963486,
        0.06782791763544083,
        -0.1509784758090973,
        -0.16909071803092957,
        -0.01916082575917244,
        -0.03597288578748703,
        0.0644519031047821,
        0.21564535796642303,
        -0.10431838035583496,
        0.12942010164260864,
        -0.1933547854423523,
        -0.17386509478092194,
        0.1859128177165985,
        -0.014985202811658382,
        -0.12699131667613983,
        -0.09936544299125671,
        -0.03425868600606918,
        0.06184762343764305,
        -0.16196748614311218,
        -0.0436733216047287,
        0.03792301192879677,
        -0.0011883634142577648,
        0.0284423828125,
        -0.030966654419898987,
        -0.0738830640912056,
        -0.020199542865157127,
        0.13977159559726715,
        0.025011185556650162,
        0.08794579654932022,
        -0.027986466884613037,
        0.015933440998196602,
        -0.22900469601154327,
        0.15645508468151093,
        -0.016767414286732674,
        -0.005557609722018242,
        -0.21435877680778503,
        0.01145261526107788,
        -0.03337492421269417,
        0.03680850565433502,
        0.11699207127094269,
        -0.1346602737903595,
        0.06545040756464005,
        -0.030800338834524155,
        -0.08996925503015518,
        -0.04944748803973198,
        -0.1571463942527771,
        -0.09123677760362625,
        -0.04760963097214699,
        -0.01767067424952984,
        0.11909174174070358,
        -0.026715608313679695,
        -0.0534508191049099,
        -0.10934793204069138,
        -0.012559030205011368,
        -0.016780443489551544,
        -0.07806889712810516,
        -0.0016120399814099073,
        0.19909176230430603,
        0.15621118247509003,
        0.18736113607883453,
        -0.007679410744458437,
        -0.05092216655611992,
        0.16068759560585022,
        -0.007984751835465431,
        0.07899578660726547,
        0.04947694391012192,
        0.05465356633067131,
        0.036903828382492065,
        -0.13666072487831116,
        0.05366957560181618,
        -0.028754446655511856,
        0.18866568803787231,
        0.10399015247821808,
        -0.1771816611289978,
        0.03837558627128601,
        -0.17760001122951508,
        0.26385697722435,
        -0.0031209762673825026,
        -0.05517590045928955,
        0.1965850442647934,
        -0.17499122023582458,
        0.09700652211904526,
        0.008598831482231617,
        0.13398844003677368,
        -0.02642892487347126,
        -0.039823949337005615,
        -0.21322867274284363,
        0.002650514943525195,
        0.07229229807853699,
        0.15172669291496277,
        0.011013238690793514,
        -0.0314008966088295,
        0.05592178553342819,
        -0.05248776450753212,
        0.08977305144071579,
        0.02417016588151455,
        0.07005266100168228,
        -0.0017010577721521258,
        -0.08641335368156433,
        0.17566443979740143,
        -0.1961214542388916,
        0.04628085345029831,
        -0.05862682685256004,
        -0.01341900322586298,
        0.16517241299152374,
        0.0707932561635971,
        0.011950562708079815,
        0.0007442644564434886,
        0.14624229073524475,
        0.0480937659740448,
        -0.17113608121871948,
        0.006177903153002262,
        0.11717668920755386,
        0.08138462156057358,
        0.1948058009147644,
        0.11823830008506775,
        -0.028023814782500267,
        0.14310726523399353,
        0.02086574025452137,
        0.055493880063295364,
        -0.0027036445681005716,
        -0.0029314314015209675,
        0.11385220289230347,
        -0.11412785202264786,
        0.010137091390788555,
        0.04624170437455177,
        -0.1674915850162506,
        -0.009853028692305088,
        0.07924932986497879,
        -0.037916120141744614,
        0.005225231871008873,
        -0.020495224744081497,
        0.00047318238648585975,
        -0.2754073441028595,
        0.10067237913608551,
        -0.020172499120235443,
        0.11781296879053116,
        0.02373305708169937,
        -0.010238314047455788,
        -0.020217519253492355,
        0.1431378722190857,
        0.1802636831998825,
        0.07161486148834229,
        0.13608145713806152,
        0.2784031927585602,
        0.1727023869752884,
        0.18055009841918945,
        0.012597464956343174,
        0.011605245992541313,
        0.12453532963991165,
        0.20976494252681732,
        -0.04396252706646919,
        -0.10550233721733093,
        -0.006700132507830858,
        -0.03058663383126259,
        0.01178426668047905,
        0.1293550580739975,
        -0.1431059092283249,
        -0.012880859896540642
    ],
    "embedding_scaling_factor": 0.04171749949455261,
    "samples": [
        0.0,
        0.0,
        0.0,
        0.0011574,
        0.016204,
        0.0020255,
        0.00028935,
        0.021123,
        0.0,
        0.0011574,
        0.0,
        0.018808,
        0.0040509,
        0.0,
        0.0005787,
        0.73814,
        0.020255,
        0.0095486,
        0.0005787,
        0.04919,
        0.0005787,
        0.66291,
        0.0,
        0.0,
        0.0023148,
        0.088831,
        0.0,
        0.004919,
        0.0,
        0.27633,
        0.0,
        0.0,
        0.0,
        0.0,
        0.0,
        0.00028935,
        0.0,
        0.0,
        0.086806,
        0.0,
        0.0,
        0.0,
        0.0063657,
        0.0,
        0.021123,
        0.0,
        0.026042,
        0.0,
        0.13773,
        0.0,
        0.13889,
        0.011574,
        0.0,
        0.0046296,
        0.01765,
        0.0005787,
        0.0,
        0.013889,
        0.0026042,
        0.19039,
        0.0,
        0.011285,
        0.0011574,
        0.0,
        0.0,
        0.0,
        0.00028935,
        0.032986,
        0.0,
        0.037905,
        0.0,
        0.02228,
        0.025463,
        0.035301,
        0.0,
        0.019387,
        0.0,
        0.0,
        0.2526,
        0.0,
        0.0,
        0.063947,
        0.0,
        0.049769,
        0.0,
        0.00028935,
        0.0,
        0.00028935,
        0.00086806,
        0.0,
        0.00028935,
        0.0,
        0.009838,
        0.00086806,
        0.0037616,
        0.0,
        0.0,
        0.0,
        0.010127,
        0.0
    ],
    "category_values_ratio": {
        "0.0": 28349,
        "0.00028935": 1975,
        "0.0005787": 1181,
        "0.00086806": 841,
        "0.0011574": 758,
        "0.0014468": 606,
        "0.0017361": 528,
        "0.0020255": 461,
        "0.0023148": 408,
        "0.0026042": 394,
        "0.0028935": 387,
        "0.0031829": 330,
        "0.0034722": 316,
        "0.0043403": 285,
        "0.0040509": 277,
        "0.0037616": 268,
        "0.0046296": 246,
        "0.004919": 224,
        "0.0063657": 217,
        "0.005787": 217,
        "0.0054977": 211,
        "0.0052083": 199,
        "0.0060764": 196,
        "0.0066551": 193,
        "0.0069444": 188,
        "0.0075231": 181,
        "0.0072338": 170,
        "0.0089699": 167,
        "0.0086806": 166,
        "0.0078125": 164,
        "0.0081019": 163,
        "0.009838": 160,
        "0.0092593": 158,
        "0.0083912": 145,
        "0.011285": 140,
        "0.011574": 139,
        "0.012442": 136,
        "0.0095486": 136,
        "0.010706": 136,
        "0.013889": 125,
        "0.010417": 125,
        "0.015625": 122,
        "0.010127": 121,
        "0.010995": 120,
        "0.014468": 118,
        "0.011863": 115,
        "0.016782": 112,
        "0.012153": 106,
        "0.016493": 106,
        "0.015046": 103,
        "0.012731": 103,
        "0.01331": 99,
        "0.016204": 99,
        "0.013021": 98,
        "0.014178": 96,
        "0.017361": 95,
        "0.018808": 94,
        "0.0136": 94,
        "0.015336": 90,
        "0.018229": 89,
        "0.017072": 89,
        "0.01794": 88,
        "0.019965": 87,
        "0.022859": 86,
        "0.019676": 85,
        "0.014757": 85,
        "0.015914": 82,
        "0.018519": 81,
        "0.01765": 80,
        "0.023148": 80,
        "0.019097": 78,
        "0.021412": 74,
        "0.021123": 72,
        "0.023438": 72,
        "0.026331": 71,
        "0.024884": 70,
        "0.021701": 69,
        "0.028356": 69,
        "0.024306": 69,
        "0.024016": 68,
        "0.019387": 66,
        "0.030671": 66,
        "0.020544": 66,
        "0.024595": 66,
        "0.022569": 66,
        "0.023727": 65,
        "0.029225": 64,
        "0.029514": 63,
        "0.02228": 63,
        "0.025463": 62,
        "0.02662": 62,
        "0.027199": 61,
        "0.020255": 60,
        "0.020833": 60,
        "0.035301": 58,
        "0.02691": 58,
        "0.021991": 57,
        "0.026042": 57,
        "0.025752": 57,
        "0.030382": 56,
        "0.030093": 56,
        "0.025174": 56,
        "0.031539": 55,
        "0.034433": 55,
        "0.037037": 54,
        "0.032118": 54,
        "0.033275": 54,
        "0.028646": 53,
        "0.028935": 53,
        "0.031829": 53,
        "0.027778": 53,
        "0.041667": 53,
        "0.03559": 53,
        "0.034144": 53,
        "0.029803": 52,
        "0.037905": 52,
        "0.033565": 51,
        "0.03588": 50,
        "0.032407": 50,
        "0.041956": 50,
        "0.042824": 50,
        "0.036748": 50,
        "0.039641": 49,
        "0.042535": 48,
        "0.038194": 48,
        "0.039931": 47,
        "0.032697": 47,
        "0.028067": 46,
        "0.036169": 46,
        "0.033854": 45,
        "0.04022": 44,
        "0.037326": 43,
        "0.038484": 43,
        "0.030961": 42,
        "0.036458": 42,
        "0.043692": 42,
        "0.035012": 42,
        "0.039063": 42,
        "0.034722": 41,
        "0.027488": 41,
        "0.040509": 40,
        "0.032986": 40,
        "0.03125": 40,
        "0.054688": 39,
        "0.04456": 39,
        "0.049769": 39,
        "0.043981": 39,
        "0.04919": 39,
        "0.047454": 39,
        "0.048322": 39,
        "0.037616": 38,
        "0.051215": 38,
        "0.041088": 37,
        "0.047743": 37,
        "0.050347": 37,
        "0.056424": 36,
        "0.054109": 36,
        "0.040799": 36,
        "0.041377": 35,
        "0.045718": 34,
        "0.048611": 34,
        "0.042245": 34,
        "0.044271": 34,
        "0.049479": 34,
        "0.046007": 33,
        "0.05353": 33,
        "0.055266": 33,
        "0.045428": 32,
        "0.067419": 32,
        "0.051794": 32,
        "0.04485": 32,
        "0.047164": 32,
        "0.043113": 31,
        "0.056134": 31,
        "0.053819": 31,
        "0.058449": 31,
        "0.056713": 31,
        "0.052662": 31,
        "0.078704": 30,
        "0.065972": 30,
        "0.057292": 30,
        "0.053241": 30,
        "0.062789": 30,
        "0.063368": 29,
        "0.046586": 29,
        "0.052373": 29,
        "0.052951": 29,
        "0.054398": 29,
        "0.048032": 29,
        "0.052083": 29,
        "0.064815": 29,
        "0.038773": 29,
        "0.0489": 29,
        "0.039352": 29,
        "0.046875": 29,
        "0.057002": 29,
        "0.066551": 28,
        "0.051505": 28,
        "0.064236": 28,
        "0.061343": 28,
        "0.0625": 28,
        "0.05816": 28,
        "0.043403": 27,
        "0.063079": 27,
        "0.045139": 27,
        "0.063947": 26,
        "0.050637": 26,
        "0.083912": 26,
        "0.060185": 26,
        "0.057581": 26,
        "0.059317": 25,
        "0.060475": 25,
        "0.059606": 25,
        "0.070313": 25,
        "0.050058": 25,
        "0.066262": 25,
        "0.068287": 24,
        "0.06684": 24,
        "0.061632": 24,
        "0.073785": 24,
        "0.082465": 24,
        "0.087963": 24,
        "0.064525": 24,
        "0.062211": 23,
        "0.055556": 23,
        "0.065394": 23,
        "0.046296": 23,
        "0.063657": 23,
        "0.050926": 23,
        "0.086227": 23,
        "0.085648": 22,
        "0.059028": 22,
        "0.06713": 22,
        "0.069155": 22,
        "0.079282": 22,
        "0.081019": 22,
        "0.071759": 22,
        "0.08044": 22,
        "0.08478": 22,
        "0.088542": 21,
        "0.054977": 21,
        "0.090278": 21,
        "0.061053": 21,
        "0.097222": 21,
        "0.05787": 21,
        "0.088252": 20,
        "0.070602": 20,
        "0.11082": 20,
        "0.067998": 20,
        "0.065104": 20,
        "0.07147": 20,
        "0.074653": 20,
        "0.083623": 20,
        "0.074942": 20,
        "0.11863": 20,
        "0.070891": 20,
        "0.087095": 20,
        "0.076678": 20,
        "0.087384": 20,
        "0.10966": 19,
        "0.081597": 19,
        "0.081308": 19,
        "0.068866": 19,
        "0.074363": 19,
        "0.074074": 19,
        "0.078993": 19,
        "0.07581": 19,
        "0.078125": 19,
        "0.072917": 19,
        "0.073495": 19,
        "0.12529": 19,
        "0.079861": 18,
        "0.055845": 18,
        "0.072338": 18,
        "0.068576": 18,
        "0.059896": 18,
        "0.084491": 18,
        "0.087674": 18,
        "0.072627": 18,
        "0.096644": 18,
        "0.070023": 18,
        "0.072049": 18,
        "0.0761": 17,
        "0.10938": 17,
        "0.08015": 17,
        "0.08912": 17,
        "0.10851": 17,
        "0.077257": 17,
        "0.075521": 17,
        "0.11198": 17,
        "0.090567": 17,
        "0.094618": 17,
        "0.067708": 17,
        "0.058738": 17,
        "0.097512": 16,
        "0.076968": 16,
        "0.092593": 16,
        "0.13108": 16,
        "0.085938": 16,
        "0.081887": 16,
        "0.10648": 16,
        "0.071181": 16,
        "0.065683": 16,
        "0.076389": 16,
        "0.10561": 16,
        "0.060764": 16,
        "0.075231": 16,
        "0.089699": 16,
        "0.10272": 16,
        "0.10098": 16,
        "0.10185": 16,
        "0.093461": 16,
        "0.10475": 16,
        "0.079572": 16,
        "0.086806": 16,
        "0.092303": 16,
        "0.10446": 16,
        "0.084201": 15,
        "0.11227": 15,
        "0.11169": 15,
        "0.061921": 15,
        "0.069444": 15,
        "0.10041": 15,
        "0.082176": 15,
        "0.1059": 15,
        "0.10677": 15,
        "0.11806": 15,
        "0.083333": 15,
        "0.096354": 15,
        "0.11487": 14,
        "0.091146": 14,
        "0.10532": 14,
        "0.088831": 14,
        "0.12558": 14,
        "0.099248": 14,
        "0.11921": 14,
        "0.1195": 14,
        "0.095486": 14,
        "0.1114": 14,
        "0.10706": 14,
        "0.08941": 13,
        "0.11024": 13,
        "0.089988": 13,
        "0.082755": 13,
        "0.11979": 13,
        "0.091725": 13,
        "0.14959": 13,
        "0.069734": 13,
        "0.13889": 13,
        "0.15104": 13,
        "0.14352": 13,
        "0.077836": 13,
        "0.12297": 13,
        "0.11545": 13,
        "0.073206": 13,
        "0.093171": 13,
        "0.1441": 13,
        "0.085069": 13,
        "0.10012": 13,
        "0.094039": 13,
        "0.1331": 13,
        "0.085359": 13,
        "0.16667": 13,
        "0.15046": 13,
        "0.11458": 13,
        "0.12095": 12,
        "0.11574": 12,
        "0.10503": 12,
        "0.086516": 12,
        "0.080729": 12,
        "0.13686": 12,
        "0.12153": 12,
        "0.12037": 12,
        "0.09375": 12,
        "0.14497": 12,
        "0.13426": 12,
        "0.12731": 12,
        "0.1088": 12,
        "0.10793": 12,
        "0.11111": 12,
        "0.12269": 12,
        "0.098669": 12,
        "0.10243": 12,
        "0.10069": 12,
        "0.15799": 12,
        "0.15828": 12,
        "0.1224": 12,
        "0.11314": 11,
        "0.11372": 11,
        "0.094329": 11,
        "0.13194": 11,
        "0.096065": 11,
        "0.10127": 11,
        "0.14178": 11,
        "0.092014": 11,
        "0.1033": 11,
        "0.12876": 11,
        "0.14728": 11,
        "0.10301": 11,
        "0.15741": 11,
        "0.14091": 11,
        "0.13368": 11,
        "0.13918": 11,
        "0.11661": 11,
        "0.12355": 11,
        "0.12847": 11,
        "0.10822": 11,
        "0.10417": 11,
        "0.13715": 11,
        "0.097801": 11,
        "0.094907": 11,
        "0.13166": 11,
        "0.10619": 11,
        "0.13397": 11,
        "0.095775": 11,
        "0.1169": 11,
        "0.11256": 11,
        "0.077546": 11,
        "0.12442": 11,
        "0.10388": 11,
        "0.099537": 10,
        "0.19155": 10,
        "0.10359": 10,
        "0.15596": 10,
        "0.10156": 10,
        "0.091435": 10,
        "0.17448": 10,
        "0.11632": 10,
        "0.14699": 10,
        "0.12616": 10,
        "0.095197": 10,
        "0.099826": 10,
        "0.14873": 10,
        "0.12384": 10,
        "0.11748": 10,
        "0.14439": 10,
        "0.09838": 10,
        "0.09809": 10,
        "0.13976": 10,
        "0.136": 10,
        "0.12182": 10,
        "0.14323": 10,
        "0.114": 10,
        "0.13281": 10,
        "0.17419": 10,
        "0.10909": 10,
        "0.14236": 10,
        "0.11603": 10,
        "0.16609": 9,
        "0.17853": 9,
        "0.17998": 9,
        "0.17101": 9,
        "0.11053": 9,
        "0.13571": 9,
        "0.083044": 9,
        "0.12934": 9,
        "0.12008": 9,
        "0.15017": 9,
        "0.078414": 9,
        "0.16811": 9,
        "0.10764": 9,
        "0.12963": 9,
        "0.10995": 9,
        "0.12587": 9,
        "0.11285": 9,
        "0.1276": 9,
        "0.14294": 9,
        "0.12471": 9,
        "0.20515": 9,
        "0.1305": 9,
        "0.19907": 9,
        "0.13079": 9,
        "0.14815": 9,
        "0.14265": 9,
        "0.10214": 9,
        "0.17506": 9,
        "0.14988": 8,
        "0.1577": 8,
        "0.17159": 8,
        "0.1603": 8,
        "0.18229": 8,
        "0.16927": 8,
        "0.13021": 8,
        "0.14468": 8,
        "0.14554": 8,
        "0.090856": 8,
        "0.19531": 8,
        "0.11777": 8,
        "0.21788": 8,
        "0.1522": 8,
        "0.12124": 8,
        "0.15394": 8,
        "0.21759": 8,
        "0.15509": 8,
        "0.092882": 8,
        "0.17043": 8,
        "0.13252": 8,
        "0.17766": 8,
        "0.1467": 8,
        "0.22917": 8,
        "0.13947": 8,
        "0.19444": 8,
        "0.16059": 8,
        "0.10735": 8,
        "0.125": 8,
        "0.19126": 7,
        "0.20949": 7,
        "0.19473": 7,
        "0.16696": 7,
        "0.24537": 7,
        "0.14063": 7,
        "0.16522": 7,
        "0.16117": 7,
        "0.25116": 7,
        "0.14583": 7,
        "0.19792": 7,
        "0.13657": 7,
        "0.22714": 7,
        "0.2908": 7,
        "0.15075": 7,
        "0.15422": 7,
        "0.14641": 7,
        "0.24277": 7,
        "0.20486": 7,
        "0.11429": 7,
        "0.12326": 7,
        "0.16493": 7,
        "0.18866": 7,
        "0.18663": 7,
        "0.21325": 7,
        "0.12674": 7,
        "0.15538": 7,
        "0.14757": 7,
        "0.11719": 7,
        "0.14786": 7,
        "0.12703": 7,
        "0.15972": 7,
        "0.13339": 7,
        "0.15654": 7,
        "0.15307": 7,
        "0.11834": 7,
        "0.16319": 7,
        "0.19589": 7,
        "0.21383": 7,
        "0.13802": 7,
        "0.12066": 7,
        "0.14931": 7,
        "0.11892": 7,
        "0.12413": 7,
        "0.12818": 7,
        "0.16001": 7,
        "0.13831": 7,
        "0.16869": 7,
        "0.17737": 7,
        "0.21007": 7,
        "0.17332": 6,
        "0.25666": 6,
        "0.18056": 6,
        "0.15943": 6,
        "0.19039": 6,
        "0.15133": 6,
        "0.32784": 6,
        "0.14005": 6,
        "0.23438": 6,
        "0.19763": 6,
        "0.19387": 6,
        "0.27054": 6,
        "0.28096": 6,
        "0.14149": 6,
        "0.098958": 6,
        "0.20428": 6,
        "0.15625": 6,
        "0.18808": 6,
        "0.1739": 6,
        "0.15336": 6,
        "0.11343": 6,
        "0.27865": 6,
        "0.16753": 6,
        "0.16262": 6,
        "0.12992": 6,
        "0.15683": 6,
        "0.14207": 6,
        "0.1765": 6,
        "0.096933": 6,
        "0.13484": 6,
        "0.24508": 6,
        "0.25058": 6,
        "0.1901": 6,
        "0.19618": 6,
        "0.15885": 6,
        "0.17245": 6,
        "0.21296": 6,
        "0.16348": 6,
        "0.17361": 6,
        "0.14381": 6,
        "0.22367": 6,
        "0.24711": 6,
        "0.12211": 6,
        "0.1658": 6,
        "0.16146": 6,
        "0.19821": 6,
        "0.19676": 6,
        "0.14612": 6,
        "0.12645": 6,
        "0.1548": 6,
        "0.1875": 6,
        "0.17882": 6,
        "0.16175": 6,
        "0.26128": 5,
        "0.20718": 5,
        "0.27633": 5,
        "0.30353": 5,
        "0.17072": 5,
        "0.21615": 5,
        "0.25347": 5,
        "0.20399": 5,
        "0.18981": 5,
        "0.17679": 5,
        "0.23958": 5,
        "0.24161": 5,
        "0.15191": 5,
        "0.30295": 5,
        "0.17969": 5,
        "0.16464": 5,
        "0.18721": 5,
        "0.18171": 5,
        "0.2037": 5,
        "0.31395": 5,
        "0.21586": 5,
        "0.13513": 5,
        "0.28993": 5,
        "0.15451": 5,
        "0.13542": 5,
        "0.13744": 5,
        "0.18258": 5,
        "0.15365": 5,
        "0.31221": 5,
        "0.18432": 5,
        "0.19502": 5,
        "0.1713": 5,
        "0.22193": 5,
        "0.13455": 5,
        "0.12905": 5,
        "0.20689": 5,
        "0.27083": 5,
        "0.21701": 5,
        "0.2717": 5,
        "0.16956": 5,
        "0.20775": 5,
        "0.15856": 5,
        "0.17622": 5,
        "0.1412": 5,
        "0.17014": 5,
        "0.20747": 5,
        "0.20052": 5,
        "0.16088": 5,
        "0.24826": 5,
        "0.19416": 5,
        "0.27141": 5,
        "0.17477": 5,
        "0.20862": 5,
        "0.16406": 5,
        "0.22309": 5,
        "0.16291": 5,
        "0.22541": 5,
        "0.4077": 5,
        "0.193": 5,
        "0.2228": 5,
        "0.35098": 5,
        "0.16204": 5,
        "0.18837": 5,
        "0.3206": 5,
        "0.3776": 5,
        "0.1849": 5,
        "0.23206": 5,
        "0.22338": 5,
        "0.21036": 5,
        "0.16725": 5,
        "0.22049": 5,
        "0.16638": 5,
        "0.17593": 5,
        "0.21875": 5,
        "0.22483": 5,
        "0.33594": 5,
        "0.28125": 5,
        "0.23756": 5,
        "0.42188": 5,
        "0.18084": 5,
        "0.24913": 5,
        "0.28646": 4,
        "0.26765": 4,
        "0.23582": 4,
        "0.21354": 4,
        "0.19994": 4,
        "0.30903": 4,
        "0.27662": 4,
        "0.58796": 4,
        "0.14034": 4,
        "0.25203": 4,
        "0.19965": 4,
        "0.19242": 4,
        "0.21904": 4,
        "0.26794": 4,
        "0.3099": 4,
        "0.23032": 4,
        "0.31916": 4,
        "0.18142": 4,
        "0.45139": 4,
        "0.17535": 4,
        "0.31424": 4,
        "0.21644": 4,
        "0.17824": 4,
        "0.2934": 4,
        "0.15712": 4,
        "0.182": 4,
        "0.25405": 4,
        "0.20573": 4,
        "0.37616": 4,
        "0.30845": 4,
        "0.16551": 4,
        "0.24884": 4,
        "0.21181": 4,
        "0.2283": 4,
        "0.2338": 4,
        "0.4265": 4,
        "0.46846": 4,
        "0.2011": 4,
        "0.15162": 4,
        "0.26968": 4,
        "0.18692": 4,
        "0.42737": 4,
        "0.18634": 4,
        "0.38194": 4,
        "0.30642": 4,
        "0.41551": 4,
        "0.18547": 4,
        "0.13628": 4,
        "0.19358": 4,
        "0.25521": 4,
        "0.16233": 4,
        "0.23669": 4,
        "0.21672": 4,
        "0.35909": 4,
        "0.14844": 4,
        "0.31713": 4,
        "0.22627": 4,
        "0.3044": 4,
        "0.36516": 4,
        "0.16898": 4,
        "0.26649": 4,
        "0.26736": 4,
        "0.20631": 4,
        "0.38628": 4,
        "0.35359": 4,
        "0.23814": 4,
        "0.23235": 4,
        "0.1985": 4,
        "0.21123": 4,
        "0.28964": 4,
        "0.28704": 4,
        "0.18924": 4,
        "0.28617": 4,
        "0.17216": 4,
        "0.13137": 4,
        "0.18287": 4,
        "0.29601": 4,
        "0.11516": 4,
        "0.18576": 4,
        "0.37963": 4,
        "0.20804": 4,
        "0.25145": 4,
        "0.25231": 4,
        "0.23061": 4,
        "0.13773": 4,
        "0.17188": 4,
        "0.22598": 4,
        "0.34751": 4,
        "0.27894": 4,
        "0.20226": 4,
        "0.28356": 4,
        "0.31481": 4,
        "0.12789": 4,
        "0.2066": 4,
        "0.21094": 4,
        "0.23698": 4,
        "0.22859": 4,
        "0.2092": 4,
        "0.29774": 4,
        "0.1386": 4,
        "0.31019": 4,
        "0.29485": 4,
        "0.24045": 4,
        "0.24855": 4,
        "0.43056": 4,
        "0.21846": 4,
        "0.43374": 4,
        "0.26042": 4,
        "0.99942": 4,
        "0.2636": 4,
        "0.33275": 4,
        "0.22888": 4,
        "0.19184": 4,
        "0.34867": 4,
        "0.30122": 4,
        "0.29051": 4,
        "0.364": 4,
        "0.36719": 4,
        "0.23843": 4,
        "0.27575": 4,
        "0.15567": 4,
        "0.14525": 4,
        "0.24392": 4,
        "0.13223": 4,
        "0.37355": 4,
        "0.20313": 4,
        "0.21933": 4,
        "0.19271": 4,
        "0.20255": 4,
        "0.47772": 4,
        "0.48553": 4,
        "0.25984": 4,
        "0.41291": 4,
        "0.57002": 4,
        "0.36198": 4,
        "0.53501": 4,
        "0.25897": 4,
        "0.33391": 4,
        "0.40365": 4,
        "0.24074": 4,
        "0.24479": 4,
        "0.31047": 3,
        "0.40278": 3,
        "0.46325": 3,
        "0.2526": 3,
        "0.3669": 3,
        "0.30498": 3,
        "0.41811": 3,
        "0.44097": 3,
        "0.23495": 3,
        "0.2202": 3,
        "0.28038": 3,
        "0.22743": 3,
        "0.32436": 3,
        "0.34057": 3,
        "0.19068": 3,
        "0.36256": 3,
        "0.43634": 3,
        "0.24363": 3,
        "0.27749": 3,
        "0.21412": 3,
        "0.29688": 3,
        "0.307": 3,
        "0.26013": 3,
        "0.18605": 3,
        "0.3614": 3,
        "0.32697": 3,
        "0.24797": 3,
        "0.36574": 3,
        "0.26244": 3,
        "0.38686": 3,
        "0.25955": 3,
        "0.28675": 3,
        "0.38281": 3,
        "0.28501": 3,
        "0.18779": 3,
        "0.32292": 3,
        "0.3724": 3,
        "0.66869": 3,
        "0.41377": 3,
        "1.0": 3,
        "0.37645": 3,
        "0.20168": 3,
        "0.22975": 3,
        "0.22656": 3,
        "0.37905": 3,
        "0.19213": 3,
        "0.18953": 3,
        "0.99971": 3,
        "0.55729": 3,
        "0.27778": 3,
        "0.29253": 3,
        "0.58073": 3,
        "0.30093": 3,
        "0.33565": 3,
        "0.36603": 3,
        "0.24306": 3,
        "0.28472": 3,
        "0.14902": 3,
        "0.40596": 3,
        "0.3533": 3,
        "0.36661": 3,
        "0.19329": 3,
        "0.16435": 3,
        "0.21817": 3,
        "0.19097": 3,
        "0.1684": 3,
        "0.38079": 3,
        "0.29311": 3,
        "0.2309": 3,
        "0.25463": 3,
        "0.35561": 3,
        "0.26447": 3,
        "0.25637": 3,
        "0.42216": 3,
        "0.59028": 3,
        "0.30411": 3,
        "0.39439": 3,
        "0.31858": 3,
        "0.18316": 3,
        "0.39352": 3,
        "0.37731": 3,
        "0.21528": 3,
        "0.34722": 3,
        "0.26881": 3,
        "0.30584": 3,
        "0.23611": 3,
        "0.22801": 3,
        "0.54659": 3,
        "0.23872": 3,
        "0.32263": 3,
        "0.27604": 3,
        "0.24566": 3,
        "0.26157": 3,
        "0.22512": 3,
        "0.20544": 3,
        "0.26186": 3,
        "0.23119": 3,
        "0.27112": 3,
        "0.35272": 3,
        "0.29369": 3,
        "0.18895": 3,
        "0.21152": 3,
        "0.27257": 3,
        "0.36111": 3,
        "0.17274": 3,
        "0.25492": 3,
        "0.5191": 3,
        "0.2419": 3,
        "0.35243": 3,
        "0.26389": 3,
        "0.36024": 3,
        "0.21441": 3,
        "0.3316": 3,
        "0.2147": 3,
        "0.21499": 3,
        "0.64005": 3,
        "0.39468": 3,
        "0.20081": 3,
        "0.52286": 3,
        "0.26563": 3,
        "0.28791": 3,
        "0.21991": 3,
        "0.15914": 3,
        "0.28443": 3,
        "0.34259": 3,
        "0.40336": 3,
        "0.31684": 3,
        "0.28819": 3,
        "0.432": 3,
        "0.3261": 3,
        "0.58218": 3,
        "0.22425": 3,
        "0.20978": 3,
        "0.33912": 3,
        "0.27228": 3,
        "0.24595": 3,
        "0.19647": 3,
        "0.29167": 3,
        "0.37413": 3,
        "0.42593": 3,
        "0.33652": 3,
        "0.27199": 3,
        "0.24624": 3,
        "0.15278": 3,
        "0.27431": 3,
        "0.20341": 3,
        "0.29196": 3,
        "0.44994": 3,
        "0.41319": 3,
        "0.2173": 3,
        "0.16985": 3,
        "0.21238": 3,
        "0.22454": 3,
        "0.62847": 3,
        "0.17303": 3,
        "0.2963": 3,
        "0.24653": 3,
        "0.22078": 3,
        "0.33738": 3,
        "0.31771": 3,
        "0.43953": 3,
        "0.23727": 3,
        "0.22164": 3,
        "0.23322": 3,
        "0.32581": 3,
        "0.25579": 3,
        "0.40191": 3,
        "0.29572": 3,
        "0.1794": 3,
        "0.35822": 3,
        "0.20833": 3,
        "0.26331": 3,
        "0.36372": 3,
        "0.36748": 2,
        "0.33796": 2,
        "0.22685": 2,
        "0.35127": 2,
        "0.6276": 2,
        "0.26997": 2,
        "0.41435": 2,
        "0.17564": 2,
        "0.27315": 2,
        "0.31887": 2,
        "0.63079": 2,
        "0.44965": 2,
        "0.28183": 2,
        "0.28212": 2,
        "0.34028": 2,
        "0.37326": 2,
        "0.4022": 2,
        "0.40046": 2,
        "0.47598": 2,
        "0.69387": 2,
        "0.5217": 2,
        "0.34144": 2,
        "0.28762": 2,
        "0.43403": 2,
        "0.30469": 2,
        "0.45833": 2,
        "0.23524": 2,
        "0.39207": 2,
        "0.42795": 2,
        "0.62529": 2,
        "0.28877": 2,
        "0.3125": 2,
        "0.864": 2,
        "0.50434": 2,
        "0.78154": 2,
        "0.57089": 2,
        "0.22251": 2,
        "0.30787": 2,
        "0.43171": 2,
        "0.26707": 2,
        "0.60127": 2,
        "0.33449": 2,
        "0.32552": 2,
        "0.69242": 2,
        "0.60851": 2,
        "0.26302": 2,
        "0.28067": 2,
        "0.6224": 2,
        "0.17795": 2,
        "0.36458": 2,
        "0.30006": 2,
        "0.63108": 2,
        "0.31539": 2,
        "0.93142": 2,
        "0.21267": 2,
        "0.27402": 2,
        "0.27286": 2,
        "0.23177": 2,
        "0.9265": 2,
        "0.37674": 2,
        "0.42708": 2,
        "0.6059": 2,
        "0.40856": 2,
        "0.61603": 2,
        "0.52691": 2,
        "0.22772": 2,
        "0.36863": 2,
        "0.22396": 2,
        "0.32899": 2,
        "0.36169": 2,
        "0.29109": 2,
        "0.41782": 2,
        "0.91262": 2,
        "0.39525": 2,
        "0.25289": 2,
        "0.28009": 2,
        "0.57957": 2,
        "0.60156": 2,
        "0.20284": 2,
        "0.44126": 2,
        "0.41088": 2,
        "0.68779": 2,
        "0.51968": 2,
        "0.55353": 2,
        "0.32002": 2,
        "0.74711": 2,
        "0.44039": 2,
        "0.67969": 2,
        "0.80613": 2,
        "0.70399": 2,
        "0.26823": 2,
        "0.40885": 2,
        "0.54774": 2,
        "0.37297": 2,
        "0.18403": 2,
        "0.27488": 2,
        "0.28559": 2,
        "0.33044": 2,
        "0.21557": 2,
        "0.63744": 2,
        "0.49306": 2,
        "0.42332": 2,
        "0.48929": 2,
        "0.59375": 2,
        "0.4647": 2,
        "0.19878": 2,
        "0.30179": 2,
        "0.23466": 2,
        "0.44734": 2,
        "0.26273": 2,
        "0.41146": 2,
        "0.73495": 2,
        "0.44155": 2,
        "0.29832": 2,
        "0.75087": 2,
        "0.40307": 2,
        "0.20023": 2,
        "0.30671": 2,
        "0.24103": 2,
        "0.32321": 2,
        "0.54861": 2,
        "0.45197": 2,
        "0.41117": 2,
        "0.39988": 2,
        "0.41609": 2,
        "0.32639": 2,
        "0.58247": 2,
        "0.31163": 2,
        "0.80324": 2,
        "0.82494": 2,
        "0.22106": 2,
        "0.35619": 2,
        "0.43576": 2,
        "0.18027": 2,
        "0.4702": 2,
        "0.46557": 2,
        "0.34346": 2,
        "0.38484": 2,
        "0.38889": 2,
        "0.30324": 2,
        "0.42824": 2,
        "0.46499": 2,
        "0.84317": 2,
        "0.19705": 2,
        "0.43027": 2,
        "0.4184": 2,
        "0.54485": 2,
        "0.2364": 2,
        "0.66001": 2,
        "0.25608": 2,
        "0.85561": 2,
        "0.33825": 2,
        "0.443": 2,
        "0.99363": 2,
        "0.2853": 2,
        "0.41956": 2,
        "0.45486": 2,
        "0.29948": 2,
        "0.61834": 2,
        "0.44763": 2,
        "0.57899": 2,
        "0.40075": 2,
        "0.38571": 2,
        "0.46412": 2,
        "0.27836": 2,
        "0.59259": 2,
        "0.26591": 2,
        "0.41406": 2,
        "0.34201": 2,
        "0.47917": 2,
        "0.37876": 2,
        "0.58941": 2,
        "0.17708": 2,
        "0.29919": 2,
        "0.38368": 2,
        "0.80266": 2,
        "0.24769": 2,
        "0.28328": 2,
        "0.36777": 2,
        "0.29138": 2,
        "0.43229": 2,
        "0.50405": 2,
        "0.32205": 2,
        "0.76186": 2,
        "0.31076": 2,
        "0.33304": 2,
        "0.29456": 2,
        "0.36834": 2,
        "0.34809": 2,
        "0.51447": 2,
        "0.31742": 2,
        "0.20197": 2,
        "0.89728": 2,
        "0.2662": 2,
        "0.19734": 2,
        "0.2555": 2,
        "0.41667": 2,
        "0.61343": 2,
        "0.28299": 2,
        "0.27546": 2,
        "0.70862": 2,
        "0.46007": 2,
        "0.20139": 2,
        "0.2989": 2,
        "0.83275": 2,
        "0.43287": 2,
        "0.25839": 2,
        "0.30613": 2,
        "0.44387": 2,
        "0.2691": 2,
        "0.48061": 2,
        "0.32494": 2,
        "0.43345": 2,
        "0.16782": 2,
        "0.22946": 2,
        "0.25781": 2,
        "0.67332": 2,
        "0.72425": 2,
        "0.39497": 2,
        "0.28241": 2,
        "0.34172": 2,
        "0.6169": 2,
        "0.3015": 2,
        "0.8151": 2,
        "0.97078": 2,
        "0.53906": 2,
        "0.23553": 2,
        "0.20602": 2,
        "0.25434": 2,
        "0.5081": 2,
        "0.47975": 2,
        "0.30874": 2,
        "0.50897": 2,
        "0.8941": 2,
        "0.37587": 2,
        "0.34983": 2,
        "0.37442": 2,
        "0.34578": 2,
        "0.37384": 2,
        "0.42448": 2,
        "0.41927": 2,
        "0.26071": 2,
        "0.22222": 2,
        "0.42998": 2,
        "0.20457": 2,
        "0.53588": 2,
        "0.45862": 2,
        "0.23409": 2,
        "0.32234": 2,
        "0.48206": 2,
        "0.18113": 2,
        "0.27025": 2,
        "0.4048": 2,
        "0.35532": 2,
        "0.3588": 2,
        "0.56019": 2,
        "0.71701": 2,
        "0.23929": 2,
        "0.6305": 2,
        "0.61661": 2,
        "0.57292": 2,
        "0.27459": 2,
        "0.47454": 2,
        "0.30035": 2,
        "0.24248": 2,
        "0.31568": 2,
        "0.38455": 2,
        "0.55006": 2,
        "0.5489": 2,
        "0.2827": 2,
        "0.50521": 2,
        "0.46354": 2,
        "0.31944": 2,
        "0.5162": 2,
        "0.30266": 2,
        "0.38918": 2,
        "0.47685": 2,
        "0.38513": 2,
        "0.83536": 2,
        "0.30556": 2,
        "0.76939": 2,
        "0.29977": 2,
        "0.47049": 2,
        "0.23785": 2,
        "0.25": 2,
        "0.2445": 2,
        "0.4864": 2,
        "0.24132": 2,
        "0.3559": 2,
        "0.45168": 2,
        "0.23264": 2,
        "0.99566": 2,
        "0.29803": 2,
        "0.3151": 2,
        "0.49653": 2,
        "0.35388": 2,
        "0.52922": 2,
        "0.27951": 2,
        "0.24334": 2,
        "0.23351": 2,
        "0.49971": 2,
        "0.37703": 2,
        "0.50579": 2,
        "0.39091": 2,
        "0.31308": 2,
        "0.45255": 2,
        "0.46181": 2,
        "0.35648": 2,
        "0.69502": 2,
        "0.91898": 2,
        "0.2581": 2,
        "0.65365": 2,
        "0.80556": 2,
        "0.19936": 2,
        "0.45747": 2,
        "0.47627": 2,
        "0.50058": 2,
        "0.46036": 1,
        "0.60648": 1,
        "0.44531": 1,
        "0.72135": 1,
        "0.34635": 1,
        "0.82436": 1,
        "0.55845": 1,
        "0.739": 1,
        "0.28848": 1,
        "0.30527": 1,
        "0.67274": 1,
        "0.80411": 1,
        "0.31829": 1,
        "0.5952": 1,
        "0.41898": 1,
        "0.83767": 1,
        "0.26505": 1,
        "0.34433": 1,
        "0.36921": 1,
        "0.26939": 1,
        "0.35851": 1,
        "0.40943": 1,
        "0.48409": 1,
        "0.46962": 1,
        "0.59086": 1,
        "0.57205": 1,
        "0.35156": 1,
        "0.55179": 1,
        "0.33218": 1,
        "0.87326": 1,
        "0.4592": 1,
        "0.62992": 1,
        "0.45718": 1,
        "0.49132": 1,
        "0.79253": 1,
        "0.31366": 1,
        "0.85127": 1,
        "0.64844": 1,
        "0.83854": 1,
        "0.66782": 1,
        "0.46615": 1,
        "0.96441": 1,
        "0.55382": 1,
        "0.63918": 1,
        "0.34838": 1,
        "0.58478": 1,
        "0.35677": 1,
        "0.43084": 1,
        "0.54514": 1,
        "0.45023": 1,
        "0.95631": 1,
        "0.44589": 1,
        "0.33247": 1,
        "0.73466": 1,
        "0.31626": 1,
        "0.29716": 1,
        "0.261": 1,
        "0.39554": 1,
        "0.79369": 1,
        "0.61372": 1,
        "0.43924": 1,
        "0.6739": 1,
        "0.57986": 1,
        "0.78038": 1,
        "0.58131": 1,
        "0.25694": 1,
        "0.45081": 1,
        "0.25752": 1,
        "0.52807": 1,
        "0.87616": 1,
        "0.54282": 1,
        "0.42882": 1,
        "0.69792": 1,
        "0.74653": 1,
        "0.63628": 1,
        "0.72106": 1,
        "0.5408": 1,
        "0.68721": 1,
        "0.18461": 1,
        "0.7581": 1,
        "0.28385": 1,
        "0.77054": 1,
        "0.84983": 1,
        "0.94502": 1,
        "0.66522": 1,
        "0.75": 1,
        "0.40712": 1,
        "0.66319": 1,
        "0.77604": 1,
        "0.28906": 1,
        "0.59201": 1,
        "0.63455": 1,
        "0.37124": 1,
        "0.62587": 1,
        "0.50376": 1,
        "0.90451": 1,
        "0.57813": 1,
        "0.57147": 1,
        "0.29427": 1,
        "0.91725": 1,
        "0.59954": 1,
        "0.3912": 1,
        "0.74363": 1,
        "0.83681": 1,
        "0.70747": 1,
        "0.55527": 1,
        "0.79022": 1,
        "0.9022": 1,
        "0.9945": 1,
        "0.9974": 1,
        "0.25318": 1,
        "0.74769": 1,
        "0.91175": 1,
        "0.57755": 1,
        "0.77836": 1,
        "0.55266": 1,
        "0.4103": 1,
        "0.67506": 1,
        "0.28414": 1,
        "0.21209": 1,
        "0.82523": 1,
        "0.84954": 1,
        "0.83738": 1,
        "0.51186": 1,
        "0.95255": 1,
        "0.33767": 1,
        "0.4566": 1,
        "0.57234": 1,
        "0.58333": 1,
        "0.49277": 1,
        "0.7853": 1,
        "0.25174": 1,
        "0.93808": 1,
        "0.40914": 1,
        "0.55498": 1,
        "0.43142": 1,
        "0.77922": 1,
        "0.40394": 1,
        "0.26215": 1,
        "0.53675": 1,
        "0.80237": 1,
        "0.92564": 1,
        "0.35214": 1,
        "0.49479": 1,
        "0.56221": 1,
        "0.80122": 1,
        "0.44358": 1,
        "0.7827": 1,
        "0.85012": 1,
        "0.83652": 1,
        "0.42679": 1,
        "0.72743": 1,
        "0.99016": 1,
        "0.56626": 1,
        "0.96701": 1,
        "0.29659": 1,
        "0.50203": 1,
        "0.58275": 1,
        "0.67043": 1,
        "0.47396": 1,
        "0.41204": 1,
        "0.29225": 1,
        "0.22569": 1,
        "0.46123": 1,
        "0.62703": 1,
        "0.86256": 1,
        "0.57031": 1,
        "0.87095": 1,
        "0.42419": 1,
        "0.74479": 1,
        "0.8206": 1,
        "0.42101": 1,
        "0.33189": 1,
        "0.40162": 1,
        "0.60388": 1,
        "0.58507": 1,
        "0.87124": 1,
        "0.87674": 1,
        "0.26678": 1,
        "0.7419": 1,
        "0.34404": 1,
        "0.62211": 1,
        "0.59549": 1,
        "0.99219": 1,
        "0.41696": 1,
        "0.74132": 1,
        "0.63571": 1,
        "0.95891": 1,
        "0.93084": 1,
        "0.5625": 1,
        "0.49797": 1,
        "0.5544": 1,
        "0.90509": 1,
        "0.82407": 1,
        "0.51707": 1,
        "0.17911": 1,
        "0.53993": 1,
        "0.25868": 1,
        "0.83478": 1,
        "0.48669": 1,
        "0.42766": 1,
        "0.69126": 1,
        "0.54311": 1,
        "0.97106": 1,
        "0.36343": 1,
        "0.79485": 1,
        "0.54832": 1,
        "0.39063": 1,
        "0.66117": 1,
        "0.66348": 1,
        "0.48843": 1,
        "0.43779": 1,
        "0.67188": 1,
        "0.99537": 1,
        "0.28733": 1,
        "0.31655": 1,
        "0.94444": 1,
        "0.76505": 1,
        "0.23148": 1,
        "0.33333": 1,
        "0.60272": 1,
        "0.9919": 1,
        "0.57552": 1,
        "0.79543": 1,
        "0.48466": 1,
        "0.64034": 1,
        "0.72251": 1,
        "0.875": 1,
        "0.86053": 1,
        "0.84549": 1,
        "0.88397": 1,
        "0.86921": 1,
        "0.41001": 1,
        "0.59925": 1,
        "0.18374": 1,
        "0.38976": 1,
        "0.68142": 1,
        "0.49537": 1,
        "0.36053": 1,
        "0.44618": 1,
        "0.43113": 1,
        "0.58883": 1,
        "0.35301": 1,
        "0.92448": 1,
        "0.42303": 1,
        "0.3941": 1,
        "0.32957": 1,
        "0.51765": 1,
        "0.35764": 1,
        "0.3287": 1,
        "0.46644": 1,
        "0.46586": 1,
        "0.66609": 1,
        "0.31597": 1,
        "0.6577": 1,
        "0.49855": 1,
        "0.81424": 1,
        "0.53328": 1,
        "0.54716": 1,
        "0.68837": 1,
        "0.36227": 1,
        "0.7283": 1,
        "0.40104": 1,
        "0.7011": 1,
        "0.67361": 1,
        "0.80642": 1,
        "0.67216": 1,
        "0.58681": 1,
        "0.65422": 1,
        "0.98987": 1,
        "0.60446": 1,
        "0.89323": 1,
        "0.78993": 1,
        "0.94126": 1,
        "0.87297": 1,
        "0.90885": 1,
        "0.30064": 1,
        "0.56973": 1,
        "0.32841": 1,
        "0.54427": 1,
        "0.69358": 1,
        "0.58767": 1,
        "0.56134": 1,
        "0.68229": 1,
        "0.71181": 1,
        "0.49682": 1,
        "0.6794": 1,
        "0.78675": 1,
        "0.24971": 1,
        "0.53472": 1,
        "0.85272": 1,
        "0.77778": 1,
        "0.86372": 1,
        "0.38339": 1,
        "0.50666": 1,
        "0.63223": 1,
        "0.44444": 1,
        "0.51649": 1,
        "0.68374": 1,
        "0.52633": 1,
        "0.49913": 1,
        "0.61806": 1,
        "0.42159": 1,
        "0.33709": 1,
        "0.55816": 1,
        "0.53559": 1,
        "0.40683": 1,
        "0.99248": 1,
        "0.67593": 1,
        "0.90914": 1,
        "0.5515": 1,
        "0.56105": 1,
        "0.32147": 1,
        "0.63397": 1,
        "0.52257": 1,
        "0.32755": 1,
        "0.59664": 1,
        "0.51042": 1,
        "0.70515": 1,
        "0.94821": 1,
        "0.31134": 1,
        "0.33362": 1,
        "0.52488": 1,
        "0.89988": 1,
        "0.47193": 1,
        "0.35446": 1,
        "0.53299": 1,
        "0.511": 1,
        "0.64149": 1,
        "0.5136": 1,
        "0.80584": 1,
        "0.5298": 1,
        "0.45544": 1,
        "0.57784": 1,
        "0.30816": 1,
        "0.55035": 1,
        "0.30729": 1,
        "0.70255": 1,
        "0.87211": 1,
        "0.84288": 1,
        "0.40017": 1,
        "0.71412": 1,
        "0.45428": 1,
        "0.47425": 1,
        "0.31105": 1,
        "0.72772": 1,
        "0.43519": 1,
        "0.21962": 1,
        "0.74074": 1,
        "0.58594": 1,
        "0.65596": 1,
        "0.62731": 1,
        "0.7717": 1,
        "0.37818": 1,
        "0.67998": 1,
        "0.60938": 1,
        "0.37789": 1,
        "0.7908": 1,
        "0.52025": 1,
        "0.85966": 1,
        "0.66898": 1,
        "0.52662": 1,
        "0.31279": 1,
        "0.68113": 1,
        "0.61748": 1,
        "0.72078": 1,
        "0.74595": 1,
        "0.82726": 1,
        "0.26852": 1,
        "0.49016": 1,
        "0.45515": 1,
        "0.97222": 1,
        "0.99508": 1,
        "0.29398": 1,
        "0.68924": 1,
        "0.46875": 1,
        "0.9103": 1,
        "0.58623": 1,
        "0.46991": 1,
        "0.55411": 1,
        "0.73322": 1,
        "0.56453": 1,
        "0.60185": 1,
        "0.67564": 1,
        "0.54688": 1,
        "0.51678": 1,
        "0.9158": 1,
        "0.76968": 1,
        "0.59635": 1,
        "0.48524": 1,
        "0.73814": 1,
        "0.57494": 1,
        "0.91146": 1,
        "0.49711": 1,
        "0.33015": 1,
        "0.73148": 1,
        "0.45313": 1,
        "0.55208": 1,
        "0.65104": 1,
        "0.27922": 1,
        "0.65394": 1,
        "0.72049": 1,
        "0.44502": 1,
        "0.47512": 1,
        "0.97627": 1,
        "0.83073": 1,
        "0.4728": 1,
        "0.8886": 1,
        "0.53154": 1,
        "0.48177": 1,
        "0.3452": 1,
        "0.32813": 1,
        "0.61516": 1,
        "0.93519": 1,
        "0.45891": 1,
        "0.57928": 1,
        "0.40451": 1,
        "0.50752": 1,
        "0.39902": 1,
        "0.99797": 1,
        "0.49884": 1,
        "0.56337": 1,
        "0.53356": 1,
        "0.52778": 1,
        "0.99826": 1,
        "0.55961": 1,
        "0.82263": 1,
        "0.44271": 1,
        "0.52546": 1,
        "0.64323": 1,
        "0.73351": 1,
        "0.99045": 1,
        "0.53646": 1,
        "0.68895": 1,
        "0.34896": 1,
        "0.64873": 1,
        "0.59172": 1,
        "0.49045": 1,
        "0.59057": 1,
        "0.7202": 1,
        "0.37153": 1,
        "0.76302": 1,
        "0.57176": 1,
        "0.34693": 1,
        "0.46383": 1,
        "0.32726": 1,
        "0.89959": 1,
        "0.94734": 1,
        "0.33507": 1,
        "0.70313": 1,
        "0.43981": 1,
        "0.54051": 1,
        "0.35012": 1,
        "0.47743": 1,
        "0.59809": 1,
        "0.90075": 1,
        "0.89236": 1,
        "0.62095": 1,
        "0.66753": 1,
        "0.99769": 1,
        "0.94878": 1,
        "0.48958": 1,
        "0.67853": 1,
        "0.28154": 1,
        "0.37066": 1,
        "0.71644": 1,
        "0.55874": 1,
        "0.46441": 1,
        "0.71846": 1,
        "0.58362": 1,
        "0.58044": 1,
        "0.61256": 1,
        "0.93171": 1,
        "0.44792": 1,
        "0.48438": 1,
        "0.30932": 1,
        "0.36082": 1,
        "0.48119": 1,
        "0.5": 1,
        "0.94763": 1,
        "0.80035": 1,
        "0.98438": 1,
        "0.81742": 1,
        "0.25376": 1,
        "0.30208": 1,
        "0.21065": 1,
        "0.70284": 1,
        "0.83333": 1,
        "0.39265": 1,
        "0.44242": 1,
        "0.69271": 1,
        "0.46672": 1,
        "0.42506": 1,
        "0.35417": 1,
        "0.34375": 1,
        "0.66377": 1,
        "0.52054": 1,
        "0.87963": 1,
        "0.63368": 1,
        "0.77083": 1,
        "0.76447": 1,
        "0.64497": 1,
        "0.58015": 1,
        "0.44878": 1,
        "0.74855": 1,
        "0.41262": 1,
        "0.78906": 1,
        "0.57841": 1,
        "0.72454": 1,
        "0.30758": 1,
        "0.32523": 1,
        "0.54543": 1,
        "0.82118": 1,
        "0.34288": 1,
        "0.69878": 1,
        "0.4485": 1,
        "0.25087": 1,
        "0.83507": 1,
        "0.88889": 1,
        "0.70891": 1,
        "0.42072": 1,
        "0.91001": 1,
        "0.92303": 1,
        "0.69734": 1,
        "0.81568": 1,
        "0.87529": 1,
        "0.73061": 1,
        "0.34549": 1,
        "0.91406": 1,
        "0.6033": 1,
        "0.78704": 1,
        "0.89931": 1,
        "0.60214": 1,
        "0.34664": 1,
        "0.67477": 1,
        "0.53125": 1,
        "0.3235": 1,
        "0.91869": 1,
        "0.7934": 1,
        "0.60793": 1,
        "0.40567": 1,
        "0.56568": 1,
        "0.36285": 1,
        "0.49103": 1,
        "0.59404": 1,
        "0.39005": 1,
        "0.37182": 1,
        "0.70804": 1,
        "0.77025": 1,
        "0.3886": 1,
        "0.64757": 1,
        "0.74537": 1,
        "0.47714": 1,
        "0.34606": 1,
        "0.4945": 1,
        "0.50289": 1,
        "0.2772": 1,
        "0.8099": 1,
        "0.16377": 1,
        "0.44676": 1,
        "0.943": 1,
        "0.28935": 1,
        "0.5787": 1,
        "0.4511": 1,
        "0.32089": 1,
        "0.46238": 1,
        "0.23003": 1,
        "0.20891": 1,
        "0.53067": 1,
        "0.39786": 1,
        "0.53733": 1,
        "0.77517": 1,
        "0.41725": 1,
        "0.5026": 1,
        "0.42853": 1,
        "0.60966": 1,
        "0.34462": 1,
        "0.25029": 1,
        "0.95718": 1,
        "0.72888": 1,
        "0.68692": 1,
        "0.37037": 1,
        "0.87153": 1,
        "0.57639": 1,
        "0.50492": 1,
        "0.86632": 1,
        "0.3805": 1,
        "0.47801": 1,
        "0.71238": 1,
        "0.49826": 1,
        "0.27517": 1,
        "0.98929": 1,
        "0.5978": 1,
        "0.43605": 1,
        "0.66291": 1,
        "0.72859": 1,
        "0.5706": 1,
        "0.83999": 1,
        "0.77402": 1,
        "0.42361": 1,
        "0.53096": 1,
        "0.2798": 1,
        "0.33478": 1,
        "0.57321": 1,
        "0.30382": 1,
        "0.42969": 1,
        "0.65683": 1,
        "0.18345": 1,
        "0.39959": 1,
        "0.55613": 1,
        "0.95978": 1,
        "0.42245": 1,
        "0.52575": 1,
        "0.91088": 1,
        "0.98003": 1,
        "0.54803": 1,
        "0.74306": 1,
        "0.50029": 1,
        "0.34317": 1,
        "0.85446": 1,
        "0.38397": 1,
        "0.66638": 1,
        "0.15249": 1,
        "0.63657": 1,
        "0.79572": 1,
        "0.1956": 1,
        "0.70341": 1,
        "0.18519": 1,
        "0.56279": 1,
        "0.39034": 1,
        "0.24016": 1,
        "0.62789": 1,
        "0.52199": 1,
        "0.73611": 1,
        "0.99913": 1,
        "0.66406": 1,
        "0.56047": 1,
        "0.85909": 1,
        "0.5761": 1,
        "0.83218": 1,
        "0.9838": 1,
        "0.3831": 1,
        "0.37211": 1,
        "0.87645": 1,
        "0.40972": 1,
        "0.62442": 1,
        "0.49074": 1,
        "0.85938": 1,
        "0.51071": 1,
        "0.74797": 1,
        "0.32986": 1,
        "0.28588": 1,
        "0.95862": 1,
        "0.80469": 1,
        "0.26476": 1,
        "0.58738": 1,
        "0.30961": 1,
        "0.37992": 1,
        "0.239": 1,
        "0.75405": 1,
        "0.37934": 1,
        "0.36429": 1,
        "0.5651": 1,
        "0.39641": 1,
        "0.58189": 1,
        "0.81944": 1,
        "0.50955": 1,
        "0.4919": 1,
        "0.489": 1,
        "0.23293": 1,
        "0.75318": 1,
        "0.66927": 1,
        "0.55903": 1,
        "0.57465": 1,
        "0.4239": 1,
        "0.48293": 1,
        "0.557": 1,
        "0.75666": 1,
        "0.69155": 1,
        "0.92188": 1,
        "0.32407": 1,
        "0.25926": 1,
        "0.38744": 1,
        "0.64583": 1,
        "0.7173": 1,
        "0.74971": 1,
        "0.48582": 1,
        "0.52315": 1,
        "0.91753": 1,
        "0.82841": 1,
        "0.53819": 1,
        "0.69589": 1,
        "0.69416": 1,
        "0.63831": 1,
        "0.34491": 1,
        "0.87587": 1,
        "0.81829": 1,
        "0.60764": 1,
        "0.48003": 1,
        "0.9077": 1,
        "0.5735": 1,
        "0.76707": 1,
        "0.73958": 1,
        "0.88744": 1,
        "0.46152": 1,
        "0.61053": 1,
        "0.86603": 1,
        "0.60619": 1,
        "0.69647": 1,
        "0.7636": 1,
        "0.82234": 1,
        "0.45804": 1,
        "0.29543": 1,
        "0.69039": 1,
        "0.98727": 1,
        "0.89815": 1,
        "0.68808": 1,
        "0.65885": 1,
        "0.5599": 1,
        "0.96296": 1,
        "0.66725": 1,
        "0.36545": 1,
        "0.56308": 1,
        "0.39815": 1,
        "0.71209": 1,
        "0.39699": 1,
        "0.24421": 1,
        "0.59115": 1,
        "0.81481": 1,
        "0.54601": 1,
        "0.34954": 1,
        "0.34925": 1,
        "0.59896": 1,
        "0.24219": 1,
        "0.67795": 1,
        "0.55642": 1,
        "0.92043": 1,
        "0.51476": 1,
        "0.39873": 1,
        "0.98756": 1,
        "0.77807": 1,
        "0.90307": 1,
        "0.50231": 1,
        "0.66146": 1,
        "0.82031": 1,
        "0.98235": 1,
        "0.37558": 1,
        "0.33073": 1,
        "0.43316": 1,
        "0.33941": 1,
        "0.70775": 1,
        "0.44821": 1,
        "0.39294": 1
    },
    "nrows": 58310
}