{
    "column_id": "Yelp/Business.csvBusiness.csv/review_count",
    "dataset_name": "Business.csv",
    "dataset_id": "Yelp/Business.csv",
    "path": "/home/ubuntu/CatDB/Experiments/data/Yelp/Business.csv",
    "table_name": "Business.csv",
    "table_id": "Yelp/Business.csvBusiness.csv",
    "column_name": "review_count",
    "data_source": "Yelp",
    "data_type": "int",
    "total_values_count": 11537,
    "distinct_values_count": 293,
    "missing_values_count": 0,
    "true_ratio": null,
    "min_value": 3.0,
    "max_value": 862.0,
    "mean": 20.192857761983184,
    "median": 6.0,
    "iqr": 12.0,
    "category_values": [
        11,
        37,
        6,
        5,
        3,
        16,
        51,
        4,
        145,
        65,
        255,
        12,
        35,
        7,
        42,
        15,
        13,
        33,
        107,
        278,
        19,
        179,
        21,
        10,
        139,
        8,
        46,
        105,
        127,
        9,
        45,
        20,
        25,
        77,
        53,
        14,
        24,
        52,
        61,
        28,
        122,
        549,
        29,
        68,
        23,
        74,
        17,
        90,
        26,
        109,
        18,
        47,
        30,
        67,
        60,
        39,
        54,
        50,
        121,
        79,
        111,
        36,
        221,
        32,
        72,
        31,
        152,
        217,
        132,
        44,
        34,
        165,
        43,
        161,
        88,
        22,
        157,
        71,
        66,
        115,
        398,
        137,
        70,
        48,
        81,
        85,
        180,
        58,
        82,
        118,
        317,
        95,
        57,
        129,
        73,
        40,
        78,
        131,
        169,
        92,
        80,
        84,
        89,
        271,
        402,
        453,
        38,
        153,
        75,
        93,
        100,
        117,
        56,
        213,
        69,
        87,
        41,
        128,
        27,
        358,
        55,
        138,
        136,
        272,
        49,
        166,
        353,
        103,
        59,
        318,
        199,
        140,
        265,
        212,
        63,
        224,
        62,
        188,
        292,
        83,
        76,
        149,
        198,
        202,
        64,
        194,
        197,
        110,
        230,
        218,
        102,
        235,
        99,
        143,
        196,
        290,
        116,
        181,
        171,
        258,
        141,
        309,
        362,
        461,
        98,
        124,
        262,
        101,
        183,
        335,
        315,
        108,
        268,
        477,
        200,
        135,
        94,
        113,
        114,
        281,
        106,
        305,
        125,
        189,
        126,
        251,
        259,
        287,
        269,
        91,
        185,
        291,
        192,
        263,
        167,
        652,
        146,
        206,
        193,
        170,
        316,
        298,
        326,
        349,
        155,
        158,
        178,
        283,
        233,
        154,
        228,
        187,
        862,
        323,
        96,
        112,
        203,
        343,
        201,
        148,
        123,
        299,
        239,
        735,
        236,
        130,
        450,
        186,
        163,
        175,
        172,
        238,
        97,
        390,
        156,
        264,
        229,
        177,
        120,
        347,
        160,
        293,
        147,
        142,
        104,
        222,
        689,
        150,
        276,
        207,
        502,
        184,
        245,
        134,
        119,
        227,
        489,
        434,
        525,
        86,
        133,
        421,
        363,
        246,
        214,
        575,
        243,
        168,
        357,
        594,
        304,
        333,
        803,
        219,
        580,
        182,
        220,
        176,
        248,
        321,
        412,
        310,
        151,
        216,
        441,
        162,
        303,
        270,
        210,
        307,
        431,
        144,
        444
    ],
    "embedding": [
        -1.0,
        -1.0,
        -1.0,
        1.0,
        -1.0,
        1.0,
        -1.0,
        -1.0,
        -1.0,
        -1.0,
        1.0,
        -1.0,
        -1.0,
        1.0,
        1.0,
        1.0,
        1.0,
        -1.0,
        1.0,
        -1.0,
        1.0,
        -1.0,
        1.0,
        -1.0,
        1.0,
        -1.0,
        -1.0,
        1.0,
        -1.0,
        -1.0,
        1.0,
        1.0,
        -1.0,
        -1.0,
        -1.0,
        1.0,
        -1.0,
        1.0,
        1.0,
        -1.0,
        -1.0,
        1.0,
        -1.0,
        -1.0,
        -1.0,
        -1.0,
        1.0,
        -1.0,
        -1.0,
        -0.9693856835365295,
        -1.0,
        1.0,
        1.0,
        1.0,
        -1.0,
        1.0,
        1.0,
        1.0,
        -1.0,
        0.9997528791427612,
        -1.0,
        -1.0,
        1.0,
        -1.0,
        1.0,
        -1.0,
        1.0,
        -1.0,
        1.0,
        1.0,
        1.0,
        -1.0,
        -1.0,
        -1.0,
        -1.0,
        1.0,
        1.0,
        1.0,
        1.0,
        1.0,
        1.0,
        1.0,
        1.0,
        -1.0,
        -1.0,
        1.0,
        -1.0,
        1.0,
        1.0,
        1.0,
        -1.0,
        1.0,
        1.0,
        -1.0,
        1.0,
        -1.0,
        1.0,
        -1.0,
        -1.0,
        -1.0,
        -0.9992480874061584,
        -1.0,
        1.0,
        -1.0,
        -1.0,
        1.0,
        1.0,
        1.0,
        -1.0,
        -1.0,
        1.0,
        -1.0,
        -1.0,
        1.0,
        1.0,
        1.0,
        1.0,
        1.0,
        1.0,
        -1.0,
        -1.0,
        1.0,
        -1.0,
        -1.0,
        1.0,
        -1.0,
        -1.0,
        -1.0,
        -1.0,
        1.0,
        -1.0,
        1.0,
        -1.0,
        -1.0,
        1.0,
        -1.0,
        -1.0,
        1.0,
        1.0,
        -1.0,
        1.0,
        1.0,
        1.0,
        -1.0,
        1.0,
        -1.0,
        1.0,
        -1.0,
        -1.0,
        -1.0,
        1.0,
        -1.0,
        1.0,
        -1.0,
        1.0,
        -1.0,
        1.0,
        -1.0,
        1.0,
        -1.0,
        -1.0,
        1.0,
        -1.0,
        -1.0,
        1.0,
        -1.0,
        1.0,
        -1.0,
        -1.0,
        -1.0,
        -1.0,
        -1.0,
        1.0,
        1.0,
        -1.0,
        -1.0,
        1.0,
        -1.0,
        -1.0,
        -1.0,
        1.0,
        -1.0,
        -1.0,
        -1.0,
        1.0,
        -1.0,
        1.0,
        -1.0,
        -1.0,
        -1.0,
        1.0,
        1.0,
        1.0,
        1.0,
        -1.0,
        -1.0,
        1.0,
        -1.0,
        -1.0,
        1.0,
        -1.0,
        1.0,
        -1.0,
        -1.0,
        -1.0,
        -1.0,
        1.0,
        1.0,
        -1.0,
        -1.0,
        -1.0,
        1.0,
        -1.0,
        -1.0,
        -1.0,
        1.0,
        -1.0,
        1.0,
        -1.0,
        -1.0,
        1.0,
        -1.0,
        -1.0,
        1.0,
        -1.0,
        -0.9620978832244873,
        1.0,
        -1.0,
        -1.0,
        -1.0,
        1.0,
        -1.0,
        1.0,
        -1.0,
        -1.0,
        1.0,
        -1.0,
        1.0,
        1.0,
        -1.0,
        1.0,
        -0.9505122900009155,
        1.0,
        -1.0,
        1.0,
        1.0,
        -1.0,
        -1.0,
        -1.0,
        1.0,
        1.0,
        1.0,
        -1.0,
        -1.0,
        -1.0,
        1.0,
        1.0,
        -1.0,
        -1.0,
        -1.0,
        1.0,
        1.0,
        1.0,
        -1.0,
        1.0,
        -1.0,
        -1.0,
        -1.0,
        1.0,
        1.0,
        -0.9993830919265747,
        -1.0,
        -1.0,
        1.0,
        -1.0,
        1.0,
        1.0,
        1.0,
        1.0,
        1.0,
        1.0,
        -1.0,
        1.0,
        1.0,
        1.0,
        -1.0,
        -1.0,
        1.0,
        -1.0,
        -1.0,
        -1.0,
        1.0,
        -1.0,
        -1.0,
        -1.0,
        -1.0,
        -1.0,
        1.0,
        1.0,
        1.0
    ],
    "embedding_scaling_factor": 353.4856262207031,
    "samples": [
        71,
        8,
        25,
        3,
        7,
        3,
        3,
        3,
        3,
        6,
        6,
        83,
        9,
        4,
        6,
        13,
        3,
        3,
        8,
        11,
        3,
        11,
        6,
        4,
        7,
        45,
        5,
        13,
        24,
        7,
        3,
        5,
        3,
        3,
        4,
        3,
        131,
        18,
        7,
        3,
        6,
        6,
        264,
        6,
        3,
        3,
        29,
        4,
        9,
        5,
        4,
        32,
        4,
        5,
        10,
        3,
        4,
        3,
        3,
        39,
        21,
        7,
        28,
        3,
        34,
        31,
        181,
        6,
        6,
        71,
        3,
        3,
        23,
        9,
        265,
        3,
        3,
        58,
        109,
        3,
        3,
        29,
        4,
        18,
        5,
        5,
        83,
        7,
        8,
        9,
        305,
        32,
        3,
        3,
        9,
        8,
        5,
        4,
        8,
        12
    ],
    "category_values_ratio": {
        "3": 2531,
        "4": 1709,
        "5": 1032,
        "6": 835,
        "7": 576,
        "8": 433,
        "9": 311,
        "10": 251,
        "11": 223,
        "12": 211,
        "13": 170,
        "15": 139,
        "16": 124,
        "14": 123,
        "17": 113,
        "19": 96,
        "18": 93,
        "20": 87,
        "23": 78,
        "22": 78,
        "21": 76,
        "24": 72,
        "28": 67,
        "31": 61,
        "25": 60,
        "29": 59,
        "36": 56,
        "30": 56,
        "27": 56,
        "26": 54,
        "32": 45,
        "34": 42,
        "38": 40,
        "35": 40,
        "39": 39,
        "42": 38,
        "33": 38,
        "46": 34,
        "37": 34,
        "40": 30,
        "50": 29,
        "44": 29,
        "41": 28,
        "47": 26,
        "58": 25,
        "53": 25,
        "48": 25,
        "55": 24,
        "54": 24,
        "60": 24,
        "57": 22,
        "43": 22,
        "61": 21,
        "52": 21,
        "51": 21,
        "49": 21,
        "59": 19,
        "45": 19,
        "79": 18,
        "69": 17,
        "63": 17,
        "85": 16,
        "66": 16,
        "74": 16,
        "68": 16,
        "77": 16,
        "72": 15,
        "65": 15,
        "81": 15,
        "80": 14,
        "70": 13,
        "71": 13,
        "76": 13,
        "73": 13,
        "67": 13,
        "56": 13,
        "64": 12,
        "83": 12,
        "95": 11,
        "62": 11,
        "94": 10,
        "90": 10,
        "93": 10,
        "78": 9,
        "100": 9,
        "89": 9,
        "84": 9,
        "110": 9,
        "92": 9,
        "75": 9,
        "108": 8,
        "145": 8,
        "82": 8,
        "124": 8,
        "106": 7,
        "131": 7,
        "98": 7,
        "109": 7,
        "102": 7,
        "122": 7,
        "107": 7,
        "103": 7,
        "105": 7,
        "115": 7,
        "101": 6,
        "91": 6,
        "88": 6,
        "96": 6,
        "135": 6,
        "132": 6,
        "125": 6,
        "117": 6,
        "121": 6,
        "99": 6,
        "87": 6,
        "147": 5,
        "171": 5,
        "130": 5,
        "126": 5,
        "139": 5,
        "128": 4,
        "127": 4,
        "137": 4,
        "153": 4,
        "118": 4,
        "165": 4,
        "138": 4,
        "136": 4,
        "140": 4,
        "197": 4,
        "157": 4,
        "97": 4,
        "86": 4,
        "120": 4,
        "114": 4,
        "160": 4,
        "141": 4,
        "104": 4,
        "113": 4,
        "156": 4,
        "143": 4,
        "112": 4,
        "181": 3,
        "123": 3,
        "148": 3,
        "202": 3,
        "129": 3,
        "184": 3,
        "199": 3,
        "192": 3,
        "155": 3,
        "269": 3,
        "189": 3,
        "111": 3,
        "163": 3,
        "193": 3,
        "461": 2,
        "227": 2,
        "229": 2,
        "271": 2,
        "166": 2,
        "258": 2,
        "196": 2,
        "162": 2,
        "262": 2,
        "183": 2,
        "187": 2,
        "116": 2,
        "149": 2,
        "224": 2,
        "144": 2,
        "221": 2,
        "235": 2,
        "154": 2,
        "263": 2,
        "170": 2,
        "175": 2,
        "180": 2,
        "152": 2,
        "161": 2,
        "185": 2,
        "179": 2,
        "236": 2,
        "203": 2,
        "222": 2,
        "119": 2,
        "134": 2,
        "238": 2,
        "264": 2,
        "178": 2,
        "305": 1,
        "198": 1,
        "230": 1,
        "272": 1,
        "194": 1,
        "318": 1,
        "353": 1,
        "292": 1,
        "188": 1,
        "358": 1,
        "218": 1,
        "315": 1,
        "290": 1,
        "398": 1,
        "213": 1,
        "362": 1,
        "453": 1,
        "402": 1,
        "335": 1,
        "169": 1,
        "268": 1,
        "477": 1,
        "172": 1,
        "251": 1,
        "206": 1,
        "233": 1,
        "186": 1,
        "287": 1,
        "291": 1,
        "167": 1,
        "652": 1,
        "146": 1,
        "317": 1,
        "316": 1,
        "298": 1,
        "326": 1,
        "349": 1,
        "158": 1,
        "259": 1,
        "283": 1,
        "228": 1,
        "212": 1,
        "323": 1,
        "217": 1,
        "343": 1,
        "201": 1,
        "299": 1,
        "239": 1,
        "735": 1,
        "450": 1,
        "200": 1,
        "246": 1,
        "281": 1,
        "216": 1,
        "412": 1,
        "245": 1,
        "594": 1,
        "303": 1,
        "210": 1,
        "347": 1,
        "502": 1,
        "142": 1,
        "278": 1,
        "441": 1,
        "293": 1,
        "357": 1,
        "307": 1,
        "689": 1,
        "151": 1,
        "150": 1,
        "549": 1,
        "276": 1,
        "207": 1,
        "310": 1,
        "431": 1,
        "270": 1,
        "304": 1,
        "333": 1,
        "309": 1,
        "255": 1,
        "390": 1,
        "862": 1,
        "265": 1,
        "321": 1,
        "248": 1,
        "176": 1,
        "489": 1,
        "434": 1,
        "220": 1,
        "525": 1,
        "133": 1,
        "168": 1,
        "421": 1,
        "363": 1,
        "182": 1,
        "580": 1,
        "219": 1,
        "214": 1,
        "575": 1,
        "177": 1,
        "803": 1,
        "243": 1,
        "444": 1
    },
    "nrows": 11537
}