{
    "column_id": "Walmart/weather.csvweather.csv/sunrise",
    "dataset_name": "weather.csv",
    "dataset_id": "Walmart/weather.csv",
    "path": "/home/ubuntu/CatDB/Experiments/data/Walmart/weather.csv",
    "table_name": "weather.csv",
    "table_id": "Walmart/weather.csvweather.csv",
    "column_name": "sunrise",
    "data_source": "Walmart",
    "data_type": "named_entity",
    "total_values_count": 20517,
    "distinct_values_count": 215,
    "missing_values_count": 9656,
    "true_ratio": null,
    "min_value": null,
    "max_value": null,
    "mean": null,
    "median": null,
    "iqr": null,
    "category_values": [
        "07:16:00",
        "07:15:00",
        "07:14:00",
        "07:13:00",
        "07:12:00",
        "07:11:00",
        "07:10:00",
        "07:09:00",
        "07:08:00",
        "07:07:00",
        "07:06:00",
        "07:05:00",
        "07:04:00",
        "07:03:00",
        "07:02:00",
        "07:01:00",
        "07:00:00",
        "06:59:00",
        "06:58:00",
        "06:57:00",
        "06:56:00",
        "06:54:00",
        "06:53:00",
        "06:52:00",
        "06:51:00",
        "06:49:00",
        "06:48:00",
        "06:47:00",
        "06:45:00",
        "06:44:00",
        "06:43:00",
        "06:41:00",
        "06:40:00",
        "06:38:00",
        "06:37:00",
        "06:36:00",
        "06:34:00",
        "06:33:00",
        "06:31:00",
        "06:29:00",
        "06:28:00",
        "06:26:00",
        "06:25:00",
        "06:19:00",
        "06:23:00",
        "06:22:00",
        "06:20:00",
        "06:18:00",
        "06:17:00",
        "06:15:00",
        "06:13:00",
        "06:12:00",
        "06:10:00",
        "06:08:00",
        "06:07:00",
        "06:05:00",
        "06:03:00",
        "06:02:00",
        "06:00:00",
        "05:58:00",
        "05:57:00",
        "05:55:00",
        "05:53:00",
        "05:51:00",
        "05:50:00",
        "05:48:00",
        "05:46:00",
        "05:44:00",
        "05:43:00",
        "05:41:00",
        "05:39:00",
        "05:38:00",
        "05:36:00",
        "05:34:00",
        "05:32:00",
        "05:31:00",
        "05:29:00",
        "05:27:00",
        "05:26:00",
        "05:24:00",
        "05:22:00",
        "05:20:00",
        "05:19:00",
        "05:17:00",
        "05:15:00",
        "05:14:00",
        "05:12:00",
        "05:11:00",
        "05:09:00",
        "05:07:00",
        "05:06:00",
        "05:04:00",
        "05:03:00",
        "05:01:00",
        "04:59:00",
        "04:58:00",
        "04:56:00",
        "04:55:00",
        "04:53:00",
        "04:52:00",
        "04:51:00",
        "04:49:00",
        "04:48:00",
        "04:46:00",
        "04:45:00",
        "04:44:00",
        "04:42:00",
        "04:41:00",
        "04:40:00",
        "04:38:00",
        "04:37:00",
        "04:36:00",
        "04:35:00",
        "04:33:00",
        "04:32:00",
        "04:31:00",
        "04:30:00",
        "04:29:00",
        "04:28:00",
        "04:27:00",
        "04:26:00",
        "04:25:00",
        "04:24:00",
        "04:23:00",
        "04:22:00",
        "04:21:00",
        "04:20:00",
        "04:19:00",
        "04:18:00",
        "04:17:00",
        "04:16:00",
        "04:15:00",
        "04:14:00",
        "04:13:00",
        "04:12:00",
        "04:11:00",
        "04:34:00",
        "04:39:00",
        "04:43:00",
        "04:47:00",
        "04:50:00",
        "04:54:00",
        "04:57:00",
        "05:00:00",
        "05:02:00",
        "05:05:00",
        "05:08:00",
        "05:10:00",
        "05:13:00",
        "05:16:00",
        "05:18:00",
        "05:21:00",
        "05:23:00",
        "05:25:00",
        "05:28:00",
        "05:30:00",
        "05:33:00",
        "05:37:00",
        "05:40:00",
        "05:42:00",
        "05:45:00",
        "05:47:00",
        "05:49:00",
        "05:52:00",
        "05:54:00",
        "05:56:00",
        "05:59:00",
        "06:01:00",
        "06:06:00",
        "06:09:00",
        "06:11:00",
        "06:14:00",
        "06:24:00",
        "06:27:00",
        "06:30:00",
        "06:32:00",
        "06:35:00",
        "06:39:00",
        "06:46:00",
        "06:50:00",
        "06:55:00",
        "07:35:00",
        "07:34:00",
        "07:33:00",
        "07:32:00",
        "07:31:00",
        "07:30:00",
        "07:29:00",
        "07:28:00",
        "07:27:00",
        "07:26:00",
        "07:25:00",
        "07:24:00",
        "07:23:00",
        "07:22:00",
        "07:21:00",
        "07:20:00",
        "07:19:00",
        "07:18:00",
        "07:17:00",
        "06:42:00",
        "06:16:00",
        "06:04:00",
        "05:35:00",
        "06:21:00",
        "04:10:00",
        "04:09:00",
        "04:08:00",
        "07:39:00",
        "07:40:00",
        "07:38:00",
        "07:37:00",
        "07:36:00",
        "04:07:00",
        "04:06:00"
    ],
    "embedding": [
        0.9999998807907104,
        -0.9999991059303284,
        1.0,
        -1.0,
        -0.9999474883079529,
        -1.0,
        -0.9999998807907104,
        -1.0,
        0.9999989867210388,
        0.9999971985816956,
        -0.9999989867210388,
        1.0,
        -0.9999982118606567,
        1.0,
        0.9999982118606567,
        -0.9999989867210388,
        0.9999979734420776,
        -1.0,
        0.9999991059303284,
        0.9999979734420776,
        0.9999998807907104,
        -0.9999998807907104,
        1.0,
        0.9999991059303284,
        0.9999982118606567,
        -1.0,
        -1.0,
        -1.0,
        1.0,
        -0.9999942779541016,
        -0.9999982118606567,
        1.0,
        -0.9999998807907104,
        1.0,
        0.9999979734420776,
        -0.9999989867210388,
        -0.9999998807907104,
        1.0,
        0.9999989867210388,
        -1.0,
        0.9177789092063904,
        0.9999982118606567,
        0.9999979734420776,
        -1.0,
        -0.999997079372406,
        -1.0,
        -1.0,
        -0.9999991059303284,
        -1.0,
        0.9999998807907104,
        -0.9999991059303284,
        -0.9999991059303284,
        -0.9999924898147583,
        -0.9999989867210388,
        0.9999998807907104,
        0.999997079372406,
        0.9999991059303284,
        -0.9999991059303284,
        -0.9999991059303284,
        0.9999982118606567,
        1.0,
        -0.9999980926513672,
        1.0,
        1.0,
        -0.9999991059303284,
        1.0,
        -0.9999982118606567,
        0.9999989867210388,
        1.0,
        1.0,
        -0.9999991059303284,
        0.9999982118606567,
        0.9999991059303284,
        -0.9999998807907104,
        -0.9999982118606567,
        0.9999989867210388,
        0.9999998807907104,
        0.999997079372406,
        1.0,
        -0.9999998807907104,
        -1.0,
        1.0,
        0.9999991059303284,
        1.0,
        0.9999982118606567,
        -1.0,
        1.0,
        -0.9999998807907104,
        0.9999989867210388,
        0.9999932646751404,
        -1.0,
        -0.9999989867210388,
        -0.9999982118606567,
        -0.9999991059303284,
        0.9999982118606567,
        -0.9999989867210388,
        0.9999998807907104,
        0.9999991059303284,
        1.0,
        0.9999998807907104,
        0.9999998807907104,
        -1.0,
        -0.9999998807907104,
        -0.9999991059303284,
        -1.0,
        0.9999998807907104,
        -1.0,
        0.9999991059303284,
        -1.0,
        1.0,
        0.9999963045120239,
        -0.9999989867210388,
        -1.0,
        -0.9999991059303284,
        0.9999998807907104,
        -1.0,
        -0.9999998807907104,
        0.9999991059303284,
        -0.9999989867210388,
        1.0,
        -1.0,
        -1.0,
        0.9999998807907104,
        -0.9999998807907104,
        0.9999982118606567,
        -0.9999991059303284,
        0.9999971985816956,
        -1.0,
        0.9999982118606567,
        1.0,
        -0.9999991059303284,
        -1.0,
        0.9999998807907104,
        1.0,
        1.0,
        1.0,
        -1.0,
        -0.9999982118606567,
        -1.0,
        0.9999979734420776,
        1.0,
        -1.0,
        0.9999971985816956,
        0.9999982118606567,
        -1.0,
        -0.9999998807907104,
        1.0,
        0.9999989867210388,
        0.9999979734420776,
        0.9999998807907104,
        -1.0,
        -0.9999971985816956,
        -0.9999989867210388,
        -1.0,
        -0.9999989867210388,
        0.9999998807907104,
        1.0,
        -1.0,
        0.9997502565383911,
        -1.0,
        1.0,
        -0.9999961853027344,
        -1.0,
        -1.0,
        0.9999971985816956,
        0.9999982118606567,
        -0.9999998807907104,
        1.0,
        1.0,
        0.9999982118606567,
        -0.9999998807907104,
        0.9999991059303284,
        -0.9999998807907104,
        1.0,
        -1.0,
        -1.0,
        1.0,
        -1.0,
        1.0,
        -0.9999991059303284,
        -0.9999989867210388,
        -0.9999991059303284,
        -0.9999979734420776,
        -1.0,
        -0.9999991059303284,
        -1.0,
        -1.0,
        -0.9999991059303284,
        -0.9947909712791443,
        1.0,
        -0.9999991059303284,
        1.0,
        0.9999960660934448,
        -0.9999998807907104,
        0.9999998807907104,
        -0.9999998807907104,
        -0.9999960660934448,
        -1.0,
        -1.0,
        -0.9999998807907104,
        0.9999991059303284,
        -0.999997079372406,
        0.9999971985816956,
        -0.999997079372406,
        0.9999982118606567,
        0.9999991059303284,
        -0.9999998807907104,
        1.0,
        -0.9999513030052185,
        -0.9999998807907104,
        -0.9999998807907104,
        0.9999989867210388,
        0.9999980926513672,
        -1.0,
        1.0,
        -1.0,
        -0.9999991059303284,
        1.0,
        -0.9999998807907104,
        1.0,
        1.0,
        -0.9999979734420776,
        -0.9999998807907104,
        0.9999979734420776,
        0.9999982118606567,
        1.0,
        -0.9999982118606567,
        -0.9999982118606567,
        -1.0,
        -0.9999904632568359,
        -1.0,
        0.9999989867210388,
        1.0,
        0.9999998807907104,
        1.0,
        -1.0,
        0.9999998807907104,
        -0.9999991059303284,
        1.0,
        -1.0,
        1.0,
        0.9999979734420776,
        -0.9999943971633911,
        -0.9999979734420776,
        0.9999998807907104,
        -0.9999991059303284,
        1.0,
        1.0,
        -1.0,
        -0.9999989867210388,
        1.0,
        1.0,
        0.9999982118606567,
        0.9999979734420776,
        0.9999991059303284,
        0.9999998807907104,
        -0.9999989867210388,
        -0.9999979734420776,
        0.9999991059303284,
        0.9999991059303284,
        0.9999991059303284,
        -1.0,
        0.9999989867210388,
        1.0,
        -1.0,
        -0.9938992857933044,
        0.9999991059303284,
        -0.9999982118606567,
        -1.0,
        0.9999979734420776,
        -1.0,
        -1.0,
        -0.9999982118606567,
        -0.9999998807907104,
        0.9999998807907104,
        0.9999998807907104,
        -0.9999998807907104,
        0.9999998807907104,
        -0.9999991059303284,
        -0.9999998807907104,
        0.9999998807907104,
        1.0,
        -0.9999982118606567,
        1.0,
        1.0,
        0.9999989867210388,
        -0.9999998807907104,
        -1.0,
        1.0,
        -0.9999998807907104,
        1.0,
        -1.0,
        1.0,
        -0.9999998807907104,
        -1.0,
        -1.0,
        -0.9999971985816956,
        -0.9999979734420776,
        -0.9999989867210388,
        -0.9999982118606567
    ],
    "embedding_scaling_factor": 0.12749430537223816,
    "samples": [
        "05:40:00",
        "07:09:00",
        "05:01:00",
        "05:34:00",
        "07:11:00",
        "05:29:00",
        "05:36:00",
        "06:47:00",
        "06:14:00",
        "06:59:00",
        "06:09:00",
        "04:29:00",
        "05:44:00",
        "06:44:00",
        "06:02:00",
        "05:50:00",
        "06:45:00",
        "05:19:00",
        "05:31:00",
        "04:18:00",
        "05:08:00",
        "05:59:00",
        "05:47:00",
        "05:59:00",
        "06:03:00",
        "07:20:00",
        "05:19:00",
        "05:41:00",
        "06:26:00",
        "06:22:00",
        "05:31:00",
        "06:45:00",
        "06:21:00",
        "05:34:00",
        "06:50:00",
        "07:33:00",
        "07:13:00",
        "05:19:00",
        "05:44:00",
        "04:07:00",
        "06:50:00",
        "05:30:00",
        "04:52:00",
        "05:48:00",
        "06:05:00",
        "05:10:00",
        "05:13:00",
        "06:09:00",
        "07:07:00",
        "07:04:00",
        "05:28:00",
        "06:33:00"
    ],
    "category_values_ratio": {
        "05:29:00": 173,
        "05:25:00": 120,
        "05:30:00": 111,
        "05:31:00": 110,
        "05:26:00": 95,
        "05:34:00": 93,
        "05:32:00": 93,
        "05:19:00": 89,
        "05:36:00": 86,
        "05:33:00": 86,
        "05:24:00": 86,
        "07:24:00": 84,
        "05:37:00": 84,
        "07:16:00": 83,
        "07:13:00": 82,
        "05:27:00": 81,
        "05:43:00": 80,
        "06:13:00": 78,
        "05:39:00": 78,
        "06:02:00": 77,
        "07:22:00": 77,
        "05:55:00": 77,
        "05:40:00": 77,
        "07:17:00": 76,
        "05:50:00": 74,
        "05:45:00": 74,
        "05:52:00": 74,
        "05:59:00": 74,
        "05:53:00": 74,
        "05:46:00": 72,
        "07:15:00": 72,
        "07:28:00": 72,
        "05:42:00": 72,
        "06:14:00": 71,
        "05:38:00": 71,
        "06:10:00": 71,
        "06:07:00": 71,
        "05:28:00": 71,
        "05:57:00": 71,
        "05:35:00": 71,
        "06:23:00": 71,
        "05:48:00": 71,
        "06:17:00": 70,
        "07:23:00": 70,
        "07:11:00": 70,
        "05:20:00": 69,
        "05:44:00": 69,
        "06:19:00": 69,
        "05:15:00": 69,
        "06:08:00": 69,
        "04:11:00": 69,
        "06:04:00": 68,
        "06:18:00": 68,
        "06:26:00": 68,
        "06:00:00": 68,
        "06:09:00": 68,
        "06:01:00": 66,
        "05:51:00": 66,
        "07:21:00": 65,
        "05:41:00": 65,
        "06:12:00": 65,
        "06:05:00": 65,
        "07:07:00": 64,
        "05:06:00": 64,
        "06:28:00": 64,
        "07:18:00": 64,
        "06:06:00": 63,
        "06:03:00": 63,
        "05:58:00": 63,
        "05:56:00": 63,
        "05:49:00": 63,
        "07:10:00": 63,
        "07:12:00": 62,
        "06:36:00": 62,
        "06:31:00": 62,
        "06:22:00": 62,
        "05:47:00": 62,
        "06:29:00": 61,
        "04:12:00": 61,
        "04:13:00": 61,
        "07:08:00": 61,
        "06:21:00": 61,
        "06:44:00": 61,
        "06:11:00": 60,
        "06:16:00": 60,
        "07:19:00": 59,
        "06:40:00": 59,
        "06:24:00": 59,
        "06:37:00": 59,
        "06:33:00": 59,
        "06:15:00": 59,
        "06:58:00": 58,
        "07:03:00": 58,
        "07:14:00": 58,
        "06:32:00": 58,
        "07:20:00": 58,
        "06:20:00": 58,
        "06:25:00": 57,
        "06:39:00": 57,
        "05:22:00": 57,
        "07:25:00": 56,
        "06:38:00": 56,
        "06:30:00": 56,
        "06:35:00": 55,
        "06:34:00": 55,
        "06:51:00": 55,
        "06:46:00": 54,
        "07:02:00": 54,
        "04:08:00": 54,
        "06:41:00": 53,
        "06:49:00": 53,
        "06:43:00": 53,
        "06:27:00": 53,
        "07:27:00": 53,
        "06:42:00": 53,
        "07:04:00": 52,
        "05:54:00": 51,
        "06:53:00": 51,
        "06:57:00": 51,
        "07:05:00": 51,
        "06:52:00": 51,
        "06:55:00": 51,
        "06:59:00": 50,
        "05:16:00": 50,
        "07:09:00": 50,
        "07:00:00": 49,
        "06:54:00": 49,
        "06:50:00": 48,
        "06:56:00": 48,
        "07:01:00": 48,
        "05:21:00": 47,
        "04:14:00": 47,
        "05:17:00": 47,
        "06:48:00": 47,
        "05:23:00": 47,
        "06:47:00": 47,
        "07:06:00": 45,
        "06:45:00": 44,
        "04:16:00": 41,
        "07:26:00": 41,
        "04:15:00": 40,
        "04:09:00": 39,
        "04:06:00": 39,
        "05:07:00": 38,
        "05:18:00": 36,
        "07:29:00": 35,
        "05:09:00": 35,
        "07:30:00": 35,
        "05:08:00": 34,
        "05:10:00": 33,
        "04:17:00": 32,
        "07:35:00": 32,
        "04:20:00": 32,
        "04:18:00": 31,
        "05:11:00": 29,
        "04:19:00": 29,
        "04:21:00": 29,
        "07:31:00": 28,
        "05:12:00": 27,
        "04:22:00": 26,
        "05:14:00": 26,
        "05:13:00": 26,
        "04:24:00": 26,
        "04:26:00": 26,
        "04:23:00": 26,
        "04:28:00": 26,
        "04:30:00": 24,
        "04:31:00": 23,
        "04:32:00": 23,
        "04:33:00": 23,
        "04:35:00": 23,
        "04:25:00": 23,
        "04:27:00": 23,
        "04:41:00": 22,
        "04:49:00": 22,
        "04:46:00": 22,
        "04:37:00": 22,
        "04:53:00": 22,
        "04:52:00": 22,
        "04:58:00": 22,
        "07:34:00": 22,
        "04:36:00": 21,
        "04:10:00": 21,
        "04:07:00": 21,
        "04:29:00": 20,
        "04:39:00": 19,
        "04:38:00": 19,
        "04:43:00": 19,
        "04:50:00": 19,
        "04:45:00": 19,
        "04:42:00": 19,
        "05:04:00": 19,
        "05:03:00": 19,
        "05:01:00": 19,
        "04:55:00": 19,
        "07:40:00": 18,
        "07:32:00": 18,
        "07:39:00": 18,
        "04:56:00": 17,
        "04:59:00": 17,
        "04:40:00": 17,
        "04:48:00": 16,
        "05:00:00": 16,
        "04:44:00": 14,
        "05:05:00": 14,
        "07:33:00": 14,
        "04:34:00": 14,
        "04:47:00": 14,
        "05:02:00": 14,
        "04:57:00": 13,
        "04:51:00": 12,
        "07:38:00": 12,
        "04:54:00": 11,
        "07:37:00": 10,
        "07:36:00": 8
    },
    "nrows": 20517
}