{
    "column_id": "Yelp/Business.csvBusiness.csv/active",
    "dataset_name": "Business.csv",
    "dataset_id": "Yelp/Business.csv",
    "path": "/home/ubuntu/CatDB/Experiments/data/Yelp/Business.csv",
    "table_name": "Business.csv",
    "table_id": "Yelp/Business.csvBusiness.csv",
    "column_name": "active",
    "data_source": "Yelp",
    "data_type": "boolean",
    "total_values_count": 11537,
    "distinct_values_count": 2,
    "missing_values_count": 0,
    "true_ratio": 0.8939065614977897,
    "min_value": null,
    "max_value": null,
    "mean": null,
    "median": null,
    "iqr": null,
    "category_values": [
        1,
        0
    ],
    "embedding": null,
    "embedding_scaling_factor": null,
    "samples": [
        1,
        1,
        1,
        1,
        1,
        1,
        1,
        1,
        1,
        1,
        1,
        1,
        1,
        1,
        1,
        1,
        0,
        1,
        1,
        1,
        1,
        1,
        0,
        1,
        1,
        1,
        1,
        1,
        1,
        1,
        1,
        1,
        1,
        1,
        1,
        1,
        1,
        1,
        1,
        1,
        1,
        1,
        1,
        0,
        0,
        1,
        1,
        1,
        1,
        1,
        1,
        1,
        1,
        1,
        1,
        1,
        1,
        1,
        1,
        1,
        1,
        1,
        1,
        1,
        1,
        1,
        1,
        1,
        1,
        1,
        1,
        1,
        0,
        1,
        1,
        1,
        1,
        1,
        0,
        1,
        1,
        1,
        1,
        1,
        1,
        1,
        1,
        1,
        1,
        1,
        1,
        1,
        1,
        1,
        0,
        1,
        1,
        1,
        1,
        1
    ],
    "category_values_ratio": {
        "true": 10313,
        "false": 1224
    },
    "nrows": 11537
}