{
    "column_id": "oml_dataset_33_rnc/oml_dataset_33_rnc.csvoml_dataset_33_rnc.csv/c_69",
    "dataset_name": "oml_dataset_33_rnc.csv",
    "dataset_id": "oml_dataset_33_rnc/oml_dataset_33_rnc.csv",
    "path": "/home/ubuntu/CatDB/Experiments/data/oml_dataset_33_rnc/oml_dataset_33_rnc.csv",
    "table_name": "oml_dataset_33_rnc.csv",
    "table_id": "oml_dataset_33_rnc/oml_dataset_33_rnc.csvoml_dataset_33_rnc.csv",
    "column_name": "c_69",
    "data_source": "oml_dataset_33_rnc",
    "data_type": "float",
    "total_values_count": 34465,
    "distinct_values_count": 956,
    "missing_values_count": 0,
    "true_ratio": null,
    "min_value": 0.0,
    "max_value": 1.0,
    "mean": 0.8433788627012911,
    "median": 1.0,
    "iqr": 0.326087,
    "category_values": [
        1.0,
        0.842105,
        0.945946,
        0.979167,
        0.957447,
        0.26087,
        0.319149,
        0.365854,
        0.87234,
        0.55814,
        0.425,
        0.547619,
        0.519231,
        0.534884,
        0.461538,
        0.480769,
        0.307692,
        0.952381,
        0.575,
        0.433333,
        0.333333,
        0.707317,
        0.771429,
        0.375,
        0.342857,
        0.489362,
        0.9375,
        0.511111,
        0.479167,
        0.574468,
        0.553191,
        0.12766,
        0.95,
        0.157895,
        0.263158,
        0.15,
        0.25,
        0.4,
        0.657895,
        0.97561,
        0.904762,
        0.52,
        0.906977,
        0.5,
        0.942857,
        0.514286,
        0.428571,
        0.953488,
        0.820513,
        0.435897,
        0.459459,
        0.930233,
        0.55,
        0.511628,
        0.395349,
        0.421053,
        0.709677,
        0.318182,
        0.483871,
        0.275862,
        0.944444,
        0.916667,
        0.315789,
        0.868421,
        0.974359,
        0.352941,
        0.410256,
        0.510638,
        0.595238,
        0.357143,
        0.594595,
        0.977778,
        0.972973,
        0.244444,
        0.755556,
        0.45098,
        0.622222,
        0.323529,
        0.254902,
        0.392857,
        0.372549,
        0.823529,
        0.774194,
        0.651163,
        0.684211,
        0.685714,
        0.83871,
        0.763158,
        0.885714,
        0.935484,
        0.581395,
        0.789474,
        0.815789,
        0.828571,
        0.0,
        0.032258,
        0.387097,
        0.457143,
        0.522727,
        0.363636,
        0.490566,
        0.178571,
        0.676471,
        0.448276,
        0.205882,
        0.224138,
        0.413793,
        0.897436,
        0.956522,
        0.913043,
        0.673913,
        0.954545,
        0.704545,
        0.738095,
        0.236842,
        0.537037,
        0.48,
        0.242424,
        0.489796,
        0.321429,
        0.66,
        0.464646,
        0.78,
        0.32,
        0.512821,
        0.673469,
        0.441176,
        0.393939,
        0.474747,
        0.191919,
        0.795918,
        0.326531,
        0.647059,
        0.314286,
        0.485714,
        0.73913,
        0.941176,
        0.348837,
        0.681818,
        0.695652,
        0.488372,
        0.465116,
        0.372093,
        0.727273,
        0.604651,
        0.837209,
        0.666667,
        0.641026,
        0.7,
        0.692308,
        0.631579,
        0.65,
        0.75,
        0.675,
        0.387755,
        0.717391,
        0.536585,
        0.634146,
        0.560976,
        0.882353,
        0.902439,
        0.44186,
        0.564103,
        0.694444,
        0.520833,
        0.731707,
        0.947368,
        0.382979,
        0.404255,
        0.530612,
        0.590909,
        0.605263,
        0.613636,
        0.652174,
        0.589744,
        0.543478,
        0.568182,
        0.565217,
        0.714286,
        0.756757,
        0.577778,
        0.486486,
        0.645833,
        0.675676,
        0.513514,
        0.578947,
        0.658537,
        0.585366,
        0.702703,
        0.72973,
        0.717949,
        0.533333,
        0.625,
        0.527778,
        0.710526,
        0.756098,
        0.638889,
        0.608696,
        0.777778,
        0.487179,
        0.586957,
        0.555556,
        0.545455,
        0.473684,
        0.463415,
        0.439024,
        0.391304,
        0.583333,
        0.604167,
        0.395833,
        0.5625,
        0.541667,
        0.575758,
        0.609756,
        0.805556,
        0.818182,
        0.542857,
        0.682927,
        0.833333,
        0.413043,
        0.722222,
        0.611111,
        0.521739,
        0.8,
        0.3,
        0.68,
        0.567568,
        0.621622,
        0.402985,
        0.970149,
        0.940299,
        0.615385,
        0.959184,
        0.277778,
        0.703704,
        0.875,
        0.526316,
        0.891892,
        0.41791,
        0.343284,
        0.178295,
        0.95122,
        0.926829,
        0.292683,
        0.96875,
        0.6,
        0.98,
        0.92,
        0.606061,
        0.454545,
        0.621212,
        0.977273,
        0.705882,
        0.978723,
        0.484848,
        0.948276,
        0.327273,
        0.943396,
        0.886792,
        0.830189,
        0.641509,
        0.980769,
        0.961538,
        0.64,
        0.888889,
        0.867925,
        0.981132,
        0.980392,
        0.901961,
        0.678571,
        0.785714,
        0.863636,
        0.925,
        0.886364,
        0.477273,
        0.525,
        0.9,
        0.377778,
        0.472222,
        0.896552,
        0.870968,
        0.408602,
        0.45,
        0.193548,
        0.285714,
        0.290323,
        0.516129,
        0.470588,
        0.324324,
        0.767442,
        0.235294,
        0.686275,
        0.431373,
        0.27907,
        0.253521,
        0.492958,
        0.394366,
        0.521127,
        0.918919,
        0.478873,
        0.450704,
        0.697674,
        0.871795,
        0.142857,
        0.371429,
        0.971429,
        0.769231,
        0.295455,
        0.340909,
        0.975,
        0.560606,
        0.680851,
        0.266667,
        0.967742,
        0.512195,
        0.370968,
        0.33871,
        0.783784,
        0.725,
        0.775,
        0.891304,
        0.74359,
        0.282051,
        0.529412,
        0.553571,
        0.432432,
        0.851852,
        0.369565,
        0.45614,
        0.531915,
        0.723404,
        0.979592,
        0.431818,
        0.781818,
        0.8125,
        0.764706,
        0.272727,
        0.255319,
        0.851064,
        0.367347,
        0.244898,
        0.552632,
        0.366197,
        0.338028,
        0.309524,
        0.183099,
        0.295775,
        0.423077,
        0.294118,
        0.914286,
        0.909091,
        0.969697,
        0.72549,
        0.590164,
        0.444444,
        0.196721,
        0.459016,
        0.262295,
        0.90625,
        0.791667,
        0.982759,
        0.965517,
        0.270833,
        0.268293,
        0.440367,
        0.146341,
        0.347826,
        0.165138,
        0.2,
        0.195652,
        0.121951,
        0.222222,
        0.110092,
        0.133333,
        0.130435,
        0.280488,
        0.256881,
        0.296296,
        0.255556,
        0.495413,
        0.715596,
        0.614679,
        0.636364,
        0.72093,
        0.688889,
        0.47619,
        0.77551,
        0.466667,
        0.516667,
        0.3125,
        0.540541,
        0.418605,
        0.36,
        0.509804,
        0.955556,
        0.095238,
        0.843379,
        0.027397,
        0.52381,
        0.34375,
        0.360656,
        0.953125,
        0.4375,
        0.242105,
        0.571429,
        0.35,
        0.22449,
        0.306122,
        0.037037,
        0.185185,
        0.166667,
        0.878049,
        0.780488,
        0.204082,
        0.368421,
        0.619048,
        0.596491,
        0.354839,
        0.548387,
        0.588235,
        0.97619,
        0.938776,
        0.964912,
        0.945455,
        0.701754,
        0.711864,
        0.693548,
        0.719298,
        0.949153,
        0.645161,
        0.629032,
        0.532258,
        0.627119,
        0.297297,
        0.6875,
        0.302326,
        0.934783,
        0.482759,
        0.591837,
        0.603448,
        0.644444,
        0.911111,
        0.825,
        0.510204,
        0.659091,
        0.642857,
        0.690476,
        0.761905,
        0.674419,
        0.627907,
        0.648649,
        0.617021,
        0.659574,
        0.458333,
        0.612245,
        0.55102,
        0.632653,
        0.452381,
        0.54,
        0.62,
        0.804878,
        0.414634,
        0.56,
        0.38,
        0.693878,
        0.742857,
        0.736842,
        0.794872,
        0.630435,
        0.708333,
        0.289474,
        0.288889,
        0.391892,
        0.986667,
        0.93617,
        0.973333,
        0.58,
        0.638298,
        0.595745,
        0.84375,
        0.787879,
        0.711111,
        0.518519,
        0.462963,
        0.861111,
        0.978261,
        0.574074,
        0.592593,
        0.973684,
        0.702128,
        0.928571,
        0.744186,
        0.207547,
        0.733333,
        0.860465,
        0.958333,
        0.54717,
        0.509434,
        0.566038,
        0.305556,
        0.911765,
        0.939394,
        0.735294,
        0.948718,
        0.864865,
        0.757576,
        0.617647,
        0.657143,
        0.78125,
        0.478261,
        0.923077,
        0.970588,
        0.490196,
        0.972222,
        0.729167,
        0.650794,
        0.634921,
        0.790698,
        0.82,
        0.829268,
        0.810811,
        0.853659,
        0.54902,
        0.607843,
        0.568627,
        0.627451,
        0.434783,
        0.408163,
        0.538462,
        0.411765,
        0.745098,
        0.491228,
        0.54386,
        0.508772,
        0.403509,
        0.44,
        0.57377,
        0.672131,
        0.415094,
        0.258621,
        0.34,
        0.418182,
        0.457627,
        0.745455,
        0.392157,
        0.341463,
        0.326087,
        0.275,
        0.304348,
        0.354167,
        0.291667,
        0.931034,
        0.62069,
        0.481481,
        0.416667,
        0.386364,
        0.275362,
        0.318841,
        0.894737,
        0.784314,
        0.492063,
        0.396825,
        0.412698,
        0.515152,
        0.566667,
        0.53125,
        0.847826,
        0.655172,
        0.342105,
        0.243243,
        0.846154,
        0.766667,
        0.361111,
        0.976744,
        0.869565,
        0.76087,
        0.394737,
        0.741935,
        0.76,
        0.225806,
        0.424242,
        0.186047,
        0.388889,
        0.205128,
        0.358974,
        0.378378,
        0.85,
        0.346154,
        0.706897,
        0.836735,
        0.689655,
        0.384615,
        0.966102,
        0.490909,
        0.897959,
        0.918367,
        0.857143,
        0.837838,
        0.409091,
        0.45283,
        0.506849,
        0.40678,
        0.914894,
        0.844444,
        0.46,
        0.472727,
        0.484375,
        0.404762,
        0.679245,
        0.865385,
        0.866667,
        0.137931,
        0.924528,
        0.423729,
        0.903226,
        0.439394,
        0.383333,
        0.254545,
        0.962264,
        0.804348,
        0.542373,
        0.596154,
        0.569767,
        0.964286,
        0.311111,
        0.451613,
        0.339623,
        0.672414,
        0.648148,
        0.927273,
        0.563636,
        0.724138,
        0.634615,
        0.787234,
        0.313725,
        0.883721,
        0.925926,
        0.214286,
        0.380952,
        0.94,
        0.877551,
        0.755102,
        0.297872,
        0.580645,
        0.465517,
        0.551724,
        0.517241,
        0.206897,
        0.362069,
        0.446809,
        0.535714,
        0.836066,
        0.754717,
        0.232558,
        0.880952,
        0.921053,
        0.931818,
        0.794118,
        0.895833,
        0.447368,
        0.322581,
        0.488889,
        0.921569,
        0.903846,
        0.340426,
        0.90566,
        0.301887,
        0.822222,
        0.351351,
        0.829787,
        0.840909,
        0.709091,
        0.15625,
        0.228571,
        0.27451,
        0.243902,
        0.809524,
        0.803922,
        0.933333,
        0.839286,
        0.361702,
        0.382353,
        0.772727,
        0.716981,
        0.326923,
        0.366667,
        0.576923,
        0.456522,
        0.586207,
        0.826087,
        0.346939,
        0.893617,
        0.86,
        0.561404,
        0.782609,
        0.852941,
        0.295082,
        0.660714,
        0.814815,
        0.698113,
        0.433962,
        0.487805,
        0.607143,
        0.355556,
        0.345455,
        0.960784,
        0.848485,
        0.622642,
        0.806452,
        0.44898,
        0.261905,
        0.759259,
        0.72,
        0.265306,
        0.226415,
        0.602564,
        0.405405,
        0.469388,
        0.558824,
        0.859649,
        0.877193,
        0.603774,
        0.173913,
        0.69697,
        0.289855,
        0.217391,
        0.303571,
        0.202899,
        0.507692,
        0.237113,
        0.310345,
        0.557692,
        0.890909,
        0.696429,
        0.770833,
        0.325581,
        0.196078,
        0.234043,
        0.622951,
        0.981818,
        0.703125,
        0.436364,
        0.377358,
        0.589286,
        0.677419,
        0.27027,
        0.661017,
        0.907407,
        0.540984,
        0.422222,
        0.475,
        0.507937,
        0.30303,
        0.672727,
        0.584906,
        0.628571,
        0.96,
        0.612903,
        0.963636,
        0.969231,
        0.338983,
        0.746032,
        0.957746,
        0.563218,
        0.730769,
        0.567164,
        0.54321,
        0.981481,
        0.626866,
        0.653061,
        0.686567,
        0.389831,
        0.770492,
        0.698413,
        0.549296,
        0.528302,
        0.513889,
        0.735849,
        0.811321,
        0.792453,
        0.773585,
        0.525424,
        0.483333,
        0.282609,
        0.42,
        0.232143,
        0.22807,
        0.983051,
        0.653846,
        0.476923,
        0.173077,
        0.813953,
        0.26,
        0.325,
        0.396552,
        0.365079,
        0.691176,
        0.985294,
        0.983333,
        0.584615,
        0.402778,
        0.117647,
        0.403846,
        0.639344,
        0.673077,
        0.390244,
        0.892857,
        0.509091,
        0.1875,
        0.421875,
        0.633333,
        0.901639,
        0.121212,
        0.983607,
        0.52459,
        0.788462,
        0.101695,
        0.381818,
        0.884615,
        0.683333,
        0.351852,
        0.618182,
        0.966667,
        0.84,
        0.936508,
        0.45679,
        0.793103,
        0.878788,
        0.111111,
        0.219512,
        0.153846,
        0.491525,
        0.425532,
        0.419355,
        0.795455,
        0.942308,
        0.508197,
        0.649123,
        0.568966,
        0.245283,
        0.37931,
        0.796296,
        0.765957,
        0.614035,
        0.37037,
        0.264151,
        0.74,
        0.162162,
        0.962963,
        0.807692,
        0.288462,
        0.317073,
        0.732143,
        0.816327,
        0.854167,
        0.107143,
        0.527273,
        0.40625,
        0.492537,
        0.220339,
        0.46875,
        0.227273,
        0.25641,
        0.23913,
        0.115385,
        0.233333,
        0.195122,
        0.843137,
        0.276596,
        0.482143,
        0.468085,
        0.292308,
        0.660377,
        0.464286,
        0.507042,
        0.62963,
        0.734694,
        0.238095,
        0.982456,
        0.410714,
        0.508475,
        0.744681,
        0.677966,
        0.208333,
        0.42623,
        0.716667,
        0.967213,
        0.803279,
        0.238806,
        0.425926,
        0.22,
        0.116279,
        0.407407,
        0.1,
        0.355932,
        0.372881,
        0.396226,
        0.16,
        0.132075,
        0.114286,
        0.16129,
        0.055556,
        0.128205,
        0.24,
        0.350877,
        0.471698,
        0.358491,
        0.440678,
        0.253333,
        0.240741,
        0.438596,
        0.446429,
        0.155556,
        0.442308,
        0.344262,
        0.365385,
        0.763636,
        0.385965,
        0.808511,
        0.280702,
        0.826923,
        0.881356,
        0.694915,
        0.95082,
        0.581818,
        0.816901,
        0.383838,
        0.59375,
        0.587302,
        0.710843,
        0.690909,
        0.685185,
        0.711538,
        0.204545,
        0.762712,
        0.741379,
        0.716418,
        0.951613,
        0.42029,
        0.723077,
        0.655738,
        0.734375,
        0.803571,
        0.754386,
        0.431034,
        0.637931,
        0.245902,
        0.740741,
        0.745763,
        0.09375,
        0.305085,
        0.783333,
        0.175676,
        0.225,
        0.824561,
        0.654545
    ],
    "embedding": [
        -0.14194642007350922,
        -0.03599664196372032,
        0.07945099472999573,
        0.028079019859433174,
        -0.0009271518792957067,
        0.09851331263780594,
        0.008092168718576431,
        0.1457691192626953,
        0.16925355792045593,
        0.20099249482154846,
        -0.11320528388023376,
        -0.03392021358013153,
        0.059050291776657104,
        -0.10494359582662582,
        0.10682447999715805,
        -0.08662941306829453,
        0.09856680780649185,
        0.07316020131111145,
        0.12661045789718628,
        -0.002746383659541607,
        0.1345784068107605,
        -0.1636926233768463,
        0.11464548110961914,
        0.09016796946525574,
        -0.1329154223203659,
        -0.11133959889411926,
        -0.12879373133182526,
        -0.090237095952034,
        0.10027649253606796,
        -0.21067193150520325,
        -0.05282139033079147,
        -0.09201604872941971,
        0.0870198905467987,
        -0.13746140897274017,
        0.08318711072206497,
        0.10245727002620697,
        0.04513248801231384,
        -0.07596156746149063,
        -0.10306326299905777,
        -0.07182449102401733,
        -0.11958666145801544,
        0.11911693215370178,
        -0.11490307748317719,
        0.083524689078331,
        -0.09209755808115005,
        0.08165131509304047,
        -0.10433228313922882,
        0.03967976197600365,
        0.022088870406150818,
        0.04533674567937851,
        0.019008195027709007,
        -0.0770755335688591,
        0.13449643552303314,
        -0.1052340418100357,
        0.04093603044748306,
        -0.13635729253292084,
        0.04243382066488266,
        0.11475144326686859,
        -0.1413540542125702,
        -0.13227638602256775,
        0.14368736743927002,
        0.11008003354072571,
        -0.10288970172405243,
        0.05661030486226082,
        -0.12840475142002106,
        -0.13022619485855103,
        0.18975989520549774,
        0.1403496414422989,
        -0.04429040104150772,
        -0.061240967363119125,
        0.10818126052618027,
        0.11075443774461746,
        -0.12008392810821533,
        0.10171718895435333,
        -0.015409146435558796,
        0.04836978018283844,
        0.14061187207698822,
        -0.07096275687217712,
        0.13636396825313568,
        0.022022666409611702,
        0.06195657327771187,
        0.08315900713205338,
        -0.05390319228172302,
        0.057990726083517075,
        -0.07314267009496689,
        0.06976547837257385,
        0.06252341717481613,
        -0.1648908257484436,
        0.137565478682518,
        0.1024448499083519,
        -0.09947125613689423,
        0.037764038890600204,
        0.12034732848405838,
        0.10279636830091476,
        0.008760238997638226,
        0.011331945657730103,
        0.08655554056167603,
        -0.006590609438717365,
        -0.08422352373600006,
        -0.171052023768425,
        0.005795991513878107,
        0.04981576278805733,
        0.08892051875591278,
        -0.045348793268203735,
        -0.12802642583847046,
        -0.025385679677128792,
        -0.09239594638347626,
        0.07194259017705917,
        0.0774373784661293,
        -0.06327389180660248,
        -0.12155609577894211,
        0.09852812439203262,
        -0.019152840599417686,
        -0.06687160581350327,
        -0.1265401393175125,
        -0.049629125744104385,
        -0.0354798398911953,
        -6.873396341688931e-05,
        -0.061446502804756165,
        -0.052822403609752655,
        0.12205519527196884,
        0.12248741090297699,
        0.04042327031493187,
        -0.0870729461312294,
        0.030633006244897842,
        0.09348758310079575,
        0.16338053345680237,
        0.09271407872438431,
        -0.026687225326895714,
        -0.1207817941904068,
        0.004372838884592056,
        -0.08382058143615723,
        0.0038648860063403845,
        -0.07846438884735107,
        -0.10171091556549072,
        -0.051056597381830215,
        0.06678158044815063,
        0.06838225573301315,
        -0.16691109538078308,
        0.03510766476392746,
        0.015551569871604443,
        -0.12513205409049988,
        0.10029999911785126,
        -0.061748210340738297,
        -0.0886085107922554,
        0.06837663799524307,
        -0.10580511391162872,
        0.11854451149702072,
        0.16435939073562622,
        0.00047577961231581867,
        0.0878845825791359,
        -0.09098515659570694,
        -0.22414857149124146,
        0.11623390018939972,
        -0.1027095839381218,
        -0.02748897671699524,
        -0.047050368040800095,
        0.02335571125149727,
        0.07547077536582947,
        -0.13849440217018127,
        -0.11212581396102905,
        0.11156995594501495,
        -0.06650333851575851,
        -0.05784233659505844,
        0.010678965598344803,
        -0.05524858087301254,
        -0.09198053926229477,
        0.11731553822755814,
        0.07470467686653137,
        0.0320536307990551,
        0.05199470743536949,
        0.01858077570796013,
        -0.22374635934829712,
        0.07222280651330948,
        -0.0771830752491951,
        0.0884082093834877,
        -0.13181012868881226,
        -0.08557258546352386,
        0.0040553114376962185,
        0.1351224184036255,
        0.03668847680091858,
        -0.02442815899848938,
        -0.017177408561110497,
        -0.1118890568614006,
        -0.07829654216766357,
        -0.02307935431599617,
        -0.13146492838859558,
        -0.10018956661224365,
        -0.04033205658197403,
        0.003889362793415785,
        0.041067883372306824,
        0.018571265041828156,
        -0.09257122129201889,
        -0.0447273850440979,
        -0.06281689554452896,
        -0.06819072365760803,
        -0.10632269084453583,
        0.08109923452138901,
        0.1603376567363739,
        0.11577744781970978,
        0.12363597005605698,
        -0.0942554771900177,
        -0.0004306371556594968,
        0.08069850504398346,
        -0.0696258395910263,
        0.09567557275295258,
        0.10495318472385406,
        -0.054952796548604965,
        0.04910285770893097,
        -0.0614515021443367,
        0.07830814272165298,
        0.045522041618824005,
        0.0841842070221901,
        0.07943782210350037,
        -0.13990063965320587,
        0.08743805438280106,
        -0.12470623105764389,
        0.19719047844409943,
        0.08083587139844894,
        -0.07979509979486465,
        0.13904769718647003,
        -0.06346190720796585,
        0.12539561092853546,
        0.031600382179021835,
        0.1419629007577896,
        0.07350073009729385,
        -0.11285777390003204,
        -0.13279861211776733,
        0.08254926651716232,
        0.06346868723630905,
        0.055421266704797745,
        0.030842676758766174,
        -0.0647619292140007,
        -0.020959708839654922,
        0.04618833214044571,
        0.056929148733615875,
        -0.011708526872098446,
        0.004493624437600374,
        0.09416169673204422,
        0.010033142752945423,
        0.06506644189357758,
        -0.1177063137292862,
        -0.0038387360982596874,
        -0.1429646611213684,
        -0.0902286097407341,
        0.15722718834877014,
        0.09088782966136932,
        0.0777641013264656,
        -0.05812114477157593,
        0.0684707909822464,
        0.11907283961772919,
        -0.20404496788978577,
        -0.0676034539937973,
        0.027660120278596878,
        -0.015162818133831024,
        0.08906500786542892,
        0.0636301040649414,
        0.06640633195638657,
        0.09852413088083267,
        0.08387555181980133,
        0.028038859367370605,
        0.0667709931731224,
        -0.05994432419538498,
        0.0356074683368206,
        -0.1147422343492508,
        -0.08208786696195602,
        0.007325643673539162,
        -0.11566969752311707,
        -0.09754689037799835,
        0.07149019837379456,
        -0.10793609172105789,
        -0.08594077080488205,
        0.06372714042663574,
        0.08622727543115616,
        -0.20693515241146088,
        -0.010656872764229774,
        -0.10169824212789536,
        0.064935602247715,
        -0.09147773683071136,
        -0.09326885640621185,
        0.07422191649675369,
        0.040253136307001114,
        0.07302045077085495,
        0.14098100364208221,
        0.029764216393232346,
        0.18633218109607697,
        0.16898062825202942,
        0.10932345688343048,
        -0.021256905049085617,
        -0.05170079320669174,
        0.09873709082603455,
        0.10578425973653793,
        0.021074416115880013,
        -0.12479976564645767,
        -0.1048547700047493,
        -0.035482171922922134,
        0.07784121483564377,
        0.11985290795564651,
        -0.13027743995189667,
        -0.10363398492336273
    ],
    "embedding_scaling_factor": 0.06998085975646973,
    "samples": [
        1.0,
        1.0,
        0.977778,
        1.0,
        0.736842,
        1.0,
        0.454545,
        0.636364,
        0.666667,
        0.370968,
        0.8,
        1.0,
        1.0,
        1.0,
        0.363636,
        0.448276,
        0.464286,
        0.363636,
        0.95,
        1.0,
        1.0,
        1.0,
        0.857143,
        1.0,
        1.0,
        1.0,
        0.967742,
        0.516129,
        0.942857,
        0.925926,
        0.387097,
        0.456522,
        0.634146,
        0.947368,
        1.0,
        1.0,
        0.714286,
        1.0,
        1.0,
        0.586957,
        1.0,
        0.674419,
        1.0,
        0.860465,
        0.55814,
        0.605263,
        1.0,
        1.0,
        1.0,
        0.634146,
        1.0,
        1.0,
        0.4,
        0.488372,
        0.27907,
        1.0,
        1.0,
        0.583333,
        1.0,
        1.0,
        0.615385,
        1.0,
        0.538462,
        0.428571,
        1.0,
        0.428571,
        1.0,
        1.0,
        0.428571,
        0.452381,
        0.98,
        1.0,
        0.934783,
        0.6,
        1.0,
        1.0,
        1.0,
        1.0,
        1.0,
        1.0,
        1.0,
        0.8125,
        0.9375,
        1.0,
        0.514286,
        1.0,
        0.30303,
        0.952381,
        0.688889,
        0.516129,
        1.0,
        1.0,
        0.952381,
        1.0,
        0.511628,
        1.0,
        1.0,
        0.621622,
        1.0,
        1.0
    ],
    "category_values_ratio": {
        "1.0": 19863,
        "0.666667": 301,
        "0.564103": 200,
        "0.333333": 197,
        "0.6": 193,
        "0.980392": 189,
        "0.384615": 186,
        "0.5": 152,
        "0.714286": 135,
        "0.375": 122,
        "0.307692": 103,
        "0.428571": 102,
        "0.75": 101,
        "0.363636": 91,
        "0.516129": 86,
        "0.909091": 84,
        "0.590164": 83,
        "0.7": 83,
        "0.324324": 81,
        "0.9375": 80,
        "0.95": 79,
        "0.514286": 79,
        "0.315789": 75,
        "0.959184": 75,
        "0.952381": 73,
        "0.292683": 70,
        "0.3": 70,
        "0.541667": 70,
        "0.860465": 69,
        "0.272727": 69,
        "0.74359": 69,
        "0.586957": 67,
        "0.285714": 66,
        "0.634146": 64,
        "0.619048": 62,
        "0.717949": 61,
        "0.969697": 61,
        "0.975": 60,
        "0.956522": 60,
        "0.974359": 59,
        "0.980769": 59,
        "0.45": 59,
        "0.8125": 58,
        "0.571429": 56,
        "0.625": 56,
        "0.9": 56,
        "0.631579": 55,
        "0.342857": 54,
        "0.521127": 54,
        "0.978261": 53,
        "0.675": 53,
        "0.387097": 53,
        "0.486486": 52,
        "0.888889": 52,
        "0.767442": 52,
        "0.971429": 52,
        "0.8": 51,
        "0.4": 51,
        "0.352941": 51,
        "0.954545": 51,
        "0.945946": 51,
        "0.65": 51,
        "0.25": 51,
        "0.485714": 51,
        "0.902439": 50,
        "0.98": 50,
        "0.842105": 50,
        "0.953488": 49,
        "0.466667": 49,
        "0.545455": 49,
        "0.444444": 49,
        "0.942857": 48,
        "0.897436": 48,
        "0.904762": 48,
        "0.658537": 47,
        "0.911111": 46,
        "0.977778": 46,
        "0.642857": 46,
        "0.5625": 46,
        "0.947368": 45,
        "0.833333": 45,
        "0.73913": 44,
        "0.555556": 44,
        "0.906977": 44,
        "0.871795": 43,
        "0.95122": 43,
        "0.684211": 42,
        "0.818182": 41,
        "0.439024": 41,
        "0.957447": 41,
        "0.97619": 40,
        "0.926829": 39,
        "0.725": 39,
        "0.608696": 39,
        "0.488372": 39,
        "0.565217": 39,
        "0.609756": 39,
        "0.538462": 39,
        "0.416667": 38,
        "0.695652": 38,
        "0.891892": 38,
        "0.657895": 37,
        "0.48": 37,
        "0.96875": 37,
        "0.682927": 37,
        "0.583333": 37,
        "0.955556": 37,
        "0.414634": 36,
        "0.851064": 36,
        "0.692308": 36,
        "0.791667": 36,
        "0.652174": 36,
        "0.944444": 36,
        "0.525": 35,
        "0.425": 35,
        "0.941176": 35,
        "0.979167": 35,
        "0.477273": 34,
        "0.543478": 34,
        "0.4375": 34,
        "0.630435": 34,
        "0.521739": 34,
        "0.977273": 34,
        "0.976744": 33,
        "0.87234": 33,
        "0.981132": 33,
        "0.918919": 33,
        "0.263158": 33,
        "0.636364": 33,
        "0.708333": 33,
        "0.764706": 32,
        "0.589744": 32,
        "0.595238": 32,
        "0.454545": 32,
        "0.972973": 32,
        "0.591837": 32,
        "0.404762": 32,
        "0.255319": 32,
        "0.530612": 31,
        "0.777778": 31,
        "0.690476": 31,
        "0.365854": 31,
        "0.472222": 30,
        "0.622222": 30,
        "0.935484": 30,
        "0.585366": 30,
        "0.978723": 30,
        "0.675676": 30,
        "0.97561": 30,
        "0.590909": 29,
        "0.382979": 29,
        "0.958333": 29,
        "0.918367": 29,
        "0.771429": 29,
        "0.574468": 28,
        "0.603774": 28,
        "0.391304": 28,
        "0.54": 28,
        "0.340909": 28,
        "0.347826": 28,
        "0.913043": 27,
        "0.435897": 27,
        "0.34375": 27,
        "0.357143": 27,
        "0.875": 27,
        "0.92": 27,
        "0.659091": 26,
        "0.222222": 26,
        "0.526316": 26,
        "0.627907": 26,
        "0.651163": 26,
        "0.561404": 26,
        "0.727273": 25,
        "0.577778": 25,
        "0.731707": 25,
        "0.534884": 25,
        "0.56": 25,
        "0.456522": 25,
        "0.705882": 24,
        "0.410256": 24,
        "0.681818": 24,
        "0.447368": 24,
        "0.314286": 24,
        "0.916667": 24,
        "0.522727": 24,
        "0.938776": 24,
        "0.461538": 24,
        "0.604651": 24,
        "0.604167": 24,
        "0.386364": 24,
        "0.553191": 24,
        "0.948718": 24,
        "0.979592": 24,
        "0.533333": 24,
        "0.621622": 23,
        "0.459459": 23,
        "0.55814": 23,
        "0.702703": 23,
        "0.418605": 23,
        "0.510638": 23,
        "0.52": 23,
        "0.615385": 22,
        "0.710526": 22,
        "0.348837": 22,
        "0.319149": 22,
        "0.820513": 22,
        "0.685714": 22,
        "0.738095": 22,
        "0.595745": 22,
        "0.568182": 22,
        "0.529412": 22,
        "0.270833": 22,
        "0.644444": 22,
        "0.377778": 22,
        "0.369565": 22,
        "0.470588": 22,
        "0.973684": 22,
        "0.911765": 22,
        "0.72973": 21,
        "0.885714": 21,
        "0.511628": 21,
        "0.923077": 21,
        "0.617021": 21,
        "0.68": 21,
        "0.434783": 21,
        "0.512195": 21,
        "0.763158": 21,
        "0.931818": 21,
        "0.520833": 21,
        "0.511111": 21,
        "0.674419": 20,
        "0.673913": 20,
        "0.928571": 20,
        "0.395349": 20,
        "0.704545": 20,
        "0.36": 20,
        "0.613636": 20,
        "0.775": 20,
        "0.707317": 20,
        "0.894737": 20,
        "0.323529": 20,
        "0.641026": 20,
        "0.575": 20,
        "0.678571": 20,
        "0.408602": 20,
        "0.785714": 19,
        "0.55102": 19,
        "0.473684": 19,
        "0.755556": 19,
        "0.967742": 19,
        "0.367347": 19,
        "0.925926": 19,
        "0.594595": 19,
        "0.560976": 18,
        "0.185185": 18,
        "0.953125": 18,
        "0.882353": 18,
        "0.368421": 18,
        "0.580645": 18,
        "0.62": 18,
        "0.846154": 18,
        "0.58": 18,
        "0.857143": 18,
        "0.588235": 18,
        "0.77551": 18,
        "0.548387": 18,
        "0.592593": 18,
        "0.659574": 17,
        "0.697674": 17,
        "0.948276": 17,
        "0.606061": 17,
        "0.645833": 17,
        "0.037037": 17,
        "0.809524": 17,
        "0.26087": 17,
        "0.647059": 17,
        "0.547619": 17,
        "0.648649": 17,
        "0.638298": 16,
        "0.372093": 16,
        "0.409091": 16,
        "0.736842": 16,
        "0.641509": 16,
        "0.886792": 16,
        "0.413793": 16,
        "0.53125": 16,
        "0.47619": 16,
        "0.680851": 16,
        "0.404255": 16,
        "0.54902": 16,
        "0.96": 15,
        "0.478261": 15,
        "0.489362": 15,
        "0.553571": 15,
        "0.837209": 15,
        "0.972222": 15,
        "0.452381": 15,
        "0.761905": 15,
        "0.327273": 15,
        "0.868421": 15,
        "0.465116": 15,
        "0.930233": 15,
        "0.266667": 15,
        "0.769231": 15,
        "0.756757": 15,
        "0.961538": 14,
        "0.44898": 14,
        "0.774194": 14,
        "0.64": 14,
        "0.815789": 14,
        "0.934783": 14,
        "0.921053": 14,
        "0.527778": 14,
        "0.431818": 14,
        "0.567568": 14,
        "0.578947": 14,
        "0.244898": 14,
        "0.605263": 13,
        "0.722222": 13,
        "0.44186": 13,
        "0.870968": 13,
        "0.27907": 13,
        "0.925": 13,
        "0.694444": 13,
        "0.72": 13,
        "0.35": 13,
        "0.395833": 13,
        "0.509804": 13,
        "0.733333": 13,
        "0.45614": 13,
        "0.688889": 13,
        "0.388889": 13,
        "0.52381": 13,
        "0.829268": 12,
        "0.463415": 12,
        "0.236842": 12,
        "0.914894": 12,
        "0.55": 12,
        "0.302326": 12,
        "0.405405": 12,
        "0.939394": 12,
        "0.878049": 12,
        "0.982759": 12,
        "0.612245": 12,
        "0.804878": 12,
        "0.90625": 12,
        "0.828571": 12,
        "0.596491": 11,
        "0.382353": 11,
        "0.566038": 11,
        "0.488889": 11,
        "0.783784": 11,
        "0.531915": 11,
        "0.537037": 11,
        "0.446809": 11,
        "0.703704": 11,
        "0.355556": 11,
        "0.789474": 11,
        "0.411765": 11,
        "0.72549": 11,
        "0.901961": 11,
        "0.756098": 10,
        "0.723404": 10,
        "0.90566": 10,
        "0.93617": 10,
        "0.371429": 10,
        "0.421053": 10,
        "0.793103": 10,
        "0.632653": 10,
        "0.482759": 10,
        "0.794872": 10,
        "0.72093": 10,
        "0.432432": 10,
        "0.85": 10,
        "0.392157": 10,
        "0.575758": 10,
        "0.341463": 10,
        "0.6875": 10,
        "0.823529": 10,
        "0.378378": 10,
        "0.358974": 10,
        "0.840909": 9,
        "0.924528": 9,
        "0.965517": 9,
        "0.3125": 9,
        "0.268293": 9,
        "0.394737": 9,
        "0.837838": 9,
        "0.309524": 9,
        "0.782609": 9,
        "0.380952": 9,
        "0.581395": 9,
        "0.540541": 9,
        "0.843379": 9,
        "0.513514": 9,
        "0.673469": 9,
        "0.970149": 9,
        "0.568627": 9,
        "0.402985": 9,
        "0.940299": 9,
        "0.864865": 9,
        "0.711111": 9,
        "0.542857": 9,
        "0.318182": 9,
        "0.157895": 8,
        "0.489796": 8,
        "0.515152": 8,
        "0.351351": 8,
        "0.867925": 8,
        "0.76": 8,
        "0.413043": 8,
        "0.475": 8,
        "0.282051": 8,
        "0.886364": 8,
        "0.558824": 8,
        "0.346939": 8,
        "0.422222": 8,
        "0.15": 8,
        "0.964286": 8,
        "0.34": 8,
        "0.372549": 8,
        "0.866667": 8,
        "0.46": 8,
        "0.960784": 8,
        "0.294118": 8,
        "0.611111": 8,
        "0.949153": 8,
        "0.326923": 8,
        "0.607843": 8,
        "0.933333": 8,
        "0.38": 8,
        "0.313725": 8,
        "0.914286": 8,
        "0.825": 8,
        "0.510204": 8,
        "0.361702": 8,
        "0.490566": 8,
        "0.617647": 8,
        "0.76087": 7,
        "0.296296": 7,
        "0.863636": 7,
        "0.325": 7,
        "0.772727": 7,
        "0.844444": 7,
        "0.717391": 7,
        "0.297297": 7,
        "0.42": 7,
        "0.853659": 7,
        "0.607143": 7,
        "0.729167": 7,
        "0.354839": 7,
        "0.32": 7,
        "0.304348": 7,
        "0.390244": 7,
        "0.487179": 7,
        "0.536585": 7,
        "0.451613": 7,
        "0.41791": 7,
        "0.891304": 7,
        "0.805556": 7,
        "0.676471": 7,
        "0.822222": 7,
        "0.448276": 7,
        "0.702128": 7,
        "0.560606": 7,
        "0.693878": 7,
        "0.970588": 7,
        "0.458333": 7,
        "0.45098": 6,
        "0.393939": 6,
        "0.370968": 6,
        "0.943396": 6,
        "0.83871": 6,
        "0.130435": 6,
        "0.133333": 6,
        "0.195652": 6,
        "0.784314": 6,
        "0.861111": 6,
        "0.244444": 6,
        "0.440367": 6,
        "0.289474": 6,
        "0.457143": 6,
        "0.387755": 6,
        "0.518519": 6,
        "0.552632": 6,
        "0.851852": 6,
        "0.205128": 6,
        "0.576923": 6,
        "0.962264": 6,
        "0.232558": 6,
        "0.813953": 6,
        "0.622642": 6,
        "0.354167": 6,
        "0.433962": 6,
        "0.396825": 6,
        "0.217391": 6,
        "0.962963": 6,
        "0.361111": 6,
        "0.289855": 6,
        "0.27451": 6,
        "0.408163": 6,
        "0.206897": 6,
        "0.981481": 6,
        "0.627451": 6,
        "0.490196": 6,
        "0.653846": 6,
        "0.479167": 6,
        "0.193548": 5,
        "0.921569": 5,
        "0.326531": 5,
        "0.877193": 5,
        "0.794118": 5,
        "0.480769": 5,
        "0.880952": 5,
        "0.275": 5,
        "0.146341": 5,
        "0.441176": 5,
        "0.418182": 5,
        "0.288889": 5,
        "0.219512": 5,
        "0.508772": 5,
        "0.790698": 5,
        "0.483871": 5,
        "0.305556": 5,
        "0.709677": 5,
        "0.742857": 5,
        "0.787879": 5,
        "0.403846": 5,
        "0.277778": 5,
        "0.804348": 5,
        "0.425532": 5,
        "0.765957": 5,
        "0.345455": 5,
        "0.165138": 5,
        "0.829787": 5,
        "0.342105": 5,
        "0.487805": 5,
        "0.780488": 5,
        "0.282609": 5,
        "0.325581": 5,
        "0.895833": 5,
        "0.62069": 5,
        "0.280488": 5,
        "0.903846": 5,
        "0.869565": 5,
        "0.204082": 5,
        "0.243243": 5,
        "0.303571": 5,
        "0.516667": 5,
        "0.847826": 5,
        "0.744186": 5,
        "0.340426": 5,
        "0.826087": 5,
        "0.716981": 5,
        "0.33871": 5,
        "0.321429": 5,
        "0.492958": 5,
        "0.295455": 5,
        "0.433333": 5,
        "0.306122": 5,
        "0.22449": 5,
        "0.407407": 4,
        "0.481481": 4,
        "0.983333": 4,
        "0.275362": 4,
        "0.301887": 4,
        "0.484848": 4,
        "0.653061": 4,
        "0.528302": 4,
        "0.964912": 4,
        "0.415094": 4,
        "0.509434": 4,
        "0.963636": 4,
        "0.519231": 4,
        "0.232143": 4,
        "0.468085": 4,
        "0.392857": 4,
        "0.295775": 4,
        "0.381818": 4,
        "0.563636": 4,
        "0.703125": 4,
        "0.346154": 4,
        "0.234043": 4,
        "0.754717": 4,
        "0.491228": 4,
        "0.795918": 4,
        "0.677419": 4,
        "0.612903": 4,
        "0.377358": 4,
        "0.735294": 4,
        "0.517241": 4,
        "0.54386": 4,
        "0.795455": 4,
        "0.679245": 4,
        "0.310345": 4,
        "0.603448": 4,
        "0.803922": 4,
        "0.551724": 4,
        "0.807692": 4,
        "0.242424": 4,
        "0.82": 4,
        "0.2": 4,
        "0.532258": 4,
        "0.423077": 4,
        "0.326087": 4,
        "0.290323": 4,
        "0.317073": 4,
        "0.859649": 4,
        "0.634615": 4,
        "0.596154": 4,
        "0.94": 4,
        "0.478873": 4,
        "0.806452": 4,
        "0.178571": 4,
        "0.848485": 4,
        "0.757576": 4,
        "0.142857": 4,
        "0.883721": 4,
        "0.86": 4,
        "0.196721": 4,
        "0.787234": 4,
        "0.657143": 4,
        "0.986667": 3,
        "0.459016": 3,
        "0.745455": 3,
        "0.339623": 3,
        "0.490909": 3,
        "0.672414": 3,
        "0.931034": 3,
        "0.686275": 3,
        "0.741935": 3,
        "0.69697": 3,
        "0.574074": 3,
        "0.23913": 3,
        "0.698113": 3,
        "0.235294": 3,
        "0.78125": 3,
        "0.724138": 3,
        "0.566667": 3,
        "0.322581": 3,
        "0.424242": 3,
        "0.689655": 3,
        "0.462963": 3,
        "0.261905": 3,
        "0.360656": 3,
        "0.214286": 3,
        "0.495413": 3,
        "0.362069": 3,
        "0.44": 3,
        "0.655172": 3,
        "0.711864": 3,
        "0.166667": 3,
        "0.645161": 3,
        "0.472727": 3,
        "0.810811": 3,
        "0.512821": 3,
        "0.945455": 3,
        "0.107143": 3,
        "0.781818": 3,
        "0.509091": 3,
        "0.178295": 3,
        "0.770833": 3,
        "0.450704": 3,
        "0.226415": 3,
        "0.224138": 3,
        "0.482143": 3,
        "0.1875": 3,
        "0.982456": 3,
        "0.66": 3,
        "0.276596": 3,
        "0.808511": 3,
        "0.843137": 3,
        "0.265306": 3,
        "0.792453": 3,
        "0.292308": 3,
        "0.730769": 3,
        "0.696429": 3,
        "0.476923": 3,
        "0.788462": 3,
        "0.288462": 3,
        "0.74": 3,
        "0.419355": 3,
        "0.893617": 3,
        "0.469388": 3,
        "0.981818": 3,
        "0.589286": 3,
        "0.618182": 3,
        "0.30303": 3,
        "0.683333": 3,
        "0.436364": 3,
        "0.628571": 3,
        "0.896552": 2,
        "0.474747": 2,
        "0.173913": 2,
        "0.897959": 2,
        "0.183099": 2,
        "0.535714": 2,
        "0.973333": 2,
        "0.191919": 2,
        "0.202899": 2,
        "0.110092": 2,
        "0.484375": 2,
        "0.709091": 2,
        "0.431373": 2,
        "0.121951": 2,
        "0.45283": 2,
        "0.506849": 2,
        "0.243902": 2,
        "0.465517": 2,
        "0.507692": 2,
        "0.633333": 2,
        "0.638889": 2,
        "0.464286": 2,
        "0.660377": 2,
        "0.755102": 2,
        "0.297872": 2,
        "0.660714": 2,
        "0.661017": 2,
        "0.903226": 2,
        "0.27027": 2,
        "0.966102": 2,
        "0.186047": 2,
        "0.622951": 2,
        "0.255556": 2,
        "0.706897": 2,
        "0.225806": 2,
        "0.366197": 2,
        "0.338028": 2,
        "0.877551": 2,
        "0.927273": 2,
        "0.814815": 2,
        "0.366667": 2,
        "0.648148": 2,
        "0.262295": 2,
        "0.0": 2,
        "0.464646": 2,
        "0.586207": 2,
        "0.78": 2,
        "0.394366": 2,
        "0.852941": 2,
        "0.295082": 2,
        "0.84375": 2,
        "0.438596": 2,
        "0.12766": 2,
        "0.639344": 2,
        "0.693548": 2,
        "0.205882": 2,
        "0.983051": 2,
        "0.483333": 2,
        "0.811321": 2,
        "0.153846": 2,
        "0.513889": 2,
        "0.412698": 2,
        "0.396552": 2,
        "0.117647": 2,
        "0.343284": 2,
        "0.744681": 2,
        "0.492063": 2,
        "0.983607": 2,
        "0.614679": 2,
        "0.111111": 2,
        "0.095238": 2,
        "0.584906": 2,
        "0.766667": 2,
        "0.745098": 2,
        "0.878788": 2,
        "0.227273": 2,
        "0.471698": 2,
        "0.403509": 2,
        "0.716667": 2,
        "0.734694": 2,
        "0.62963": 2,
        "0.967213": 2,
        "0.220339": 2,
        "0.816327": 2,
        "0.634921": 2,
        "0.540984": 2,
        "0.162162": 2,
        "0.614035": 2,
        "0.275862": 2,
        "0.796296": 2,
        "0.732143": 2,
        "0.410714": 2,
        "0.763636": 2,
        "0.740741": 2,
        "0.355932": 2,
        "0.396226": 2,
        "0.54717": 2,
        "0.240741": 2,
        "0.207547": 2,
        "0.95082": 2,
        "0.581818": 2,
        "0.372881": 2,
        "0.746032": 1,
        "0.957746": 1,
        "0.242105": 1,
        "0.563218": 1,
        "0.567164": 1,
        "0.54321": 1,
        "0.256881": 1,
        "0.626866": 1,
        "0.698413": 1,
        "0.686567": 1,
        "0.389831": 1,
        "0.770492": 1,
        "0.892857": 1,
        "0.258621": 1,
        "0.25641": 1,
        "0.969231": 1,
        "0.649123": 1,
        "0.338983": 1,
        "0.402778": 1,
        "0.027397": 1,
        "0.830189": 1,
        "0.37931": 1,
        "0.173077": 1,
        "0.621212": 1,
        "0.26": 1,
        "0.365079": 1,
        "0.691176": 1,
        "0.985294": 1,
        "0.584615": 1,
        "0.457627": 1,
        "0.673077": 1,
        "0.836735": 1,
        "0.196078": 1,
        "0.701754": 1,
        "0.549296": 1,
        "0.507937": 1,
        "0.715596": 1,
        "0.672727": 1,
        "0.245283": 1,
        "0.672131": 1,
        "0.423729": 1,
        "0.901639": 1,
        "0.52459": 1,
        "0.291667": 1,
        "0.101695": 1,
        "0.57377": 1,
        "0.884615": 1,
        "0.351852": 1,
        "0.966667": 1,
        "0.84": 1,
        "0.936508": 1,
        "0.45679": 1,
        "0.40678": 1,
        "0.602564": 1,
        "0.865385": 1,
        "0.759259": 1,
        "0.491525": 1,
        "0.137931": 1,
        "0.719298": 1,
        "0.121212": 1,
        "0.942308": 1,
        "0.629032": 1,
        "0.421875": 1,
        "0.37037": 1,
        "0.264151": 1,
        "0.627119": 1,
        "0.439394": 1,
        "0.383333": 1,
        "0.254545": 1,
        "0.650794": 1,
        "0.542373": 1,
        "0.854167": 1,
        "0.253521": 1,
        "0.527273": 1,
        "0.40625": 1,
        "0.492537": 1,
        "0.569767": 1,
        "0.46875": 1,
        "0.568966": 1,
        "0.508197": 1,
        "0.254902": 1,
        "0.16129": 1,
        "0.22807": 1,
        "0.365385": 1,
        "0.238095": 1,
        "0.09375": 1,
        "0.305085": 1,
        "0.783333": 1,
        "0.507042": 1,
        "0.311111": 1,
        "0.175676": 1,
        "0.225": 1,
        "0.824561": 1,
        "0.391892": 1,
        "0.195122": 1,
        "0.734375": 1,
        "0.132075": 1,
        "0.16": 1,
        "0.690909": 1,
        "0.442308": 1,
        "0.344262": 1,
        "0.745763": 1,
        "0.655738": 1,
        "0.508475": 1,
        "0.238806": 1,
        "0.1": 1,
        "0.208333": 1,
        "0.42623": 1,
        "0.637931": 1,
        "0.803571": 1,
        "0.839286": 1,
        "0.803279": 1,
        "0.431034": 1,
        "0.032258": 1,
        "0.425926": 1,
        "0.245902": 1,
        "0.754386": 1,
        "0.22": 1,
        "0.116279": 1,
        "0.677966": 1,
        "0.383838": 1,
        "0.204545": 1,
        "0.711538": 1,
        "0.237113": 1,
        "0.685185": 1,
        "0.350877": 1,
        "0.228571": 1,
        "0.358491": 1,
        "0.951613": 1,
        "0.440678": 1,
        "0.253333": 1,
        "0.716418": 1,
        "0.15625": 1,
        "0.155556": 1,
        "0.907407": 1,
        "0.115385": 1,
        "0.735849": 1,
        "0.890909": 1,
        "0.773585": 1,
        "0.525424": 1,
        "0.557692": 1,
        "0.318841": 1,
        "0.24": 1,
        "0.128205": 1,
        "0.42029": 1,
        "0.694915": 1,
        "0.385965": 1,
        "0.280702": 1,
        "0.816901": 1,
        "0.710843": 1,
        "0.587302": 1,
        "0.826923": 1,
        "0.881356": 1,
        "0.836066": 1,
        "0.055556": 1,
        "0.59375": 1,
        "0.762712": 1,
        "0.233333": 1,
        "0.446429": 1,
        "0.741379": 1,
        "0.114286": 1,
        "0.723077": 1,
        "0.654545": 1
    },
    "nrows": 34465
}