{
    "column_id": "oml_dataset_33_rnc/oml_dataset_33_rnc.csvoml_dataset_33_rnc.csv/c_89",
    "dataset_name": "oml_dataset_33_rnc.csv",
    "dataset_id": "oml_dataset_33_rnc/oml_dataset_33_rnc.csv",
    "path": "/home/ubuntu/CatDB/Experiments/data/oml_dataset_33_rnc/oml_dataset_33_rnc.csv",
    "table_name": "oml_dataset_33_rnc.csv",
    "table_id": "oml_dataset_33_rnc/oml_dataset_33_rnc.csvoml_dataset_33_rnc.csv",
    "column_name": "c_89",
    "data_source": "oml_dataset_33_rnc",
    "data_type": "float",
    "total_values_count": 34465,
    "distinct_values_count": 744,
    "missing_values_count": 0,
    "true_ratio": null,
    "min_value": 0.0,
    "max_value": 1.0,
    "mean": 0.662488988365008,
    "median": 0.662489,
    "iqr": 0.337511,
    "category_values": [
        0.662489,
        0.0,
        1.0,
        0.166667,
        1e-06,
        0.000252,
        2e-06,
        0.000185,
        0.058824,
        0.019608,
        0.047619,
        0.05,
        0.5,
        0.005236,
        4e-06,
        0.00043,
        3e-06,
        0.000127,
        5e-06,
        0.00061,
        0.00084,
        1.1e-05,
        8e-06,
        0.000273,
        0.000334,
        4.4e-05,
        0.001481,
        3.1e-05,
        0.25,
        0.000237,
        8.9e-05,
        0.000143,
        0.000149,
        1.4e-05,
        1.6e-05,
        9e-06,
        2.2e-05,
        6e-06,
        7e-06,
        1e-05,
        1.2e-05,
        0.000335,
        1.3e-05,
        0.006757,
        8.4e-05,
        0.000296,
        0.000247,
        2.1e-05,
        0.014085,
        0.012658,
        0.016949,
        0.000632,
        0.000485,
        0.000274,
        0.006452,
        0.032258,
        0.02439,
        0.005,
        0.000131,
        0.090909,
        0.142857,
        0.00017,
        0.000263,
        0.000188,
        0.002985,
        0.000607,
        0.000646,
        0.111111,
        0.000999,
        0.017544,
        0.021739,
        0.004587,
        0.004149,
        0.017241,
        0.083333,
        0.021277,
        0.002183,
        0.02381,
        0.027778,
        0.025,
        0.00056,
        8.1e-05,
        0.000406,
        0.000548,
        0.000102,
        0.014493,
        0.000204,
        8.6e-05,
        0.00024,
        5.4e-05,
        0.00198,
        5e-05,
        3.2e-05,
        1.5e-05,
        0.000168,
        0.002375,
        0.001186,
        6.1e-05,
        8e-05,
        0.000112,
        0.000121,
        0.000197,
        7.7e-05,
        0.002024,
        0.000138,
        0.000312,
        0.000214,
        0.000248,
        0.000512,
        4.7e-05,
        0.001805,
        0.001106,
        0.000201,
        0.000363,
        0.000423,
        0.002558,
        0.000455,
        0.001105,
        0.000322,
        1.7e-05,
        2.9e-05,
        0.000114,
        0.000262,
        5.5e-05,
        1.8e-05,
        0.000441,
        1.9e-05,
        4.5e-05,
        0.000183,
        0.000383,
        0.000124,
        0.2,
        0.022222,
        0.020408,
        0.000123,
        0.000575,
        2.4e-05,
        2.6e-05,
        0.00067,
        9.6e-05,
        0.000107,
        0.00129,
        2.5e-05,
        0.008929,
        0.000553,
        3e-05,
        0.000547,
        3.3e-05,
        0.000638,
        0.001416,
        0.000794,
        0.000245,
        0.001309,
        0.000373,
        0.001802,
        0.000155,
        0.000943,
        0.002273,
        0.000225,
        4e-05,
        3.6e-05,
        0.000569,
        0.000301,
        0.002053,
        0.00202,
        0.015385,
        2.7e-05,
        0.000206,
        0.000158,
        0.001048,
        0.000769,
        0.000171,
        0.000407,
        0.00578,
        0.001527,
        0.001209,
        0.002222,
        0.00149,
        8.5e-05,
        0.00141,
        0.000199,
        0.000231,
        0.000238,
        0.000232,
        0.001422,
        0.001214,
        0.001425,
        0.001385,
        0.00813,
        0.009709,
        0.006849,
        0.001565,
        0.001488,
        0.001898,
        0.029412,
        0.000368,
        0.005882,
        0.0125,
        0.000535,
        0.000392,
        0.000379,
        0.000218,
        0.010989,
        0.00049,
        0.000513,
        0.000388,
        0.000175,
        0.000169,
        0.000367,
        0.000294,
        0.000703,
        3.7e-05,
        8.8e-05,
        0.000375,
        4.2e-05,
        3.4e-05,
        0.000101,
        3.8e-05,
        0.00026,
        2.8e-05,
        0.000277,
        0.00045,
        0.00101,
        0.000414,
        0.000159,
        0.000283,
        0.001007,
        0.000196,
        0.000115,
        0.000898,
        2e-05,
        0.000702,
        0.000133,
        2.3e-05,
        3.5e-05,
        0.000851,
        0.000116,
        0.000398,
        0.000222,
        0.000163,
        0.000241,
        0.000394,
        0.000172,
        0.000382,
        6.2e-05,
        6.5e-05,
        0.000504,
        6.6e-05,
        0.001389,
        6.3e-05,
        0.000164,
        0.000208,
        0.00036,
        0.000372,
        0.001678,
        4.3e-05,
        0.000151,
        0.033333,
        0.000152,
        0.000615,
        0.002681,
        0.000605,
        7.8e-05,
        0.001497,
        0.000662,
        0.000915,
        0.001136,
        0.043478,
        0.076923,
        0.0001,
        0.00062,
        0.00013,
        0.002049,
        0.00015,
        0.000122,
        0.000957,
        0.000518,
        0.008197,
        0.019231,
        0.04,
        0.000321,
        0.012987,
        0.007874,
        0.000302,
        0.000912,
        0.000449,
        0.015625,
        0.000106,
        0.003155,
        0.004098,
        0.003636,
        0.000577,
        5.3e-05,
        0.000223,
        0.002597,
        0.000193,
        5.6e-05,
        0.003333,
        0.000625,
        0.004386,
        0.001227,
        0.000202,
        0.000349,
        0.001464,
        0.000166,
        0.005076,
        9.1e-05,
        0.00033,
        8.3e-05,
        0.002703,
        0.000157,
        0.000587,
        0.000194,
        0.001196,
        0.001185,
        0.000533,
        0.012821,
        0.000768,
        0.003906,
        0.002353,
        0.000135,
        8.7e-05,
        0.008403,
        0.038462,
        0.020833,
        4.6e-05,
        0.000497,
        0.00625,
        0.000399,
        0.035714,
        0.000874,
        0.016393,
        0.001431,
        0.00266,
        0.000266,
        0.000179,
        0.001193,
        0.333333,
        9.3e-05,
        0.000722,
        0.006329,
        0.125,
        0.000309,
        0.025641,
        0.022727,
        0.004785,
        0.001664,
        0.03125,
        0.000724,
        0.000141,
        9e-05,
        0.000165,
        0.000428,
        5.1e-05,
        0.000258,
        0.01,
        0.000182,
        0.000161,
        0.000128,
        0.002336,
        0.00077,
        0.000289,
        7.9e-05,
        0.001667,
        5.2e-05,
        0.000331,
        0.000285,
        0.001748,
        0.000609,
        0.000224,
        0.000304,
        0.011111,
        0.007937,
        0.000683,
        9.4e-05,
        0.002494,
        3.9e-05,
        7.2e-05,
        0.00014,
        0.001256,
        0.000328,
        0.000113,
        0.066667,
        0.000229,
        0.000119,
        0.000126,
        0.000108,
        0.001325,
        0.000453,
        6.9e-05,
        0.000551,
        0.004831,
        0.003425,
        0.000239,
        0.001395,
        0.000585,
        0.000526,
        0.006667,
        0.006024,
        0.001006,
        0.001238,
        0.007092,
        0.005952,
        0.004367,
        0.000315,
        0.0025,
        0.004926,
        0.000219,
        7.4e-05,
        0.006536,
        0.00023,
        0.000357,
        0.00369,
        0.041667,
        0.018182,
        0.00495,
        0.000902,
        0.007042,
        0.000869,
        0.003145,
        0.000464,
        0.004975,
        0.02,
        0.001517,
        0.000341,
        0.000144,
        8.2e-05,
        0.000767,
        0.005181,
        0.001848,
        0.000371,
        0.004202,
        0.000203,
        0.000658,
        0.003086,
        0.001357,
        0.000319,
        5.9e-05,
        0.000178,
        0.000573,
        0.001144,
        0.000735,
        0.071429,
        0.000775,
        0.001704,
        0.037037,
        0.001484,
        0.028571,
        0.001073,
        0.006897,
        5.8e-05,
        0.011628,
        0.002786,
        0.001441,
        0.000582,
        0.000125,
        0.004651,
        0.000924,
        0.002439,
        0.000637,
        0.002933,
        0.001776,
        0.001563,
        5.7e-05,
        0.000776,
        0.011236,
        0.001224,
        0.001961,
        4.9e-05,
        0.003021,
        0.000295,
        0.000668,
        0.000692,
        0.001976,
        0.000216,
        0.000885,
        0.030303,
        0.006369,
        0.010204,
        0.005025,
        0.003984,
        0.005747,
        0.000191,
        0.000148,
        0.000534,
        0.005405,
        0.002849,
        0.000228,
        0.006944,
        0.000936,
        0.0008,
        0.000275,
        0.000173,
        0.000251,
        0.000588,
        0.00021,
        0.0625,
        0.000444,
        0.027027,
        0.013514,
        0.1,
        0.000212,
        0.000259,
        0.000195,
        0.001969,
        0.001248,
        0.010526,
        0.000726,
        0.009259,
        0.003802,
        0.000284,
        0.001114,
        0.026316,
        0.000477,
        0.000254,
        0.000946,
        0.0011,
        0.000242,
        0.000684,
        0.000359,
        0.002959,
        9.7e-05,
        0.009901,
        0.00173,
        0.002257,
        0.001153,
        0.000327,
        0.007463,
        0.004808,
        0.00092,
        0.003322,
        4.1e-05,
        0.003367,
        0.000856,
        0.000454,
        0.012346,
        7e-05,
        0.000213,
        0.000992,
        0.001835,
        0.001164,
        0.002653,
        0.00011,
        0.013699,
        0.001767,
        0.002179,
        0.003774,
        0.000969,
        0.002062,
        0.006211,
        0.002611,
        0.000653,
        0.001261,
        0.0003,
        0.000589,
        0.014706,
        0.000147,
        0.00088,
        0.00431,
        0.018868,
        0.000419,
        0.00156,
        0.000186,
        0.007576,
        0.000174,
        0.00137,
        0.004545,
        0.000255,
        0.000139,
        6.7e-05,
        6.4e-05,
        0.000288,
        0.001009,
        0.000482,
        0.002141,
        0.000215,
        0.000278,
        0.001307,
        0.000919,
        0.002625,
        0.003356,
        0.000598,
        0.00086,
        4.8e-05,
        0.000814,
        0.001567,
        0.002506,
        0.001355,
        0.000332,
        0.000493,
        0.001142,
        0.003663,
        0.000105,
        6e-05,
        0.003788,
        0.001134,
        0.000177,
        0.000495,
        0.000472,
        0.000913,
        0.002208,
        0.000389,
        0.000146,
        0.000235,
        0.001684,
        0.001538,
        0.000342,
        0.000136,
        0.001397,
        0.000701,
        0.001447,
        0.000471,
        0.000132,
        0.002725,
        0.00241,
        0.000456,
        0.000189,
        0.00057,
        0.000904,
        0.000996,
        0.001727,
        0.001825,
        0.00159,
        0.006098,
        0.000137,
        0.00029,
        0.000103,
        0.000488,
        0.001302,
        0.000911,
        0.000411,
        0.000849,
        0.000396,
        0.000905,
        0.000606,
        0.018519,
        0.000926,
        0.000509,
        0.001623,
        0.006803,
        0.000109,
        0.000153,
        0.000134,
        0.007194,
        0.004219,
        0.001675,
        0.001672,
        0.000772,
        0.000167,
        7.5e-05,
        0.000418,
        0.045455,
        0.000731,
        0.00064,
        0.001391,
        0.00018,
        0.000324,
        0.000227,
        0.000784,
        0.004065,
        0.000763,
        0.000424,
        0.002747,
        0.004405,
        0.005435,
        0.001029,
        7.1e-05,
        0.00044,
        0.003534,
        0.002188,
        0.001001,
        0.000462,
        0.001206,
        0.001414,
        0.002688,
        0.000436,
        0.000249,
        0.001706,
        0.000552,
        0.001124,
        0.001147,
        0.000746,
        0.000571,
        0.006711,
        0.001773,
        6.8e-05,
        0.000854,
        0.00016,
        0.000499,
        0.011905,
        0.013158,
        0.001189,
        0.000318,
        0.001938,
        0.000549,
        0.00019,
        0.000742,
        0.00027,
        0.000393,
        0.004184,
        0.000803,
        0.000786,
        0.000813,
        0.000612,
        0.000687,
        0.003236,
        0.000421,
        0.000354,
        0.001364,
        0.001433,
        0.013333,
        0.00093,
        0.000961,
        0.000425,
        0.004464,
        0.002203,
        0.003049,
        7.3e-05,
        0.000678,
        0.002584,
        0.002469,
        0.0016,
        9.5e-05,
        0.001427,
        0.000446,
        0.002874,
        0.003831,
        0.000198,
        0.000525,
        0.000635,
        0.004902,
        0.008772,
        0.000118,
        0.000226,
        0.000401,
        0.000723,
        0.000781,
        0.00035,
        0.002513,
        0.000434,
        0.000796,
        0.003135,
        0.000333,
        0.003077
    ],
    "embedding": [
        -0.10163245350122452,
        -0.09638311713933945,
        0.1340300291776657,
        0.013567646034061909,
        0.024190859869122505,
        0.11697497218847275,
        0.06312599778175354,
        0.20048671960830688,
        0.19848425686359406,
        0.16559173166751862,
        -0.15013128519058228,
        -0.011768815107643604,
        0.08867356181144714,
        -0.16971705853939056,
        0.07156306505203247,
        -0.13139335811138153,
        0.16075854003429413,
        0.13864021003246307,
        0.10050953179597855,
        -0.027013052254915237,
        0.09551335126161575,
        -0.1203002780675888,
        0.10082616657018661,
        0.14852668344974518,
        -0.09735027700662613,
        -0.14548447728157043,
        -0.11920692771673203,
        -0.1447560340166092,
        0.1303415447473526,
        -0.23722757399082184,
        -0.11563409119844437,
        -0.05208088457584381,
        0.05001458153128624,
        -0.15924590826034546,
        0.14928163588047028,
        0.12232262641191483,
        0.04722657799720764,
        -0.1078324243426323,
        -0.03595006838440895,
        -0.010880173183977604,
        -0.17720364034175873,
        0.08436509221792221,
        -0.09190519899129868,
        0.039000313729047775,
        -0.14320549368858337,
        0.1456659734249115,
        -0.1210738942027092,
        -0.015727465972304344,
        0.08676735311746597,
        0.0925767719745636,
        -0.02207646518945694,
        -0.1296490728855133,
        0.12954674661159515,
        -0.07033608108758926,
        0.02077065035700798,
        -0.09418564289808273,
        0.04473976418375969,
        0.15965636074543,
        -0.08944172412157059,
        -0.08775095641613007,
        0.10039467364549637,
        0.08070676773786545,
        -0.044944290071725845,
        0.002368310233578086,
        -0.08293866366147995,
        -0.1725727915763855,
        0.22841034829616547,
        0.19727681577205658,
        -0.09452734142541885,
        -0.12793490290641785,
        0.12329418957233429,
        0.07078956067562103,
        -0.1632148027420044,
        0.16762010753154755,
        -0.06781047582626343,
        0.011086063459515572,
        0.16133129596710205,
        -0.014498301781713963,
        0.08183830231428146,
        0.027608608826994896,
        0.002436840208247304,
        0.039335381239652634,
        -0.01875275745987892,
        0.10489991307258606,
        -0.03133255988359451,
        0.041272521018981934,
        0.024698765948414803,
        -0.21291063725948334,
        0.17998579144477844,
        0.13884679973125458,
        -0.05719203129410744,
        0.021875210106372833,
        0.1266530603170395,
        0.1342150717973709,
        -0.020624998956918716,
        -0.012256803922355175,
        0.03333171457052231,
        -0.057484835386276245,
        -0.04155930131673813,
        -0.12907899916172028,
        0.03180626034736633,
        0.1003614217042923,
        0.04711611568927765,
        -0.052571266889572144,
        -0.10163824260234833,
        0.00788018386811018,
        -0.06047730892896652,
        0.09566828608512878,
        0.052753791213035583,
        -0.05640798062086105,
        -0.17249679565429688,
        0.16838663816452026,
        0.02787855453789234,
        -0.01978997141122818,
        -0.13085569441318512,
        -0.07385177910327911,
        0.022630520164966583,
        0.044000472873449326,
        -0.007929148152470589,
        -0.04695159196853638,
        0.07939761132001877,
        0.14921392500400543,
        0.10458315908908844,
        -0.04017841815948486,
        -0.020763536915183067,
        0.0928872749209404,
        0.11033148318529129,
        0.06963638216257095,
        0.005161795765161514,
        -0.17143337428569794,
        0.05032612010836601,
        -0.03749236464500427,
        -0.0266663059592247,
        -0.07576967030763626,
        -0.05929933860898018,
        -0.03706302493810654,
        0.07963181287050247,
        0.034535281360149384,
        -0.15262216329574585,
        0.06573814898729324,
        0.05812697857618332,
        -0.07519619911909103,
        0.09059617668390274,
        -0.13211140036582947,
        -0.14497922360897064,
        0.024655433371663094,
        -0.06901033967733383,
        0.08592955768108368,
        0.19988855719566345,
        -0.061559997498989105,
        0.11301200836896896,
        -0.14026685059070587,
        -0.1882508099079132,
        0.17945104837417603,
        -0.05657823011279106,
        -0.09766121208667755,
        -0.08656322211027145,
        -0.008128183893859386,
        0.07568761706352234,
        -0.1601918637752533,
        -0.08584006130695343,
        0.0720110535621643,
        -0.036246251314878464,
        -0.015792397782206535,
        0.001567659666761756,
        -0.060875024646520615,
        -0.043723706156015396,
        0.13836032152175903,
        0.04215279966592789,
        0.08096783608198166,
        -0.002760643605142832,
        0.026717020198702812,
        -0.22610270977020264,
        0.12817294895648956,
        -0.050655800849199295,
        0.03131208196282387,
        -0.18627507984638214,
        -0.024495122954249382,
        -0.010245775803923607,
        0.08054722100496292,
        0.09865034371614456,
        -0.08491978049278259,
        0.04342655837535858,
        -0.07297950983047485,
        -0.08170733600854874,
        -0.035632118582725525,
        -0.15840905904769897,
        -0.09279844909906387,
        -0.03593525290489197,
        -0.009557818993926048,
        0.08458133041858673,
        -0.012857601046562195,
        -0.07757844775915146,
        -0.09288251399993896,
        -0.037927571684122086,
        -0.060701582580804825,
        -0.09319981932640076,
        0.03745505213737488,
        0.19310469925403595,
        0.1348767727613449,
        0.1702491194009781,
        -0.05446207523345947,
        -0.024582944810390472,
        0.14286352694034576,
        -0.03223299980163574,
        0.07307785749435425,
        0.07735717296600342,
        0.011256556957960129,
        0.0353815071284771,
        -0.10780224949121475,
        0.0505833737552166,
        -0.007675796747207642,
        0.15526144206523895,
        0.10645581781864166,
        -0.16777487099170685,
        0.06564436107873917,
        -0.15347254276275635,
        0.23957329988479614,
        0.044528428465127945,
        -0.06469209492206573,
        0.17835237085819244,
        -0.13065829873085022,
        0.10019613802433014,
        0.02020900696516037,
        0.14506025612354279,
        0.02127133682370186,
        -0.0669407993555069,
        -0.19061654806137085,
        0.051426418125629425,
        0.06080092489719391,
        0.11110322922468185,
        0.025460850447416306,
        -0.06608022004365921,
        0.038925476372241974,
        -0.013601116836071014,
        0.0717475414276123,
        -0.0008627407951280475,
        0.049378685653209686,
        0.0451996736228466,
        -0.04198525846004486,
        0.14048545062541962,
        -0.16589395701885223,
        0.008443472906947136,
        -0.08763014525175095,
        -0.058168523013591766,
        0.17984309792518616,
        0.06644080579280853,
        0.042686279863119125,
        -0.016116708517074585,
        0.11958035081624985,
        0.08132005482912064,
        -0.19267165660858154,
        -0.03225709870457649,
        0.08434523642063141,
        0.044131211936473846,
        0.1612148880958557,
        0.09682343900203705,
        0.01503153145313263,
        0.12828193604946136,
        0.03719412907958031,
        0.03352098912000656,
        0.03511175885796547,
        -0.04410121589899063,
        0.0800965204834938,
        -0.11944099515676498,
        -0.03132462874054909,
        0.031597498804330826,
        -0.1589035540819168,
        -0.052714377641677856,
        0.0788973942399025,
        -0.07872463017702103,
        -0.04201825335621834,
        0.019782690331339836,
        0.03818932920694351,
        -0.24306142330169678,
        0.053735729306936264,
        -0.06446103751659393,
        0.10308665037155151,
        -0.040496259927749634,
        -0.056431837379932404,
        0.026567492634058,
        0.0995132178068161,
        0.14151489734649658,
        0.10715220868587494,
        0.08620300889015198,
        0.23725669085979462,
        0.18173542618751526,
        0.1455494910478592,
        -0.01035076193511486,
        -0.015219353139400482,
        0.10725183039903641,
        0.17107655107975006,
        -0.015690866857767105,
        -0.10716752707958221,
        -0.04340432211756706,
        -0.027012478560209274,
        0.0532512292265892,
        0.1254330724477768,
        -0.16079217195510864,
        -0.04679263010621071
    ],
    "embedding_scaling_factor": 0.0039315493777394295,
    "samples": [
        1.0,
        0.662489,
        0.662489,
        0.662489,
        1.0,
        0.662489,
        0.662489,
        1.0,
        0.662489,
        0.662489,
        0.662489,
        1.0,
        0.662489,
        0.662489,
        0.662489,
        1.0,
        1.0,
        0.662489,
        0.0,
        0.662489,
        1.0,
        0.662489,
        0.662489,
        0.662489,
        0.662489,
        0.662489,
        1.0,
        1.0,
        0.662489,
        0.662489,
        0.662489,
        1.0,
        1.0,
        0.662489,
        1.0,
        1.0,
        1.0,
        0.662489,
        0.2,
        1.0,
        0.0,
        0.662489,
        0.662489,
        0.662489,
        0.662489,
        0.662489,
        0.0,
        0.662489,
        0.662489,
        0.0,
        1.0,
        0.662489,
        0.662489,
        1.0,
        0.662489,
        0.662489,
        1.0,
        0.662489,
        0.662489,
        0.662489,
        0.662489,
        0.662489,
        0.662489,
        0.662489,
        0.662489,
        0.662489,
        0.662489,
        1e-05,
        0.662489,
        0.0,
        1.0,
        0.662489,
        0.0,
        0.662489,
        0.662489,
        0.662489,
        1.0,
        0.662489,
        1.0,
        0.662489,
        1.0,
        0.662489,
        0.662489,
        0.016949,
        1.0,
        2e-06,
        1.0,
        0.662489,
        0.662489,
        0.662489,
        0.662489,
        0.662489,
        0.662489,
        0.662489,
        0.662489,
        0.662489,
        0.662489,
        0.662489,
        0.662489,
        0.166667
    ],
    "category_values_ratio": {
        "0.662489": 20053,
        "1.0": 9481,
        "0.0": 1511,
        "1e-06": 273,
        "2e-06": 223,
        "3e-06": 144,
        "0.021739": 123,
        "0.016949": 104,
        "4e-06": 96,
        "8e-06": 93,
        "5e-06": 91,
        "0.032258": 82,
        "0.166667": 74,
        "6e-06": 71,
        "0.006452": 51,
        "7e-06": 47,
        "0.5": 43,
        "0.02439": 38,
        "0.090909": 37,
        "9e-06": 35,
        "1.1e-05": 32,
        "0.021277": 32,
        "0.017544": 31,
        "0.000168": 29,
        "1e-05": 24,
        "1.2e-05": 24,
        "1.3e-05": 22,
        "0.083333": 20,
        "1.4e-05": 17,
        "0.047619": 16,
        "0.001136": 16,
        "0.25": 16,
        "1.7e-05": 16,
        "2e-05": 15,
        "6.1e-05": 14,
        "0.00013": 14,
        "1.5e-05": 14,
        "8.4e-05": 14,
        "0.014085": 14,
        "0.0001": 13,
        "2.6e-05": 13,
        "0.019608": 13,
        "0.000999": 13,
        "0.000123": 13,
        "3.1e-05": 12,
        "0.000252": 12,
        "2.3e-05": 12,
        "1.9e-05": 12,
        "0.043478": 12,
        "3.2e-05": 12,
        "2.5e-05": 11,
        "2.7e-05": 11,
        "2.8e-05": 11,
        "0.076923": 11,
        "2.2e-05": 10,
        "0.2": 10,
        "0.00017": 10,
        "3.4e-05": 10,
        "0.333333": 9,
        "0.000127": 9,
        "2.4e-05": 9,
        "2.1e-05": 9,
        "5.4e-05": 9,
        "0.006757": 9,
        "1.8e-05": 8,
        "0.058824": 8,
        "0.1": 8,
        "0.027778": 8,
        "4.4e-05": 8,
        "0.00043": 7,
        "7.7e-05": 7,
        "0.000131": 7,
        "2.9e-05": 7,
        "0.000164": 7,
        "0.020408": 7,
        "1.6e-05": 7,
        "3.7e-05": 7,
        "3.8e-05": 6,
        "3e-05": 6,
        "0.001497": 6,
        "0.142857": 6,
        "5.3e-05": 6,
        "3.6e-05": 6,
        "0.000248": 6,
        "5e-05": 6,
        "0.000112": 6,
        "4.2e-05": 5,
        "8.9e-05": 5,
        "0.022222": 5,
        "0.000149": 5,
        "0.012658": 5,
        "6.3e-05": 5,
        "4.9e-05": 5,
        "0.02381": 5,
        "5.8e-05": 4,
        "0.000138": 4,
        "0.00198": 4,
        "0.000137": 4,
        "0.017241": 4,
        "8.3e-05": 4,
        "0.000204": 4,
        "0.111111": 4,
        "0.00024": 4,
        "8.6e-05": 4,
        "0.000214": 4,
        "0.035714": 4,
        "3.3e-05": 4,
        "0.002985": 4,
        "0.000229": 4,
        "0.000124": 4,
        "5.5e-05": 4,
        "0.000247": 4,
        "0.000178": 4,
        "7.8e-05": 4,
        "0.000485": 4,
        "0.000632": 4,
        "0.000301": 4,
        "0.000155": 4,
        "4.7e-05": 4,
        "0.000151": 4,
        "4e-05": 4,
        "0.005236": 4,
        "0.000102": 3,
        "0.010526": 3,
        "0.000188": 3,
        "0.071429": 3,
        "0.000296": 3,
        "0.000174": 3,
        "4.5e-05": 3,
        "0.000183": 3,
        "0.000143": 3,
        "0.000173": 3,
        "0.013514": 3,
        "7.4e-05": 3,
        "0.001153": 3,
        "0.000107": 3,
        "8e-05": 3,
        "0.025": 3,
        "0.000216": 3,
        "0.000396": 3,
        "0.05": 3,
        "4.1e-05": 3,
        "6.2e-05": 3,
        "0.000684": 3,
        "0.004386": 3,
        "0.000349": 3,
        "0.000238": 3,
        "8.8e-05": 3,
        "4.3e-05": 3,
        "3.5e-05": 3,
        "6.9e-05": 3,
        "0.000152": 3,
        "0.000202": 3,
        "0.020833": 3,
        "9.4e-05": 3,
        "0.00014": 3,
        "0.000166": 3,
        "0.00202": 3,
        "0.002703": 3,
        "0.000194": 3,
        "7.9e-05": 3,
        "0.03125": 3,
        "0.001664": 3,
        "0.000133": 3,
        "0.000231": 3,
        "0.000552": 2,
        "0.001488": 2,
        "0.000312": 2,
        "0.029412": 2,
        "0.002024": 2,
        "0.000197": 2,
        "0.000392": 2,
        "0.000175": 2,
        "0.001805": 2,
        "0.000121": 2,
        "0.000436": 2,
        "0.000375": 2,
        "0.000854": 2,
        "0.000101": 2,
        "0.000218": 2,
        "9.3e-05": 2,
        "0.000208": 2,
        "0.007042": 2,
        "0.000589": 2,
        "0.022727": 2,
        "0.000136": 2,
        "0.000309": 2,
        "0.006329": 2,
        "0.000371": 2,
        "0.000653": 2,
        "0.002611": 2,
        "0.00625": 2,
        "0.00266": 2,
        "0.016393": 2,
        "0.006849": 2,
        "0.001565": 2,
        "0.000116": 2,
        "8.1e-05": 2,
        "0.00019": 2,
        "0.013699": 2,
        "0.000394": 2,
        "0.002183": 2,
        "0.005": 2,
        "0.000222": 2,
        "0.000163": 2,
        "0.000273": 2,
        "0.000263": 2,
        "0.000607": 2,
        "0.000196": 2,
        "0.005435": 2,
        "0.004587": 2,
        "0.000237": 2,
        "0.000245": 2,
        "0.000277": 2,
        "0.013158": 2,
        "0.000363": 2,
        "0.000199": 2,
        "0.00141": 2,
        "8.5e-05": 2,
        "0.00149": 2,
        "0.00016": 2,
        "0.001105": 2,
        "9.5e-05": 2,
        "0.000171": 2,
        "0.000262": 2,
        "0.000575": 2,
        "0.000553": 2,
        "0.000225": 2,
        "4.6e-05": 2,
        "0.001186": 2,
        "0.008403": 2,
        "6.6e-05": 2,
        "0.019231": 2,
        "0.006369": 2,
        "0.00029": 2,
        "0.000242": 2,
        "0.000191": 2,
        "0.000148": 2,
        "0.000726": 2,
        "0.000251": 2,
        "0.00021": 2,
        "0.033333": 2,
        "0.0625": 2,
        "0.027027": 2,
        "0.001678": 2,
        "0.00018": 2,
        "0.030303": 2,
        "0.000509": 2,
        "0.000106": 2,
        "0.00062": 2,
        "0.018519": 2,
        "9.1e-05": 2,
        "0.005076": 2,
        "0.001224": 2,
        "0.003333": 2,
        "0.009901": 2,
        "6.4e-05": 2,
        "0.000295": 2,
        "9.7e-05": 2,
        "0.002959": 2,
        "0.000135": 2,
        "0.003636": 2,
        "0.007874": 2,
        "5.6e-05": 2,
        "0.028571": 2,
        "0.001256": 2,
        "0.012821": 2,
        "0.001825": 2,
        "0.00011": 2,
        "0.005952": 2,
        "0.000147": 2,
        "0.000428": 2,
        "5.1e-05": 2,
        "0.004926": 2,
        "0.000239": 2,
        "0.003425": 2,
        "0.004831": 2,
        "0.000219": 2,
        "0.000598": 2,
        "0.066667": 2,
        "0.000165": 2,
        "0.00023": 2,
        "0.000285": 2,
        "0.037037": 2,
        "0.000357": 2,
        "0.000258": 2,
        "0.000587": 2,
        "5.2e-05": 2,
        "8.2e-05": 2,
        "7.2e-05": 2,
        "0.004975": 2,
        "6.5e-05": 2,
        "3.9e-05": 2,
        "0.018182": 2,
        "0.000304": 2,
        "0.001214": 1,
        "0.00129": 1,
        "0.000547": 1,
        "0.001898": 1,
        "0.000769": 1,
        "0.001385": 1,
        "0.009709": 1,
        "0.00813": 1,
        "0.001425": 1,
        "0.014493": 1,
        "0.000185": 1,
        "0.000274": 1,
        "0.00061": 1,
        "0.00084": 1,
        "0.000334": 1,
        "0.001481": 1,
        "0.000335": 1,
        "0.000646": 1,
        "0.004149": 1,
        "0.00056": 1,
        "0.000406": 1,
        "0.000548": 1,
        "0.000232": 1,
        "0.008929": 1,
        "0.001422": 1,
        "0.001802": 1,
        "0.002222": 1,
        "0.001209": 1,
        "0.011628": 1,
        "0.001106": 1,
        "0.002786": 1,
        "0.001441": 1,
        "0.000582": 1,
        "0.000533": 1,
        "0.000444": 1,
        "0.001185": 1,
        "0.000157": 1,
        "0.001416": 1,
        "0.000794": 1,
        "0.001309": 1,
        "0.000373": 1,
        "0.000943": 1,
        "0.002273": 1,
        "0.000569": 1,
        "0.002053": 1,
        "0.015385": 1,
        "0.000206": 1,
        "0.000158": 1,
        "0.000638": 1,
        "0.001048": 1,
        "0.000407": 1,
        "0.00578": 1,
        "0.001527": 1,
        "0.000512": 1,
        "0.003155": 1,
        "0.000201": 1,
        "0.000423": 1,
        "0.001073": 1,
        "0.004098": 1,
        "0.000577": 1,
        "0.000223": 1,
        "0.002597": 1,
        "0.000193": 1,
        "0.000625": 1,
        "0.001227": 1,
        "0.001464": 1,
        "0.00033": 1,
        "0.000912": 1,
        "0.000615": 1,
        "0.000372": 1,
        "0.00036": 1,
        "0.000535": 1,
        "0.000379": 1,
        "0.010989": 1,
        "0.00049": 1,
        "0.000513": 1,
        "0.000388": 1,
        "0.000169": 1,
        "0.000367": 1,
        "0.000294": 1,
        "0.000703": 1,
        "0.00026": 1,
        "0.015625": 1,
        "0.000449": 1,
        "0.000302": 1,
        "0.0125": 1,
        "0.002558": 1,
        "0.000455": 1,
        "0.000322": 1,
        "0.000114": 1,
        "0.000441": 1,
        "0.000383": 1,
        "0.00067": 1,
        "9.6e-05": 1,
        "0.002375": 1,
        "0.000368": 1,
        "0.005882": 1,
        "0.000605": 1,
        "0.002681": 1,
        "0.000662": 1,
        "0.000915": 1,
        "0.002049": 1,
        "0.00015": 1,
        "0.000122": 1,
        "0.000957": 1,
        "0.000518": 1,
        "0.008197": 1,
        "0.04": 1,
        "0.000321": 1,
        "0.012987": 1,
        "0.006897": 1,
        "0.005405": 1,
        "0.001484": 1,
        "0.001704": 1,
        "0.00495": 1,
        "0.001748": 1,
        "0.001667": 1,
        "0.000768": 1,
        "0.003906": 1,
        "0.002353": 1,
        "8.7e-05": 1,
        "0.038462": 1,
        "0.000497": 1,
        "0.000399": 1,
        "0.000874": 1,
        "0.001431": 1,
        "0.000266": 1,
        "0.000179": 1,
        "0.001193": 1,
        "0.000331": 1,
        "0.000722": 1,
        "0.025641": 1,
        "0.004785": 1,
        "0.000724": 1,
        "0.000141": 1,
        "9e-05": 1,
        "0.01": 1,
        "0.000182": 1,
        "0.000161": 1,
        "0.000585": 1,
        "0.041667": 1,
        "0.00369": 1,
        "0.000453": 1,
        "0.00101": 1,
        "0.000224": 1,
        "0.011111": 1,
        "0.000683": 1,
        "0.002494": 1,
        "0.000328": 1,
        "0.000113": 1,
        "0.000119": 1,
        "0.000126": 1,
        "0.000108": 1,
        "0.001325": 1,
        "0.000551": 1,
        "0.006536": 1,
        "0.000609": 1,
        "0.001395": 1,
        "0.000526": 1,
        "0.006667": 1,
        "0.006024": 1,
        "0.001006": 1,
        "0.001238": 1,
        "0.007092": 1,
        "0.004367": 1,
        "0.000315": 1,
        "0.0025": 1,
        "0.000128": 1,
        "0.002336": 1,
        "0.00077": 1,
        "0.005181": 1,
        "0.000588": 1,
        "0.010204": 1,
        "0.000924": 1,
        "0.004651": 1,
        "0.000125": 1,
        "0.000464": 1,
        "0.02": 1,
        "0.001517": 1,
        "0.000341": 1,
        "0.000144": 1,
        "0.000767": 1,
        "0.001848": 1,
        "0.0008": 1,
        "0.004202": 1,
        "0.000203": 1,
        "0.000658": 1,
        "0.003086": 1,
        "0.001357": 1,
        "0.000319": 1,
        "5.9e-05": 1,
        "0.000573": 1,
        "0.001144": 1,
        "0.000735": 1,
        "0.000775": 1,
        "0.000275": 1,
        "0.000936": 1,
        "0.000289": 1,
        "0.001961": 1,
        "0.125": 1,
        "0.000902": 1,
        "0.000869": 1,
        "0.003145": 1,
        "0.000637": 1,
        "0.002933": 1,
        "0.001776": 1,
        "0.001563": 1,
        "5.7e-05": 1,
        "0.000776": 1,
        "0.011236": 1,
        "0.003021": 1,
        "0.006944": 1,
        "0.000668": 1,
        "0.000692": 1,
        "0.001976": 1,
        "0.002439": 1,
        "0.000885": 1,
        "0.005025": 1,
        "0.003984": 1,
        "0.005747": 1,
        "0.000534": 1,
        "0.002849": 1,
        "0.000228": 1,
        "0.00045": 1,
        "0.003831": 1,
        "0.000414": 1,
        "0.000159": 1,
        "0.000198": 1,
        "0.001767": 1,
        "0.002179": 1,
        "0.003774": 1,
        "0.00035": 1,
        "0.000969": 1,
        "0.002062": 1,
        "0.006211": 1,
        "0.000359": 1,
        "0.002874": 1,
        "0.001835": 1,
        "0.001261": 1,
        "0.000477": 1,
        "0.000213": 1,
        "0.000118": 1,
        "0.008772": 1,
        "0.004902": 1,
        "0.000401": 1,
        "0.00173": 1,
        "0.000635": 1,
        "0.002257": 1,
        "0.000723": 1,
        "0.000327": 1,
        "0.007463": 1,
        "0.004808": 1,
        "0.000781": 1,
        "0.009259": 1,
        "0.003802": 1,
        "0.001623": 1,
        "0.001302": 1,
        "0.000911": 1,
        "0.000249": 1,
        "0.000411": 1,
        "0.000849": 1,
        "0.002688": 1,
        "0.001414": 1,
        "0.000905": 1,
        "0.000606": 1,
        "0.001206": 1,
        "0.000926": 1,
        "0.006803": 1,
        "0.000525": 1,
        "0.000462": 1,
        "0.001727": 1,
        "0.00086": 1,
        "0.000687": 1,
        "0.000227": 1,
        "0.001164": 1,
        "0.026316": 1,
        "0.001114": 1,
        "0.013333": 1,
        "0.002653": 1,
        "0.000284": 1,
        "0.00092": 1,
        "0.0011": 1,
        "0.003322": 1,
        "0.00088": 1,
        "0.000961": 1,
        "0.00093": 1,
        "0.003356": 1,
        "0.000446": 1,
        "0.000255": 1,
        "0.000678": 1,
        "0.002584": 1,
        "0.001427": 1,
        "0.001248": 1,
        "0.000434": 1,
        "0.014706": 1,
        "0.00431": 1,
        "0.002625": 1,
        "0.004545": 1,
        "0.000419": 1,
        "0.0016": 1,
        "0.001969": 1,
        "0.018868": 1,
        "0.000186": 1,
        "0.007576": 1,
        "0.00137": 1,
        "0.000796": 1,
        "0.002469": 1,
        "0.00156": 1,
        "0.000425": 1,
        "0.000919": 1,
        "0.000946": 1,
        "7.3e-05": 1,
        "0.000254": 1,
        "0.003367": 1,
        "0.000856": 1,
        "0.000454": 1,
        "0.012346": 1,
        "7e-05": 1,
        "0.000992": 1,
        "0.0003": 1,
        "0.000226": 1,
        "0.002513": 1,
        "0.000139": 1,
        "0.003049": 1,
        "0.001307": 1,
        "0.002203": 1,
        "6.7e-05": 1,
        "0.003135": 1,
        "0.000288": 1,
        "0.004464": 1,
        "0.001009": 1,
        "0.000482": 1,
        "0.002141": 1,
        "0.000333": 1,
        "0.000215": 1,
        "0.000278": 1,
        "0.001706": 1,
        "0.000488": 1,
        "0.001124": 1,
        "0.00057": 1,
        "0.001938": 1,
        "0.001447": 1,
        "0.000471": 1,
        "0.000132": 1,
        "0.001189": 1,
        "0.002725": 1,
        "0.00241": 1,
        "0.011905": 1,
        "0.000456": 1,
        "0.000499": 1,
        "0.000189": 1,
        "0.000318": 1,
        "0.000701": 1,
        "0.002208": 1,
        "0.000913": 1,
        "0.000472": 1,
        "0.000814": 1,
        "0.001567": 1,
        "0.001433": 1,
        "0.001364": 1,
        "0.002506": 1,
        "0.001355": 1,
        "0.000354": 1,
        "0.000421": 1,
        "0.000389": 1,
        "0.001397": 1,
        "0.000332": 1,
        "0.001389": 1,
        "0.000283": 1,
        "0.001007": 1,
        "0.000115": 1,
        "0.000898": 1,
        "0.000702": 1,
        "0.000851": 1,
        "0.000398": 1,
        "0.000241": 1,
        "0.000172": 1,
        "0.000382": 1,
        "0.000504": 1,
        "0.001196": 1,
        "0.000342": 1,
        "0.000212": 1,
        "0.007937": 1,
        "0.000195": 1,
        "0.000146": 1,
        "0.000393": 1,
        "0.00027": 1,
        "0.000742": 1,
        "0.000235": 1,
        "0.001684": 1,
        "0.001538": 1,
        "0.000549": 1,
        "0.003236": 1,
        "0.000784": 1,
        "0.001147": 1,
        "0.004065": 1,
        "0.001001": 1,
        "7.5e-05": 1,
        "0.004405": 1,
        "0.045455": 1,
        "0.000731": 1,
        "0.00064": 1,
        "0.002747": 1,
        "0.000424": 1,
        "0.001391": 1,
        "0.000763": 1,
        "0.000259": 1,
        "0.000324": 1,
        "7.1e-05": 1,
        "0.000418": 1,
        "0.000134": 1,
        "0.000153": 1,
        "0.000109": 1,
        "0.006098": 1,
        "6.8e-05": 1,
        "0.001773": 1,
        "0.006711": 1,
        "0.000571": 1,
        "0.000746": 1,
        "0.000103": 1,
        "0.001029": 1,
        "0.00044": 1,
        "0.000493": 1,
        "0.000177": 1,
        "0.000612": 1,
        "0.001142": 1,
        "0.000813": 1,
        "0.003663": 1,
        "0.000105": 1,
        "6e-05": 1,
        "0.000786": 1,
        "0.003788": 1,
        "0.000803": 1,
        "0.001134": 1,
        "0.004184": 1,
        "0.000495": 1,
        "0.003534": 1,
        "0.000904": 1,
        "4.8e-05": 1,
        "0.000996": 1,
        "0.00159": 1,
        "0.007194": 1,
        "0.004219": 1,
        "0.001675": 1,
        "0.001672": 1,
        "0.000772": 1,
        "0.000167": 1,
        "0.002188": 1,
        "0.003077": 1
    },
    "nrows": 34465
}