{
    "column_id": "oml_dataset_33_rnc/oml_dataset_33_rnc.csvoml_dataset_33_rnc.csv/c_28",
    "dataset_name": "oml_dataset_33_rnc.csv",
    "dataset_id": "oml_dataset_33_rnc/oml_dataset_33_rnc.csv",
    "path": "/home/ubuntu/CatDB/Experiments/data/oml_dataset_33_rnc/oml_dataset_33_rnc.csv",
    "table_name": "oml_dataset_33_rnc.csv",
    "table_id": "oml_dataset_33_rnc/oml_dataset_33_rnc.csvoml_dataset_33_rnc.csv",
    "column_name": "c_28",
    "data_source": "oml_dataset_33_rnc",
    "data_type": "float",
    "total_values_count": 34465,
    "distinct_values_count": 1082,
    "missing_values_count": 0,
    "true_ratio": null,
    "min_value": 0.0,
    "max_value": 1.0,
    "mean": 0.620578045582475,
    "median": 0.620578,
    "iqr": 0.0,
    "category_values": [
        0.620578,
        1.0,
        0.571429,
        0.75,
        0.527778,
        0.339286,
        0.938462,
        0.87037,
        0.045833,
        0.888889,
        0.0,
        0.666667,
        0.285714,
        0.777778,
        0.603175,
        0.565657,
        0.857143,
        0.727273,
        0.6,
        0.545455,
        0.47619,
        0.25,
        0.791667,
        0.8,
        0.9,
        0.7,
        0.85,
        0.333333,
        0.4,
        0.909091,
        0.68,
        0.019608,
        0.023529,
        0.222222,
        0.0233,
        0.027184,
        0.5625,
        0.8125,
        0.513889,
        0.5,
        0.846154,
        0.025974,
        0.833333,
        0.769231,
        0.923077,
        0.057143,
        0.363636,
        0.585859,
        0.45,
        0.897902,
        0.892857,
        0.782517,
        0.785714,
        0.595029,
        0.047009,
        0.045788,
        0.421053,
        0.046154,
        0.914286,
        0.02,
        0.344231,
        0.625,
        0.753086,
        0.041558,
        0.415873,
        0.033333,
        0.342857,
        0.304762,
        0.05,
        0.022727,
        0.028571,
        0.084615,
        0.040476,
        0.3125,
        0.08125,
        0.077778,
        0.296296,
        0.311111,
        0.066667,
        0.068946,
        0.35,
        0.3,
        0.035714,
        0.267857,
        0.067347,
        0.027778,
        0.09375,
        0.277778,
        0.025,
        0.090476,
        0.357143,
        0.275,
        0.055556,
        0.09537,
        0.072222,
        0.017857,
        0.07395,
        0.062996,
        0.092857,
        0.114583,
        0.03125,
        0.048701,
        0.083774,
        0.103175,
        0.101876,
        0.246914,
        0.321429,
        0.121429,
        0.090278,
        0.031746,
        0.340278,
        0.100794,
        0.24,
        0.013889,
        0.049832,
        0.266667,
        0.416667,
        0.047619,
        0.025641,
        0.016667,
        0.427778,
        0.111111,
        0.2,
        0.488889,
        0.444444,
        0.270833,
        0.132426,
        0.02381,
        0.077922,
        0.088889,
        0.125,
        0.038095,
        0.0875,
        0.101099,
        0.020408,
        0.334934,
        0.231313,
        0.807692,
        0.775,
        0.791209,
        0.830769,
        0.770408,
        0.583516,
        0.015625,
        0.761905,
        0.325238,
        0.688889,
        0.20202,
        0.108571,
        0.057234,
        0.193182,
        0.066239,
        0.145455,
        0.278632,
        0.04,
        0.186667,
        0.153846,
        0.210152,
        0.039706,
        0.713889,
        0.547222,
        0.608947,
        0.442857,
        0.585714,
        0.628571,
        0.714286,
        0.404082,
        0.696154,
        0.653061,
        0.821429,
        0.326531,
        0.397959,
        0.457143,
        0.711111,
        0.6125,
        0.738095,
        0.575,
        0.663265,
        0.045455,
        0.034091,
        0.733333,
        0.398333,
        0.65,
        0.619376,
        0.691919,
        0.890909,
        0.519231,
        0.72,
        0.395833,
        0.030303,
        0.022222,
        0.015873,
        0.020202,
        0.133333,
        0.816667,
        0.1,
        0.42265,
        0.875,
        0.772727,
        0.844444,
        0.866667,
        0.66405,
        0.642857,
        0.708333,
        0.589947,
        0.645833,
        0.544444,
        0.84,
        0.722222,
        0.88,
        0.734694,
        0.694444,
        0.490079,
        0.424107,
        0.444196,
        0.519608,
        0.055128,
        0.367347,
        0.568182,
        0.536111,
        0.925926,
        0.780093,
        0.854167,
        0.818182,
        0.627706,
        0.954545,
        0.847222,
        0.801768,
        0.808712,
        0.247475,
        0.226852,
        0.657143,
        0.371429,
        0.55,
        0.78125,
        0.72619,
        0.770833,
        0.616667,
        0.595238,
        0.462963,
        0.638889,
        0.057516,
        0.294872,
        0.235294,
        0.075,
        0.767857,
        0.602679,
        0.550481,
        0.453571,
        0.614286,
        0.412879,
        0.552083,
        0.664835,
        0.444643,
        0.904762,
        0.619048,
        0.82963,
        0.746032,
        0.814815,
        0.803571,
        0.711538,
        0.944444,
        0.166667,
        0.588235,
        0.578947,
        0.73913,
        0.6875,
        0.471795,
        0.736842,
        0.631579,
        0.461538,
        0.352941,
        0.589744,
        0.470588,
        0.692308,
        0.705882,
        0.553846,
        0.544379,
        0.048553,
        0.52381,
        0.607143,
        0.825,
        0.665047,
        0.840909,
        0.751748,
        0.961039,
        0.787879,
        0.071429,
        0.098402,
        0.106935,
        0.541667,
        0.555556,
        0.63114,
        0.568056,
        0.441667,
        0.701389,
        0.401515,
        0.647436,
        0.583333,
        0.64,
        0.763636,
        0.11746,
        0.0625,
        0.533333,
        0.06,
        0.015385,
        0.054546,
        0.566667,
        0.615385,
        0.730159,
        0.56,
        0.736667,
        0.520833,
        0.291667,
        0.079121,
        0.26,
        0.053338,
        0.203509,
        0.143732,
        0.036364,
        0.216667,
        0.314286,
        0.634921,
        0.07,
        0.683333,
        0.307692,
        0.060417,
        0.080952,
        0.041667,
        0.265625,
        0.236364,
        0.475,
        0.018519,
        0.331731,
        0.107563,
        0.269231,
        0.053704,
        0.043939,
        0.081842,
        0.263158,
        0.269968,
        0.044444,
        0.233333,
        0.28125,
        0.253968,
        0.104167,
        0.438776,
        0.076364,
        0.380165,
        0.215385,
        0.28,
        0.409091,
        0.072727,
        0.069231,
        0.301587,
        0.077551,
        0.08547,
        0.258333,
        0.024691,
        0.240741,
        0.085055,
        0.091667,
        0.030688,
        0.020833,
        0.083333,
        0.335017,
        0.458333,
        0.044092,
        0.1125,
        0.061364,
        0.043956,
        0.049383,
        0.104762,
        0.134694,
        0.242424,
        0.341111,
        0.095385,
        0.017094,
        0.039506,
        0.040816,
        0.013072,
        0.014706,
        0.063272,
        0.019048,
        0.309524,
        0.021978,
        0.095238,
        0.287919,
        0.064815,
        0.065,
        0.227273,
        0.388889,
        0.128571,
        0.096154,
        0.046875,
        0.218182,
        0.014815,
        0.094697,
        0.041026,
        0.244444,
        0.389904,
        0.457516,
        0.058333,
        0.029121,
        0.481481,
        0.305556,
        0.120455,
        0.259259,
        0.107407,
        0.109091,
        0.0525,
        0.065385,
        0.252083,
        0.065909,
        0.272727,
        0.181818,
        0.061539,
        0.077083,
        0.208333,
        0.084091,
        0.288986,
        0.051515,
        0.065625,
        0.253333,
        0.355556,
        0.466667,
        0.433333,
        0.560606,
        0.238384,
        0.283333,
        0.268531,
        0.228571,
        0.213889,
        0.230303,
        0.016807,
        0.014286,
        0.525,
        0.237037,
        0.421703,
        0.403846,
        0.118182,
        0.107692,
        0.055882,
        0.058571,
        0.10641,
        0.104618,
        0.080247,
        0.09,
        0.059091,
        0.067857,
        0.2546,
        0.113158,
        0.264706,
        0.35119,
        0.234568,
        0.293651,
        0.027143,
        0.058879,
        0.309957,
        0.062222,
        0.231169,
        0.076191,
        0.037037,
        0.036975,
        0.516667,
        0.354167,
        0.030769,
        0.046429,
        0.060318,
        0.32381,
        0.062678,
        0.073232,
        0.075702,
        0.048148,
        0.116162,
        0.238095,
        0.274848,
        0.263889,
        0.358974,
        0.31746,
        0.239316,
        0.086364,
        0.040404,
        0.078512,
        0.019231,
        0.034392,
        0.075214,
        0.070833,
        0.052778,
        0.04381,
        0.074074,
        0.064286,
        0.236111,
        0.126364,
        0.05035,
        0.084849,
        0.264502,
        0.086325,
        0.047727,
        0.041429,
        0.225,
        0.365278,
        0.348571,
        0.31358,
        0.236264,
        0.468571,
        0.286869,
        0.319328,
        0.155556,
        0.232468,
        0.064646,
        0.074333,
        0.445455,
        0.296667,
        0.286226,
        0.22,
        0.298182,
        0.335227,
        0.264646,
        0.078125,
        0.029932,
        0.278159,
        0.037088,
        0.033613,
        0.026984,
        0.162482,
        0.303571,
        0.281481,
        0.169444,
        0.515625,
        0.11358,
        0.033069,
        0.384127,
        0.108547,
        0.165657,
        0.366667,
        0.127778,
        0.025794,
        0.126144,
        0.015038,
        0.243056,
        0.079365,
        0.325,
        0.12,
        0.157099,
        0.04155,
        0.083025,
        0.37619,
        0.076389,
        0.108135,
        0.028159,
        0.059259,
        0.122424,
        0.14,
        0.085069,
        0.081482,
        0.291358,
        0.069475,
        0.234722,
        0.018182,
        0.161429,
        0.103333,
        0.2625,
        0.293544,
        0.065534,
        0.264286,
        0.034615,
        0.052381,
        0.056566,
        0.08254,
        0.043403,
        0.372549,
        0.076282,
        0.092064,
        0.013158,
        0.034188,
        0.53125,
        0.377622,
        0.168946,
        0.036508,
        0.124501,
        0.085714,
        0.34375,
        0.472222,
        0.227751,
        0.164103,
        0.300752,
        0.782051,
        0.08,
        0.015152,
        0.289141,
        0.302521,
        0.060714,
        0.108333,
        0.308442,
        0.32967,
        0.288462,
        0.034722,
        0.295455,
        0.26303,
        0.428571,
        0.284615,
        0.254321,
        0.284848,
        0.460317,
        0.028646,
        0.136667,
        0.212121,
        0.44,
        0.07265,
        0.05679,
        0.426389,
        0.096825,
        0.326984,
        0.459259,
        0.091146,
        0.701299,
        0.472727,
        0.863636,
        0.663636,
        0.375,
        0.584416,
        0.528846,
        0.063462,
        0.535714,
        0.612245,
        0.380952,
        0.179487,
        0.084501,
        0.27619,
        0.13869,
        0.012346,
        0.45679,
        0.032738,
        0.028758,
        0.57716,
        0.076667,
        0.030637,
        0.828571,
        0.685714,
        0.471429,
        0.060847,
        0.101641,
        0.756672,
        0.674603,
        0.050526,
        0.034428,
        0.207368,
        0.049554,
        0.255238,
        0.415385,
        0.793651,
        0.062338,
        0.419216,
        0.315625,
        0.242593,
        0.048878,
        0.035131,
        0.102021,
        0.279167,
        0.0925,
        0.203535,
        0.387121,
        0.0831,
        0.087054,
        0.361111,
        0.285185,
        0.08415,
        0.314706,
        0.3625,
        0.279739,
        0.06875,
        0.146623,
        0.261438,
        0.413333,
        0.613636,
        0.425,
        0.654545,
        0.618182,
        0.60119,
        0.468254,
        0.580357,
        0.249034,
        0.90625,
        0.805556,
        0.518519,
        0.201362,
        0.219668,
        0.198485,
        0.862179,
        0.54359,
        0.74359,
        0.637363,
        0.607639,
        0.71875,
        0.916667,
        0.722944,
        0.710714,
        0.538776,
        0.946429,
        0.867647,
        0.682143,
        0.779221,
        0.286364,
        0.865385,
        0.884615,
        0.895833,
        0.564815,
        0.787037,
        0.652381,
        0.570833,
        0.243981,
        0.085119,
        0.066204,
        0.543091,
        0.809917,
        0.049603,
        0.495726,
        0.145833,
        0.749084,
        0.707692,
        0.211765,
        0.559091,
        0.437229,
        0.494372,
        0.538462,
        0.686869,
        0.393939,
        0.038462,
        0.351852,
        0.096272,
        0.053571,
        0.105442,
        0.158333,
        0.052893,
        0.18544,
        0.192308,
        0.08718,
        0.011905,
        0.348485,
        0.324786,
        0.06737,
        0.063889,
        0.073593,
        0.311688,
        0.085227,
        0.068571,
        0.046176,
        0.077718,
        0.033274,
        0.08052,
        0.108213,
        0.011111,
        0.021739,
        0.26087,
        0.298137,
        0.077381,
        0.097959,
        0.347826,
        0.010989,
        0.011834,
        0.010256,
        0.312963,
        0.753247,
        0.54902,
        0.718182,
        0.076263,
        0.073333,
        0.698413,
        0.454286,
        0.653458,
        0.755556,
        0.485,
        0.053724,
        0.097222,
        0.472527,
        0.782609,
        0.845238,
        0.692857,
        0.734615,
        0.412121,
        0.142177,
        0.396853,
        0.094276,
        0.635714,
        0.04898,
        0.2125,
        0.503902,
        0.66,
        0.262626,
        0.187658,
        0.869048,
        0.250617,
        0.197566,
        0.469136,
        0.039394,
        0.105844,
        0.646154,
        0.048209,
        0.280449,
        0.290649,
        0.703704,
        0.108442,
        0.1875,
        0.547619,
        0.026667,
        0.269136,
        0.65625,
        0.404945,
        0.097692,
        0.140278,
        0.04152,
        0.575824,
        0.436364,
        0.318182,
        0.406139,
        0.25463,
        0.370833,
        0.885714,
        0.681481,
        0.046274,
        0.82,
        0.096875,
        0.55102,
        0.682051,
        0.075232,
        0.214286,
        0.02967,
        0.559524,
        0.177778,
        0.514286,
        0.223485,
        0.032813,
        0.118519,
        0.444898,
        0.072917,
        0.558333,
        0.088089,
        0.216793,
        0.752663,
        0.061225,
        0.242284,
        0.4125,
        0.337255,
        0.407407,
        0.047222,
        0.590456,
        0.093537,
        0.060606,
        0.287393,
        0.318881,
        0.09798,
        0.107778,
        0.087088,
        0.506173,
        0.517094,
        0.060897,
        0.042484,
        0.058081,
        0.045098,
        0.414286,
        0.079487,
        0.063312,
        0.072214,
        0.511111,
        0.093827,
        0.123077,
        0.322222,
        0.030449,
        0.146032,
        0.073701,
        0.219697,
        0.065851,
        0.046296,
        0.051893,
        0.4375,
        0.286667,
        0.229365,
        0.654286,
        0.571795,
        0.116667,
        0.238889,
        0.261538,
        0.304286,
        0.84375,
        0.092641,
        0.159091,
        0.15,
        0.130435,
        0.107143,
        0.139254,
        0.072174,
        0.083868,
        0.074879,
        0.119298,
        0.175748,
        0.090909,
        0.399669,
        0.076923,
        0.012821,
        0.147727,
        0.068889,
        0.057692,
        0.141176,
        0.043478,
        0.596875,
        0.013333,
        0.396694,
        0.014493,
        0.557692,
        0.359373,
        0.148575,
        0.572917,
        0.644444,
        0.292398,
        0.184211,
        0.376812,
        0.157895,
        0.052632,
        0.157407,
        0.410256,
        0.01732,
        0.67,
        0.013605,
        0.106238,
        0.278788,
        0.063529,
        0.579545,
        0.048571,
        0.033144,
        0.314531,
        0.349451,
        0.356303,
        0.059659,
        0.248924,
        0.290909,
        0.568421,
        0.303333,
        0.602041,
        0.677778,
        0.494118,
        0.215716,
        0.098214,
        0.246667,
        0.628205,
        0.105128,
        0.483516,
        0.661404,
        0.176518,
        0.206061,
        0.09697,
        0.054286,
        0.01,
        0.148539,
        0.114957,
        0.065609,
        0.061722,
        0.104348,
        0.057083,
        0.129808,
        0.008929,
        0.135534,
        0.041313,
        0.241667,
        0.010417,
        0.08642,
        0.048077,
        0.009569,
        0.009662,
        0.079762,
        0.099206,
        0.078431,
        0.021307,
        0.136364,
        0.063368,
        0.037296,
        0.017544,
        0.12963,
        0.19359,
        0.028083,
        0.033058,
        0.097826,
        0.097619,
        0.054422,
        0.008547,
        0.103297,
        0.080357,
        0.122549,
        0.028929,
        0.078373,
        0.096667,
        0.152882,
        0.068681,
        0.240385,
        0.007843,
        0.142857,
        0.028167,
        0.173333,
        0.106061,
        0.038961,
        0.02963,
        0.138158,
        0.00625,
        0.086957,
        0.081633,
        0.07037,
        0.099762,
        0.128,
        0.012939,
        0.185185,
        0.010582,
        0.123879,
        0.373206,
        0.086667,
        0.21875,
        0.104286,
        0.15846,
        0.098485,
        0.48623,
        0.03054,
        0.005865,
        0.029101,
        0.313725,
        0.17029,
        0.11294,
        0.051136,
        0.042593,
        0.317949,
        0.229545,
        0.120758,
        0.045238,
        0.0125,
        0.051282,
        0.06502,
        0.012987,
        0.102222,
        0.109458,
        0.105983,
        0.056277,
        0.089744,
        0.190476,
        0.15812,
        0.023016,
        0.068966,
        0.118845,
        0.125875,
        0.230435,
        0.140909,
        0.712121,
        0.203175,
        0.063492,
        0.610417,
        0.136489,
        0.37037,
        0.464286,
        0.255556,
        0.123333,
        0.245238,
        0.032258,
        0.09246,
        0.296639,
        0.645614,
        0.629348,
        0.273333,
        0.22381,
        0.113636,
        0.654762,
        0.589798,
        0.346939,
        0.420746,
        0.040714,
        0.239394,
        0.257143,
        0.261364,
        0.385965,
        0.293403,
        0.534091,
        0.193254,
        0.041847,
        0.173913,
        0.36095,
        0.766667
    ],
    "embedding": [
        -0.08231604844331741,
        -0.10265587270259857,
        0.14591674506664276,
        -0.00797328818589449,
        0.05238170549273491,
        0.10372607409954071,
        0.07431287318468094,
        0.22159671783447266,
        0.1954948604106903,
        0.14500857889652252,
        -0.1724422127008438,
        -0.01815379597246647,
        0.08078938722610474,
        -0.17995521426200867,
        0.05068821832537651,
        -0.1491873860359192,
        0.16184769570827484,
        0.1550363004207611,
        0.08040717989206314,
        -0.050009164959192276,
        0.08326829224824905,
        -0.13423749804496765,
        0.09992281347513199,
        0.15917977690696716,
        -0.1124824732542038,
        -0.1441907286643982,
        -0.12129475176334381,
        -0.16012144088745117,
        0.1349644958972931,
        -0.22848866879940033,
        -0.12158206105232239,
        -0.035597097128629684,
        0.040425390005111694,
        -0.17340967059135437,
        0.16342273354530334,
        0.11047624796628952,
        0.06469831615686417,
        -0.09429803490638733,
        -0.037568144500255585,
        0.003081241622567177,
        -0.19769540429115295,
        0.071363165974617,
        -0.09029427170753479,
        0.009859694167971611,
        -0.14627595245838165,
        0.13842546939849854,
        -0.11985871940851212,
        -0.010608854703605175,
        0.10394002497196198,
        0.10269244015216827,
        -0.047535136342048645,
        -0.13390123844146729,
        0.13336139917373657,
        -0.07915857434272766,
        0.023955361917614937,
        -0.0809689611196518,
        0.0470154695212841,
        0.15248246490955353,
        -0.07881773263216019,
        -0.07763778418302536,
        0.08572500199079514,
        0.051879432052373886,
        -0.038857825100421906,
        -0.00399716105312109,
        -0.07347323000431061,
        -0.18758253753185272,
        0.23518304526805878,
        0.20181594789028168,
        -0.11986437439918518,
        -0.13910846412181854,
        0.11243914812803268,
        0.054500170052051544,
        -0.1603005826473236,
        0.1874578297138214,
        -0.08827980607748032,
        -0.004595641512423754,
        0.1610933542251587,
        -0.0003117603773716837,
        0.08931754529476166,
        0.06398054212331772,
        -0.021772824227809906,
        0.028157779946923256,
        -0.015610058791935444,
        0.11161687225103378,
        -0.014416789636015892,
        0.030345413833856583,
        0.0043493774719536304,
        -0.2158772200345993,
        0.18083278834819794,
        0.14218316972255707,
        -0.03956133872270584,
        -0.008062408305704594,
        0.12306277453899384,
        0.1167769730091095,
        -0.042147643864154816,
        0.0013610420282930136,
        0.021246904507279396,
        -0.08418560028076172,
        -0.03456978127360344,
        -0.11843150854110718,
        0.03273500129580498,
        0.11788159608840942,
        0.03472364321351051,
        -0.06145358085632324,
        -0.12302359193563461,
        0.0009614287409931421,
        -0.038788966834545135,
        0.09015756100416183,
        0.059920474886894226,
        -0.06911271065473557,
        -0.15937474370002747,
        0.18552498519420624,
        0.031389497220516205,
        -0.00427217734977603,
        -0.15218494832515717,
        -0.07283873111009598,
        0.02581370621919632,
        0.06382372975349426,
        0.02260981686413288,
        -0.04425520822405815,
        0.07665469497442245,
        0.1641526222229004,
        0.12056800723075867,
        -0.03205953165888786,
        -0.01670653000473976,
        0.10038457065820694,
        0.10741540044546127,
        0.05605548620223999,
        0.026587259024381638,
        -0.16649964451789856,
        0.06603669375181198,
        -0.025807777419686317,
        -0.047951873391866684,
        -0.05610745772719383,
        -0.04412452504038811,
        -0.039243824779987335,
        0.09234583377838135,
        0.007510481867939234,
        -0.1408853679895401,
        0.08358431607484818,
        0.05914487689733505,
        -0.06336766481399536,
        0.06486281752586365,
        -0.13774754106998444,
        -0.15884137153625488,
        0.011027174070477486,
        -0.049669429659843445,
        0.05758316442370415,
        0.1802133321762085,
        -0.0680336132645607,
        0.13105666637420654,
        -0.16708692908287048,
        -0.20457641780376434,
        0.17480751872062683,
        -0.03769560158252716,
        -0.09815745800733566,
        -0.09507862478494644,
        -0.022221188992261887,
        0.06398703157901764,
        -0.16487166285514832,
        -0.06668167561292648,
        0.05938420817255974,
        -0.002509049605578184,
        0.019330494105815887,
        -0.016750192269682884,
        -0.08136837184429169,
        -0.04916179180145264,
        0.14352639019489288,
        0.0368119515478611,
        0.09264780580997467,
        -0.011965037323534489,
        0.0025792857632040977,
        -0.22214995324611664,
        0.1300964206457138,
        -0.015968065708875656,
        0.012683592736721039,
        -0.191534623503685,
        -0.011647326871752739,
        -0.014682223089039326,
        0.06244594231247902,
        0.09804242849349976,
        -0.10566358268260956,
        0.04873860999941826,
        -0.05123983323574066,
        -0.09748370945453644,
        -0.049884334206581116,
        -0.15978489816188812,
        -0.09615373611450195,
        -0.05837042257189751,
        -0.025272658094763756,
        0.08544959872961044,
        -0.025127846747636795,
        -0.04862451180815697,
        -0.09229825437068939,
        -0.01260712742805481,
        -0.03893280029296875,
        -0.09683728963136673,
        0.023597020655870438,
        0.19160276651382446,
        0.11899098753929138,
        0.19157789647579193,
        -0.025703053921461105,
        -0.05138600617647171,
        0.13264304399490356,
        -0.008951728232204914,
        0.07434570789337158,
        0.07852302491664886,
        0.025742046535015106,
        0.06070222705602646,
        -0.11263205111026764,
        0.04687513783574104,
        -0.021575143560767174,
        0.16284403204917908,
        0.10194788128137589,
        -0.18653228878974915,
        0.055383868515491486,
        -0.14580564200878143,
        0.23142622411251068,
        0.013156191445887089,
        -0.06581060588359833,
        0.189334899187088,
        -0.1497385948896408,
        0.09735564142465591,
        0.02758178673684597,
        0.14740139245986938,
        -0.005249861627817154,
        -0.04929066821932793,
        -0.1996084600687027,
        0.027426959946751595,
        0.07062510401010513,
        0.13413646817207336,
        0.01903403550386429,
        -0.06309371441602707,
        0.04429689049720764,
        -0.03656505420804024,
        0.09133487194776535,
        0.012195856310427189,
        0.05858916416764259,
        0.036558229476213455,
        -0.052169278264045715,
        0.1485106498003006,
        -0.16379526257514954,
        0.028061427175998688,
        -0.07947415858507156,
        -0.053047940135002136,
        0.17199644446372986,
        0.07012109458446503,
        0.026875142008066177,
        -0.0017881867242977023,
        0.12744970619678497,
        0.07605928927659988,
        -0.16669961810112,
        -0.02433178201317787,
        0.07882283627986908,
        0.03621353954076767,
        0.15660594403743744,
        0.09050684422254562,
        -0.009870018810033798,
        0.1293392777442932,
        0.023083463311195374,
        0.06172848865389824,
        0.0121963731944561,
        -0.020000139251351357,
        0.09944888204336166,
        -0.1251499503850937,
        -0.026697775349020958,
        0.039405979216098785,
        -0.16717621684074402,
        -0.03365494683384895,
        0.05158216878771782,
        -0.06376400589942932,
        -0.02014474757015705,
        0.0036084165330976248,
        0.012038437649607658,
        -0.2498747557401657,
        0.0743713229894638,
        -0.042328909039497375,
        0.10441235452890396,
        -0.009303639642894268,
        -0.036477360874414444,
        0.02506640926003456,
        0.10790641605854034,
        0.16617058217525482,
        0.09412815421819687,
        0.10101053863763809,
        0.24299895763397217,
        0.18378400802612305,
        0.14927735924720764,
        -0.0028722533024847507,
        0.0038420415949076414,
        0.10921524465084076,
        0.20027466118335724,
        -0.04212724789977074,
        -0.10049005597829819,
        -0.03166108578443527,
        -0.023957213386893272,
        0.01803423836827278,
        0.13128003478050232,
        -0.1690472960472107,
        -0.026982858777046204
    ],
    "embedding_scaling_factor": 0.004363951738923788,
    "samples": [
        0.620578,
        0.620578,
        0.620578,
        0.620578,
        0.111111,
        1.0,
        0.620578,
        0.620578,
        0.620578,
        0.620578,
        0.620578,
        0.620578,
        0.0,
        0.291667,
        1.0,
        0.620578,
        0.620578,
        0.620578,
        1.0,
        0.620578,
        0.620578,
        0.857143,
        0.620578,
        0.620578,
        1.0,
        0.620578,
        0.8,
        0.2,
        0.620578,
        0.620578,
        0.067857,
        0.666667,
        0.75,
        0.620578,
        1.0,
        0.620578,
        0.0,
        0.620578,
        0.620578,
        1.0,
        0.620578,
        0.620578,
        0.620578,
        0.620578,
        0.620578,
        0.620578,
        0.024691,
        0.25,
        0.108213,
        0.620578,
        0.620578,
        0.620578,
        1.0,
        0.620578,
        0.620578,
        0.620578,
        0.620578,
        0.620578,
        0.888889,
        1.0,
        0.666667,
        0.620578,
        0.132426,
        1.0,
        1.0,
        0.9,
        0.620578,
        0.620578,
        0.620578,
        1.0,
        1.0,
        1.0,
        0.620578,
        0.0,
        0.620578,
        0.620578,
        0.620578,
        0.620578,
        0.040816,
        0.666667,
        1.0,
        0.620578,
        0.238384,
        0.620578,
        0.620578,
        0.620578,
        0.620578,
        0.620578,
        0.620578,
        0.620578,
        0.620578,
        0.620578,
        1.0,
        0.620578,
        0.620578,
        0.666667,
        0.620578,
        0.620578,
        0.620578,
        0.620578
    ],
    "category_values_ratio": {
        "0.620578": 24445,
        "1.0": 3457,
        "0.0": 688,
        "0.857143": 431,
        "0.75": 295,
        "0.8": 280,
        "0.666667": 272,
        "0.285714": 195,
        "0.888889": 174,
        "0.25": 165,
        "0.5": 149,
        "0.333333": 99,
        "0.571429": 96,
        "0.222222": 90,
        "0.4": 87,
        "0.909091": 59,
        "0.6": 51,
        "0.727273": 50,
        "0.022222": 47,
        "0.05": 42,
        "0.444444": 42,
        "0.8125": 41,
        "0.733333": 38,
        "0.833333": 38,
        "0.785714": 36,
        "0.2": 35,
        "0.057143": 33,
        "0.266667": 33,
        "0.028571": 33,
        "0.866667": 32,
        "0.277778": 32,
        "0.3": 28,
        "0.027778": 27,
        "0.3125": 26,
        "0.875": 25,
        "0.025": 25,
        "0.923077": 23,
        "0.044444": 22,
        "0.714286": 21,
        "0.055556": 21,
        "0.030303": 21,
        "0.025974": 20,
        "0.088889": 20,
        "0.031746": 20,
        "0.311111": 19,
        "0.071429": 19,
        "0.818182": 19,
        "0.041667": 19,
        "0.066667": 19,
        "0.02381": 19,
        "0.770833": 18,
        "0.342857": 18,
        "0.033333": 18,
        "0.78125": 18,
        "0.9": 18,
        "0.545455": 18,
        "0.035714": 17,
        "0.0625": 17,
        "0.65": 16,
        "0.037037": 16,
        "0.694444": 16,
        "0.560606": 16,
        "0.357143": 16,
        "0.083333": 16,
        "0.787879": 15,
        "0.961039": 15,
        "0.628571": 14,
        "0.047619": 13,
        "0.777778": 13,
        "0.84": 13,
        "0.35": 13,
        "0.24": 12,
        "0.1": 12,
        "0.218182": 12,
        "0.701389": 12,
        "0.024691": 12,
        "0.398333": 11,
        "0.04": 11,
        "0.013889": 11,
        "0.291667": 11,
        "0.763636": 11,
        "0.555556": 11,
        "0.021978": 11,
        "0.711111": 11,
        "0.017857": 11,
        "0.111111": 11,
        "0.267857": 11,
        "0.244444": 11,
        "0.825": 10,
        "0.095238": 10,
        "0.904762": 10,
        "0.018519": 10,
        "0.020833": 10,
        "0.5625": 10,
        "0.890909": 10,
        "0.814815": 10,
        "0.015873": 10,
        "0.828571": 10,
        "0.045455": 10,
        "0.85": 10,
        "0.541667": 9,
        "0.233333": 9,
        "0.616667": 9,
        "0.45": 9,
        "0.030769": 9,
        "0.55": 9,
        "0.840909": 9,
        "0.181818": 9,
        "0.075": 9,
        "0.019048": 9,
        "0.614286": 9,
        "0.90625": 8,
        "0.096272": 8,
        "0.519231": 8,
        "0.019231": 8,
        "0.552083": 8,
        "0.133333": 8,
        "0.270833": 8,
        "0.613636": 8,
        "0.040816": 8,
        "0.259259": 8,
        "0.238095": 7,
        "0.625": 7,
        "0.664835": 7,
        "0.416667": 7,
        "0.231313": 7,
        "0.015038": 7,
        "0.030637": 7,
        "0.016667": 7,
        "0.363636": 7,
        "0.08": 7,
        "0.734694": 7,
        "0.275": 7,
        "0.019608": 7,
        "0.040404": 7,
        "0.017094": 7,
        "0.7": 7,
        "0.761905": 7,
        "0.28": 7,
        "0.775": 7,
        "0.022727": 7,
        "0.485": 7,
        "0.011905": 7,
        "0.246914": 7,
        "0.42265": 6,
        "0.321429": 6,
        "0.371429": 6,
        "0.807692": 6,
        "0.239316": 6,
        "0.020408": 6,
        "0.642857": 6,
        "0.657143": 6,
        "0.583333": 6,
        "0.769231": 6,
        "0.791667": 6,
        "0.718182": 6,
        "0.698413": 6,
        "0.014706": 6,
        "0.550481": 6,
        "0.296296": 6,
        "0.892857": 6,
        "0.863636": 6,
        "0.47619": 6,
        "0.821429": 6,
        "0.520833": 6,
        "0.722222": 6,
        "0.15": 5,
        "0.304762": 5,
        "0.025641": 5,
        "0.696154": 5,
        "0.854167": 5,
        "0.018182": 5,
        "0.793651": 5,
        "0.685714": 5,
        "0.166667": 5,
        "0.533333": 5,
        "0.780093": 5,
        "0.595238": 5,
        "0.355556": 5,
        "0.603175": 5,
        "0.461538": 5,
        "0.015385": 5,
        "0.036364": 5,
        "0.085714": 5,
        "0.28125": 5,
        "0.925926": 5,
        "0.013158": 5,
        "0.653061": 4,
        "0.535714": 4,
        "0.326531": 4,
        "0.791209": 4,
        "0.073593": 4,
        "0.269231": 4,
        "0.663636": 4,
        "0.375": 4,
        "0.051282": 4,
        "0.014815": 4,
        "0.104167": 4,
        "0.388889": 4,
        "0.691919": 4,
        "0.527778": 4,
        "0.03125": 4,
        "0.264706": 4,
        "0.120455": 4,
        "0.06": 4,
        "0.588235": 4,
        "0.568056": 4,
        "0.647436": 4,
        "0.264502": 4,
        "0.078512": 4,
        "0.077381": 4,
        "0.401515": 4,
        "0.074074": 4,
        "0.441667": 4,
        "0.708333": 4,
        "0.064286": 4,
        "0.130435": 4,
        "0.31746": 4,
        "0.954545": 4,
        "0.847222": 4,
        "0.123077": 4,
        "0.627706": 4,
        "0.619048": 4,
        "0.053704": 3,
        "0.015625": 3,
        "0.462963": 3,
        "0.428571": 3,
        "0.71875": 3,
        "0.380952": 3,
        "0.242424": 3,
        "0.0875": 3,
        "0.034615": 3,
        "0.568182": 3,
        "0.688889": 3,
        "0.038095": 3,
        "0.038462": 3,
        "0.638889": 3,
        "0.011834": 3,
        "0.076263": 3,
        "0.077778": 3,
        "0.460317": 3,
        "0.767857": 3,
        "0.772727": 3,
        "0.125": 3,
        "0.457143": 3,
        "0.844444": 3,
        "0.738095": 3,
        "0.472222": 3,
        "0.88": 3,
        "0.053571": 3,
        "0.701299": 3,
        "0.488889": 3,
        "0.305556": 3,
        "0.607143": 3,
        "0.307692": 3,
        "0.263889": 3,
        "0.354167": 3,
        "0.023529": 3,
        "0.309524": 3,
        "0.086364": 3,
        "0.058333": 3,
        "0.215385": 3,
        "0.458333": 3,
        "0.052778": 3,
        "0.02": 3,
        "0.096154": 3,
        "0.136364": 3,
        "0.072727": 3,
        "0.589744": 3,
        "0.029121": 3,
        "0.070833": 3,
        "0.240741": 3,
        "0.481481": 3,
        "0.090909": 3,
        "0.253968": 3,
        "0.236364": 3,
        "0.208333": 3,
        "0.32381": 3,
        "0.634921": 3,
        "0.014286": 3,
        "0.061539": 3,
        "0.525": 3,
        "0.56": 3,
        "0.234568": 3,
        "0.615385": 3,
        "0.062222": 3,
        "0.830769": 2,
        "0.079365": 2,
        "0.352941": 2,
        "0.846154": 2,
        "0.263158": 2,
        "0.040476": 2,
        "0.816667": 2,
        "0.265625": 2,
        "0.64": 2,
        "0.020202": 2,
        "0.08254": 2,
        "0.235294": 2,
        "0.608947": 2,
        "0.602679": 2,
        "0.080952": 2,
        "0.108442": 2,
        "0.326984": 2,
        "0.043403": 2,
        "0.53125": 2,
        "0.015152": 2,
        "0.302521": 2,
        "0.288462": 2,
        "0.076923": 2,
        "0.073333": 2,
        "0.027143": 2,
        "0.083868": 2,
        "0.097959": 2,
        "0.05679": 2,
        "0.013333": 2,
        "0.237037": 2,
        "0.335227": 2,
        "0.683333": 2,
        "0.060417": 2,
        "0.213889": 2,
        "0.20202": 2,
        "0.471795": 2,
        "0.069231": 2,
        "0.645833": 2,
        "0.077551": 2,
        "0.048553": 2,
        "0.6875": 2,
        "0.52381": 2,
        "0.340278": 2,
        "0.409091": 2,
        "0.091667": 2,
        "0.585859": 2,
        "0.090278": 2,
        "0.1125": 2,
        "0.367347": 2,
        "0.043956": 2,
        "0.692308": 2,
        "0.938462": 2,
        "0.736842": 2,
        "0.544444": 2,
        "0.132426": 2,
        "0.565657": 2,
        "0.067347": 2,
        "0.914286": 2,
        "0.68": 2,
        "0.6125": 2,
        "0.736667": 2,
        "0.079121": 2,
        "0.339286": 2,
        "0.054546": 2,
        "0.72": 2,
        "0.314286": 2,
        "0.016807": 2,
        "0.045833": 2,
        "0.021739": 2,
        "0.065": 2,
        "0.538462": 2,
        "0.707692": 2,
        "0.052893": 2,
        "0.010582": 2,
        "0.086957": 2,
        "0.106061": 2,
        "0.227273": 2,
        "0.013605": 2,
        "0.066204": 2,
        "0.06737": 2,
        "0.085119": 2,
        "0.243981": 2,
        "0.570833": 2,
        "0.787037": 2,
        "0.013072": 2,
        "0.145833": 2,
        "0.637363": 2,
        "0.361111": 2,
        "0.085227": 2,
        "0.065625": 2,
        "0.314531": 2,
        "0.311688": 2,
        "0.677778": 2,
        "0.612245": 2,
        "0.3625": 2,
        "0.063889": 2,
        "0.109091": 2,
        "0.272727": 2,
        "0.278159": 2,
        "0.228571": 2,
        "0.012346": 2,
        "0.286364": 2,
        "0.01": 2,
        "0.518519": 2,
        "0.12": 2,
        "0.107143": 2,
        "0.805556": 2,
        "0.056566": 2,
        "0.052381": 2,
        "0.296667": 2,
        "0.177778": 2,
        "0.303571": 2,
        "0.064646": 2,
        "0.165657": 2,
        "0.236111": 2,
        "0.366667": 2,
        "0.82": 2,
        "0.65625": 2,
        "0.243056": 2,
        "0.225": 2,
        "0.075214": 2,
        "0.653458": 2,
        "0.580357": 2,
        "0.433333": 2,
        "0.298137": 2,
        "0.033274": 2,
        "0.283333": 2,
        "0.2625": 2,
        "0.4375": 2,
        "0.093827": 2,
        "0.755556": 2,
        "0.291358": 2,
        "0.028646": 2,
        "0.076389": 2,
        "0.37619": 2,
        "0.061364": 1,
        "0.085055": 1,
        "0.063272": 1,
        "0.044092": 1,
        "0.335017": 1,
        "0.030688": 1,
        "0.287919": 1,
        "0.064815": 1,
        "0.051515": 1,
        "0.258333": 1,
        "0.08547": 1,
        "0.128571": 1,
        "0.046875": 1,
        "0.301587": 1,
        "0.073232": 1,
        "0.466667": 1,
        "0.049383": 1,
        "0.039506": 1,
        "0.065385": 1,
        "0.095385": 1,
        "0.341111": 1,
        "0.081842": 1,
        "0.113158": 1,
        "0.107407": 1,
        "0.043939": 1,
        "0.0525": 1,
        "0.252083": 1,
        "0.065909": 1,
        "0.107563": 1,
        "0.331731": 1,
        "0.475": 1,
        "0.077083": 1,
        "0.084091": 1,
        "0.288986": 1,
        "0.457516": 1,
        "0.041026": 1,
        "0.253333": 1,
        "0.094697": 1,
        "0.067857": 1,
        "0.107692": 1,
        "0.35119": 1,
        "0.730159": 1,
        "0.216667": 1,
        "0.143732": 1,
        "0.230303": 1,
        "0.203509": 1,
        "0.053338": 1,
        "0.26": 1,
        "0.421703": 1,
        "0.403846": 1,
        "0.118182": 1,
        "0.438776": 1,
        "0.055882": 1,
        "0.058571": 1,
        "0.10641": 1,
        "0.104618": 1,
        "0.080247": 1,
        "0.065534": 1,
        "0.808712": 1,
        "0.268531": 1,
        "0.238384": 1,
        "0.09": 1,
        "0.036975": 1,
        "0.293651": 1,
        "0.566667": 1,
        "0.058879": 1,
        "0.309957": 1,
        "0.231169": 1,
        "0.076191": 1,
        "0.11746": 1,
        "0.516667": 1,
        "0.07": 1,
        "0.63114": 1,
        "0.046429": 1,
        "0.060318": 1,
        "0.106935": 1,
        "0.062678": 1,
        "0.2546": 1,
        "0.059091": 1,
        "0.269968": 1,
        "0.234722": 1,
        "0.076364": 1,
        "0.751748": 1,
        "0.665047": 1,
        "0.544379": 1,
        "0.553846": 1,
        "0.705882": 1,
        "0.034392": 1,
        "0.470588": 1,
        "0.04381": 1,
        "0.631579": 1,
        "0.126364": 1,
        "0.05035": 1,
        "0.084849": 1,
        "0.086325": 1,
        "0.047727": 1,
        "0.029932": 1,
        "0.037088": 1,
        "0.048148": 1,
        "0.04155": 1,
        "0.358974": 1,
        "0.274848": 1,
        "0.057516": 1,
        "0.098402": 1,
        "0.319328": 1,
        "0.155556": 1,
        "0.232468": 1,
        "0.578947": 1,
        "0.074333": 1,
        "0.445455": 1,
        "0.944444": 1,
        "0.286226": 1,
        "0.22": 1,
        "0.298182": 1,
        "0.711538": 1,
        "0.264646": 1,
        "0.078125": 1,
        "0.348571": 1,
        "0.73913": 1,
        "0.803571": 1,
        "0.041429": 1,
        "0.294872": 1,
        "0.108135": 1,
        "0.380165": 1,
        "0.746032": 1,
        "0.169444": 1,
        "0.515625": 1,
        "0.11358": 1,
        "0.033069": 1,
        "0.384127": 1,
        "0.108547": 1,
        "0.82963": 1,
        "0.444643": 1,
        "0.127778": 1,
        "0.025794": 1,
        "0.126144": 1,
        "0.412879": 1,
        "0.453571": 1,
        "0.116162": 1,
        "0.075702": 1,
        "0.264286": 1,
        "0.389904": 1,
        "0.281481": 1,
        "0.162482": 1,
        "0.028159": 1,
        "0.026984": 1,
        "0.059259": 1,
        "0.122424": 1,
        "0.14": 1,
        "0.085069": 1,
        "0.081482": 1,
        "0.72619": 1,
        "0.069475": 1,
        "0.60119": 1,
        "0.226852": 1,
        "0.161429": 1,
        "0.103333": 1,
        "0.247475": 1,
        "0.293544": 1,
        "0.083025": 1,
        "0.157099": 1,
        "0.033613": 1,
        "0.325": 1,
        "0.048701": 1,
        "0.146623": 1,
        "0.278632": 1,
        "0.536111": 1,
        "0.372549": 1,
        "0.076282": 1,
        "0.092064": 1,
        "0.519608": 1,
        "0.034188": 1,
        "0.444196": 1,
        "0.377622": 1,
        "0.168946": 1,
        "0.036508": 1,
        "0.124501": 1,
        "0.424107": 1,
        "0.34375": 1,
        "0.490079": 1,
        "0.227751": 1,
        "0.164103": 1,
        "0.096825": 1,
        "0.459259": 1,
        "0.055128": 1,
        "0.300752": 1,
        "0.060714": 1,
        "0.619376": 1,
        "0.308442": 1,
        "0.32967": 1,
        "0.66405": 1,
        "0.034722": 1,
        "0.295455": 1,
        "0.26303": 1,
        "0.284615": 1,
        "0.254321": 1,
        "0.284848": 1,
        "0.395833": 1,
        "0.136667": 1,
        "0.212121": 1,
        "0.44": 1,
        "0.07265": 1,
        "0.426389": 1,
        "0.589947": 1,
        "0.782051": 1,
        "0.048878": 1,
        "0.076667": 1,
        "0.713889": 1,
        "0.471429": 1,
        "0.472727": 1,
        "0.663265": 1,
        "0.575": 1,
        "0.584416": 1,
        "0.528846": 1,
        "0.063462": 1,
        "0.397959": 1,
        "0.404082": 1,
        "0.585714": 1,
        "0.179487": 1,
        "0.084501": 1,
        "0.27619": 1,
        "0.13869": 1,
        "0.442857": 1,
        "0.45679": 1,
        "0.032738": 1,
        "0.468571": 1,
        "0.034091": 1,
        "0.028758": 1,
        "0.091146": 1,
        "0.049554": 1,
        "0.060847": 1,
        "0.101641": 1,
        "0.756672": 1,
        "0.674603": 1,
        "0.050526": 1,
        "0.034428": 1,
        "0.207368": 1,
        "0.255238": 1,
        "0.57716": 1,
        "0.415385": 1,
        "0.039706": 1,
        "0.062338": 1,
        "0.419216": 1,
        "0.315625": 1,
        "0.242593": 1,
        "0.547222": 1,
        "0.108333": 1,
        "0.289141": 1,
        "0.249034": 1,
        "0.0925": 1,
        "0.387121": 1,
        "0.0831": 1,
        "0.087054": 1,
        "0.210152": 1,
        "0.285185": 1,
        "0.08415": 1,
        "0.314706": 1,
        "0.153846": 1,
        "0.279739": 1,
        "0.06875": 1,
        "0.261438": 1,
        "0.413333": 1,
        "0.186667": 1,
        "0.425": 1,
        "0.538776": 1,
        "0.867647": 1,
        "0.102021": 1,
        "0.203535": 1,
        "0.654545": 1,
        "0.801768": 1,
        "0.946429": 1,
        "0.145455": 1,
        "0.066239": 1,
        "0.193182": 1,
        "0.201362": 1,
        "0.219668": 1,
        "0.198485": 1,
        "0.862179": 1,
        "0.54359": 1,
        "0.74359": 1,
        "0.057234": 1,
        "0.607639": 1,
        "0.108571": 1,
        "0.916667": 1,
        "0.722944": 1,
        "0.710714": 1,
        "0.468254": 1,
        "0.618182": 1,
        "0.437229": 1,
        "0.686869": 1,
        "0.104762": 1,
        "0.427778": 1,
        "0.884615": 1,
        "0.895833": 1,
        "0.564815": 1,
        "0.325238": 1,
        "0.652381": 1,
        "0.583516": 1,
        "0.770408": 1,
        "0.334934": 1,
        "0.543091": 1,
        "0.809917": 1,
        "0.049603": 1,
        "0.495726": 1,
        "0.101099": 1,
        "0.749084": 1,
        "0.077922": 1,
        "0.279167": 1,
        "0.035131": 1,
        "0.865385": 1,
        "0.779221": 1,
        "0.211765": 1,
        "0.08718": 1,
        "0.351852": 1,
        "0.049832": 1,
        "0.100794": 1,
        "0.105442": 1,
        "0.158333": 1,
        "0.18544": 1,
        "0.192308": 1,
        "0.348485": 1,
        "0.682143": 1,
        "0.324786": 1,
        "0.121429": 1,
        "0.101876": 1,
        "0.103175": 1,
        "0.083774": 1,
        "0.494372": 1,
        "0.559091": 1,
        "0.286869": 1,
        "0.753086": 1,
        "0.236264": 1,
        "0.347826": 1,
        "0.09537": 1,
        "0.010256": 1,
        "0.312963": 1,
        "0.753247": 1,
        "0.54902": 1,
        "0.090476": 1,
        "0.187658": 1,
        "0.250617": 1,
        "0.444898": 1,
        "0.55102": 1,
        "0.406139": 1,
        "0.25463": 1,
        "0.370833": 1,
        "0.885714": 1,
        "0.681481": 1,
        "0.046274": 1,
        "0.096875": 1,
        "0.010989": 1,
        "0.072222": 1,
        "0.396853": 1,
        "0.07395": 1,
        "0.635714": 1,
        "0.04898": 1,
        "0.2125": 1,
        "0.503902": 1,
        "0.66": 1,
        "0.262626": 1,
        "0.08125": 1,
        "0.454286": 1,
        "0.068946": 1,
        "0.09375": 1,
        "0.114583": 1,
        "0.08052": 1,
        "0.108213": 1,
        "0.011111": 1,
        "0.092857": 1,
        "0.26087": 1,
        "0.062996": 1,
        "0.075232": 1,
        "0.197566": 1,
        "0.214286": 1,
        "0.02967": 1,
        "0.547619": 1,
        "0.026667": 1,
        "0.269136": 1,
        "0.041558": 1,
        "0.404945": 1,
        "0.097692": 1,
        "0.140278": 1,
        "0.596875": 1,
        "0.01732": 1,
        "0.396694": 1,
        "0.317949": 1,
        "0.03054": 1,
        "0.005865": 1,
        "0.029101": 1,
        "0.313725": 1,
        "0.17029": 1,
        "0.11294": 1,
        "0.1875": 1,
        "0.415873": 1,
        "0.703704": 1,
        "0.436364": 1,
        "0.559524": 1,
        "0.344231": 1,
        "0.514286": 1,
        "0.223485": 1,
        "0.032813": 1,
        "0.118519": 1,
        "0.318182": 1,
        "0.575824": 1,
        "0.290649": 1,
        "0.04152": 1,
        "0.469136": 1,
        "0.039394": 1,
        "0.105844": 1,
        "0.646154": 1,
        "0.048209": 1,
        "0.280449": 1,
        "0.094276": 1,
        "0.869048": 1,
        "0.31358": 1,
        "0.752663": 1,
        "0.107778": 1,
        "0.287393": 1,
        "0.09798": 1,
        "0.242284": 1,
        "0.079487": 1,
        "0.134694": 1,
        "0.072214": 1,
        "0.092641": 1,
        "0.045788": 1,
        "0.047009": 1,
        "0.595029": 1,
        "0.139254": 1,
        "0.072174": 1,
        "0.782517": 1,
        "0.074879": 1,
        "0.119298": 1,
        "0.175748": 1,
        "0.060606": 1,
        "0.063312": 1,
        "0.142177": 1,
        "0.216793": 1,
        "0.318881": 1,
        "0.517094": 1,
        "0.407407": 1,
        "0.414286": 1,
        "0.047222": 1,
        "0.337255": 1,
        "0.045098": 1,
        "0.088089": 1,
        "0.058081": 1,
        "0.042484": 1,
        "0.4125": 1,
        "0.060897": 1,
        "0.590456": 1,
        "0.087088": 1,
        "0.506173": 1,
        "0.061225": 1,
        "0.093537": 1,
        "0.897902": 1,
        "0.399669": 1,
        "0.012821": 1,
        "0.147727": 1,
        "0.654286": 1,
        "0.571795": 1,
        "0.116667": 1,
        "0.238889": 1,
        "0.261538": 1,
        "0.421053": 1,
        "0.682051": 1,
        "0.072917": 1,
        "0.412121": 1,
        "0.084615": 1,
        "0.053724": 1,
        "0.097222": 1,
        "0.472527": 1,
        "0.782609": 1,
        "0.845238": 1,
        "0.692857": 1,
        "0.734615": 1,
        "0.229365": 1,
        "0.286667": 1,
        "0.558333": 1,
        "0.304286": 1,
        "0.068889": 1,
        "0.057692": 1,
        "0.141176": 1,
        "0.043478": 1,
        "0.159091": 1,
        "0.84375": 1,
        "0.511111": 1,
        "0.046154": 1,
        "0.051893": 1,
        "0.322222": 1,
        "0.030449": 1,
        "0.146032": 1,
        "0.073701": 1,
        "0.219697": 1,
        "0.065851": 1,
        "0.046296": 1,
        "0.051136": 1,
        "0.042593": 1,
        "0.229545": 1,
        "0.572917": 1,
        "0.292398": 1,
        "0.184211": 1,
        "0.376812": 1,
        "0.157895": 1,
        "0.052632": 1,
        "0.157407": 1,
        "0.410256": 1,
        "0.046176": 1,
        "0.67": 1,
        "0.513889": 1,
        "0.106238": 1,
        "0.278788": 1,
        "0.176518": 1,
        "0.206061": 1,
        "0.09697": 1,
        "0.021307": 1,
        "0.037296": 1,
        "0.644444": 1,
        "0.148575": 1,
        "0.089744": 1,
        "0.359373": 1,
        "0.568421": 1,
        "0.303333": 1,
        "0.0233": 1,
        "0.068681": 1,
        "0.494118": 1,
        "0.215716": 1,
        "0.098214": 1,
        "0.246667": 1,
        "0.628205": 1,
        "0.105128": 1,
        "0.483516": 1,
        "0.661404": 1,
        "0.033144": 1,
        "0.048571": 1,
        "0.579545": 1,
        "0.063529": 1,
        "0.557692": 1,
        "0.017544": 1,
        "0.12963": 1,
        "0.19359": 1,
        "0.028083": 1,
        "0.104348": 1,
        "0.057083": 1,
        "0.129808": 1,
        "0.008929": 1,
        "0.135534": 1,
        "0.041313": 1,
        "0.241667": 1,
        "0.010417": 1,
        "0.08642": 1,
        "0.048077": 1,
        "0.009569": 1,
        "0.009662": 1,
        "0.079762": 1,
        "0.077718": 1,
        "0.393939": 1,
        "0.068571": 1,
        "0.365278": 1,
        "0.061722": 1,
        "0.065609": 1,
        "0.114957": 1,
        "0.122549": 1,
        "0.033058": 1,
        "0.097826": 1,
        "0.097619": 1,
        "0.054422": 1,
        "0.008547": 1,
        "0.103297": 1,
        "0.080357": 1,
        "0.028929": 1,
        "0.148539": 1,
        "0.078373": 1,
        "0.096667": 1,
        "0.152882": 1,
        "0.063368": 1,
        "0.078431": 1,
        "0.054286": 1,
        "0.099206": 1,
        "0.290909": 1,
        "0.248924": 1,
        "0.059659": 1,
        "0.346939": 1,
        "0.07037": 1,
        "0.099762": 1,
        "0.128": 1,
        "0.012939": 1,
        "0.185185": 1,
        "0.123879": 1,
        "0.373206": 1,
        "0.086667": 1,
        "0.21875": 1,
        "0.056277": 1,
        "0.190476": 1,
        "0.014493": 1,
        "0.239394": 1,
        "0.273333": 1,
        "0.22381": 1,
        "0.113636": 1,
        "0.654762": 1,
        "0.081633": 1,
        "0.87037": 1,
        "0.00625": 1,
        "0.105983": 1,
        "0.120758": 1,
        "0.045238": 1,
        "0.0125": 1,
        "0.06502": 1,
        "0.012987": 1,
        "0.102222": 1,
        "0.109458": 1,
        "0.48623": 1,
        "0.138158": 1,
        "0.098485": 1,
        "0.15846": 1,
        "0.104286": 1,
        "0.028167": 1,
        "0.173333": 1,
        "0.038961": 1,
        "0.02963": 1,
        "0.589798": 1,
        "0.420746": 1,
        "0.356303": 1,
        "0.040714": 1,
        "0.712121": 1,
        "0.203175": 1,
        "0.063492": 1,
        "0.610417": 1,
        "0.136489": 1,
        "0.37037": 1,
        "0.464286": 1,
        "0.255556": 1,
        "0.123333": 1,
        "0.245238": 1,
        "0.032258": 1,
        "0.142857": 1,
        "0.007843": 1,
        "0.240385": 1,
        "0.602041": 1,
        "0.027184": 1,
        "0.349451": 1,
        "0.140909": 1,
        "0.230435": 1,
        "0.125875": 1,
        "0.041847": 1,
        "0.257143": 1,
        "0.15812": 1,
        "0.261364": 1,
        "0.385965": 1,
        "0.293403": 1,
        "0.534091": 1,
        "0.193254": 1,
        "0.173913": 1,
        "0.118845": 1,
        "0.36095": 1,
        "0.629348": 1,
        "0.645614": 1,
        "0.296639": 1,
        "0.09246": 1,
        "0.023016": 1,
        "0.068966": 1,
        "0.766667": 1
    },
    "nrows": 34465
}