{
    "column_id": "IMDB_IJS/roles.csvroles.csv/movie_id",
    "dataset_name": "roles.csv",
    "dataset_id": "IMDB_IJS/roles.csv",
    "path": "/home/ubuntu/CatDB/Experiments/data/IMDB_IJS/roles.csv",
    "table_name": "roles.csv",
    "table_id": "IMDB_IJS/roles.csvroles.csv",
    "column_name": "movie_id",
    "data_source": "IMDB_IJS",
    "data_type": "int",
    "total_values_count": 3431966,
    "distinct_values_count": 300252,
    "missing_values_count": 0,
    "true_ratio": null,
    "min_value": 0.0,
    "max_value": 412319.0,
    "mean": 211557.743600024,
    "median": 211982.0,
    "iqr": 211365.0,
    "category_values": null,
    "embedding": [
        -1.0,
        -1.0,
        -1.0,
        1.0,
        -1.0,
        1.0,
        -1.0,
        -1.0,
        -0.9999911785125732,
        -1.0,
        1.0,
        -1.0,
        -1.0,
        1.0,
        1.0,
        1.0,
        1.0,
        -1.0,
        1.0,
        -1.0,
        1.0,
        -1.0,
        1.0,
        -1.0,
        1.0,
        -1.0,
        -1.0,
        1.0,
        -1.0,
        -1.0,
        1.0,
        1.0,
        -1.0,
        -1.0,
        -1.0,
        1.0,
        -1.0,
        1.0,
        1.0,
        -1.0,
        -1.0,
        1.0,
        -1.0,
        -1.0,
        -1.0,
        -1.0,
        1.0,
        -1.0,
        -0.9999879598617554,
        -0.8209139108657837,
        -1.0,
        1.0,
        0.9999948740005493,
        1.0,
        -1.0,
        1.0,
        1.0,
        1.0,
        -1.0,
        0.9937530159950256,
        -1.0,
        -1.0,
        1.0,
        -1.0,
        1.0,
        -1.0,
        1.0,
        -1.0,
        1.0,
        1.0,
        1.0,
        -1.0,
        -1.0,
        -1.0,
        -1.0,
        1.0,
        1.0,
        1.0,
        1.0,
        1.0,
        0.9999867081642151,
        1.0,
        1.0,
        -1.0,
        -1.0,
        1.0,
        -1.0,
        1.0,
        1.0,
        1.0,
        -0.9999968409538269,
        1.0,
        1.0,
        -1.0,
        1.0,
        -1.0,
        1.0,
        -1.0,
        -1.0,
        -1.0,
        -0.9923609495162964,
        -1.0,
        1.0,
        -1.0,
        -1.0,
        1.0,
        1.0,
        1.0,
        -1.0,
        -1.0,
        1.0,
        -1.0,
        -1.0,
        1.0,
        1.0,
        1.0,
        1.0,
        1.0,
        1.0,
        -1.0,
        -1.0,
        1.0,
        -1.0,
        -1.0,
        0.9999983906745911,
        -1.0,
        -1.0,
        -0.9999712109565735,
        -1.0,
        1.0,
        -1.0,
        1.0,
        -1.0,
        -1.0,
        1.0,
        -1.0,
        -1.0,
        1.0,
        1.0,
        -1.0,
        1.0,
        1.0,
        1.0,
        -0.9999987483024597,
        1.0,
        -1.0,
        1.0,
        -1.0,
        -1.0,
        -1.0,
        0.9999884366989136,
        -1.0,
        1.0,
        -1.0,
        1.0,
        -1.0,
        1.0,
        -1.0,
        1.0,
        -1.0,
        -1.0,
        1.0,
        -1.0,
        -1.0,
        1.0,
        -1.0,
        1.0,
        -1.0,
        -1.0,
        -1.0,
        -1.0,
        -1.0,
        1.0,
        1.0,
        -1.0,
        -1.0,
        1.0,
        -1.0,
        -1.0,
        -1.0,
        1.0,
        -1.0,
        -1.0,
        -1.0,
        1.0,
        -1.0,
        1.0,
        -1.0,
        -1.0,
        -1.0,
        1.0,
        1.0,
        1.0,
        1.0,
        -1.0,
        -1.0,
        1.0,
        -1.0,
        -1.0,
        1.0,
        -1.0,
        1.0,
        -1.0,
        -1.0,
        -1.0,
        -1.0,
        1.0,
        1.0,
        -1.0,
        -1.0,
        -1.0,
        1.0,
        -1.0,
        -1.0,
        -1.0,
        1.0,
        -1.0,
        1.0,
        -1.0,
        -1.0,
        1.0,
        -1.0,
        -1.0,
        1.0,
        -0.9999939203262329,
        -0.8185442090034485,
        1.0,
        -1.0,
        -1.0,
        -1.0,
        1.0,
        -1.0,
        1.0,
        -1.0,
        -1.0,
        1.0,
        -1.0,
        1.0,
        1.0,
        -0.9999802112579346,
        1.0,
        -0.7995352745056152,
        1.0,
        -1.0,
        1.0,
        1.0,
        -1.0,
        -1.0,
        -1.0,
        1.0,
        1.0,
        1.0,
        -1.0,
        -1.0,
        -1.0,
        1.0,
        1.0,
        -1.0,
        -1.0,
        -1.0,
        1.0,
        1.0,
        1.0,
        -1.0,
        1.0,
        -1.0,
        -1.0,
        -1.0,
        1.0,
        1.0,
        -0.9921404123306274,
        -1.0,
        -1.0,
        1.0,
        -1.0,
        1.0,
        1.0,
        1.0,
        1.0,
        1.0,
        1.0,
        -1.0,
        1.0,
        0.9999998807907104,
        1.0,
        -1.0,
        -1.0,
        1.0,
        -1.0,
        -1.0,
        -1.0,
        1.0,
        -1.0,
        -1.0,
        -1.0,
        -1.0,
        -1.0,
        1.0,
        1.0,
        0.999996542930603
    ],
    "embedding_scaling_factor": 45.126319885253906,
    "samples": [
        214231,
        305140,
        87222,
        361350,
        383363,
        204854,
        340565,
        5800,
        80316,
        400616,
        31140,
        191409,
        6133,
        46427,
        380713,
        380391,
        85924,
        156087,
        146752,
        386725,
        180253,
        411549,
        247492,
        370066,
        150615,
        264926,
        19323,
        231607,
        90153,
        378127,
        135313,
        382513,
        290855,
        379834,
        239601,
        387309,
        362428,
        273222,
        266349,
        325978,
        356912,
        42296,
        398478,
        399266,
        385444,
        259221,
        157284,
        286868,
        390037,
        26597,
        251185,
        40297,
        15015,
        322754,
        54821,
        274620,
        395647,
        329429,
        290570,
        289417,
        304841,
        290148,
        73732,
        148260,
        125659,
        80510,
        378685,
        276838,
        114144,
        135290,
        107742,
        119071,
        199872,
        397547,
        281937,
        49306,
        384131,
        163590,
        373563,
        344672,
        284796,
        412067,
        335184,
        199936,
        204662,
        406244,
        358439,
        203584,
        394778,
        212051,
        267640,
        409471,
        395991,
        14966,
        70224,
        340580,
        168636,
        38408,
        382838,
        410953
    ],
    "category_values_ratio": null,
    "nrows": 3431966
}