{
    "column_id": "Lahman-2014/pitching.csvpitching.csv/yearID",
    "dataset_name": "pitching.csv",
    "dataset_id": "Lahman-2014/pitching.csv",
    "path": "/home/ubuntu/CatDB/Experiments/data/Lahman-2014/pitching.csv",
    "table_name": "pitching.csv",
    "table_id": "Lahman-2014/pitching.csvpitching.csv",
    "column_name": "yearID",
    "data_source": "Lahman-2014",
    "data_type": "int",
    "total_values_count": 39361,
    "distinct_values_count": 142,
    "missing_values_count": 0,
    "true_ratio": null,
    "min_value": 1871.0,
    "max_value": 2012.0,
    "mean": 1962.471456517873,
    "median": 1971.0,
    "iqr": 59.0,
    "category_values": [
        2004,
        2006,
        2007,
        2008,
        2009,
        2010,
        2012,
        1977,
        1978,
        1979,
        1980,
        1981,
        1982,
        1984,
        1985,
        1986,
        1987,
        1988,
        1989,
        1990,
        1892,
        1893,
        1894,
        1895,
        1896,
        1890,
        1973,
        1974,
        1975,
        1976,
        1983,
        1991,
        1992,
        1993,
        1994,
        1995,
        1996,
        1998,
        1999,
        2000,
        2001,
        2002,
        2003,
        1950,
        1953,
        1954,
        1955,
        1956,
        1957,
        1952,
        1942,
        1943,
        1944,
        1960,
        1963,
        1964,
        1965,
        1966,
        1967,
        1968,
        1969,
        1970,
        1971,
        1972,
        1946,
        1947,
        1905,
        1909,
        1911,
        1923,
        2005,
        2011,
        1997,
        1958,
        1959,
        1920,
        1921,
        1922,
        1941,
        1945,
        1906,
        1907,
        1910,
        1912,
        1913,
        1914,
        1915,
        1916,
        1918,
        1919,
        1924,
        1925,
        1926,
        1931,
        1932,
        1902,
        1949,
        1903,
        1928,
        1929,
        1961,
        1962,
        1917,
        1927,
        1930,
        1937,
        1933,
        1934,
        1935,
        1936,
        1938,
        1939,
        1940,
        1883,
        1887,
        1888,
        1878,
        1951,
        1898,
        1904,
        1908,
        1897,
        1889,
        1948,
        1884,
        1875,
        1882,
        1886,
        1899,
        1900,
        1891,
        1901,
        1885,
        1876,
        1877,
        1871,
        1873,
        1874,
        1872,
        1879,
        1880,
        1881
    ],
    "embedding": [
        -1.0,
        -1.0,
        -1.0,
        1.0,
        -1.0,
        1.0,
        -1.0,
        -1.0,
        -1.0,
        -1.0,
        1.0,
        -1.0,
        -1.0,
        1.0,
        1.0,
        1.0,
        1.0,
        -1.0,
        1.0,
        -1.0,
        1.0,
        -1.0,
        1.0,
        -1.0,
        1.0,
        -1.0,
        -1.0,
        1.0,
        -1.0,
        -1.0,
        1.0,
        1.0,
        -1.0,
        -1.0,
        -1.0,
        1.0,
        -1.0,
        1.0,
        1.0,
        -1.0,
        -1.0,
        1.0,
        -1.0,
        -1.0,
        -1.0,
        -1.0,
        1.0,
        -1.0,
        -1.0,
        -0.9926760196685791,
        -1.0,
        1.0,
        1.0,
        1.0,
        -1.0,
        1.0,
        1.0,
        1.0,
        -1.0,
        0.9999358057975769,
        -1.0,
        -1.0,
        1.0,
        -1.0,
        1.0,
        -1.0,
        1.0,
        -1.0,
        1.0,
        1.0,
        1.0,
        -1.0,
        -1.0,
        -1.0,
        -1.0,
        1.0,
        1.0,
        1.0,
        1.0,
        1.0,
        1.0,
        1.0,
        1.0,
        -1.0,
        -1.0,
        1.0,
        -1.0,
        1.0,
        1.0,
        1.0,
        -1.0,
        1.0,
        1.0,
        -1.0,
        1.0,
        -1.0,
        1.0,
        -1.0,
        -1.0,
        -1.0,
        -0.9989274740219116,
        -1.0,
        1.0,
        -1.0,
        -1.0,
        1.0,
        1.0,
        1.0,
        -1.0,
        -1.0,
        1.0,
        -1.0,
        -1.0,
        1.0,
        1.0,
        1.0,
        1.0,
        1.0,
        1.0,
        -1.0,
        -1.0,
        1.0,
        -1.0,
        -1.0,
        1.0,
        -1.0,
        -1.0,
        -1.0,
        -1.0,
        1.0,
        -1.0,
        1.0,
        -1.0,
        -1.0,
        1.0,
        -1.0,
        -1.0,
        1.0,
        1.0,
        -1.0,
        1.0,
        1.0,
        1.0,
        -1.0,
        1.0,
        -1.0,
        1.0,
        -1.0,
        -1.0,
        -1.0,
        1.0,
        -1.0,
        1.0,
        -1.0,
        1.0,
        -1.0,
        1.0,
        -1.0,
        1.0,
        -1.0,
        -1.0,
        1.0,
        -1.0,
        -1.0,
        1.0,
        -1.0,
        1.0,
        -1.0,
        -1.0,
        -1.0,
        -1.0,
        -1.0,
        1.0,
        1.0,
        -1.0,
        -1.0,
        1.0,
        -1.0,
        -1.0,
        -1.0,
        1.0,
        -1.0,
        -1.0,
        -1.0,
        1.0,
        -1.0,
        1.0,
        -1.0,
        -1.0,
        -1.0,
        1.0,
        1.0,
        1.0,
        1.0,
        -1.0,
        -1.0,
        1.0,
        -1.0,
        -1.0,
        1.0,
        -1.0,
        1.0,
        -1.0,
        -1.0,
        -1.0,
        -1.0,
        1.0,
        1.0,
        -1.0,
        -1.0,
        -1.0,
        1.0,
        -1.0,
        -1.0,
        -1.0,
        1.0,
        -1.0,
        1.0,
        -1.0,
        -1.0,
        1.0,
        -1.0,
        -1.0,
        1.0,
        -1.0,
        -0.9930536150932312,
        1.0,
        -1.0,
        -1.0,
        -1.0,
        1.0,
        -1.0,
        1.0,
        -1.0,
        -1.0,
        1.0,
        -1.0,
        1.0,
        1.0,
        -1.0,
        1.0,
        -0.9847180843353271,
        1.0,
        -1.0,
        1.0,
        1.0,
        -1.0,
        -1.0,
        -1.0,
        1.0,
        1.0,
        1.0,
        -1.0,
        -1.0,
        -1.0,
        1.0,
        1.0,
        -1.0,
        -1.0,
        -1.0,
        1.0,
        1.0,
        1.0,
        -1.0,
        1.0,
        -1.0,
        -1.0,
        -1.0,
        1.0,
        1.0,
        -0.9993273019790649,
        -1.0,
        -1.0,
        1.0,
        -1.0,
        1.0,
        1.0,
        1.0,
        1.0,
        1.0,
        1.0,
        -1.0,
        1.0,
        1.0,
        1.0,
        -1.0,
        -1.0,
        1.0,
        -1.0,
        -1.0,
        -1.0,
        1.0,
        -1.0,
        -1.0,
        -1.0,
        -1.0,
        -1.0,
        1.0,
        1.0,
        1.0
    ],
    "embedding_scaling_factor": 2.32583829529176e-06,
    "samples": [
        1993,
        1945,
        2000,
        1964,
        1983,
        1933,
        1923,
        1994,
        2004,
        1933,
        1955,
        1884,
        2004,
        1910,
        2007,
        1983,
        1906,
        1937,
        1938,
        1923,
        1993,
        2004,
        1924,
        1959,
        1990,
        1997,
        1986,
        1989,
        1911,
        1911,
        1978,
        1886,
        1991,
        1993,
        1978,
        1939,
        1980,
        2002,
        1938,
        1933,
        1918,
        1999,
        1987,
        1971,
        1995,
        1987,
        1994,
        1988,
        1928,
        1979,
        1998,
        2006,
        1888,
        1974,
        1999,
        1998,
        1911,
        1996,
        1923,
        1914,
        1910,
        1905,
        1993,
        1957,
        1941,
        2000,
        1964,
        1979,
        1981,
        1913,
        1982,
        1991,
        2000,
        1942,
        1982,
        2005,
        1898,
        1956,
        1910,
        1964,
        1913,
        1970,
        1998,
        1880,
        1884,
        1939,
        1911,
        1985,
        2002,
        1997,
        2002,
        2007,
        1945,
        1902,
        2007,
        1888,
        1990,
        1954,
        2010,
        1988
    ],
    "category_values_ratio": {
        "2004": 680,
        "2000": 677,
        "2003": 676,
        "2002": 659,
        "2005": 654,
        "2001": 652,
        "1999": 641,
        "1998": 624,
        "1995": 619,
        "1997": 594,
        "1996": 592,
        "2006": 565,
        "1993": 555,
        "1990": 520,
        "1991": 499,
        "1994": 492,
        "2007": 490,
        "1989": 489,
        "1992": 474,
        "1987": 469,
        "1988": 461,
        "1986": 453,
        "1985": 438,
        "1979": 418,
        "1984": 415,
        "1983": 415,
        "1977": 414,
        "1969": 404,
        "1970": 403,
        "2008": 402,
        "1982": 402,
        "1980": 392,
        "1978": 391,
        "1981": 374,
        "1975": 368,
        "1972": 367,
        "1974": 365,
        "1973": 362,
        "1971": 361,
        "2009": 352,
        "1976": 349,
        "1966": 345,
        "1967": 343,
        "1964": 337,
        "1962": 331,
        "1965": 320,
        "1963": 319,
        "1915": 309,
        "1968": 306,
        "1946": 292,
        "1914": 283,
        "1961": 281,
        "1958": 279,
        "1955": 279,
        "2010": 274,
        "1956": 268,
        "1957": 267,
        "1959": 266,
        "1952": 259,
        "1960": 257,
        "1912": 252,
        "1939": 250,
        "1947": 250,
        "1950": 249,
        "1948": 249,
        "1945": 249,
        "1951": 246,
        "1941": 246,
        "1953": 240,
        "1954": 240,
        "1943": 239,
        "1913": 239,
        "1884": 236,
        "1944": 234,
        "1940": 232,
        "1942": 229,
        "1938": 228,
        "1924": 228,
        "1911": 227,
        "1936": 226,
        "1949": 225,
        "1927": 225,
        "1919": 225,
        "1937": 223,
        "1928": 219,
        "1934": 218,
        "1925": 217,
        "1909": 216,
        "1935": 216,
        "1930": 214,
        "1929": 214,
        "1923": 214,
        "1920": 213,
        "1918": 212,
        "1922": 212,
        "1921": 211,
        "1932": 211,
        "1910": 211,
        "2011": 210,
        "1890": 210,
        "1926": 208,
        "1916": 198,
        "1933": 197,
        "1931": 194,
        "1902": 187,
        "2012": 187,
        "1908": 183,
        "1917": 179,
        "1907": 173,
        "1906": 165,
        "1903": 155,
        "1901": 153,
        "1905": 146,
        "1891": 144,
        "1886": 141,
        "1904": 139,
        "1887": 137,
        "1899": 130,
        "1894": 129,
        "1889": 129,
        "1888": 121,
        "1885": 117,
        "1898": 116,
        "1895": 115,
        "1896": 114,
        "1892": 110,
        "1893": 110,
        "1897": 103,
        "1883": 92,
        "1882": 74,
        "1900": 72,
        "1875": 47,
        "1876": 34,
        "1880": 33,
        "1881": 31,
        "1879": 26,
        "1873": 25,
        "1872": 23,
        "1878": 22,
        "1877": 19,
        "1871": 19,
        "1874": 17
    },
    "nrows": 39361
}