{
    "column_id": "Lahman-2014/pitching.csvpitching.csv/WP",
    "dataset_name": "pitching.csv",
    "dataset_id": "Lahman-2014/pitching.csv",
    "path": "/home/ubuntu/CatDB/Experiments/data/Lahman-2014/pitching.csv",
    "table_name": "pitching.csv",
    "table_id": "Lahman-2014/pitching.csvpitching.csv",
    "column_name": "WP",
    "data_source": "Lahman-2014",
    "data_type": "int",
    "total_values_count": 39361,
    "distinct_values_count": 52,
    "missing_values_count": 137,
    "true_ratio": null,
    "min_value": 0.0,
    "max_value": 63.0,
    "mean": 2.5831633693656944,
    "median": 2.0,
    "iqr": 4.0,
    "category_values": [
        0,
        1,
        2,
        3,
        5,
        4,
        11,
        8,
        9,
        13,
        7,
        6,
        10,
        30,
        20,
        12,
        14,
        15,
        23,
        24,
        19,
        22,
        41,
        18,
        39,
        31,
        17,
        29,
        33,
        16,
        21,
        34,
        43,
        28,
        25,
        26,
        27,
        40,
        38,
        32,
        47,
        48,
        55,
        35,
        37,
        50,
        46,
        51,
        36,
        42,
        63,
        49
    ],
    "embedding": [
        -1.0,
        -1.0,
        -1.0,
        1.0,
        -1.0,
        1.0,
        -1.0,
        -1.0,
        -1.0,
        -1.0,
        1.0,
        -1.0,
        -1.0,
        1.0,
        1.0,
        1.0,
        1.0,
        -1.0,
        1.0,
        -1.0,
        1.0,
        -1.0,
        1.0,
        -1.0,
        1.0,
        -1.0,
        -1.0,
        1.0,
        -1.0,
        -1.0,
        1.0,
        1.0,
        -1.0,
        -1.0,
        -1.0,
        1.0,
        -1.0,
        1.0,
        1.0,
        -1.0,
        -1.0,
        1.0,
        -1.0,
        -1.0,
        -1.0,
        -1.0,
        1.0,
        -1.0,
        -1.0,
        -0.287903368473053,
        -1.0,
        1.0,
        1.0,
        1.0,
        -1.0,
        1.0,
        1.0,
        1.0,
        -1.0,
        0.6560049057006836,
        -1.0,
        -1.0,
        1.0,
        -1.0,
        1.0,
        -1.0,
        1.0,
        -1.0,
        1.0,
        1.0,
        1.0,
        -1.0,
        -1.0,
        -1.0,
        -1.0,
        1.0,
        1.0,
        1.0,
        1.0,
        1.0,
        1.0,
        1.0,
        1.0,
        -1.0,
        -1.0,
        1.0,
        -1.0,
        1.0,
        1.0,
        1.0,
        -1.0,
        1.0,
        1.0,
        -1.0,
        1.0,
        -1.0,
        1.0,
        -1.0,
        -1.0,
        -1.0,
        -0.9182846546173096,
        -1.0,
        1.0,
        -1.0,
        -1.0,
        1.0,
        1.0,
        1.0,
        -1.0,
        -1.0,
        1.0,
        -1.0,
        -1.0,
        1.0,
        1.0,
        1.0,
        1.0,
        1.0,
        1.0,
        -1.0,
        -1.0,
        1.0,
        -1.0,
        -1.0,
        1.0,
        -1.0,
        -1.0,
        -1.0,
        -1.0,
        1.0,
        -1.0,
        1.0,
        -1.0,
        -1.0,
        1.0,
        -1.0,
        -1.0,
        1.0,
        1.0,
        -1.0,
        1.0,
        1.0,
        1.0,
        -1.0,
        1.0,
        -1.0,
        1.0,
        -1.0,
        -1.0,
        -1.0,
        1.0,
        -1.0,
        1.0,
        -1.0,
        1.0,
        -1.0,
        1.0,
        -1.0,
        1.0,
        -1.0,
        -1.0,
        1.0,
        -1.0,
        -1.0,
        1.0,
        -1.0,
        1.0,
        -1.0,
        -1.0,
        -1.0,
        -1.0,
        -1.0,
        1.0,
        1.0,
        -1.0,
        -1.0,
        1.0,
        -1.0,
        -1.0,
        -1.0,
        1.0,
        -1.0,
        -1.0,
        -1.0,
        1.0,
        -1.0,
        1.0,
        -1.0,
        -1.0,
        -1.0,
        1.0,
        1.0,
        1.0,
        1.0,
        -1.0,
        -1.0,
        1.0,
        -1.0,
        -1.0,
        1.0,
        -1.0,
        1.0,
        -1.0,
        -1.0,
        -1.0,
        -1.0,
        1.0,
        1.0,
        -1.0,
        -1.0,
        -1.0,
        1.0,
        -1.0,
        -1.0,
        -1.0,
        1.0,
        -1.0,
        1.0,
        -1.0,
        -1.0,
        1.0,
        -1.0,
        -1.0,
        1.0,
        -1.0,
        -0.2882280647754669,
        1.0,
        -1.0,
        -1.0,
        -1.0,
        1.0,
        -1.0,
        1.0,
        -1.0,
        -1.0,
        1.0,
        -1.0,
        1.0,
        1.0,
        -1.0,
        1.0,
        -0.2686772644519806,
        1.0,
        -1.0,
        1.0,
        1.0,
        -1.0,
        -1.0,
        -1.0,
        1.0,
        1.0,
        1.0,
        -1.0,
        -1.0,
        -1.0,
        1.0,
        1.0,
        -1.0,
        -1.0,
        -1.0,
        1.0,
        1.0,
        1.0,
        -1.0,
        1.0,
        -1.0,
        -1.0,
        -1.0,
        1.0,
        1.0,
        -0.890069842338562,
        -1.0,
        -1.0,
        1.0,
        -1.0,
        1.0,
        1.0,
        1.0,
        1.0,
        1.0,
        1.0,
        -1.0,
        1.0,
        1.0,
        1.0,
        -1.0,
        -1.0,
        1.0,
        -1.0,
        -1.0,
        -1.0,
        1.0,
        -1.0,
        -1.0,
        -1.0,
        -1.0,
        -1.0,
        1.0,
        1.0,
        1.0
    ],
    "embedding_scaling_factor": 695.612060546875,
    "samples": [
        1,
        1,
        2,
        5,
        5,
        0,
        3,
        5,
        1,
        1,
        2,
        0,
        0,
        2,
        2,
        1,
        2,
        0,
        3,
        0,
        1,
        0,
        1,
        2,
        5,
        1,
        6,
        3,
        5,
        1,
        1,
        0,
        1,
        4,
        4,
        0,
        1,
        1,
        3,
        0,
        2,
        0,
        0,
        7,
        1,
        1,
        0,
        12,
        0,
        7,
        2,
        0,
        1,
        1,
        2,
        2,
        6,
        1,
        1,
        2,
        6,
        1,
        7,
        1,
        9,
        0,
        5,
        0,
        2,
        16,
        0,
        2,
        1,
        1,
        1,
        1,
        1,
        1,
        4,
        1,
        0,
        10,
        2,
        0,
        3,
        2,
        4,
        1,
        0,
        2,
        5,
        1,
        2,
        2,
        0,
        0,
        0,
        8,
        4,
        5
    ],
    "category_values_ratio": {
        "0": 11816,
        "1": 7695,
        "2": 5530,
        "3": 3951,
        "4": 2871,
        "5": 2120,
        "6": 1463,
        "7": 1025,
        "8": 698,
        "9": 513,
        "10": 380,
        "11": 252,
        "12": 184,
        "13": 147,
        "14": 109,
        "15": 76,
        "17": 56,
        "16": 54,
        "18": 34,
        "21": 33,
        "19": 27,
        "20": 23,
        "22": 22,
        "24": 15,
        "23": 14,
        "25": 11,
        "26": 11,
        "29": 9,
        "39": 9,
        "27": 9,
        "31": 8,
        "33": 6,
        "28": 6,
        "35": 5,
        "32": 5,
        "30": 5,
        "34": 5,
        "40": 4,
        "37": 4,
        "43": 3,
        "46": 2,
        "38": 2,
        "36": 2,
        "51": 2,
        "63": 1,
        "42": 1,
        "41": 1,
        "50": 1,
        "55": 1,
        "48": 1,
        "47": 1,
        "49": 1
    },
    "nrows": 39361
}