{
    "column_id": "Lahman-2014/pitching.csvpitching.csv/BFP",
    "dataset_name": "pitching.csv",
    "dataset_id": "Lahman-2014/pitching.csv",
    "path": "/home/ubuntu/CatDB/Experiments/data/Lahman-2014/pitching.csv",
    "table_name": "pitching.csv",
    "table_id": "Lahman-2014/pitching.csvpitching.csv",
    "column_name": "BFP",
    "data_source": "Lahman-2014",
    "data_type": "int",
    "total_values_count": 39361,
    "distinct_values_count": 1636,
    "missing_values_count": 239,
    "true_ratio": null,
    "min_value": 0.0,
    "max_value": 2906.0,
    "mean": 359.42546393333674,
    "median": 242.0,
    "iqr": 506.0,
    "category_values": [
        61,
        225,
        151,
        228,
        296,
        202,
        5,
        373,
        773,
        817,
        761,
        265,
        212,
        160,
        366,
        337,
        33,
        209,
        261,
        163,
        0,
        79,
        401,
        495,
        283,
        864,
        689,
        518,
        903,
        530,
        355,
        186,
        206,
        788,
        925,
        1002,
        874,
        906,
        692,
        474,
        368,
        654,
        134,
        394,
        90,
        577,
        122,
        26,
        162,
        210,
        50,
        84,
        105,
        298,
        766,
        710,
        137,
        214,
        222,
        229,
        34,
        35,
        290,
        528,
        346,
        281,
        167,
        17,
        10,
        12,
        82,
        13,
        553,
        132,
        398,
        249,
        321,
        572,
        124,
        427,
        562,
        374,
        40,
        244,
        348,
        239,
        153,
        11,
        126,
        55,
        24,
        109,
        170,
        127,
        275,
        56,
        107,
        152,
        417,
        112,
        103,
        704,
        292,
        291,
        215,
        457,
        347,
        129,
        314,
        125,
        63,
        426,
        312,
        370,
        259,
        402,
        491,
        184,
        383,
        116,
        403,
        148,
        338,
        486,
        277,
        51,
        138,
        396,
        198,
        36,
        16,
        349,
        520,
        70,
        147,
        236,
        75,
        319,
        351,
        579,
        615,
        496,
        19,
        21,
        104,
        475,
        971,
        1117,
        1227,
        1116,
        969,
        1017,
        1035,
        646,
        707,
        676,
        154,
        448,
        164,
        28,
        25,
        576,
        324,
        41,
        462,
        48,
        38,
        136,
        268,
        179,
        98,
        59,
        86,
        423,
        341,
        330,
        369,
        708,
        590,
        284,
        197,
        119,
        77,
        49,
        238,
        733,
        329,
        282,
        377,
        37,
        986,
        640,
        42,
        271,
        232,
        3,
        15,
        115,
        353,
        533,
        344,
        320,
        128,
        253,
        335,
        248,
        267,
        22,
        166,
        243,
        246,
        118,
        371,
        361,
        404,
        143,
        507,
        605,
        494,
        111,
        310,
        273,
        287,
        201,
        99,
        484,
        285,
        307,
        76,
        191,
        54,
        100,
        299,
        14,
        386,
        877,
        954,
        678,
        875,
        436,
        174,
        64,
        108,
        6,
        720,
        395,
        80,
        442,
        85,
        263,
        237,
        289,
        71,
        173,
        97,
        27,
        101,
        46,
        195,
        20,
        32,
        96,
        706,
        606,
        221,
        583,
        73,
        447,
        4,
        304,
        217,
        531,
        350,
        135,
        114,
        140,
        95,
        110,
        445,
        1099,
        915,
        1051,
        907,
        837,
        1028,
        522,
        726,
        497,
        561,
        547,
        995,
        822,
        508,
        981,
        293,
        121,
        482,
        1061,
        1090,
        470,
        481,
        340,
        985,
        977,
        39,
        7,
        1475,
        1290,
        1234,
        1459,
        1435,
        1500,
        1529,
        1447,
        1033,
        1014,
        1246,
        218,
        597,
        1082,
        1009,
        123,
        316,
        325,
        311,
        313,
        74,
        141,
        67,
        145,
        255,
        227,
        736,
        1122,
        464,
        490,
        804,
        309,
        1030,
        713,
        855,
        763,
        317,
        180,
        169,
        44,
        102,
        387,
        382,
        43,
        31,
        431,
        407,
        286,
        279,
        516,
        466,
        106,
        504,
        691,
        216,
        178,
        190,
        230,
        308,
        45,
        57,
        388,
        30,
        1222,
        870,
        532,
        171,
        8,
        29,
        455,
        682,
        769,
        946,
        613,
        624,
        703,
        339,
        499,
        52,
        1064,
        840,
        959,
        441,
        747,
        744,
        157,
        789,
        1241,
        948,
        847,
        844,
        130,
        88,
        815,
        846,
        797,
        584,
        1004,
        868,
        659,
        492,
        260,
        433,
        199,
        845,
        549,
        876,
        571,
        623,
        745,
        133,
        617,
        1040,
        938,
        806,
        632,
        47,
        648,
        922,
        636,
        78,
        81,
        9,
        23,
        62,
        354,
        376,
        318,
        440,
        301,
        188,
        256,
        194,
        58,
        639,
        625,
        913,
        835,
        207,
        1167,
        1095,
        610,
        53,
        729,
        825,
        529,
        113,
        223,
        1056,
        943,
        1052,
        1127,
        647,
        735,
        416,
        1071,
        1150,
        480,
        2,
        434,
        364,
        367,
        276,
        784,
        881,
        852,
        953,
        653,
        832,
        972,
        69,
        884,
        856,
        795,
        422,
        205,
        527,
        732,
        722,
        459,
        254,
        18,
        155,
        220,
        591,
        661,
        471,
        879,
        888,
        200,
        988,
        1072,
        794,
        851,
        705,
        452,
        693,
        187,
        611,
        432,
        91,
        774,
        360,
        454,
        853,
        72,
        630,
        438,
        390,
        66,
        764,
        878,
        992,
        921,
        871,
        923,
        880,
        883,
        542,
        94,
        585,
        557,
        300,
        800,
        612,
        939,
        862,
        412,
        771,
        356,
        251,
        247,
        213,
        165,
        777,
        885,
        208,
        1008,
        828,
        288,
        252,
        131,
        453,
        435,
        792,
        1743,
        594,
        204,
        233,
        614,
        716,
        898,
        810,
        375,
        272,
        270,
        841,
        970,
        1081,
        717,
        697,
        1176,
        1093,
        117,
        235,
        891,
        628,
        724,
        567,
        546,
        450,
        65,
        181,
        257,
        295,
        430,
        226,
        487,
        161,
        991,
        807,
        662,
        816,
        908,
        185,
        378,
        861,
        589,
        669,
        343,
        192,
        189,
        756,
        526,
        575,
        587,
        176,
        139,
        1083,
        1266,
        1147,
        987,
        1364,
        451,
        873,
        829,
        1111,
        1135,
        688,
        476,
        521,
        1070,
        956,
        993,
        1075,
        1218,
        958,
        421,
        439,
        142,
        536,
        149,
        211,
        302,
        385,
        500,
        551,
        473,
        219,
        175,
        60,
        372,
        224,
        2195,
        1287,
        1526,
        952,
        725,
        548,
        392,
        479,
        477,
        144,
        150,
        719,
        712,
        886,
        758,
        333,
        1936,
        901,
        1465,
        1079,
        2256,
        2225,
        418,
        89,
        274,
        172,
        242,
        327,
        912,
        578,
        540,
        234,
        359,
        517,
        642,
        156,
        754,
        598,
        622,
        502,
        918,
        1022,
        902,
        936,
        928,
        323,
        643,
        1096,
        679,
        897,
        537,
        331,
        393,
        779,
        428,
        882,
        196,
        609,
        660,
        1021,
        633,
        250,
        684,
        93,
        666,
        1166,
        1178,
        1186,
        1076,
        905,
        813,
        1109,
        934,
        963,
        245,
        158,
        446,
        177,
        400,
        1029,
        1248,
        2038,
        683,
        345,
        1053,
        1001,
        596,
        982,
        843,
        406,
        966,
        1011,
        690,
        826,
        87,
        485,
        358,
        168,
        581,
        790,
        867,
        910,
        860,
        556,
        326,
        748,
        1038,
        755,
        92,
        818,
        566,
        776,
        83,
        721,
        425,
        727,
        405,
        493,
        384,
        397,
        935,
        593,
        544,
        461,
        1382,
        831,
        715,
        834,
        890,
        460,
        1114,
        278,
        812,
        574,
        68,
        328,
        601,
        869,
        767,
        183,
        543,
        352,
        342,
        258,
        410,
        917,
        1110,
        381,
        322,
        332,
        765,
        1229,
        182,
        602,
        306,
        305,
        760,
        1223,
        655,
        511,
        389,
        937,
        627,
        949,
        750,
        802,
        927,
        1003,
        600,
        559,
        510,
        420,
        365,
        357,
        1005,
        674,
        994,
        463,
        827,
        1018,
        1240,
        363,
        512,
        498,
        618,
        1084,
        968,
        848,
        645,
        975,
        718,
        539,
        280,
        811,
        961,
        979,
        896,
        1055,
        1044,
        996,
        262,
        723,
        488,
        621,
        1,
        419,
        456,
        241,
        564,
        737,
        781,
        798,
        409,
        663,
        269,
        555,
        1263,
        1019,
        801,
        1302,
        1115,
        749,
        960,
        865,
        821,
        297,
        671,
        1108,
        911,
        608,
        668,
        515,
        379,
        650,
        424,
        303,
        489,
        231,
        657,
        1343,
        629,
        930,
        753,
        1134,
        1026,
        1325,
        120,
        667,
        336,
        334,
        437,
        1205,
        899,
        893,
        762,
        857,
        513,
        414,
        444,
        808,
        819,
        538,
        675,
        1020,
        672,
        1045,
        503,
        796,
        803,
        1086,
        599,
        1102,
        560,
        315,
        264,
        950,
        842,
        1141,
        1091,
        595,
        664,
        739,
        634,
        604,
        469,
        1046,
        849,
        962,
        738,
        582,
        887,
        1042,
        743,
        1041,
        1034,
        550,
        696,
        458,
        541,
        824,
        1024,
        449,
        240,
        1207,
        1159,
        1153,
        1184,
        914,
        1126,
        1158,
        1321,
        1149,
        1104,
        644,
        895,
        973,
        568,
        711,
        775,
        782,
        573,
        772,
        919,
        501,
        793,
        1623,
        2165,
        2159,
        2189,
        2082,
        658,
        741,
        872,
        362,
        570,
        523,
        525,
        983,
        415,
        399,
        391,
        734,
        951,
        799,
        203,
        146,
        665,
        652,
        413,
        1132,
        1547,
        1424,
        1354,
        1691,
        586,
        2269,
        1719,
        2170,
        757,
        1198,
        945,
        656,
        1162,
        1080,
        1006,
        411,
        535,
        651,
        673,
        931,
        408,
        545,
        569,
        616,
        1039,
        1013,
        809,
        984,
        1195,
        1272,
        742,
        478,
        967,
        728,
        924,
        429,
        505,
        1036,
        524,
        620,
        635,
        563,
        294,
        976,
        1032,
        465,
        997,
        1062,
        1180,
        1188,
        702,
        1016,
        791,
        1031,
        957,
        830,
        1027,
        509,
        193,
        1146,
        603,
        1165,
        159,
        380,
        978,
        858,
        1444,
        2383,
        1838,
        699,
        1431,
        1586,
        1661,
        1342,
        866,
        926,
        820,
        920,
        850,
        778,
        514,
        1037,
        1103,
        1145,
        1191,
        1254,
        1216,
        940,
        974,
        1067,
        1193,
        626,
        942,
        854,
        785,
        483,
        944,
        506,
        554,
        641,
        900,
        1220,
        1101,
        889,
        1025,
        1119,
        1066,
        1173,
        1112,
        823,
        805,
        266,
        839,
        752,
        933,
        714,
        1015,
        1201,
        1012,
        1204,
        701,
        1057,
        1077,
        1142,
        1092,
        859,
        751,
        681,
        1078,
        649,
        1106,
        1168,
        1171,
        1351,
        1262,
        1063,
        1228,
        1183,
        964,
        746,
        588,
        1448,
        1810,
        1948,
        1581,
        1442,
        1575,
        1827,
        1566,
        1660,
        1320,
        1250,
        686,
        467,
        580,
        638,
        687,
        1097,
        1374,
        1818,
        1760,
        592,
        680,
        1058,
        1161,
        989,
        519,
        1129,
        443,
        1267,
        1255,
        1295,
        1043,
        947,
        1187,
        1163,
        1778,
        1239,
        1363,
        1202,
        534,
        1023,
        1288,
        1236,
        787,
        1100,
        955,
        2487,
        1914,
        2183,
        2029,
        2736,
        552,
        1189,
        1136,
        731,
        1157,
        768,
        838,
        637,
        670,
        1069,
        892,
        2546,
        929,
        1174,
        1219,
        1089,
        1121,
        694,
        1060,
        814,
        863,
        468,
        833,
        698,
        1388,
        1422,
        1047,
        1312,
        1377,
        1251,
        1259,
        2133,
        1650,
        1469,
        2041,
        2180,
        558,
        619,
        1128,
        607,
        1217,
        1269,
        1138,
        1360,
        998,
        1256,
        1356,
        1268,
        1812,
        700,
        1137,
        1214,
        1289,
        1192,
        980,
        709,
        1897,
        1310,
        1419,
        1365,
        1337,
        1797,
        932,
        1120,
        1578,
        780,
        1235,
        1049,
        1340,
        990,
        1527,
        759,
        1133,
        1059,
        904,
        1203,
        1291,
        1362,
        1303,
        1257,
        1125,
        770,
        894,
        786,
        2101,
        1590,
        1245,
        1179,
        2568,
        2328,
        1524,
        1328,
        1152,
        1073,
        1065,
        1170,
        783,
        1330,
        1154,
        1232,
        1253,
        1231,
        565,
        685,
        1010,
        631,
        677,
        1489,
        1007,
        1264,
        1151,
        1139,
        730,
        1731,
        1225,
        1299,
        1140,
        1331,
        1591,
        1519,
        1087,
        1098,
        1160,
        1169,
        695,
        472,
        836,
        1243,
        1105,
        1088,
        1213,
        740,
        1349,
        1350,
        1464,
        1000,
        1502,
        1304,
        1466,
        1512,
        1844,
        1657,
        1582,
        1274,
        1244,
        1391,
        1341,
        909,
        999,
        1054,
        1270,
        1085,
        916,
        1172,
        1265,
        1068,
        1506,
        1423,
        1659,
        2091,
        1533,
        1484,
        1280,
        1409,
        1143,
        1209,
        1315,
        1148,
        1118,
        1233,
        2436,
        1969,
        2037,
        1900,
        2741,
        2554,
        1820,
        1809,
        1495,
        1124,
        1175,
        1571,
        1200,
        1455,
        1640,
        1697,
        1655,
        1107,
        1373,
        1637,
        1683,
        941,
        1418,
        1345,
        1848,
        1348,
        1113,
        1550,
        1292,
        1144,
        1258,
        1206,
        1709,
        1276,
        1487,
        1535,
        1401,
        1556,
        1993,
        2649,
        1988,
        1815,
        1705,
        2268,
        1371,
        965,
        1194,
        1094,
        1208,
        1210,
        1293,
        1297,
        1074,
        1130,
        1156,
        1334,
        1048,
        1050,
        1294,
        1316,
        1286,
        1275,
        1305,
        1402,
        1335,
        1426,
        1438,
        1449,
        1284,
        1261,
        1155,
        1593,
        1332,
        1279,
        1693,
        1588,
        2418,
        1950,
        1577,
        2173,
        1981,
        1723,
        1704,
        1314,
        2469,
        2492,
        2000,
        1559,
        1666,
        2294,
        1920,
        1975,
        1318,
        1745,
        1324,
        2132,
        2105,
        2176,
        1190,
        1224,
        1252,
        1181,
        1538,
        1301,
        1196,
        2002,
        1606,
        1918,
        1404,
        1197,
        1307,
        1230,
        2327,
        1649,
        1788,
        1766,
        1383,
        1521,
        1456,
        1319,
        1499,
        1271,
        1238,
        1249,
        1528,
        1400,
        2325,
        2669,
        2145,
        2412,
        1421,
        1518,
        1417,
        1573,
        1498,
        1685,
        1814,
        1613,
        1414,
        1564,
        1353,
        2185,
        2084,
        1601,
        1703,
        2321,
        2252,
        1392,
        1536,
        1199,
        2177,
        1473,
        1841,
        2364,
        2258,
        1763,
        1504,
        1597,
        1408,
        1493,
        1329,
        1313,
        1474,
        1744,
        1806,
        1877,
        1774,
        1843,
        1604,
        1516,
        1572,
        1428,
        1389,
        1436,
        1544,
        1412,
        1680,
        1507,
        1177,
        1283,
        1482,
        1336,
        1410,
        1298,
        1352,
        1592,
        1505,
        1378,
        1390,
        2035,
        1864,
        1470,
        1380,
        2540,
        2672,
        2162,
        1915,
        1486,
        1123,
        2477,
        2430,
        1247,
        2410,
        1992,
        1876,
        1333,
        1260,
        1164,
        1346,
        1273,
        1300,
        1355,
        1131,
        1539,
        1311,
        1440,
        1990,
        2075,
        1740,
        1630,
        1441,
        1872,
        1427,
        2204,
        2219,
        1791,
        1625,
        1520,
        1782,
        1701,
        1777,
        1278,
        1967,
        1226,
        1830,
        2046,
        1381,
        1277,
        1548,
        1367,
        1221,
        1612,
        1327,
        1663,
        1799,
        1386,
        1480,
        2425,
        2351,
        1398,
        1589,
        1776,
        2387,
        1534,
        1829,
        2370,
        1963,
        2151,
        1710,
        2042,
        1652,
        1882,
        1824,
        1939,
        2906,
        2217,
        2320,
        1986,
        2301,
        1887,
        1718,
        1357,
        1762,
        1924,
        1682,
        1403,
        1490,
        1531,
        1826,
        1825,
        1563,
        1781,
        1554,
        1541,
        1416
    ],
    "embedding": [
        -1.0,
        -1.0,
        -1.0,
        1.0,
        -1.0,
        1.0,
        -1.0,
        -1.0,
        -0.9998655915260315,
        -1.0,
        1.0,
        -1.0,
        -1.0,
        1.0,
        1.0,
        1.0,
        1.0,
        -1.0,
        1.0,
        -1.0,
        1.0,
        -1.0,
        1.0,
        -1.0,
        1.0,
        -1.0,
        -1.0,
        1.0,
        -1.0,
        -1.0,
        1.0,
        1.0,
        -1.0,
        -1.0,
        -1.0,
        1.0,
        -1.0,
        1.0,
        1.0,
        -1.0,
        -1.0,
        1.0,
        -1.0,
        -1.0,
        -1.0,
        -1.0,
        1.0,
        -1.0,
        -0.9999121427536011,
        -0.9117340445518494,
        -1.0,
        1.0,
        1.0,
        1.0,
        -1.0,
        1.0,
        1.0,
        1.0,
        -1.0,
        0.9794613122940063,
        -1.0,
        -1.0,
        1.0,
        -1.0,
        1.0,
        -1.0,
        1.0,
        -1.0,
        1.0,
        1.0,
        1.0,
        -1.0,
        -1.0,
        -1.0,
        -1.0,
        1.0,
        1.0,
        1.0,
        1.0,
        1.0,
        1.0,
        1.0,
        1.0,
        -1.0,
        -1.0,
        1.0,
        -1.0,
        1.0,
        1.0,
        1.0,
        -1.0,
        1.0,
        1.0,
        -1.0,
        1.0,
        -1.0,
        1.0,
        -1.0,
        -1.0,
        -1.0,
        -0.990619421005249,
        -1.0,
        1.0,
        -1.0,
        -1.0,
        1.0,
        1.0,
        1.0,
        -1.0,
        -1.0,
        1.0,
        -1.0,
        -1.0,
        1.0,
        1.0,
        1.0,
        1.0,
        1.0,
        1.0,
        -1.0,
        -1.0,
        1.0,
        -1.0,
        -1.0,
        1.0,
        -1.0,
        -1.0,
        -0.999298095703125,
        -1.0,
        1.0,
        -1.0,
        1.0,
        -1.0,
        -1.0,
        1.0,
        -1.0,
        -1.0,
        1.0,
        1.0,
        -1.0,
        1.0,
        1.0,
        1.0,
        -1.0,
        1.0,
        -1.0,
        1.0,
        -1.0,
        -1.0,
        -1.0,
        0.9983256459236145,
        -1.0,
        1.0,
        -1.0,
        1.0,
        -1.0,
        1.0,
        -1.0,
        1.0,
        -1.0,
        -1.0,
        1.0,
        -1.0,
        -1.0,
        1.0,
        -1.0,
        1.0,
        -1.0,
        -1.0,
        -1.0,
        -1.0,
        -1.0,
        1.0,
        1.0,
        -1.0,
        -1.0,
        1.0,
        -1.0,
        -1.0,
        -1.0,
        1.0,
        -1.0,
        -1.0,
        -1.0,
        1.0,
        -1.0,
        1.0,
        -1.0,
        -1.0,
        -1.0,
        1.0,
        1.0,
        1.0,
        1.0,
        -1.0,
        -1.0,
        1.0,
        -1.0,
        -1.0,
        1.0,
        -1.0,
        1.0,
        -1.0,
        -1.0,
        -1.0,
        -1.0,
        1.0,
        1.0,
        -1.0,
        -1.0,
        -1.0,
        1.0,
        -1.0,
        -1.0,
        -1.0,
        1.0,
        -1.0,
        1.0,
        -1.0,
        -1.0,
        1.0,
        -1.0,
        -1.0,
        1.0,
        -0.9998553395271301,
        -0.9112359285354614,
        1.0,
        -1.0,
        -1.0,
        -1.0,
        1.0,
        -1.0,
        1.0,
        -1.0,
        -1.0,
        1.0,
        -1.0,
        1.0,
        1.0,
        -0.9999567270278931,
        1.0,
        -0.9081127643585205,
        1.0,
        -1.0,
        1.0,
        1.0,
        -1.0,
        -1.0,
        -1.0,
        1.0,
        1.0,
        1.0,
        -1.0,
        -1.0,
        -1.0,
        1.0,
        1.0,
        -1.0,
        -1.0,
        -1.0,
        1.0,
        1.0,
        1.0,
        -1.0,
        1.0,
        -1.0,
        -1.0,
        -1.0,
        1.0,
        1.0,
        -0.9896397590637207,
        -1.0,
        -1.0,
        1.0,
        -1.0,
        1.0,
        1.0,
        1.0,
        1.0,
        1.0,
        1.0,
        -1.0,
        1.0,
        1.0,
        1.0,
        -1.0,
        -1.0,
        1.0,
        -1.0,
        -1.0,
        -1.0,
        1.0,
        -1.0,
        -1.0,
        -1.0,
        -1.0,
        -1.0,
        1.0,
        1.0,
        0.9999998807907104
    ],
    "embedding_scaling_factor": 65.16193389892578,
    "samples": [
        270,
        1071,
        249,
        636,
        336,
        1099,
        29,
        705,
        93,
        356,
        264,
        331,
        981,
        344,
        34,
        907,
        565,
        225,
        426,
        515,
        678,
        8,
        868,
        379,
        42,
        705,
        126,
        1351,
        250,
        77,
        72,
        35,
        0,
        408,
        0,
        578,
        865,
        303,
        324,
        635,
        1388,
        234,
        21,
        1043,
        30,
        68,
        665,
        153,
        876,
        176,
        242,
        320,
        39,
        807,
        663,
        1007,
        336,
        221,
        599,
        11,
        125,
        0,
        207,
        666,
        271,
        66,
        599,
        611,
        33,
        871,
        117,
        228,
        583,
        508,
        17,
        724,
        546,
        285,
        1097,
        103,
        22,
        468,
        830,
        355,
        290,
        20,
        1194,
        289,
        357,
        88,
        748,
        41,
        843,
        107,
        783,
        199,
        43,
        20,
        271
    ],
    "category_values_ratio": {
        "0": 1674,
        "7": 177,
        "12": 176,
        "4": 174,
        "9": 172,
        "11": 163,
        "13": 162,
        "18": 162,
        "10": 161,
        "24": 156,
        "5": 153,
        "19": 153,
        "8": 150,
        "25": 150,
        "20": 150,
        "21": 150,
        "15": 148,
        "28": 146,
        "31": 144,
        "14": 142,
        "6": 139,
        "34": 139,
        "16": 139,
        "23": 139,
        "30": 139,
        "35": 138,
        "17": 135,
        "22": 135,
        "3": 132,
        "27": 129,
        "39": 129,
        "36": 128,
        "42": 124,
        "26": 124,
        "29": 121,
        "37": 121,
        "33": 120,
        "46": 120,
        "40": 118,
        "38": 115,
        "41": 114,
        "43": 114,
        "55": 110,
        "32": 110,
        "44": 109,
        "53": 108,
        "50": 108,
        "56": 107,
        "45": 107,
        "51": 106,
        "59": 106,
        "61": 104,
        "52": 101,
        "64": 100,
        "49": 97,
        "54": 96,
        "62": 96,
        "69": 94,
        "48": 93,
        "67": 93,
        "70": 91,
        "82": 91,
        "58": 89,
        "79": 89,
        "71": 88,
        "57": 87,
        "47": 86,
        "73": 86,
        "77": 86,
        "75": 84,
        "72": 83,
        "74": 83,
        "65": 82,
        "60": 82,
        "104": 81,
        "66": 80,
        "93": 79,
        "68": 79,
        "76": 78,
        "106": 78,
        "94": 77,
        "85": 77,
        "81": 76,
        "116": 76,
        "89": 75,
        "84": 75,
        "103": 75,
        "63": 74,
        "80": 74,
        "91": 73,
        "98": 73,
        "83": 73,
        "173": 71,
        "87": 71,
        "88": 71,
        "102": 70,
        "78": 70,
        "109": 69,
        "105": 67,
        "92": 67,
        "100": 67,
        "95": 67,
        "110": 66,
        "96": 66,
        "97": 66,
        "86": 65,
        "113": 65,
        "143": 65,
        "125": 64,
        "101": 63,
        "112": 63,
        "128": 63,
        "115": 62,
        "135": 62,
        "189": 62,
        "157": 62,
        "118": 61,
        "111": 60,
        "121": 60,
        "90": 60,
        "207": 60,
        "194": 59,
        "142": 59,
        "185": 59,
        "137": 58,
        "275": 58,
        "133": 58,
        "130": 58,
        "203": 57,
        "127": 57,
        "154": 57,
        "239": 57,
        "228": 57,
        "147": 57,
        "122": 57,
        "349": 56,
        "140": 56,
        "114": 56,
        "168": 56,
        "108": 56,
        "167": 55,
        "134": 55,
        "126": 55,
        "170": 55,
        "249": 55,
        "144": 55,
        "158": 55,
        "174": 55,
        "146": 55,
        "293": 55,
        "149": 54,
        "139": 54,
        "120": 54,
        "99": 53,
        "166": 53,
        "190": 53,
        "141": 53,
        "119": 53,
        "238": 53,
        "182": 53,
        "180": 52,
        "234": 52,
        "164": 52,
        "236": 52,
        "117": 52,
        "264": 52,
        "268": 51,
        "291": 51,
        "287": 51,
        "217": 51,
        "210": 51,
        "148": 51,
        "215": 51,
        "198": 51,
        "124": 50,
        "201": 50,
        "150": 50,
        "295": 50,
        "188": 50,
        "205": 50,
        "261": 50,
        "195": 49,
        "172": 49,
        "330": 49,
        "262": 49,
        "242": 49,
        "225": 49,
        "258": 49,
        "152": 49,
        "244": 49,
        "296": 49,
        "272": 49,
        "214": 49,
        "336": 48,
        "193": 48,
        "279": 48,
        "161": 48,
        "107": 48,
        "232": 48,
        "160": 48,
        "191": 48,
        "303": 48,
        "276": 48,
        "209": 47,
        "138": 47,
        "331": 47,
        "329": 47,
        "319": 47,
        "246": 47,
        "165": 47,
        "202": 47,
        "304": 46,
        "298": 46,
        "302": 46,
        "227": 46,
        "129": 46,
        "197": 46,
        "259": 46,
        "248": 46,
        "155": 46,
        "179": 46,
        "131": 46,
        "307": 46,
        "273": 46,
        "184": 46,
        "301": 46,
        "292": 45,
        "341": 45,
        "253": 45,
        "255": 45,
        "153": 45,
        "186": 45,
        "123": 45,
        "222": 45,
        "290": 45,
        "187": 45,
        "221": 45,
        "281": 45,
        "233": 45,
        "282": 44,
        "213": 44,
        "394": 44,
        "223": 44,
        "326": 44,
        "208": 44,
        "231": 44,
        "196": 44,
        "2": 44,
        "211": 44,
        "159": 44,
        "317": 44,
        "323": 44,
        "297": 43,
        "334": 43,
        "300": 43,
        "377": 43,
        "320": 43,
        "163": 43,
        "278": 43,
        "151": 43,
        "356": 43,
        "352": 43,
        "199": 43,
        "311": 43,
        "309": 43,
        "235": 42,
        "265": 42,
        "178": 42,
        "237": 42,
        "357": 42,
        "270": 42,
        "162": 42,
        "220": 42,
        "240": 42,
        "241": 42,
        "271": 42,
        "245": 42,
        "288": 42,
        "321": 42,
        "132": 42,
        "333": 42,
        "206": 42,
        "251": 41,
        "200": 41,
        "360": 41,
        "175": 41,
        "229": 41,
        "284": 41,
        "136": 41,
        "328": 41,
        "289": 41,
        "176": 41,
        "260": 40,
        "285": 40,
        "224": 40,
        "254": 40,
        "274": 40,
        "230": 40,
        "313": 40,
        "318": 40,
        "177": 40,
        "335": 40,
        "314": 40,
        "169": 40,
        "218": 40,
        "310": 40,
        "286": 39,
        "344": 39,
        "316": 39,
        "183": 39,
        "299": 39,
        "351": 39,
        "216": 38,
        "354": 38,
        "181": 38,
        "324": 38,
        "325": 38,
        "359": 38,
        "212": 38,
        "247": 38,
        "192": 38,
        "250": 38,
        "305": 37,
        "1": 37,
        "353": 37,
        "171": 37,
        "371": 37,
        "156": 37,
        "355": 37,
        "267": 37,
        "277": 37,
        "312": 37,
        "350": 36,
        "368": 36,
        "145": 36,
        "257": 36,
        "364": 36,
        "322": 36,
        "346": 36,
        "256": 36,
        "283": 36,
        "204": 36,
        "372": 36,
        "378": 36,
        "338": 35,
        "337": 35,
        "342": 35,
        "294": 35,
        "418": 35,
        "306": 35,
        "252": 34,
        "308": 34,
        "369": 34,
        "386": 34,
        "280": 34,
        "398": 34,
        "373": 34,
        "243": 34,
        "343": 33,
        "390": 33,
        "412": 33,
        "881": 33,
        "393": 33,
        "263": 33,
        "226": 32,
        "413": 32,
        "388": 32,
        "387": 32,
        "428": 32,
        "380": 32,
        "424": 32,
        "363": 32,
        "219": 32,
        "327": 32,
        "339": 32,
        "269": 32,
        "499": 32,
        "345": 31,
        "347": 31,
        "404": 31,
        "402": 31,
        "432": 31,
        "382": 31,
        "365": 31,
        "556": 31,
        "403": 31,
        "361": 30,
        "315": 30,
        "370": 30,
        "367": 30,
        "401": 30,
        "467": 30,
        "847": 30,
        "358": 29,
        "855": 29,
        "399": 29,
        "348": 29,
        "405": 29,
        "392": 29,
        "435": 29,
        "332": 29,
        "804": 28,
        "445": 28,
        "493": 28,
        "266": 28,
        "391": 28,
        "464": 28,
        "848": 28,
        "470": 28,
        "744": 28,
        "913": 28,
        "414": 28,
        "375": 28,
        "415": 27,
        "876": 27,
        "381": 27,
        "410": 27,
        "419": 27,
        "397": 27,
        "395": 27,
        "507": 27,
        "597": 27,
        "446": 27,
        "421": 27,
        "451": 27,
        "396": 27,
        "425": 27,
        "376": 27,
        "384": 27,
        "422": 26,
        "442": 26,
        "447": 26,
        "851": 26,
        "684": 26,
        "416": 26,
        "888": 26,
        "427": 26,
        "407": 26,
        "383": 26,
        "374": 26,
        "466": 26,
        "420": 26,
        "436": 26,
        "406": 26,
        "692": 25,
        "819": 25,
        "562": 25,
        "532": 25,
        "793": 25,
        "503": 25,
        "849": 25,
        "518": 25,
        "498": 25,
        "884": 25,
        "431": 25,
        "473": 24,
        "936": 24,
        "441": 24,
        "886": 24,
        "916": 24,
        "903": 24,
        "529": 24,
        "839": 24,
        "797": 24,
        "433": 24,
        "440": 24,
        "578": 24,
        "340": 24,
        "514": 24,
        "362": 24,
        "400": 24,
        "453": 24,
        "822": 24,
        "426": 24,
        "434": 24,
        "877": 24,
        "907": 24,
        "954": 24,
        "545": 24,
        "389": 23,
        "608": 23,
        "537": 23,
        "610": 23,
        "918": 23,
        "668": 23,
        "366": 23,
        "487": 23,
        "569": 23,
        "430": 23,
        "689": 23,
        "802": 23,
        "882": 23,
        "496": 23,
        "480": 23,
        "641": 23,
        "874": 23,
        "846": 23,
        "461": 23,
        "468": 23,
        "411": 23,
        "616": 23,
        "437": 23,
        "553": 22,
        "516": 22,
        "561": 22,
        "736": 22,
        "795": 22,
        "850": 22,
        "706": 22,
        "871": 22,
        "443": 22,
        "733": 22,
        "870": 22,
        "732": 22,
        "580": 22,
        "864": 22,
        "594": 22,
        "513": 22,
        "599": 22,
        "910": 22,
        "409": 22,
        "620": 22,
        "627": 22,
        "662": 22,
        "718": 22,
        "887": 22,
        "664": 22,
        "548": 22,
        "505": 22,
        "950": 22,
        "683": 22,
        "657": 22,
        "559": 22,
        "872": 22,
        "1008": 22,
        "490": 21,
        "517": 21,
        "858": 21,
        "828": 21,
        "927": 21,
        "454": 21,
        "771": 21,
        "444": 21,
        "509": 21,
        "893": 21,
        "494": 21,
        "640": 21,
        "817": 21,
        "613": 21,
        "508": 21,
        "471": 21,
        "857": 21,
        "511": 21,
        "469": 21,
        "484": 21,
        "883": 21,
        "482": 21,
        "774": 21,
        "595": 21,
        "501": 21,
        "742": 21,
        "856": 21,
        "737": 21,
        "895": 21,
        "830": 21,
        "675": 21,
        "944": 21,
        "842": 21,
        "798": 21,
        "448": 21,
        "526": 21,
        "868": 21,
        "525": 21,
        "568": 21,
        "500": 21,
        "483": 21,
        "439": 21,
        "560": 21,
        "495": 21,
        "488": 21,
        "738": 21,
        "784": 21,
        "900": 21,
        "379": 21,
        "438": 20,
        "489": 20,
        "417": 20,
        "803": 20,
        "474": 20,
        "693": 20,
        "567": 20,
        "722": 20,
        "630": 20,
        "457": 20,
        "800": 20,
        "792": 20,
        "843": 20,
        "615": 20,
        "506": 20,
        "596": 20,
        "566": 20,
        "465": 20,
        "919": 20,
        "542": 20,
        "832": 20,
        "760": 20,
        "735": 20,
        "811": 20,
        "789": 20,
        "456": 20,
        "663": 20,
        "639": 20,
        "666": 20,
        "962": 20,
        "880": 20,
        "925": 20,
        "914": 20,
        "408": 20,
        "633": 20,
        "758": 20,
        "912": 20,
        "385": 20,
        "963": 20,
        "540": 20,
        "746": 20,
        "896": 20,
        "455": 20,
        "834": 20,
        "708": 20,
        "648": 19,
        "955": 19,
        "690": 19,
        "712": 19,
        "631": 19,
        "604": 19,
        "812": 19,
        "520": 19,
        "929": 19,
        "554": 19,
        "460": 19,
        "968": 19,
        "497": 19,
        "539": 19,
        "485": 19,
        "450": 19,
        "772": 19,
        "479": 19,
        "475": 19,
        "625": 19,
        "654": 19,
        "837": 19,
        "835": 19,
        "906": 19,
        "585": 19,
        "946": 19,
        "716": 19,
        "981": 19,
        "581": 19,
        "840": 19,
        "1061": 19,
        "458": 19,
        "790": 19,
        "726": 19,
        "614": 19,
        "808": 19,
        "901": 19,
        "727": 19,
        "682": 19,
        "705": 19,
        "611": 19,
        "885": 19,
        "602": 19,
        "502": 19,
        "902": 19,
        "527": 19,
        "862": 19,
        "603": 18,
        "993": 18,
        "536": 18,
        "557": 18,
        "762": 18,
        "724": 18,
        "898": 18,
        "591": 18,
        "957": 18,
        "653": 18,
        "703": 18,
        "776": 18,
        "656": 18,
        "679": 18,
        "894": 18,
        "652": 18,
        "949": 18,
        "600": 18,
        "512": 18,
        "550": 18,
        "576": 18,
        "937": 18,
        "773": 18,
        "551": 18,
        "462": 18,
        "472": 18,
        "538": 18,
        "908": 18,
        "543": 18,
        "997": 18,
        "890": 18,
        "818": 18,
        "609": 18,
        "720": 18,
        "573": 18,
        "593": 18,
        "935": 18,
        "826": 18,
        "694": 18,
        "833": 18,
        "481": 18,
        "583": 18,
        "1035": 18,
        "688": 18,
        "655": 18,
        "943": 18,
        "579": 18,
        "575": 18,
        "967": 18,
        "669": 18,
        "897": 18,
        "621": 18,
        "922": 18,
        "861": 18,
        "829": 17,
        "974": 17,
        "626": 17,
        "816": 17,
        "587": 17,
        "635": 17,
        "938": 17,
        "476": 17,
        "628": 17,
        "745": 17,
        "571": 17,
        "477": 17,
        "852": 17,
        "951": 17,
        "1031": 17,
        "697": 17,
        "459": 17,
        "879": 17,
        "866": 17,
        "699": 17,
        "777": 17,
        "764": 17,
        "878": 17,
        "592": 17,
        "1004": 17,
        "983": 17,
        "945": 17,
        "813": 17,
        "719": 17,
        "586": 17,
        "624": 17,
        "796": 17,
        "667": 17,
        "770": 17,
        "928": 17,
        "629": 17,
        "528": 17,
        "899": 17,
        "930": 17,
        "975": 17,
        "765": 17,
        "572": 17,
        "750": 17,
        "531": 17,
        "909": 17,
        "423": 17,
        "491": 17,
        "463": 17,
        "638": 17,
        "799": 17,
        "755": 17,
        "905": 17,
        "763": 17,
        "645": 17,
        "606": 17,
        "781": 17,
        "743": 17,
        "827": 17,
        "504": 16,
        "854": 16,
        "524": 16,
        "619": 16,
        "873": 16,
        "939": 16,
        "521": 16,
        "660": 16,
        "978": 16,
        "761": 16,
        "766": 16,
        "590": 16,
        "825": 16,
        "636": 16,
        "814": 16,
        "622": 16,
        "920": 16,
        "642": 16,
        "1003": 16,
        "785": 16,
        "810": 16,
        "510": 16,
        "867": 16,
        "522": 16,
        "824": 16,
        "659": 16,
        "725": 16,
        "751": 16,
        "478": 16,
        "701": 16,
        "787": 16,
        "892": 16,
        "844": 16,
        "601": 16,
        "677": 16,
        "863": 16,
        "1001": 16,
        "1024": 16,
        "778": 16,
        "958": 16,
        "515": 16,
        "731": 16,
        "831": 16,
        "582": 16,
        "768": 16,
        "711": 16,
        "492": 16,
        "754": 15,
        "1064": 15,
        "934": 15,
        "588": 15,
        "904": 15,
        "686": 15,
        "519": 15,
        "643": 15,
        "713": 15,
        "948": 15,
        "530": 15,
        "728": 15,
        "923": 15,
        "1010": 15,
        "956": 15,
        "809": 15,
        "646": 15,
        "623": 15,
        "806": 15,
        "565": 15,
        "680": 15,
        "1021": 15,
        "605": 15,
        "632": 15,
        "1041": 15,
        "729": 15,
        "523": 15,
        "865": 15,
        "749": 15,
        "788": 15,
        "644": 15,
        "702": 15,
        "791": 15,
        "953": 15,
        "546": 15,
        "570": 15,
        "671": 15,
        "1047": 15,
        "710": 15,
        "544": 15,
        "921": 15,
        "741": 15,
        "891": 15,
        "1089": 15,
        "753": 15,
        "966": 15,
        "717": 15,
        "779": 14,
        "584": 14,
        "986": 14,
        "676": 14,
        "1014": 14,
        "917": 14,
        "869": 14,
        "574": 14,
        "845": 14,
        "547": 14,
        "747": 14,
        "1030": 14,
        "860": 14,
        "807": 14,
        "1028": 14,
        "1093": 14,
        "661": 14,
        "1002": 14,
        "748": 14,
        "674": 14,
        "698": 14,
        "960": 14,
        "695": 14,
        "730": 14,
        "449": 14,
        "980": 14,
        "786": 14,
        "984": 14,
        "838": 14,
        "889": 14,
        "651": 14,
        "558": 14,
        "836": 14,
        "670": 14,
        "1018": 14,
        "970": 14,
        "1043": 14,
        "1058": 13,
        "987": 13,
        "1009": 13,
        "634": 13,
        "875": 13,
        "723": 13,
        "612": 13,
        "769": 13,
        "915": 13,
        "989": 13,
        "820": 13,
        "932": 13,
        "452": 13,
        "429": 13,
        "926": 13,
        "853": 13,
        "673": 13,
        "1117": 13,
        "486": 13,
        "535": 13,
        "1005": 13,
        "533": 13,
        "940": 13,
        "685": 13,
        "715": 13,
        "947": 13,
        "1065": 13,
        "942": 13,
        "971": 13,
        "721": 13,
        "931": 13,
        "534": 13,
        "714": 12,
        "691": 12,
        "650": 12,
        "911": 12,
        "649": 12,
        "564": 12,
        "1044": 12,
        "979": 12,
        "577": 12,
        "1042": 12,
        "1033": 12,
        "618": 12,
        "1068": 12,
        "696": 12,
        "805": 12,
        "823": 12,
        "1011": 12,
        "1101": 12,
        "1007": 12,
        "767": 12,
        "964": 12,
        "982": 12,
        "549": 12,
        "617": 12,
        "665": 12,
        "1100": 12,
        "1083": 12,
        "1040": 12,
        "1016": 12,
        "992": 12,
        "589": 12,
        "1027": 12,
        "969": 12,
        "995": 12,
        "734": 12,
        "1037": 12,
        "647": 12,
        "1067": 12,
        "707": 12,
        "598": 12,
        "1075": 12,
        "757": 12,
        "678": 12,
        "637": 12,
        "700": 12,
        "1085": 11,
        "1133": 11,
        "933": 11,
        "752": 11,
        "1056": 11,
        "815": 11,
        "1071": 11,
        "1015": 11,
        "1006": 11,
        "552": 11,
        "783": 11,
        "994": 11,
        "990": 11,
        "973": 11,
        "1034": 11,
        "775": 11,
        "1013": 11,
        "782": 11,
        "780": 11,
        "996": 11,
        "704": 11,
        "1086": 11,
        "1026": 11,
        "1102": 11,
        "1074": 11,
        "756": 11,
        "924": 11,
        "1057": 11,
        "1036": 11,
        "859": 11,
        "563": 11,
        "801": 11,
        "941": 11,
        "687": 11,
        "1110": 11,
        "607": 11,
        "740": 11,
        "1048": 11,
        "658": 11,
        "1109": 11,
        "672": 11,
        "1029": 11,
        "821": 11,
        "1045": 10,
        "1046": 10,
        "1088": 10,
        "759": 10,
        "1081": 10,
        "709": 10,
        "976": 10,
        "1032": 10,
        "1020": 10,
        "991": 10,
        "1070": 10,
        "1055": 10,
        "985": 10,
        "1000": 10,
        "794": 10,
        "841": 10,
        "1126": 10,
        "1191": 10,
        "1092": 10,
        "972": 10,
        "1103": 10,
        "988": 10,
        "965": 10,
        "541": 10,
        "1053": 10,
        "681": 9,
        "1137": 9,
        "1079": 9,
        "977": 9,
        "998": 9,
        "1049": 9,
        "1176": 9,
        "1080": 9,
        "1017": 9,
        "1073": 9,
        "1094": 9,
        "1263": 9,
        "1141": 9,
        "1116": 9,
        "739": 9,
        "1023": 9,
        "1159": 9,
        "1153": 9,
        "1146": 9,
        "1095": 9,
        "1066": 9,
        "1054": 9,
        "1091": 9,
        "1203": 8,
        "1098": 8,
        "1062": 8,
        "959": 8,
        "1076": 8,
        "1060": 8,
        "1125": 8,
        "1232": 8,
        "1052": 8,
        "1127": 8,
        "1228": 8,
        "1119": 8,
        "1136": 8,
        "1173": 8,
        "1122": 8,
        "1218": 8,
        "1269": 8,
        "1072": 8,
        "952": 8,
        "1039": 8,
        "1115": 8,
        "1069": 8,
        "1012": 8,
        "1147": 8,
        "1019": 8,
        "1090": 8,
        "1022": 7,
        "1302": 7,
        "1111": 7,
        "1135": 7,
        "1162": 7,
        "1112": 7,
        "1207": 7,
        "1077": 7,
        "1096": 7,
        "1158": 7,
        "1166": 7,
        "1254": 7,
        "1038": 7,
        "1149": 7,
        "961": 7,
        "1142": 7,
        "1152": 7,
        "555": 7,
        "1139": 7,
        "1165": 7,
        "1107": 7,
        "1161": 7,
        "1124": 7,
        "1148": 7,
        "1170": 7,
        "1256": 7,
        "1227": 7,
        "1172": 7,
        "1205": 7,
        "1078": 7,
        "1150": 7,
        "1059": 7,
        "1167": 6,
        "1231": 6,
        "1178": 6,
        "1248": 6,
        "1160": 6,
        "1262": 6,
        "1128": 6,
        "1210": 6,
        "1097": 6,
        "1257": 6,
        "999": 6,
        "1266": 6,
        "1084": 6,
        "1216": 6,
        "1051": 6,
        "1206": 6,
        "1113": 6,
        "1108": 6,
        "1174": 6,
        "1050": 6,
        "1063": 6,
        "1175": 6,
        "1099": 6,
        "1190": 5,
        "1145": 5,
        "1220": 5,
        "1198": 5,
        "1291": 5,
        "1187": 5,
        "1114": 5,
        "1202": 5,
        "1156": 5,
        "1186": 5,
        "1134": 5,
        "1157": 5,
        "1123": 5,
        "1201": 5,
        "1270": 5,
        "1132": 5,
        "1151": 5,
        "1253": 5,
        "1130": 5,
        "1087": 5,
        "1243": 4,
        "1475": 4,
        "1345": 4,
        "1121": 4,
        "1181": 4,
        "1313": 4,
        "1255": 4,
        "1129": 4,
        "1104": 4,
        "1204": 4,
        "1025": 4,
        "1189": 4,
        "1299": 4,
        "1225": 4,
        "1118": 4,
        "1082": 4,
        "1274": 4,
        "1193": 4,
        "1258": 4,
        "1466": 4,
        "1144": 4,
        "1316": 4,
        "1138": 4,
        "1289": 4,
        "1303": 4,
        "1217": 4,
        "1154": 4,
        "1276": 4,
        "1184": 4,
        "1143": 4,
        "1197": 4,
        "1120": 4,
        "1229": 4,
        "1245": 4,
        "1240": 4,
        "1155": 4,
        "1183": 4,
        "1251": 4,
        "1214": 4,
        "1195": 4,
        "1310": 4,
        "1373": 3,
        "1360": 3,
        "1377": 3,
        "1241": 3,
        "1259": 3,
        "1548": 3,
        "1305": 3,
        "1431": 3,
        "1268": 3,
        "1900": 3,
        "1529": 3,
        "1168": 3,
        "1236": 3,
        "1292": 3,
        "1365": 3,
        "1239": 3,
        "2002": 3,
        "1252": 3,
        "1388": 3,
        "1224": 3,
        "1438": 3,
        "1188": 3,
        "1196": 3,
        "1504": 3,
        "1106": 3,
        "1219": 3,
        "1412": 3,
        "1180": 3,
        "1409": 3,
        "1249": 3,
        "1362": 3,
        "1250": 3,
        "1391": 3,
        "1169": 3,
        "1171": 3,
        "1244": 3,
        "1325": 3,
        "1265": 3,
        "1304": 3,
        "1331": 3,
        "1163": 3,
        "1140": 3,
        "1342": 3,
        "1578": 3,
        "1774": 3,
        "1246": 3,
        "1421": 3,
        "1235": 3,
        "1343": 3,
        "1194": 3,
        "1422": 2,
        "1364": 2,
        "1319": 2,
        "1743": 2,
        "1312": 2,
        "1221": 2,
        "1975": 2,
        "1469": 2,
        "1324": 2,
        "1897": 2,
        "1459": 2,
        "1356": 2,
        "1213": 2,
        "1192": 2,
        "1830": 2,
        "1447": 2,
        "1287": 2,
        "1238": 2,
        "1271": 2,
        "1392": 2,
        "1222": 2,
        "1691": 2,
        "1404": 2,
        "1288": 2,
        "2101": 2,
        "1179": 2,
        "1424": 2,
        "1572": 2,
        "1354": 2,
        "1314": 2,
        "1328": 2,
        "1307": 2,
        "1230": 2,
        "1264": 2,
        "1948": 2,
        "1841": 2,
        "1448": 2,
        "1564": 2,
        "1351": 2,
        "1105": 2,
        "1936": 2,
        "1586": 2,
        "1465": 2,
        "1486": 2,
        "1484": 2,
        "1311": 2,
        "1355": 2,
        "1449": 2,
        "1233": 2,
        "1279": 2,
        "1286": 2,
        "1200": 2,
        "1697": 2,
        "1273": 2,
        "1321": 2,
        "1283": 2,
        "1657": 2,
        "1177": 2,
        "1502": 2,
        "1294": 2,
        "1507": 2,
        "1527": 2,
        "1300": 2,
        "1348": 2,
        "1261": 2,
        "1209": 2,
        "1473": 2,
        "1426": 2,
        "1301": 2,
        "1272": 2,
        "1464": 2,
        "1208": 2,
        "1378": 2,
        "1275": 2,
        "1374": 2,
        "1297": 2,
        "1423": 2,
        "1380": 2,
        "1401": 2,
        "1350": 2,
        "1293": 2,
        "1223": 2,
        "1335": 2,
        "2038": 1,
        "1444": 1,
        "1778": 1,
        "1363": 1,
        "1320": 1,
        "1838": 1,
        "2383": 1,
        "1623": 1,
        "1382": 1,
        "2165": 1,
        "2159": 1,
        "2189": 1,
        "1267": 1,
        "2082": 1,
        "1295": 1,
        "1581": 1,
        "1760": 1,
        "1818": 1,
        "1660": 1,
        "1661": 1,
        "1566": 1,
        "1827": 1,
        "1575": 1,
        "1442": 1,
        "1810": 1,
        "2436": 1,
        "1969": 1,
        "2037": 1,
        "1981": 1,
        "2269": 1,
        "1606": 1,
        "1547": 1,
        "1341": 1,
        "1719": 1,
        "1330": 1,
        "1506": 1,
        "1659": 1,
        "2091": 1,
        "1533": 1,
        "1280": 1,
        "1315": 1,
        "1498": 1,
        "2170": 1,
        "1524": 1,
        "2568": 1,
        "2736": 1,
        "1500": 1,
        "1435": 1,
        "1234": 1,
        "2176": 1,
        "1582": 1,
        "1844": 1,
        "1512": 1,
        "1349": 1,
        "1519": 1,
        "1591": 1,
        "1731": 1,
        "1489": 1,
        "2029": 1,
        "2183": 1,
        "1914": 1,
        "2487": 1,
        "2195": 1,
        "1526": 1,
        "2256": 1,
        "2225": 1,
        "1538": 1,
        "2412": 1,
        "2105": 1,
        "1571": 1,
        "1556": 1,
        "1535": 1,
        "2554": 1,
        "1820": 1,
        "1809": 1,
        "1495": 1,
        "1455": 1,
        "2132": 1,
        "1640": 1,
        "1655": 1,
        "1637": 1,
        "1683": 1,
        "1418": 1,
        "1848": 1,
        "1993": 1,
        "1284": 1,
        "1950": 1,
        "2418": 1,
        "1588": 1,
        "1693": 1,
        "1332": 1,
        "1593": 1,
        "1402": 1,
        "2649": 1,
        "1334": 1,
        "1371": 1,
        "2268": 1,
        "1705": 1,
        "1815": 1,
        "1988": 1,
        "2546": 1,
        "1550": 1,
        "1709": 1,
        "1487": 1,
        "1573": 1,
        "1745": 1,
        "1318": 1,
        "1920": 1,
        "2294": 1,
        "1666": 1,
        "1559": 1,
        "2000": 1,
        "2492": 1,
        "2469": 1,
        "1704": 1,
        "1918": 1,
        "2327": 1,
        "1649": 1,
        "2325": 1,
        "1417": 1,
        "1577": 1,
        "1518": 1,
        "2145": 1,
        "2669": 1,
        "1400": 1,
        "1788": 1,
        "1528": 1,
        "1499": 1,
        "1456": 1,
        "1521": 1,
        "1383": 1,
        "1766": 1,
        "1723": 1,
        "2173": 1,
        "2741": 1,
        "1290": 1,
        "1403": 1,
        "2133": 1,
        "1710": 1,
        "2387": 1,
        "1534": 1,
        "1829": 1,
        "2370": 1,
        "1963": 1,
        "2151": 1,
        "2042": 1,
        "1531": 1,
        "1652": 1,
        "1882": 1,
        "1814": 1,
        "1592": 1,
        "1612": 1,
        "2252": 1,
        "1776": 1,
        "1589": 1,
        "1398": 1,
        "2351": 1,
        "2425": 1,
        "1480": 1,
        "1386": 1,
        "1799": 1,
        "1663": 1,
        "1824": 1,
        "1939": 1,
        "2906": 1,
        "1541": 1,
        "1554": 1,
        "1781": 1,
        "1563": 1,
        "1825": 1,
        "1806": 1,
        "1298": 1,
        "1877": 1,
        "1544": 1,
        "1408": 1,
        "1744": 1,
        "1474": 1,
        "1597": 1,
        "1493": 1,
        "2364": 1,
        "2258": 1,
        "1763": 1,
        "1352": 1,
        "1329": 1,
        "1680": 1,
        "2177": 1,
        "1199": 1,
        "1414": 1,
        "1436": 1,
        "1536": 1,
        "1353": 1,
        "2185": 1,
        "1389": 1,
        "2084": 1,
        "1601": 1,
        "1428": 1,
        "1703": 1,
        "1516": 1,
        "1482": 1,
        "1336": 1,
        "2321": 1,
        "1604": 1,
        "1410": 1,
        "1843": 1,
        "1826": 1,
        "1490": 1,
        "1650": 1,
        "1777": 1,
        "2219": 1,
        "1791": 1,
        "2075": 1,
        "1625": 1,
        "1782": 1,
        "1701": 1,
        "1278": 1,
        "1682": 1,
        "1967": 1,
        "1226": 1,
        "2046": 1,
        "1381": 1,
        "1520": 1,
        "1990": 1,
        "2204": 1,
        "1427": 1,
        "1872": 1,
        "1441": 1,
        "1630": 1,
        "1740": 1,
        "1613": 1,
        "1590": 1,
        "1685": 1,
        "2328": 1,
        "1340": 1,
        "1797": 1,
        "1337": 1,
        "1419": 1,
        "1812": 1,
        "2180": 1,
        "2041": 1,
        "1440": 1,
        "1539": 1,
        "1390": 1,
        "1346": 1,
        "2217": 1,
        "1924": 1,
        "1762": 1,
        "1357": 1,
        "1718": 1,
        "1887": 1,
        "2301": 1,
        "1986": 1,
        "2320": 1,
        "1327": 1,
        "1367": 1,
        "1505": 1,
        "1277": 1,
        "1131": 1,
        "1164": 1,
        "2035": 1,
        "1260": 1,
        "1333": 1,
        "1876": 1,
        "1992": 1,
        "2410": 1,
        "1247": 1,
        "2430": 1,
        "2477": 1,
        "1915": 1,
        "2162": 1,
        "2672": 1,
        "2540": 1,
        "1470": 1,
        "1864": 1,
        "1416": 1
    },
    "nrows": 39361
}