{
    "column_id": "Lahman-2014/pitching.csvpitching.csv/R",
    "dataset_name": "pitching.csv",
    "dataset_id": "Lahman-2014/pitching.csv",
    "path": "/home/ubuntu/CatDB/Experiments/data/Lahman-2014/pitching.csv",
    "table_name": "pitching.csv",
    "table_id": "Lahman-2014/pitching.csvpitching.csv",
    "column_name": "R",
    "data_source": "Lahman-2014",
    "data_type": "int",
    "total_values_count": 39361,
    "distinct_values_count": 345,
    "missing_values_count": 0,
    "true_ratio": null,
    "min_value": 0.0,
    "max_value": 519.0,
    "mean": 45.38228195421864,
    "median": 31.0,
    "iqr": 61.0,
    "category_values": [
        8,
        25,
        24,
        32,
        23,
        19,
        1,
        36,
        88,
        104,
        83,
        17,
        20,
        7,
        44,
        29,
        2,
        22,
        27,
        139,
        52,
        74,
        34,
        135,
        3,
        14,
        38,
        61,
        41,
        111,
        99,
        78,
        110,
        64,
        46,
        12,
        39,
        95,
        116,
        85,
        73,
        115,
        50,
        43,
        128,
        16,
        71,
        11,
        80,
        9,
        4,
        15,
        31,
        89,
        79,
        37,
        6,
        35,
        63,
        30,
        33,
        87,
        65,
        40,
        49,
        28,
        5,
        18,
        13,
        10,
        21,
        108,
        48,
        53,
        47,
        57,
        26,
        55,
        97,
        94,
        90,
        51,
        66,
        77,
        67,
        62,
        42,
        84,
        76,
        58,
        113,
        98,
        0,
        70,
        69,
        96,
        60,
        45,
        82,
        72,
        129,
        101,
        100,
        123,
        68,
        54,
        103,
        120,
        105,
        56,
        122,
        118,
        133,
        106,
        86,
        107,
        75,
        59,
        102,
        117,
        92,
        93,
        109,
        125,
        91,
        199,
        112,
        81,
        114,
        119,
        160,
        140,
        130,
        288,
        121,
        127,
        150,
        132,
        124,
        305,
        321,
        169,
        307,
        176,
        142,
        194,
        136,
        218,
        137,
        358,
        322,
        278,
        272,
        228,
        166,
        210,
        267,
        144,
        181,
        179,
        300,
        138,
        131,
        209,
        147,
        178,
        252,
        143,
        151,
        146,
        163,
        156,
        134,
        440,
        152,
        164,
        248,
        222,
        206,
        298,
        155,
        126,
        207,
        204,
        224,
        304,
        229,
        266,
        361,
        203,
        292,
        329,
        153,
        141,
        192,
        197,
        295,
        236,
        172,
        170,
        473,
        519,
        161,
        187,
        225,
        238,
        196,
        211,
        201,
        174,
        195,
        213,
        177,
        250,
        198,
        274,
        185,
        215,
        249,
        242,
        226,
        220,
        263,
        230,
        148,
        246,
        255,
        283,
        239,
        280,
        186,
        244,
        240,
        333,
        510,
        232,
        173,
        145,
        281,
        286,
        276,
        350,
        347,
        386,
        184,
        275,
        245,
        190,
        168,
        188,
        175,
        200,
        154,
        180,
        208,
        212,
        165,
        193,
        217,
        158,
        268,
        309,
        191,
        202,
        235,
        306,
        159,
        162,
        282,
        287,
        182,
        183,
        269,
        223,
        149,
        241,
        277,
        296,
        297,
        257,
        189,
        216,
        221,
        157,
        299,
        367,
        254,
        259,
        233,
        256,
        253,
        237,
        171,
        231,
        352,
        258,
        271,
        273,
        214,
        315,
        311,
        316,
        234,
        243,
        260,
        291,
        167,
        326,
        205,
        285,
        356,
        348,
        371,
        421,
        395,
        359,
        349,
        325,
        344,
        308,
        219,
        362,
        341,
        345,
        261,
        264,
        336,
        302,
        343,
        293,
        369,
        414,
        402,
        328,
        334,
        294,
        270,
        279,
        342,
        404,
        323,
        284,
        265,
        368,
        439
    ],
    "embedding": [
        -1.0,
        -1.0,
        -1.0,
        1.0,
        -1.0,
        1.0,
        -1.0,
        -1.0,
        -0.9999944567680359,
        -1.0,
        1.0,
        -1.0,
        -1.0,
        1.0,
        1.0,
        1.0,
        1.0,
        -1.0,
        1.0,
        -1.0,
        1.0,
        -1.0,
        1.0,
        -1.0,
        1.0,
        -1.0,
        -1.0,
        1.0,
        -1.0,
        -1.0,
        1.0,
        1.0,
        -1.0,
        -1.0,
        -1.0,
        1.0,
        -1.0,
        1.0,
        1.0,
        -1.0,
        -1.0,
        1.0,
        -1.0,
        -1.0,
        -1.0,
        -1.0,
        1.0,
        -1.0,
        -0.9999905824661255,
        -0.9102944135665894,
        -1.0,
        1.0,
        1.0,
        1.0,
        -1.0,
        1.0,
        1.0,
        1.0,
        -1.0,
        0.9532837271690369,
        -1.0,
        -1.0,
        1.0,
        -1.0,
        1.0,
        -1.0,
        1.0,
        -1.0,
        1.0,
        1.0,
        1.0,
        -1.0,
        -1.0,
        -1.0,
        -1.0,
        1.0,
        1.0,
        1.0,
        1.0,
        1.0,
        1.0,
        1.0,
        1.0,
        -1.0,
        -1.0,
        1.0,
        -1.0,
        1.0,
        1.0,
        1.0,
        -1.0,
        1.0,
        1.0,
        -1.0,
        1.0,
        -1.0,
        1.0,
        -1.0,
        -1.0,
        -1.0,
        -0.9903537631034851,
        -1.0,
        1.0,
        -1.0,
        -1.0,
        1.0,
        1.0,
        1.0,
        -1.0,
        -1.0,
        1.0,
        -1.0,
        -1.0,
        1.0,
        1.0,
        1.0,
        1.0,
        1.0,
        1.0,
        -1.0,
        -1.0,
        1.0,
        -1.0,
        -1.0,
        1.0,
        -1.0,
        -1.0,
        -0.9999496936798096,
        -1.0,
        1.0,
        -1.0,
        1.0,
        -1.0,
        -1.0,
        1.0,
        -1.0,
        -1.0,
        1.0,
        1.0,
        -1.0,
        1.0,
        1.0,
        1.0,
        -1.0,
        1.0,
        -1.0,
        1.0,
        -1.0,
        -1.0,
        -1.0,
        0.9996822476387024,
        -1.0,
        1.0,
        -1.0,
        1.0,
        -1.0,
        1.0,
        -1.0,
        1.0,
        -1.0,
        -1.0,
        1.0,
        -1.0,
        -1.0,
        1.0,
        -1.0,
        1.0,
        -1.0,
        -1.0,
        -1.0,
        -1.0,
        -1.0,
        1.0,
        1.0,
        -1.0,
        -1.0,
        1.0,
        -1.0,
        -1.0,
        -1.0,
        1.0,
        -1.0,
        -1.0,
        -1.0,
        1.0,
        -1.0,
        1.0,
        -1.0,
        -1.0,
        -1.0,
        1.0,
        1.0,
        1.0,
        1.0,
        -1.0,
        -1.0,
        1.0,
        -1.0,
        -1.0,
        1.0,
        -1.0,
        1.0,
        -1.0,
        -1.0,
        -1.0,
        -1.0,
        1.0,
        1.0,
        -1.0,
        -1.0,
        -1.0,
        1.0,
        -1.0,
        -1.0,
        -1.0,
        1.0,
        -1.0,
        1.0,
        -1.0,
        -1.0,
        1.0,
        -1.0,
        -1.0,
        1.0,
        -0.9999959468841553,
        -0.9058349132537842,
        1.0,
        -1.0,
        -1.0,
        -1.0,
        1.0,
        -1.0,
        1.0,
        -1.0,
        -1.0,
        1.0,
        -1.0,
        1.0,
        1.0,
        -0.9999992847442627,
        1.0,
        -0.9030940532684326,
        1.0,
        -1.0,
        1.0,
        1.0,
        -1.0,
        -1.0,
        -1.0,
        1.0,
        1.0,
        1.0,
        -1.0,
        -1.0,
        -1.0,
        1.0,
        1.0,
        -1.0,
        -1.0,
        -1.0,
        1.0,
        1.0,
        1.0,
        -1.0,
        1.0,
        -1.0,
        -1.0,
        -1.0,
        1.0,
        1.0,
        -0.9863930344581604,
        -1.0,
        -1.0,
        1.0,
        -1.0,
        1.0,
        1.0,
        1.0,
        1.0,
        1.0,
        1.0,
        -1.0,
        1.0,
        1.0,
        1.0,
        -1.0,
        -1.0,
        1.0,
        -1.0,
        -1.0,
        -1.0,
        1.0,
        -1.0,
        -1.0,
        -1.0,
        -1.0,
        -1.0,
        1.0,
        1.0,
        1.0
    ],
    "embedding_scaling_factor": 193.19667053222656,
    "samples": [
        113,
        38,
        15,
        42,
        24,
        2,
        116,
        5,
        47,
        84,
        56,
        77,
        15,
        6,
        36,
        25,
        69,
        17,
        9,
        13,
        18,
        14,
        84,
        35,
        135,
        14,
        98,
        75,
        2,
        5,
        77,
        51,
        51,
        100,
        110,
        18,
        19,
        3,
        38,
        23,
        14,
        10,
        20,
        97,
        11,
        8,
        90,
        8,
        9,
        7,
        128,
        22,
        43,
        100,
        90,
        1,
        14,
        20,
        111,
        5,
        68,
        45,
        4,
        114,
        12,
        57,
        93,
        103,
        78,
        26,
        33,
        41,
        21,
        7,
        47,
        47,
        9,
        87,
        14,
        5,
        37,
        24,
        122,
        34,
        68,
        6,
        28,
        57,
        42,
        34,
        12,
        44,
        101,
        82,
        14,
        36,
        94,
        93,
        113,
        9
    ],
    "category_values_ratio": {
        "4": 976,
        "5": 932,
        "3": 913,
        "2": 873,
        "6": 861,
        "7": 844,
        "0": 806,
        "8": 795,
        "9": 777,
        "11": 710,
        "1": 707,
        "10": 704,
        "15": 637,
        "12": 614,
        "14": 600,
        "13": 592,
        "17": 575,
        "18": 548,
        "16": 539,
        "22": 536,
        "19": 513,
        "21": 487,
        "20": 486,
        "23": 483,
        "27": 474,
        "25": 466,
        "26": 457,
        "24": 447,
        "31": 435,
        "29": 419,
        "28": 419,
        "30": 417,
        "32": 406,
        "33": 401,
        "34": 376,
        "35": 371,
        "36": 342,
        "37": 335,
        "39": 306,
        "42": 300,
        "38": 288,
        "41": 287,
        "43": 276,
        "40": 273,
        "45": 258,
        "44": 249,
        "48": 234,
        "53": 229,
        "51": 227,
        "84": 218,
        "73": 215,
        "49": 215,
        "47": 214,
        "86": 213,
        "46": 209,
        "56": 205,
        "52": 202,
        "67": 198,
        "90": 198,
        "80": 198,
        "74": 196,
        "60": 196,
        "89": 194,
        "76": 192,
        "50": 192,
        "83": 191,
        "77": 190,
        "66": 189,
        "93": 187,
        "75": 187,
        "78": 186,
        "85": 186,
        "70": 185,
        "61": 185,
        "63": 185,
        "72": 184,
        "88": 184,
        "95": 184,
        "82": 184,
        "58": 183,
        "55": 182,
        "54": 182,
        "81": 180,
        "68": 179,
        "79": 179,
        "57": 179,
        "59": 178,
        "71": 176,
        "65": 176,
        "101": 173,
        "62": 173,
        "100": 172,
        "91": 171,
        "92": 171,
        "98": 169,
        "87": 169,
        "103": 167,
        "104": 166,
        "99": 165,
        "102": 164,
        "96": 163,
        "69": 163,
        "106": 160,
        "94": 157,
        "105": 153,
        "64": 150,
        "97": 150,
        "111": 148,
        "110": 140,
        "112": 133,
        "108": 132,
        "109": 120,
        "115": 115,
        "107": 113,
        "113": 111,
        "114": 102,
        "117": 101,
        "116": 99,
        "123": 86,
        "119": 85,
        "118": 84,
        "121": 76,
        "120": 74,
        "122": 68,
        "127": 66,
        "125": 65,
        "126": 57,
        "128": 53,
        "124": 51,
        "132": 49,
        "129": 47,
        "133": 47,
        "136": 43,
        "131": 42,
        "130": 38,
        "135": 36,
        "137": 30,
        "143": 30,
        "146": 29,
        "138": 28,
        "139": 27,
        "141": 27,
        "155": 25,
        "134": 25,
        "144": 23,
        "148": 22,
        "147": 21,
        "145": 21,
        "140": 21,
        "150": 19,
        "151": 17,
        "142": 17,
        "166": 16,
        "149": 16,
        "161": 15,
        "163": 15,
        "160": 14,
        "224": 13,
        "157": 11,
        "174": 11,
        "177": 11,
        "165": 11,
        "154": 10,
        "152": 10,
        "153": 10,
        "164": 10,
        "162": 10,
        "244": 9,
        "173": 9,
        "156": 9,
        "196": 9,
        "229": 9,
        "204": 9,
        "203": 8,
        "194": 8,
        "159": 8,
        "158": 8,
        "170": 8,
        "190": 7,
        "197": 7,
        "185": 7,
        "168": 7,
        "219": 7,
        "181": 7,
        "195": 7,
        "183": 6,
        "228": 6,
        "179": 6,
        "169": 6,
        "206": 6,
        "199": 6,
        "288": 6,
        "192": 6,
        "184": 6,
        "230": 6,
        "189": 6,
        "205": 6,
        "188": 6,
        "241": 6,
        "175": 6,
        "250": 6,
        "208": 6,
        "212": 6,
        "278": 5,
        "176": 5,
        "211": 5,
        "201": 5,
        "292": 5,
        "218": 5,
        "216": 5,
        "233": 5,
        "223": 5,
        "186": 5,
        "182": 5,
        "221": 5,
        "222": 5,
        "252": 5,
        "191": 5,
        "217": 5,
        "235": 4,
        "283": 4,
        "255": 4,
        "238": 4,
        "246": 4,
        "198": 4,
        "213": 4,
        "300": 4,
        "257": 4,
        "277": 4,
        "225": 4,
        "237": 4,
        "245": 4,
        "232": 4,
        "259": 4,
        "200": 4,
        "248": 4,
        "172": 4,
        "167": 4,
        "243": 4,
        "231": 4,
        "171": 4,
        "276": 3,
        "193": 3,
        "275": 3,
        "280": 3,
        "315": 3,
        "286": 3,
        "274": 3,
        "350": 3,
        "239": 3,
        "178": 3,
        "209": 3,
        "260": 3,
        "210": 3,
        "321": 3,
        "308": 3,
        "187": 3,
        "271": 3,
        "215": 3,
        "214": 3,
        "267": 3,
        "226": 3,
        "266": 3,
        "234": 3,
        "307": 3,
        "254": 3,
        "249": 3,
        "282": 3,
        "358": 3,
        "272": 3,
        "297": 3,
        "305": 2,
        "306": 2,
        "236": 2,
        "287": 2,
        "242": 2,
        "285": 2,
        "220": 2,
        "265": 2,
        "180": 2,
        "202": 2,
        "281": 2,
        "268": 2,
        "291": 2,
        "395": 2,
        "258": 2,
        "264": 2,
        "323": 2,
        "253": 2,
        "256": 2,
        "240": 2,
        "333": 1,
        "347": 1,
        "440": 1,
        "510": 1,
        "304": 1,
        "298": 1,
        "263": 1,
        "207": 1,
        "371": 1,
        "361": 1,
        "329": 1,
        "309": 1,
        "299": 1,
        "269": 1,
        "322": 1,
        "296": 1,
        "367": 1,
        "352": 1,
        "273": 1,
        "311": 1,
        "316": 1,
        "326": 1,
        "356": 1,
        "348": 1,
        "473": 1,
        "519": 1,
        "328": 1,
        "386": 1,
        "270": 1,
        "362": 1,
        "368": 1,
        "344": 1,
        "341": 1,
        "325": 1,
        "349": 1,
        "294": 1,
        "345": 1,
        "369": 1,
        "402": 1,
        "414": 1,
        "359": 1,
        "421": 1,
        "279": 1,
        "293": 1,
        "261": 1,
        "334": 1,
        "343": 1,
        "302": 1,
        "404": 1,
        "336": 1,
        "284": 1,
        "342": 1,
        "295": 1,
        "439": 1
    },
    "nrows": 39361
}