{
    "column_id": "Lahman-2014/pitching.csvpitching.csv/ERA",
    "dataset_name": "pitching.csv",
    "dataset_id": "Lahman-2014/pitching.csv",
    "path": "/home/ubuntu/CatDB/Experiments/data/Lahman-2014/pitching.csv",
    "table_name": "pitching.csv",
    "table_id": "Lahman-2014/pitching.csvpitching.csv",
    "column_name": "ERA",
    "data_source": "Lahman-2014",
    "data_type": "int",
    "total_values_count": 39361,
    "distinct_values_count": 52,
    "missing_values_count": 83,
    "true_ratio": null,
    "min_value": 0.0,
    "max_value": 189.0,
    "mean": 4.590381383980854,
    "median": 4.0,
    "iqr": 2.0,
    "category_values": [
        6,
        4,
        5,
        2,
        3,
        9,
        1,
        7,
        20,
        11,
        12,
        13,
        10,
        8,
        16,
        0,
        18,
        54,
        27,
        67,
        15,
        14,
        45,
        19,
        36,
        22,
        40,
        33,
        21,
        24,
        81,
        43,
        31,
        17,
        32,
        28,
        108,
        23,
        135,
        189,
        30,
        48,
        94,
        63,
        37,
        25,
        162,
        38,
        47,
        29,
        60,
        42
    ],
    "embedding": [
        -1.0,
        -1.0,
        -1.0,
        1.0,
        -1.0,
        1.0,
        -1.0,
        -1.0,
        -1.0,
        -1.0,
        1.0,
        -1.0,
        -1.0,
        1.0,
        1.0,
        1.0,
        1.0,
        -1.0,
        1.0,
        -1.0,
        1.0,
        -1.0,
        1.0,
        -1.0,
        1.0,
        -1.0,
        -1.0,
        1.0,
        -1.0,
        -1.0,
        1.0,
        1.0,
        -1.0,
        -1.0,
        -1.0,
        1.0,
        -1.0,
        1.0,
        1.0,
        -1.0,
        -1.0,
        1.0,
        -1.0,
        -1.0,
        -1.0,
        -1.0,
        1.0,
        -1.0,
        -1.0,
        -0.6421995162963867,
        -1.0,
        1.0,
        1.0,
        1.0,
        -1.0,
        1.0,
        1.0,
        1.0,
        -1.0,
        0.7451754808425903,
        -1.0,
        -1.0,
        1.0,
        -1.0,
        1.0,
        -1.0,
        1.0,
        -1.0,
        1.0,
        1.0,
        1.0,
        -1.0,
        -1.0,
        -1.0,
        -1.0,
        1.0,
        1.0,
        1.0,
        1.0,
        1.0,
        1.0,
        1.0,
        1.0,
        -1.0,
        -1.0,
        1.0,
        -1.0,
        1.0,
        1.0,
        1.0,
        -1.0,
        1.0,
        1.0,
        -1.0,
        1.0,
        -1.0,
        1.0,
        -1.0,
        -1.0,
        -1.0,
        -0.9611116647720337,
        -1.0,
        1.0,
        -1.0,
        -1.0,
        1.0,
        1.0,
        1.0,
        -1.0,
        -1.0,
        1.0,
        -1.0,
        -1.0,
        1.0,
        1.0,
        1.0,
        1.0,
        1.0,
        1.0,
        -1.0,
        -1.0,
        1.0,
        -1.0,
        -1.0,
        1.0,
        -1.0,
        -1.0,
        -1.0,
        -1.0,
        1.0,
        -1.0,
        1.0,
        -1.0,
        -1.0,
        1.0,
        -1.0,
        -1.0,
        1.0,
        1.0,
        -1.0,
        1.0,
        1.0,
        1.0,
        -1.0,
        1.0,
        -1.0,
        1.0,
        -1.0,
        -1.0,
        -1.0,
        1.0,
        -1.0,
        1.0,
        -1.0,
        1.0,
        -1.0,
        1.0,
        -1.0,
        1.0,
        -1.0,
        -1.0,
        1.0,
        -1.0,
        -1.0,
        1.0,
        -1.0,
        1.0,
        -1.0,
        -1.0,
        -1.0,
        -1.0,
        -1.0,
        1.0,
        1.0,
        -1.0,
        -1.0,
        1.0,
        -1.0,
        -1.0,
        -1.0,
        1.0,
        -1.0,
        -1.0,
        -1.0,
        1.0,
        -1.0,
        1.0,
        -1.0,
        -1.0,
        -1.0,
        1.0,
        1.0,
        1.0,
        1.0,
        -1.0,
        -1.0,
        1.0,
        -1.0,
        -1.0,
        1.0,
        -1.0,
        1.0,
        -1.0,
        -1.0,
        -1.0,
        -1.0,
        1.0,
        1.0,
        -1.0,
        -1.0,
        -1.0,
        1.0,
        -1.0,
        -1.0,
        -1.0,
        1.0,
        -1.0,
        1.0,
        -1.0,
        -1.0,
        1.0,
        -1.0,
        -1.0,
        1.0,
        -1.0,
        -0.6364555954933167,
        1.0,
        -1.0,
        -1.0,
        -1.0,
        1.0,
        -1.0,
        1.0,
        -1.0,
        -1.0,
        1.0,
        -1.0,
        1.0,
        1.0,
        -1.0,
        1.0,
        -0.622581422328949,
        1.0,
        -1.0,
        1.0,
        1.0,
        -1.0,
        -1.0,
        -1.0,
        1.0,
        1.0,
        1.0,
        -1.0,
        -1.0,
        -1.0,
        1.0,
        1.0,
        -1.0,
        -1.0,
        -1.0,
        1.0,
        1.0,
        1.0,
        -1.0,
        1.0,
        -1.0,
        -1.0,
        -1.0,
        1.0,
        1.0,
        -0.9373794198036194,
        -1.0,
        -1.0,
        1.0,
        -1.0,
        1.0,
        1.0,
        1.0,
        1.0,
        1.0,
        1.0,
        -1.0,
        1.0,
        1.0,
        1.0,
        -1.0,
        -1.0,
        1.0,
        -1.0,
        -1.0,
        -1.0,
        1.0,
        -1.0,
        -1.0,
        -1.0,
        -1.0,
        -1.0,
        1.0,
        1.0,
        1.0
    ],
    "embedding_scaling_factor": 926.1016235351562,
    "samples": [
        7,
        6,
        4,
        2,
        2,
        3,
        4,
        3,
        10,
        3,
        4,
        3,
        8,
        6,
        3,
        2,
        5,
        3,
        11,
        0,
        4,
        6,
        5,
        3,
        3,
        3,
        3,
        7,
        3,
        3,
        0,
        1,
        3,
        5,
        2,
        2,
        9,
        5,
        2,
        2,
        7,
        4,
        4,
        9,
        4,
        4,
        5,
        4,
        3,
        9,
        1,
        6,
        2,
        2,
        7,
        2,
        4,
        3,
        6,
        6,
        4,
        4,
        3,
        9,
        3,
        3,
        4,
        2,
        3,
        4,
        3,
        6,
        2,
        10,
        4,
        3,
        4,
        6,
        10,
        4,
        4,
        2,
        4,
        2,
        2,
        4,
        4,
        3,
        3,
        5,
        2,
        4,
        3,
        4,
        3,
        3,
        6,
        1,
        3,
        4
    ],
    "category_values_ratio": {
        "3": 10166,
        "4": 8477,
        "2": 5634,
        "5": 4631,
        "6": 2616,
        "1": 1392,
        "7": 1371,
        "0": 1103,
        "9": 920,
        "8": 719,
        "10": 391,
        "11": 279,
        "13": 269,
        "12": 240,
        "18": 179,
        "27": 154,
        "15": 148,
        "16": 105,
        "14": 80,
        "21": 45,
        "54": 42,
        "20": 40,
        "22": 38,
        "19": 30,
        "36": 30,
        "17": 27,
        "40": 21,
        "81": 16,
        "23": 16,
        "24": 12,
        "33": 11,
        "31": 11,
        "108": 8,
        "45": 7,
        "67": 6,
        "32": 6,
        "135": 5,
        "30": 5,
        "37": 4,
        "63": 4,
        "162": 3,
        "29": 2,
        "25": 2,
        "38": 2,
        "189": 2,
        "94": 2,
        "43": 2,
        "48": 1,
        "28": 1,
        "47": 1,
        "60": 1,
        "42": 1
    },
    "nrows": 39361
}