{
    "column_id": "Lahman-2014/pitching.csvpitching.csv/GF",
    "dataset_name": "pitching.csv",
    "dataset_id": "Lahman-2014/pitching.csv",
    "path": "/home/ubuntu/CatDB/Experiments/data/Lahman-2014/pitching.csv",
    "table_name": "pitching.csv",
    "table_id": "Lahman-2014/pitching.csvpitching.csv",
    "column_name": "GF",
    "data_source": "Lahman-2014",
    "data_type": "int",
    "total_values_count": 39361,
    "distinct_values_count": 78,
    "missing_values_count": 133,
    "true_ratio": null,
    "min_value": 0.0,
    "max_value": 84.0,
    "mean": 6.430891200163149,
    "median": 3.0,
    "iqr": 7.0,
    "category_values": [
        5,
        9,
        7,
        53,
        43,
        1,
        0,
        4,
        6,
        31,
        18,
        17,
        58,
        16,
        22,
        13,
        3,
        2,
        8,
        28,
        12,
        33,
        27,
        62,
        11,
        25,
        61,
        20,
        46,
        48,
        29,
        21,
        19,
        26,
        41,
        23,
        42,
        14,
        10,
        49,
        52,
        44,
        50,
        39,
        15,
        38,
        54,
        60,
        40,
        30,
        57,
        64,
        32,
        55,
        47,
        35,
        24,
        36,
        59,
        56,
        51,
        34,
        71,
        66,
        70,
        37,
        68,
        63,
        45,
        65,
        69,
        67,
        73,
        79,
        83,
        84,
        76,
        77
    ],
    "embedding": [
        -1.0,
        -1.0,
        -1.0,
        1.0,
        -1.0,
        1.0,
        -1.0,
        -1.0,
        -1.0,
        -1.0,
        1.0,
        -1.0,
        -1.0,
        1.0,
        1.0,
        1.0,
        1.0,
        -1.0,
        1.0,
        -1.0,
        1.0,
        -1.0,
        1.0,
        -1.0,
        1.0,
        -1.0,
        -1.0,
        1.0,
        -1.0,
        -1.0,
        1.0,
        1.0,
        -1.0,
        -1.0,
        -1.0,
        1.0,
        -1.0,
        1.0,
        1.0,
        -1.0,
        -1.0,
        1.0,
        -1.0,
        -1.0,
        -1.0,
        -1.0,
        1.0,
        -1.0,
        -1.0,
        -0.45028156042099,
        -1.0,
        1.0,
        1.0,
        1.0,
        -1.0,
        1.0,
        1.0,
        1.0,
        -1.0,
        0.751316487789154,
        -1.0,
        -1.0,
        1.0,
        -1.0,
        1.0,
        -1.0,
        1.0,
        -1.0,
        1.0,
        1.0,
        1.0,
        -1.0,
        -1.0,
        -1.0,
        -1.0,
        1.0,
        1.0,
        1.0,
        1.0,
        1.0,
        1.0,
        1.0,
        1.0,
        -1.0,
        -1.0,
        1.0,
        -1.0,
        1.0,
        1.0,
        1.0,
        -1.0,
        1.0,
        1.0,
        -1.0,
        1.0,
        -1.0,
        1.0,
        -1.0,
        -1.0,
        -1.0,
        -0.9371621012687683,
        -1.0,
        1.0,
        -1.0,
        -1.0,
        1.0,
        1.0,
        1.0,
        -1.0,
        -1.0,
        1.0,
        -1.0,
        -1.0,
        1.0,
        1.0,
        1.0,
        1.0,
        1.0,
        1.0,
        -1.0,
        -1.0,
        1.0,
        -1.0,
        -1.0,
        1.0,
        -1.0,
        -1.0,
        -1.0,
        -1.0,
        1.0,
        -1.0,
        1.0,
        -1.0,
        -1.0,
        1.0,
        -1.0,
        -1.0,
        1.0,
        1.0,
        -1.0,
        1.0,
        1.0,
        1.0,
        -1.0,
        1.0,
        -1.0,
        1.0,
        -1.0,
        -1.0,
        -1.0,
        1.0,
        -1.0,
        1.0,
        -1.0,
        1.0,
        -1.0,
        1.0,
        -1.0,
        1.0,
        -1.0,
        -1.0,
        1.0,
        -1.0,
        -1.0,
        1.0,
        -1.0,
        1.0,
        -1.0,
        -1.0,
        -1.0,
        -1.0,
        -1.0,
        1.0,
        1.0,
        -1.0,
        -1.0,
        1.0,
        -1.0,
        -1.0,
        -1.0,
        1.0,
        -1.0,
        -1.0,
        -1.0,
        1.0,
        -1.0,
        1.0,
        -1.0,
        -1.0,
        -1.0,
        1.0,
        1.0,
        1.0,
        1.0,
        -1.0,
        -1.0,
        1.0,
        -1.0,
        -1.0,
        1.0,
        -1.0,
        1.0,
        -1.0,
        -1.0,
        -1.0,
        -1.0,
        1.0,
        1.0,
        -1.0,
        -1.0,
        -1.0,
        1.0,
        -1.0,
        -1.0,
        -1.0,
        1.0,
        -1.0,
        1.0,
        -1.0,
        -1.0,
        1.0,
        -1.0,
        -1.0,
        1.0,
        -1.0,
        -0.4461123049259186,
        1.0,
        -1.0,
        -1.0,
        -1.0,
        1.0,
        -1.0,
        1.0,
        -1.0,
        -1.0,
        1.0,
        -1.0,
        1.0,
        1.0,
        -1.0,
        1.0,
        -0.4312988817691803,
        1.0,
        -1.0,
        1.0,
        1.0,
        -1.0,
        -1.0,
        -1.0,
        1.0,
        1.0,
        1.0,
        -1.0,
        -1.0,
        -1.0,
        1.0,
        1.0,
        -1.0,
        -1.0,
        -1.0,
        1.0,
        1.0,
        1.0,
        -1.0,
        1.0,
        -1.0,
        -1.0,
        -1.0,
        1.0,
        1.0,
        -0.9172883629798889,
        -1.0,
        -1.0,
        1.0,
        -1.0,
        1.0,
        1.0,
        1.0,
        1.0,
        1.0,
        1.0,
        -1.0,
        1.0,
        1.0,
        1.0,
        -1.0,
        -1.0,
        1.0,
        -1.0,
        -1.0,
        -1.0,
        1.0,
        -1.0,
        -1.0,
        -1.0,
        -1.0,
        -1.0,
        1.0,
        1.0,
        1.0
    ],
    "embedding_scaling_factor": 520.746826171875,
    "samples": [
        3,
        0,
        8,
        1,
        3,
        7,
        15,
        8,
        3,
        0,
        0,
        0,
        11,
        0,
        4,
        11,
        28,
        8,
        1,
        8,
        2,
        10,
        6,
        0,
        4,
        0,
        0,
        9,
        7,
        7,
        14,
        16,
        7,
        5,
        2,
        9,
        6,
        0,
        4,
        2,
        4,
        7,
        2,
        10,
        11,
        7,
        55,
        26,
        0,
        12,
        35,
        0,
        2,
        53,
        21,
        22,
        28,
        14,
        25,
        0,
        2,
        0,
        2,
        4,
        3,
        23,
        1,
        20,
        3,
        14,
        6,
        0,
        32,
        7,
        0,
        9,
        10,
        11,
        6,
        10,
        22,
        2,
        20,
        10,
        0,
        3,
        1,
        0,
        0,
        2,
        22,
        0,
        14,
        4,
        2,
        61,
        0,
        3,
        1,
        7
    ],
    "category_values_ratio": {
        "0": 9759,
        "1": 5718,
        "2": 3750,
        "3": 2711,
        "4": 2259,
        "5": 1846,
        "6": 1527,
        "7": 1289,
        "8": 1110,
        "9": 987,
        "10": 863,
        "11": 747,
        "12": 657,
        "13": 579,
        "14": 496,
        "15": 444,
        "16": 416,
        "17": 339,
        "18": 312,
        "19": 275,
        "20": 246,
        "21": 226,
        "22": 177,
        "23": 156,
        "26": 152,
        "24": 147,
        "27": 124,
        "25": 112,
        "28": 106,
        "30": 95,
        "29": 94,
        "31": 83,
        "32": 73,
        "33": 72,
        "41": 63,
        "35": 62,
        "38": 62,
        "39": 61,
        "40": 61,
        "34": 60,
        "37": 56,
        "36": 48,
        "47": 44,
        "46": 42,
        "44": 40,
        "43": 39,
        "58": 38,
        "55": 36,
        "56": 35,
        "51": 35,
        "50": 35,
        "53": 35,
        "59": 34,
        "52": 34,
        "49": 32,
        "60": 32,
        "54": 32,
        "42": 32,
        "48": 31,
        "62": 27,
        "61": 26,
        "57": 26,
        "45": 25,
        "64": 18,
        "63": 15,
        "67": 11,
        "66": 11,
        "65": 11,
        "68": 9,
        "69": 7,
        "70": 5,
        "71": 3,
        "73": 3,
        "79": 1,
        "83": 1,
        "84": 1,
        "76": 1,
        "77": 1
    },
    "nrows": 39361
}