{
    "column_id": "Road-Safety/Road-Safety.csvRoad-Safety.csv/Location_Easting_OSGR",
    "dataset_name": "Road-Safety.csv",
    "dataset_id": "Road-Safety/Road-Safety.csv",
    "path": "/home/ubuntu/CatDB/Experiments/data/Road-Safety/Road-Safety.csv",
    "table_name": "Road-Safety.csv",
    "table_id": "Road-Safety/Road-Safety.csvRoad-Safety.csv",
    "column_name": "Location_Easting_OSGR",
    "data_source": "Road-Safety",
    "data_type": "int",
    "total_values_count": 363243,
    "distinct_values_count": 78609,
    "missing_values_count": 43450,
    "true_ratio": null,
    "min_value": 70860.0,
    "max_value": 655282.0,
    "mean": 433746.09616533195,
    "median": 434647.0,
    "iqr": 146650.0,
    "category_values": null,
    "embedding": [
        -1.0,
        -1.0,
        -1.0,
        1.0,
        -1.0,
        1.0,
        -1.0,
        -1.0,
        -1.0,
        -1.0,
        1.0,
        -1.0,
        -1.0,
        1.0,
        1.0,
        1.0,
        1.0,
        -1.0,
        1.0,
        -1.0,
        1.0,
        -1.0,
        1.0,
        -1.0,
        1.0,
        -1.0,
        -1.0,
        1.0,
        -1.0,
        -1.0,
        1.0,
        1.0,
        -1.0,
        -1.0,
        -1.0,
        1.0,
        -1.0,
        1.0,
        1.0,
        -1.0,
        -1.0,
        1.0,
        -1.0,
        -1.0,
        -1.0,
        -1.0,
        1.0,
        -1.0,
        -1.0,
        -0.9273930191993713,
        -1.0,
        1.0,
        1.0,
        1.0,
        -1.0,
        1.0,
        1.0,
        1.0,
        -0.999999463558197,
        0.9969503283500671,
        -1.0,
        -1.0,
        1.0,
        -1.0,
        1.0,
        -1.0,
        1.0,
        -1.0,
        1.0,
        1.0,
        1.0,
        -1.0,
        -1.0,
        -1.0,
        -1.0,
        1.0,
        1.0,
        1.0,
        1.0,
        1.0,
        1.0,
        1.0,
        1.0,
        -1.0,
        -1.0,
        1.0,
        -1.0,
        1.0,
        1.0,
        1.0,
        -1.0,
        1.0,
        1.0,
        -1.0,
        1.0,
        -1.0,
        1.0,
        -1.0,
        -1.0,
        -1.0,
        -0.9948462247848511,
        -1.0,
        1.0,
        -1.0,
        -1.0,
        1.0,
        1.0,
        1.0,
        -1.0,
        -1.0,
        1.0,
        -1.0,
        -1.0,
        1.0,
        1.0,
        1.0,
        1.0,
        1.0,
        1.0,
        -1.0,
        -1.0,
        1.0,
        -1.0,
        -1.0,
        1.0,
        -1.0,
        -1.0,
        -1.0,
        -1.0,
        1.0,
        -1.0,
        1.0,
        -1.0,
        -1.0,
        1.0,
        -1.0,
        -1.0,
        1.0,
        1.0,
        -1.0,
        1.0,
        1.0,
        1.0,
        -1.0,
        1.0,
        -1.0,
        1.0,
        -1.0,
        -1.0,
        -1.0,
        1.0,
        -1.0,
        1.0,
        -1.0,
        1.0,
        -1.0,
        1.0,
        -1.0,
        1.0,
        -1.0,
        -1.0,
        1.0,
        -1.0,
        -1.0,
        1.0,
        -1.0,
        1.0,
        -1.0,
        -1.0,
        -1.0,
        -1.0,
        -1.0,
        1.0,
        1.0,
        -1.0,
        -1.0,
        1.0,
        -1.0,
        -1.0,
        -1.0,
        1.0,
        -1.0,
        -1.0,
        -1.0,
        1.0,
        -1.0,
        1.0,
        -1.0,
        -1.0,
        -1.0,
        1.0,
        1.0,
        1.0,
        1.0,
        -1.0,
        -1.0,
        1.0,
        -1.0,
        -1.0,
        1.0,
        -1.0,
        1.0,
        -1.0,
        -1.0,
        -1.0,
        -1.0,
        1.0,
        1.0,
        -1.0,
        -1.0,
        -1.0,
        1.0,
        -1.0,
        -1.0,
        -1.0,
        1.0,
        -1.0,
        1.0,
        -1.0,
        -1.0,
        1.0,
        -1.0,
        -1.0,
        1.0,
        -1.0,
        -0.9279563426971436,
        1.0,
        -1.0,
        -1.0,
        -1.0,
        1.0,
        -1.0,
        1.0,
        -1.0,
        -1.0,
        1.0,
        -1.0,
        1.0,
        1.0,
        -1.0,
        1.0,
        -0.9205458164215088,
        1.0,
        -1.0,
        1.0,
        1.0,
        -1.0,
        -1.0,
        -1.0,
        1.0,
        1.0,
        1.0,
        -1.0,
        -1.0,
        -1.0,
        1.0,
        1.0,
        -1.0,
        -1.0,
        -1.0,
        1.0,
        1.0,
        1.0,
        -1.0,
        1.0,
        -1.0,
        -1.0,
        -1.0,
        1.0,
        1.0,
        -0.9953168630599976,
        -1.0,
        -1.0,
        1.0,
        -1.0,
        1.0,
        1.0,
        1.0,
        1.0,
        1.0,
        1.0,
        -1.0,
        1.0,
        1.0,
        1.0,
        -1.0,
        -1.0,
        1.0,
        -1.0,
        -1.0,
        -1.0,
        1.0,
        -1.0,
        -1.0,
        -1.0,
        -1.0,
        -1.0,
        1.0,
        1.0,
        1.0
    ],
    "embedding_scaling_factor": 27.288002014160156,
    "samples": [
        420482,
        273877,
        458836,
        372600,
        426841,
        487676,
        524484,
        537810,
        435200,
        530540,
        361748,
        340062,
        388765,
        486037,
        432113,
        460859,
        538470,
        336842,
        323404,
        372940,
        324910,
        374058,
        503569,
        528340,
        353940,
        366695,
        415498,
        531710,
        436094,
        572444,
        496092,
        400060,
        307407,
        391378,
        340218,
        405030,
        487957,
        267674,
        495669,
        398179,
        399348,
        434363,
        377634,
        549980,
        430620,
        337121,
        557532,
        497335,
        536640,
        286586,
        411264,
        302656,
        236316,
        260822,
        385680,
        272672,
        528070,
        637586,
        304912,
        460539,
        305366,
        429390,
        508700,
        449067,
        323710,
        430942,
        420866,
        515610,
        545870,
        327369,
        408583,
        348830,
        318601,
        542940,
        337818,
        317351,
        377420,
        354344,
        430098,
        356050,
        451702,
        292670,
        323310,
        533650,
        539180,
        330262,
        512630,
        527580,
        324558,
        247621,
        484745,
        525550,
        549050,
        561493
    ],
    "category_values_ratio": null,
    "nrows": 363243
}