{
    "column_id": "oml_dataset_12_rnc/oml_dataset_12_rnc.csvoml_dataset_12_rnc.csv/c_3",
    "dataset_name": "oml_dataset_12_rnc.csv",
    "dataset_id": "oml_dataset_12_rnc/oml_dataset_12_rnc.csv",
    "path": "/home/ubuntu/CatDB/Experiments/data/oml_dataset_12_rnc/oml_dataset_12_rnc.csv",
    "table_name": "oml_dataset_12_rnc.csv",
    "table_id": "oml_dataset_12_rnc/oml_dataset_12_rnc.csvoml_dataset_12_rnc.csv",
    "column_name": "c_3",
    "data_source": "oml_dataset_12_rnc",
    "data_type": "int",
    "total_values_count": 245057,
    "distinct_values_count": 256,
    "missing_values_count": 0,
    "true_ratio": null,
    "min_value": 0.0,
    "max_value": 255.0,
    "mean": 123.17715062210017,
    "median": 128.0,
    "iqr": 94.0,
    "category_values": [
        123,
        122,
        121,
        119,
        118,
        125,
        126,
        127,
        124,
        128,
        131,
        132,
        129,
        130,
        135,
        134,
        133,
        223,
        219,
        230,
        236,
        235,
        238,
        244,
        247,
        250,
        253,
        255,
        252,
        251,
        254,
        248,
        249,
        120,
        224,
        221,
        225,
        231,
        227,
        229,
        232,
        246,
        233,
        237,
        239,
        243,
        245,
        234,
        240,
        117,
        241,
        139,
        242,
        228,
        220,
        218,
        222,
        216,
        214,
        226,
        217,
        215,
        175,
        146,
        140,
        152,
        141,
        137,
        136,
        213,
        212,
        209,
        205,
        206,
        208,
        211,
        202,
        203,
        199,
        201,
        198,
        193,
        186,
        184,
        185,
        183,
        194,
        192,
        189,
        182,
        169,
        168,
        173,
        172,
        176,
        145,
        155,
        144,
        143,
        138,
        210,
        207,
        200,
        195,
        187,
        191,
        181,
        179,
        178,
        177,
        147,
        142,
        204,
        197,
        196,
        188,
        174,
        156,
        190,
        166,
        151,
        171,
        150,
        149,
        148,
        180,
        157,
        158,
        162,
        164,
        116,
        115,
        153,
        154,
        159,
        161,
        165,
        167,
        113,
        112,
        111,
        160,
        114,
        110,
        109,
        163,
        108,
        170,
        107,
        106,
        105,
        103,
        104,
        96,
        0,
        11,
        7,
        4,
        5,
        2,
        3,
        1,
        6,
        13,
        78,
        83,
        91,
        85,
        90,
        92,
        94,
        98,
        99,
        101,
        102,
        67,
        12,
        9,
        10,
        46,
        84,
        93,
        97,
        66,
        19,
        8,
        72,
        89,
        100,
        60,
        77,
        95,
        87,
        76,
        86,
        28,
        64,
        79,
        88,
        26,
        15,
        73,
        81,
        25,
        44,
        82,
        45,
        58,
        53,
        80,
        55,
        56,
        57,
        52,
        54,
        61,
        62,
        70,
        74,
        33,
        59,
        51,
        65,
        68,
        75,
        30,
        63,
        18,
        14,
        38,
        69,
        17,
        48,
        40,
        32,
        47,
        43,
        42,
        49,
        71,
        24,
        29,
        37,
        50,
        20,
        39,
        41,
        27,
        36,
        35,
        16,
        34,
        21,
        31,
        23,
        22
    ],
    "embedding": [
        -1.0,
        -1.0,
        -1.0,
        1.0,
        -1.0,
        1.0,
        -1.0,
        -1.0,
        -0.999880313873291,
        -1.0,
        1.0,
        -1.0,
        -1.0,
        1.0,
        1.0,
        1.0,
        1.0,
        -1.0,
        1.0,
        -1.0,
        1.0,
        -1.0,
        1.0,
        -1.0,
        1.0,
        -1.0,
        -1.0,
        1.0,
        -1.0,
        -1.0,
        1.0,
        1.0,
        -1.0,
        -1.0,
        -1.0,
        1.0,
        -1.0,
        1.0,
        1.0,
        -1.0,
        -1.0,
        1.0,
        -1.0,
        -1.0,
        -1.0,
        -1.0,
        1.0,
        -1.0,
        -0.9997947812080383,
        -0.9433879852294922,
        -1.0,
        1.0,
        1.0,
        1.0,
        -1.0,
        1.0,
        1.0,
        1.0,
        -1.0,
        0.9781854748725891,
        -1.0,
        -1.0,
        1.0,
        -1.0,
        1.0,
        -1.0,
        1.0,
        -1.0,
        1.0,
        1.0,
        1.0,
        -1.0,
        -1.0,
        -1.0,
        -1.0,
        1.0,
        1.0,
        1.0,
        1.0,
        1.0,
        1.0,
        1.0,
        1.0,
        -1.0,
        -1.0,
        1.0,
        -1.0,
        1.0,
        1.0,
        1.0,
        -1.0,
        1.0,
        1.0,
        -1.0,
        1.0,
        -1.0,
        1.0,
        -1.0,
        -1.0,
        -1.0,
        -0.9934759140014648,
        -1.0,
        1.0,
        -1.0,
        -1.0,
        1.0,
        1.0,
        1.0,
        -1.0,
        -1.0,
        1.0,
        -1.0,
        -1.0,
        1.0,
        1.0,
        1.0,
        1.0,
        1.0,
        1.0,
        -1.0,
        -1.0,
        1.0,
        -1.0,
        -1.0,
        1.0,
        -1.0,
        -1.0,
        -0.9989087581634521,
        -1.0,
        1.0,
        -1.0,
        1.0,
        -1.0,
        -1.0,
        1.0,
        -1.0,
        -1.0,
        1.0,
        1.0,
        -1.0,
        1.0,
        1.0,
        1.0,
        -1.0,
        1.0,
        -1.0,
        1.0,
        -1.0,
        -1.0,
        -1.0,
        0.9930795431137085,
        -1.0,
        1.0,
        -1.0,
        1.0,
        -1.0,
        1.0,
        -1.0,
        1.0,
        -1.0,
        -1.0,
        1.0,
        -1.0,
        -1.0,
        1.0,
        -1.0,
        1.0,
        -1.0,
        -1.0,
        -1.0,
        -1.0,
        -1.0,
        1.0,
        1.0,
        -1.0,
        -1.0,
        1.0,
        -1.0,
        -1.0,
        -1.0,
        1.0,
        -1.0,
        -1.0,
        -1.0,
        1.0,
        -1.0,
        1.0,
        -1.0,
        -1.0,
        -1.0,
        1.0,
        1.0,
        1.0,
        1.0,
        -1.0,
        -1.0,
        1.0,
        -1.0,
        -1.0,
        1.0,
        -1.0,
        1.0,
        -1.0,
        -1.0,
        -1.0,
        -1.0,
        1.0,
        1.0,
        -1.0,
        -1.0,
        -1.0,
        1.0,
        -1.0,
        -1.0,
        -1.0,
        1.0,
        -1.0,
        1.0,
        -1.0,
        -1.0,
        1.0,
        -1.0,
        -1.0,
        1.0,
        -0.9999130368232727,
        -0.9431579113006592,
        1.0,
        -1.0,
        -1.0,
        -1.0,
        1.0,
        -1.0,
        1.0,
        -1.0,
        -1.0,
        1.0,
        -1.0,
        1.0,
        1.0,
        -0.9999839067459106,
        1.0,
        -0.9406657218933105,
        1.0,
        -1.0,
        1.0,
        1.0,
        -1.0,
        -1.0,
        -1.0,
        1.0,
        1.0,
        1.0,
        -1.0,
        -1.0,
        -1.0,
        1.0,
        1.0,
        -1.0,
        -1.0,
        -1.0,
        1.0,
        1.0,
        1.0,
        -1.0,
        1.0,
        -1.0,
        -1.0,
        -1.0,
        1.0,
        1.0,
        -0.9919109344482422,
        -1.0,
        -1.0,
        1.0,
        -1.0,
        1.0,
        1.0,
        1.0,
        1.0,
        1.0,
        1.0,
        -1.0,
        1.0,
        1.0,
        1.0,
        -1.0,
        -1.0,
        1.0,
        -1.0,
        -1.0,
        -1.0,
        1.0,
        -1.0,
        -1.0,
        -1.0,
        -1.0,
        -1.0,
        1.0,
        1.0,
        1.0
    ],
    "embedding_scaling_factor": 145.96405029296875,
    "samples": [
        152,
        245,
        87,
        27,
        128,
        41,
        114,
        133,
        36,
        228,
        225,
        96,
        112,
        211,
        116,
        226,
        153,
        91,
        252,
        122,
        24,
        255,
        0,
        9,
        23,
        138,
        164,
        171,
        125,
        162,
        123,
        0,
        22,
        202,
        162,
        4,
        37,
        45,
        160,
        230,
        33,
        122,
        18,
        223,
        140,
        18,
        178,
        88,
        71,
        233,
        131,
        21,
        144,
        116,
        70,
        16,
        121,
        85,
        119,
        26,
        169,
        244,
        22,
        132,
        157,
        132,
        134,
        120,
        3,
        122,
        228,
        116,
        67,
        144,
        134,
        0,
        89,
        174,
        180,
        207,
        234,
        0,
        12,
        133,
        129,
        70,
        55,
        90,
        232,
        115,
        235,
        124,
        122,
        5,
        239,
        150,
        186,
        32,
        195,
        153
    ],
    "category_values_ratio": {
        "0": 6539,
        "255": 4691,
        "162": 3831,
        "131": 3792,
        "132": 3757,
        "129": 3518,
        "135": 3239,
        "128": 2922,
        "114": 2907,
        "22": 2899,
        "134": 2762,
        "163": 2749,
        "126": 2650,
        "127": 2611,
        "125": 2563,
        "121": 2444,
        "119": 2422,
        "133": 2404,
        "130": 2396,
        "122": 2328,
        "21": 2223,
        "23": 2199,
        "112": 2196,
        "158": 2144,
        "124": 2123,
        "113": 2060,
        "120": 2003,
        "24": 1934,
        "137": 1933,
        "123": 1898,
        "115": 1825,
        "160": 1820,
        "2": 1699,
        "1": 1653,
        "90": 1607,
        "3": 1560,
        "138": 1548,
        "157": 1522,
        "25": 1495,
        "7": 1463,
        "89": 1455,
        "136": 1431,
        "20": 1398,
        "222": 1370,
        "17": 1368,
        "223": 1367,
        "19": 1349,
        "220": 1327,
        "8": 1317,
        "18": 1313,
        "152": 1271,
        "219": 1254,
        "164": 1252,
        "221": 1250,
        "224": 1233,
        "159": 1228,
        "254": 1219,
        "88": 1179,
        "218": 1165,
        "118": 1160,
        "226": 1159,
        "6": 1122,
        "225": 1118,
        "170": 1101,
        "86": 1099,
        "156": 1098,
        "227": 1094,
        "26": 1091,
        "228": 1070,
        "161": 1061,
        "5": 1057,
        "153": 1055,
        "141": 1053,
        "230": 1050,
        "4": 1041,
        "92": 1039,
        "253": 1035,
        "140": 1029,
        "139": 1022,
        "250": 1006,
        "229": 1004,
        "154": 1002,
        "93": 992,
        "231": 977,
        "217": 973,
        "216": 958,
        "87": 951,
        "232": 947,
        "117": 922,
        "111": 912,
        "142": 900,
        "85": 890,
        "116": 888,
        "252": 888,
        "101": 886,
        "155": 885,
        "233": 869,
        "16": 862,
        "96": 861,
        "215": 851,
        "146": 846,
        "28": 845,
        "30": 842,
        "145": 839,
        "27": 835,
        "151": 828,
        "29": 828,
        "97": 824,
        "165": 810,
        "144": 805,
        "251": 803,
        "14": 803,
        "148": 802,
        "91": 795,
        "235": 791,
        "150": 780,
        "102": 779,
        "149": 778,
        "214": 777,
        "94": 776,
        "143": 775,
        "31": 774,
        "32": 764,
        "95": 762,
        "147": 762,
        "105": 760,
        "9": 760,
        "234": 759,
        "169": 746,
        "99": 732,
        "33": 723,
        "213": 711,
        "15": 700,
        "236": 697,
        "13": 689,
        "10": 688,
        "100": 680,
        "98": 676,
        "110": 674,
        "11": 671,
        "106": 666,
        "103": 654,
        "34": 654,
        "249": 634,
        "12": 633,
        "237": 633,
        "36": 627,
        "212": 626,
        "35": 621,
        "168": 620,
        "84": 618,
        "107": 614,
        "188": 597,
        "104": 587,
        "109": 571,
        "211": 566,
        "210": 565,
        "248": 537,
        "37": 537,
        "189": 529,
        "238": 518,
        "41": 504,
        "38": 502,
        "209": 500,
        "187": 499,
        "247": 499,
        "57": 495,
        "82": 492,
        "83": 490,
        "40": 473,
        "108": 473,
        "191": 470,
        "167": 467,
        "171": 465,
        "208": 453,
        "186": 452,
        "60": 452,
        "39": 448,
        "239": 445,
        "58": 445,
        "45": 442,
        "56": 442,
        "59": 442,
        "207": 433,
        "184": 433,
        "172": 427,
        "166": 424,
        "192": 422,
        "81": 419,
        "61": 417,
        "46": 415,
        "190": 412,
        "53": 410,
        "185": 408,
        "193": 407,
        "173": 405,
        "43": 400,
        "55": 396,
        "54": 391,
        "205": 390,
        "72": 390,
        "52": 385,
        "241": 385,
        "246": 383,
        "240": 380,
        "50": 379,
        "245": 379,
        "201": 376,
        "182": 375,
        "206": 373,
        "42": 371,
        "62": 366,
        "80": 362,
        "194": 360,
        "49": 359,
        "44": 356,
        "68": 356,
        "183": 354,
        "243": 353,
        "244": 353,
        "180": 351,
        "63": 349,
        "181": 343,
        "199": 339,
        "195": 337,
        "51": 335,
        "64": 334,
        "174": 334,
        "67": 328,
        "204": 327,
        "196": 327,
        "200": 324,
        "203": 322,
        "202": 322,
        "47": 321,
        "242": 317,
        "197": 316,
        "179": 315,
        "69": 308,
        "176": 307,
        "198": 306,
        "66": 305,
        "177": 300,
        "48": 298,
        "175": 296,
        "65": 288,
        "78": 282,
        "70": 278,
        "79": 276,
        "178": 274,
        "74": 269,
        "71": 261,
        "75": 254,
        "73": 252,
        "76": 230,
        "77": 229
    },
    "nrows": 245057
}