{
    "column_id": "Financial/loan.csvloan.csv/loan_id",
    "dataset_name": "loan.csv",
    "dataset_id": "Financial/loan.csv",
    "path": "/home/ubuntu/CatDB/Experiments/data/Financial/loan.csv",
    "table_name": "loan.csv",
    "table_id": "Financial/loan.csvloan.csv",
    "column_name": "loan_id",
    "data_source": "Financial",
    "data_type": "int",
    "total_values_count": 682,
    "distinct_values_count": 682,
    "missing_values_count": 0,
    "true_ratio": null,
    "min_value": 4959.0,
    "max_value": 7308.0,
    "mean": 6172.466275659824,
    "median": 6176.5,
    "iqr": 1175.0,
    "category_values": null,
    "embedding": [
        -1.0,
        -1.0,
        -1.0,
        1.0,
        -1.0,
        1.0,
        -1.0,
        -1.0,
        -0.9999998211860657,
        -1.0,
        1.0,
        -1.0,
        -1.0,
        1.0,
        1.0,
        1.0,
        1.0,
        -1.0,
        1.0,
        -1.0,
        1.0,
        -1.0,
        1.0,
        -1.0,
        1.0,
        -1.0,
        -1.0,
        1.0,
        -1.0,
        -1.0,
        1.0,
        1.0,
        -1.0,
        -1.0,
        -1.0,
        1.0,
        -1.0,
        1.0,
        1.0,
        -1.0,
        -1.0,
        1.0,
        -1.0,
        -1.0,
        -1.0,
        -1.0,
        1.0,
        -1.0,
        -0.9999997019767761,
        -0.9953563809394836,
        -1.0,
        1.0,
        0.9999998211860657,
        1.0,
        -1.0,
        1.0,
        1.0,
        1.0,
        -1.0,
        0.9995740056037903,
        -1.0,
        -1.0,
        1.0,
        -1.0,
        1.0,
        -1.0,
        1.0,
        -1.0,
        1.0,
        1.0,
        1.0,
        -1.0,
        -1.0,
        -1.0,
        -1.0,
        1.0,
        1.0,
        1.0,
        1.0,
        1.0,
        1.0,
        1.0,
        1.0,
        -1.0,
        -1.0,
        1.0,
        -1.0,
        1.0,
        1.0,
        1.0,
        -1.0,
        1.0,
        1.0,
        -1.0,
        1.0,
        -1.0,
        1.0,
        -1.0,
        -1.0,
        -1.0,
        -0.9970815181732178,
        -1.0,
        1.0,
        -1.0,
        -1.0,
        1.0,
        1.0,
        1.0,
        -1.0,
        -1.0,
        1.0,
        -1.0,
        -1.0,
        1.0,
        1.0,
        1.0,
        1.0,
        1.0,
        1.0,
        -1.0,
        -1.0,
        1.0,
        -1.0,
        -1.0,
        1.0,
        -1.0,
        -1.0,
        -0.9999996423721313,
        -1.0,
        1.0,
        -1.0,
        1.0,
        -1.0,
        -1.0,
        1.0,
        -1.0,
        -1.0,
        1.0,
        1.0,
        -1.0,
        1.0,
        1.0,
        1.0,
        -0.9999996423721313,
        1.0,
        -1.0,
        1.0,
        -1.0,
        -1.0,
        -1.0,
        0.9999985694885254,
        -1.0,
        1.0,
        -1.0,
        1.0,
        -1.0,
        1.0,
        -1.0,
        1.0,
        -1.0,
        -1.0,
        1.0,
        -1.0,
        -1.0,
        1.0,
        -1.0,
        1.0,
        -1.0,
        -1.0,
        -1.0,
        -1.0,
        -1.0,
        1.0,
        1.0,
        -1.0,
        -1.0,
        1.0,
        -1.0,
        -1.0,
        -1.0,
        1.0,
        -1.0,
        -1.0,
        -1.0,
        1.0,
        -1.0,
        1.0,
        -1.0,
        -1.0,
        -1.0,
        1.0,
        1.0,
        1.0,
        1.0,
        -1.0,
        -1.0,
        1.0,
        -1.0,
        -1.0,
        1.0,
        -1.0,
        1.0,
        -1.0,
        -1.0,
        -1.0,
        -1.0,
        1.0,
        1.0,
        -1.0,
        -1.0,
        -1.0,
        1.0,
        -1.0,
        -1.0,
        -1.0,
        1.0,
        -1.0,
        1.0,
        -1.0,
        -1.0,
        1.0,
        -1.0,
        -1.0,
        1.0,
        -1.0,
        -0.9962172508239746,
        1.0,
        -1.0,
        -1.0,
        -1.0,
        1.0,
        -1.0,
        1.0,
        -1.0,
        -1.0,
        1.0,
        -1.0,
        1.0,
        1.0,
        -1.0,
        1.0,
        -0.9907795786857605,
        1.0,
        -1.0,
        1.0,
        1.0,
        -1.0,
        -1.0,
        -1.0,
        1.0,
        1.0,
        1.0,
        -1.0,
        -1.0,
        -1.0,
        1.0,
        1.0,
        -1.0,
        -1.0,
        -1.0,
        1.0,
        1.0,
        1.0,
        -1.0,
        1.0,
        -1.0,
        -1.0,
        -0.999977171421051,
        1.0,
        1.0,
        -0.9975518584251404,
        -1.0,
        -1.0,
        1.0,
        -1.0,
        1.0,
        1.0,
        1.0,
        1.0,
        1.0,
        1.0,
        -1.0,
        1.0,
        1.0,
        1.0,
        -1.0,
        -1.0,
        1.0,
        -1.0,
        -1.0,
        -1.0,
        1.0,
        -1.0,
        -1.0,
        -1.0,
        -1.0,
        -1.0,
        1.0,
        1.0,
        1.0
    ],
    "embedding_scaling_factor": 1.2811576128005981,
    "samples": [
        5189,
        5132,
        6596,
        6216,
        6861,
        6353,
        5486,
        6312,
        6737,
        6944,
        5804,
        6055,
        6066,
        6512,
        7115,
        5269,
        6157,
        5285,
        7286,
        6461,
        6836,
        7181,
        5452,
        5140,
        6985,
        5449,
        6730,
        5889,
        6655,
        6136,
        6052,
        6948,
        6338,
        6027,
        7304,
        5638,
        5523,
        6824,
        6600,
        7263,
        7187,
        6253,
        5206,
        5501,
        5210,
        5395,
        5126,
        6745,
        5790,
        6346,
        5032,
        5241,
        6007,
        7198,
        5491,
        7088,
        6088,
        7168,
        6817,
        5799,
        6607,
        6534,
        6919,
        7243,
        5698,
        6863,
        5128,
        5868,
        7008,
        5482,
        6150,
        6950,
        5145,
        6309,
        6541,
        6677,
        6605,
        7227,
        6306,
        6354,
        6294,
        6169,
        6736,
        6841,
        5420,
        5556,
        6403,
        7167,
        6642,
        7199,
        6960,
        5337,
        6242,
        6223,
        6237,
        6064,
        6442,
        5287,
        7001,
        6322
    ],
    "category_values_ratio": null,
    "nrows": 682
}