{
    "column_id": "Financial/trans.csvtrans.csv/balance",
    "dataset_name": "trans.csv",
    "dataset_id": "Financial/trans.csv",
    "path": "/home/ubuntu/CatDB/Experiments/data/Financial/trans.csv",
    "table_name": "trans.csv",
    "table_id": "Financial/trans.csvtrans.csv",
    "column_name": "balance",
    "data_source": "Financial",
    "data_type": "int",
    "total_values_count": 1056320,
    "distinct_values_count": 111042,
    "missing_values_count": 0,
    "true_ratio": null,
    "min_value": -41126.0,
    "max_value": 209637.0,
    "mean": 38518.379134163886,
    "median": 33143.0,
    "iqr": 27201.0,
    "category_values": null,
    "embedding": [
        -1.0,
        -1.0,
        -1.0,
        1.0,
        -1.0,
        1.0,
        -1.0,
        -1.0,
        -0.9992269277572632,
        -1.0,
        1.0,
        -1.0,
        -1.0,
        1.0,
        1.0,
        1.0,
        1.0,
        -1.0,
        1.0,
        -1.0,
        1.0,
        -1.0,
        1.0,
        -1.0,
        1.0,
        -1.0,
        -1.0,
        1.0,
        -1.0,
        -1.0,
        1.0,
        1.0,
        -1.0,
        -1.0,
        -1.0,
        1.0,
        -1.0,
        1.0,
        1.0,
        -1.0,
        -1.0,
        1.0,
        -1.0,
        -1.0,
        -1.0,
        -1.0,
        1.0,
        -1.0,
        -0.9992210865020752,
        -0.9949706792831421,
        -1.0,
        1.0,
        0.9999333024024963,
        1.0,
        -1.0,
        1.0,
        1.0,
        1.0,
        -1.0,
        0.9990694522857666,
        -1.0,
        -1.0,
        1.0,
        -1.0,
        1.0,
        -1.0,
        1.0,
        -1.0,
        1.0,
        1.0,
        1.0,
        -1.0,
        -1.0,
        -1.0,
        -1.0,
        1.0,
        1.0,
        1.0,
        1.0,
        1.0,
        0.9999306201934814,
        1.0,
        1.0,
        -1.0,
        -1.0,
        1.0,
        -1.0,
        1.0,
        1.0,
        1.0,
        -0.9999735951423645,
        1.0,
        1.0,
        -1.0,
        1.0,
        -1.0,
        1.0,
        -1.0,
        -1.0,
        -1.0,
        -0.9990587830543518,
        -1.0,
        1.0,
        -1.0,
        -1.0,
        1.0,
        1.0,
        1.0,
        -1.0,
        -1.0,
        1.0,
        -1.0,
        -1.0,
        1.0,
        1.0,
        1.0,
        1.0,
        1.0,
        1.0,
        -1.0,
        -1.0,
        1.0,
        -1.0,
        -1.0,
        0.999945878982544,
        -1.0,
        -1.0,
        -0.9990746378898621,
        -1.0,
        1.0,
        -1.0,
        1.0,
        -1.0,
        -1.0,
        1.0,
        -1.0,
        -0.9999999403953552,
        1.0,
        1.0,
        -1.0,
        1.0,
        1.0,
        1.0,
        -0.9999315142631531,
        1.0,
        -1.0,
        1.0,
        -1.0,
        -1.0,
        -0.9999995827674866,
        0.9991122484207153,
        -1.0,
        1.0,
        -1.0,
        1.0,
        -1.0,
        1.0,
        -1.0,
        1.0,
        -1.0,
        -1.0,
        1.0,
        -1.0,
        -1.0,
        1.0,
        -1.0,
        1.0,
        -1.0,
        -1.0,
        -1.0,
        -1.0,
        -1.0,
        1.0,
        1.0,
        -1.0,
        -1.0,
        1.0,
        -1.0,
        -1.0,
        -1.0,
        1.0,
        -1.0,
        -1.0,
        -1.0,
        1.0,
        -1.0,
        1.0,
        -0.9999056458473206,
        -1.0,
        -1.0,
        1.0,
        1.0,
        1.0,
        1.0,
        -1.0,
        -1.0,
        1.0,
        -1.0,
        -1.0,
        1.0,
        -1.0,
        1.0,
        -1.0,
        -1.0,
        -1.0,
        -1.0,
        1.0,
        1.0,
        -1.0,
        -1.0,
        -1.0,
        1.0,
        -1.0,
        -1.0,
        -0.9999621510505676,
        1.0,
        -1.0,
        1.0,
        -1.0,
        -1.0,
        1.0,
        -1.0,
        -1.0,
        1.0,
        -0.9993606805801392,
        -0.9950597286224365,
        1.0,
        -1.0,
        -1.0,
        -1.0,
        1.0,
        -1.0,
        1.0,
        -1.0,
        -1.0,
        1.0,
        -1.0,
        1.0,
        1.0,
        -0.9993206262588501,
        1.0,
        -0.9935168623924255,
        1.0,
        -1.0,
        1.0,
        0.9999999403953552,
        -1.0,
        -1.0,
        -1.0,
        1.0,
        1.0,
        1.0,
        -1.0,
        -1.0,
        -1.0,
        1.0,
        1.0,
        -1.0,
        -1.0,
        -1.0,
        1.0,
        1.0,
        1.0,
        -1.0,
        1.0,
        -1.0,
        -1.0,
        -0.9999223351478577,
        1.0,
        1.0,
        -0.9990862011909485,
        -1.0,
        -1.0,
        1.0,
        -1.0,
        1.0,
        1.0,
        1.0,
        1.0,
        1.0,
        1.0,
        -1.0,
        1.0,
        0.999999463558197,
        1.0,
        -1.0,
        -1.0,
        1.0,
        -1.0,
        -1.0,
        -1.0,
        1.0,
        -1.0,
        -1.0,
        -1.0,
        -1.0,
        -1.0,
        1.0,
        1.0,
        0.9995737075805664
    ],
    "embedding_scaling_factor": 16.746864318847656,
    "samples": [
        19278,
        58362,
        31413,
        28430,
        46180,
        26909,
        22882,
        53755,
        18122,
        48030,
        20853,
        112789,
        39615,
        28685,
        31783,
        23820,
        19587,
        62584,
        30092,
        22309,
        34730,
        35877,
        27103,
        10488,
        52639,
        26498,
        63931,
        29522,
        16867,
        16470,
        61955,
        37653,
        15522,
        34796,
        25058,
        17062,
        23206,
        10188,
        28522,
        52684,
        63479,
        21223,
        58345,
        24365,
        31041,
        13416,
        62395,
        95863,
        51372,
        23234,
        55549,
        16947,
        19930,
        16171,
        68244,
        49861,
        22950,
        68197,
        24032,
        51216,
        16392,
        37942,
        21702,
        18695,
        55087,
        53475,
        15055,
        96197,
        93355,
        36538,
        77355,
        31938,
        41089,
        21127,
        29077,
        44300,
        22848,
        22724,
        31460,
        46612,
        53782,
        78903,
        38280,
        14964,
        10051,
        47416,
        44184,
        115152,
        56653,
        108062,
        14609,
        16554,
        12309,
        66662,
        15725,
        17855,
        39134,
        14034,
        84013,
        36928
    ],
    "category_values_ratio": null,
    "nrows": 1056320
}