{
    "column_id": "Airline/On_Time_On_Time_Performance_2016_1.csvOn_Time_On_Time_Performance_2016_1.csv/Dest",
    "dataset_name": "On_Time_On_Time_Performance_2016_1.csv",
    "dataset_id": "Airline/On_Time_On_Time_Performance_2016_1.csv",
    "path": "/home/ubuntu/CatDB/Experiments/data/Airline/On_Time_On_Time_Performance_2016_1.csv",
    "table_name": "On_Time_On_Time_Performance_2016_1.csv",
    "table_id": "Airline/On_Time_On_Time_Performance_2016_1.csvOn_Time_On_Time_Performance_2016_1.csv",
    "column_name": "Dest",
    "data_source": "Airline",
    "data_type": "named_entity",
    "total_values_count": 445827,
    "distinct_values_count": 294,
    "missing_values_count": 0,
    "true_ratio": null,
    "min_value": null,
    "max_value": null,
    "mean": null,
    "median": null,
    "iqr": null,
    "category_values": [
        "DTW",
        "DFW",
        "JFK",
        "SEA",
        "ORD",
        "SJC",
        "DCA",
        "PHL",
        "STL",
        "TPA",
        "MIA",
        "DEN",
        "LAX",
        "KOA",
        "IAH",
        "AUS",
        "MCO",
        "LAS",
        "SLC",
        "STT",
        "BOS",
        "FLL",
        "SFO",
        "HNL",
        "OGG",
        "TUL",
        "SNA",
        "IAD",
        "LGA",
        "CLT",
        "RDU",
        "EWR",
        "RIC",
        "PDX",
        "ELP",
        "SAN",
        "SAT",
        "MCI",
        "BNA",
        "PHX",
        "ONT",
        "TUS",
        "SMF",
        "OKC",
        "LIH",
        "ORF",
        "RSW",
        "BWI",
        "MSP",
        "GUC",
        "IND",
        "ATL",
        "SJU",
        "PSP",
        "MSY",
        "COS",
        "MKE",
        "JAX",
        "PIT",
        "RNO",
        "MFE",
        "PBI",
        "EGE",
        "DAY",
        "ABQ",
        "LBB",
        "SDF",
        "STX",
        "DSM",
        "OMA",
        "CLE",
        "BDL",
        "FAT",
        "CMH",
        "JAC",
        "MTJ",
        "HDN",
        "MEM",
        "BOI",
        "HOU",
        "OAK",
        "GEG",
        "ANC",
        "BUF",
        "ICT",
        "PVD",
        "ALB",
        "SYR",
        "ILM",
        "PWM",
        "ROC",
        "CHS",
        "MDT",
        "GSO",
        "BHM",
        "BLI",
        "BET",
        "ADQ",
        "BRW",
        "SCC",
        "FAI",
        "KTN",
        "YAK",
        "CDV",
        "JNU",
        "SIT",
        "WRG",
        "PSG",
        "OME",
        "OTZ",
        "BUR",
        "ADK",
        "PSE",
        "LGB",
        "SWF",
        "HPN",
        "BQN",
        "SRQ",
        "SAV",
        "BTV",
        "ORH",
        "DAB",
        "CVG",
        "FAR",
        "MSN",
        "GRR",
        "EVV",
        "AVP",
        "BIL",
        "AGS",
        "DAL",
        "TRI",
        "MDW",
        "GPT",
        "PHF",
        "MLB",
        "BZN",
        "CHA",
        "MSO",
        "CHO",
        "LEX",
        "EYW",
        "ECP",
        "VPS",
        "GSP",
        "ATW",
        "LFT",
        "SGF",
        "CAK",
        "FSD",
        "FAY",
        "PNS",
        "LIT",
        "ROA",
        "MHT",
        "JAN",
        "MYR",
        "HSV",
        "TYS",
        "FNT",
        "CID",
        "TTN",
        "BIS",
        "UST",
        "AVL",
        "CAE",
        "CRW",
        "ITO",
        "ACY",
        "LBE",
        "ABE",
        "XNA",
        "BMI",
        "PPG",
        "IAG",
        "JLN",
        "SHV",
        "TYR",
        "MLU",
        "GRK",
        "MAF",
        "BTR",
        "LAW",
        "SPI",
        "ACT",
        "BRO",
        "AEX",
        "LCH",
        "YUM",
        "DLH",
        "FWA",
        "GRB",
        "SBN",
        "LAN",
        "SBA",
        "DRO",
        "RAP",
        "ASE",
        "MOT",
        "EUG",
        "MMH",
        "LNK",
        "MFR",
        "GJT",
        "GTF",
        "SMX",
        "MLI",
        "LSE",
        "PSC",
        "FCA",
        "FLG",
        "HLN",
        "ACV",
        "MBS",
        "PIA",
        "RST",
        "PBG",
        "BFL",
        "SUN",
        "IDA",
        "MRY",
        "GFK",
        "AMA",
        "CRP",
        "SBP",
        "ISN",
        "SGU",
        "TWF",
        "PLN",
        "EKO",
        "CPR",
        "LAR",
        "TVC",
        "AZO",
        "RDM",
        "CLL",
        "CMX",
        "COD",
        "EAU",
        "JMS",
        "DVL",
        "PAH",
        "MQT",
        "MKG",
        "GCC",
        "ABR",
        "APN",
        "ITH",
        "CIU",
        "BGM",
        "RHI",
        "IMT",
        "LWS",
        "INL",
        "PIH",
        "GUM",
        "HIB",
        "ESC",
        "BJI",
        "BRD",
        "BTM",
        "CDC",
        "RKS",
        "HYS",
        "RDD",
        "OTH",
        "HRL",
        "ISP",
        "TLH",
        "MOB",
        "GNV",
        "PIB",
        "MEI",
        "FSM",
        "BPT",
        "SAF",
        "LRD",
        "TXK",
        "ROW",
        "HOB",
        "CWA",
        "ERI",
        "GTR",
        "DHN",
        "ELM",
        "SCE",
        "OAJ",
        "VLD",
        "MGM",
        "ABY",
        "BQK",
        "CSG",
        "BGR",
        "EWN"
    ],
    "embedding": [
        0.9998648166656494,
        -0.9997549057006836,
        0.985965371131897,
        -0.9999174475669861,
        -0.7725145220756531,
        -0.9999584555625916,
        -0.9997787475585938,
        -0.9999774098396301,
        0.9997913837432861,
        0.9997321367263794,
        -0.999699056148529,
        0.9999767541885376,
        -0.9998875260353088,
        0.9999245405197144,
        0.9997963905334473,
        -0.9997669458389282,
        0.9996239542961121,
        -0.9999704957008362,
        0.9996950030326843,
        0.9997699856758118,
        0.9997364282608032,
        -0.9998770952224731,
        0.9999949932098389,
        0.9998465776443481,
        0.9998117685317993,
        -0.999983012676239,
        -0.9999788999557495,
        -0.9999793171882629,
        0.7721382975578308,
        -0.999894917011261,
        -0.999327540397644,
        0.9860100746154785,
        -0.9999123215675354,
        0.9999426007270813,
        0.9997390508651733,
        -0.9998040795326233,
        -0.9998145699501038,
        0.7806463837623596,
        0.9997521042823792,
        -0.9999836087226868,
        -0.6839154362678528,
        0.9996727705001831,
        0.9998224973678589,
        -0.7741575837135315,
        -0.9997790455818176,
        -0.9999946355819702,
        -0.9999841451644897,
        -0.9997468590736389,
        -0.9998584985733032,
        0.9997326135635376,
        -0.9998546242713928,
        -0.9996262788772583,
        -0.9994783997535706,
        -0.9998806715011597,
        0.9999850988388062,
        0.9997406601905823,
        0.9997632503509521,
        -0.9999113082885742,
        -0.9996787905693054,
        0.9995723366737366,
        0.9999820590019226,
        -0.9997084736824036,
        0.9998950958251953,
        0.9991866946220398,
        -0.9998603463172913,
        0.9860678911209106,
        -0.9998005032539368,
        0.9998108148574829,
        0.9999234080314636,
        0.9999860525131226,
        -0.9999009966850281,
        0.9996268153190613,
        0.9998304843902588,
        -0.9994679093360901,
        -0.9997846484184265,
        0.9995689392089844,
        0.9998037219047546,
        0.9998111724853516,
        0.7658965587615967,
        -0.9999882578849792,
        -0.9985693693161011,
        0.9999743103981018,
        0.9999459981918335,
        0.9998857378959656,
        0.9998283386230469,
        -0.9999752044677734,
        0.9999785423278809,
        -0.9999942183494568,
        0.9998744130134583,
        0.9998435974121094,
        -0.9987990260124207,
        -0.9997606873512268,
        -0.9998656511306763,
        -0.9997069239616394,
        0.9997895359992981,
        -0.9998875260353088,
        0.9999298453330994,
        0.9997486472129822,
        0.9984527230262756,
        0.9999617338180542,
        0.9998160600662231,
        -0.9999377727508545,
        -0.9998549222946167,
        -0.9995517134666443,
        -0.999995768070221,
        0.9998982548713684,
        -0.9999906420707703,
        0.9998786449432373,
        -0.9998854994773865,
        0.9999482035636902,
        0.9997673630714417,
        -0.999686598777771,
        -0.9999845623970032,
        -0.9998176693916321,
        0.9998294711112976,
        -0.9998819828033447,
        -0.9998264908790588,
        0.999877393245697,
        -0.9997902512550354,
        0.9986488223075867,
        -0.9999759793281555,
        -0.9999840259552002,
        0.9998031854629517,
        -0.99997878074646,
        0.9997516870498657,
        -0.9998137354850769,
        0.9997290968894958,
        -0.9999904632568359,
        0.9997754096984863,
        0.9998508095741272,
        -0.9998809099197388,
        -0.7741384506225586,
        0.9998072385787964,
        0.9999651312828064,
        0.9999871850013733,
        0.999978244304657,
        -0.7703279852867126,
        -0.9997797012329102,
        -0.9999810457229614,
        0.9997818470001221,
        0.7750869989395142,
        -0.9999933242797852,
        0.999835193157196,
        0.9998114705085754,
        -0.9859455823898315,
        -0.9999780654907227,
        0.9999611973762512,
        0.9996756315231323,
        0.9998562932014465,
        0.9995335936546326,
        -0.9999662637710571,
        -0.9997238516807556,
        -0.9997337460517883,
        -0.999599814414978,
        -0.9996947050094604,
        0.999982476234436,
        0.9861004948616028,
        -0.9999714493751526,
        0.6158332824707031,
        -0.9992579221725464,
        0.9998717904090881,
        -0.9998989105224609,
        -0.7747862935066223,
        -0.8040605783462524,
        0.9996450543403625,
        0.999833881855011,
        -0.9999893307685852,
        0.9998624324798584,
        0.7765173316001892,
        0.9996100068092346,
        -0.9999912977218628,
        0.999858558177948,
        -0.9999386072158813,
        0.9999814033508301,
        -0.999259889125824,
        -0.9994258880615234,
        0.9999953508377075,
        -0.7751059532165527,
        0.9998946785926819,
        -0.9997734427452087,
        -0.9998258948326111,
        -0.9997263550758362,
        -0.9996702075004578,
        -0.9999619722366333,
        -0.9997228384017944,
        -0.7702767848968506,
        -0.9999784231185913,
        -0.9996142983436584,
        -0.9594317674636841,
        0.7702157497406006,
        -0.9996392726898193,
        0.9996752142906189,
        0.9996861219406128,
        -0.9999794960021973,
        0.9999217391014099,
        -0.9997477531433105,
        -0.9997026324272156,
        -0.7709058523178101,
        -0.9998964071273804,
        -0.9999420046806335,
        0.9998224973678589,
        -0.9997639656066895,
        0.9999017715454102,
        -0.9997327327728271,
        0.9998435974121094,
        0.9997221827507019,
        -0.9999763369560242,
        0.9999140501022339,
        -0.7698832154273987,
        -0.9999507665634155,
        -0.9999580383300781,
        0.9997382760047913,
        0.999725341796875,
        -0.9991658926010132,
        0.9999138116836548,
        -0.9999845623970032,
        -0.9998141527175903,
        0.9999821186065674,
        -0.9999792575836182,
        0.9861189126968384,
        0.7620331048965454,
        -0.9998519420623779,
        -0.9999651312828064,
        0.9996310472488403,
        0.9998787641525269,
        0.9999284148216248,
        -0.9998273253440857,
        -0.9997009634971619,
        -0.999974250793457,
        -0.9997820854187012,
        -0.7663781046867371,
        0.9997714757919312,
        0.9999769330024719,
        0.999980628490448,
        0.9999312162399292,
        -0.9999673366546631,
        0.9999863505363464,
        -0.9998685121536255,
        0.9859898090362549,
        -0.9999817609786987,
        0.7821585536003113,
        0.9996521472930908,
        -0.9997529983520508,
        -0.9998422861099243,
        0.999959409236908,
        -0.9999073147773743,
        0.9998564124107361,
        0.9999598860740662,
        -0.9999542832374573,
        -0.999872624874115,
        0.9999766945838928,
        0.9999774098396301,
        0.9998079538345337,
        0.999842643737793,
        0.9996522665023804,
        0.9998713731765747,
        -0.999835193157196,
        -0.9999240636825562,
        0.9999131560325623,
        0.9998778700828552,
        0.9997864961624146,
        -0.9999070167541504,
        0.9998243451118469,
        0.9999973773956299,
        -0.9999897480010986,
        -0.9610510468482971,
        0.9998939633369446,
        -0.9996939301490784,
        -0.9999493360519409,
        0.9997240900993347,
        -0.9999746680259705,
        -0.9999377727508545,
        -0.9997794032096863,
        -0.9997991919517517,
        0.9999921321868896,
        0.9999635219573975,
        -0.9999351501464844,
        0.9996993541717529,
        -0.9998370409011841,
        -0.9994210004806519,
        0.9996933937072754,
        0.9999539852142334,
        -0.9997410774230957,
        0.9999746084213257,
        0.7783369421958923,
        0.9998301863670349,
        -0.9999130964279175,
        -0.999946653842926,
        0.7758663892745972,
        -0.9999875426292419,
        0.9999931454658508,
        -0.9999569058418274,
        0.9999666810035706,
        -0.9999696612358093,
        -0.9989294409751892,
        -0.9999367594718933,
        -0.9998356103897095,
        -0.9996344447135925,
        -0.9997638463973999,
        -0.9996357560157776
    ],
    "embedding_scaling_factor": 2.0586893558502197,
    "samples": [
        "SEA",
        "SAT",
        "EUG",
        "LGA",
        "DTW",
        "BOI",
        "MCI",
        "DEN",
        "FLL",
        "DCA",
        "PWM",
        "DEN",
        "SAN",
        "EWR",
        "LGB",
        "LGA",
        "CLT",
        "IND",
        "FLL",
        "BOS",
        "DEN",
        "DEN",
        "CMH",
        "DCA",
        "LIT",
        "PHL",
        "LGA",
        "PHX",
        "DCA",
        "PDX",
        "ATL",
        "SMF",
        "ATL",
        "EWR",
        "ATL",
        "ATL",
        "SFO",
        "SAN",
        "JFK",
        "SFO",
        "BOI",
        "PHX",
        "LAS",
        "SAN",
        "ATL",
        "ATL",
        "BUR",
        "ORD",
        "DTW",
        "MSP",
        "DFW",
        "MKE",
        "EVV",
        "LGA",
        "MSN",
        "LGA",
        "RDU",
        "LAX",
        "SJC",
        "BWI",
        "LGB",
        "LGA",
        "BWI",
        "BOS",
        "SNA",
        "BNA",
        "ATL",
        "SFO",
        "LAX",
        "SMF",
        "SEA",
        "CLT",
        "PHX",
        "FLL",
        "ATL",
        "PSP",
        "ATL",
        "MDW",
        "SEA",
        "LGA",
        "SFO",
        "DFW",
        "HNL",
        "DEN",
        "ORD",
        "GEG",
        "MCO",
        "PHX",
        "DFW",
        "DEN",
        "ATL",
        "OAK",
        "RDU",
        "DSM",
        "BWI",
        "PHX",
        "HNL",
        "CLT",
        "CPR",
        "SJC"
    ],
    "category_values_ratio": {
        "ATL": 29854,
        "ORD": 18605,
        "DEN": 17527,
        "DFW": 16572,
        "LAX": 16406,
        "SFO": 13206,
        "PHX": 13035,
        "LAS": 12245,
        "IAH": 11642,
        "MCO": 10730,
        "SEA": 9739,
        "MSP": 9585,
        "DTW": 9463,
        "CLT": 9224,
        "BOS": 9100,
        "SLC": 8699,
        "EWR": 8536,
        "LGA": 8035,
        "JFK": 8014,
        "FLL": 7665,
        "BWI": 7174,
        "MDW": 6676,
        "DCA": 6455,
        "MIA": 6088,
        "SAN": 6016,
        "TPA": 5996,
        "DAL": 5795,
        "PHL": 5671,
        "HOU": 4546,
        "STL": 4320,
        "PDX": 4143,
        "BNA": 3903,
        "HNL": 3878,
        "OAK": 3652,
        "AUS": 3581,
        "MSY": 3501,
        "SNA": 3463,
        "MCI": 3325,
        "RSW": 3288,
        "SJC": 3217,
        "SMF": 3154,
        "MKE": 2706,
        "CLE": 2688,
        "RDU": 2571,
        "IAD": 2533,
        "PBI": 2430,
        "SJU": 2395,
        "SAT": 2340,
        "IND": 2207,
        "OGG": 1906,
        "PIT": 1888,
        "BUR": 1783,
        "CMH": 1778,
        "ONT": 1598,
        "BDL": 1520,
        "JAX": 1499,
        "ABQ": 1445,
        "TUS": 1419,
        "OMA": 1414,
        "OKC": 1324,
        "BUF": 1314,
        "CVG": 1252,
        "ANC": 1230,
        "TUL": 1200,
        "BOI": 1172,
        "RIC": 1156,
        "MEM": 1154,
        "CHS": 1015,
        "LIH": 1005,
        "RNO": 1001,
        "PVD": 996,
        "KOA": 985,
        "PSP": 977,
        "BHM": 892,
        "ELP": 882,
        "GEG": 859,
        "ORF": 847,
        "ALB": 759,
        "GRR": 758,
        "LGB": 755,
        "SDF": 747,
        "ICT": 688,
        "DSM": 659,
        "COS": 629,
        "LIT": 614,
        "ASE": 607,
        "FAT": 598,
        "BTR": 589,
        "ROC": 585,
        "MSN": 577,
        "DAY": 573,
        "HPN": 545,
        "GSP": 538,
        "SAV": 531,
        "TYS": 523,
        "SBA": 500,
        "CAK": 492,
        "ITO": 492,
        "SHV": 481,
        "MAF": 472,
        "SYR": 458,
        "STT": 446,
        "MHT": 442,
        "PNS": 441,
        "CAE": 428,
        "JAN": 428,
        "GSO": 428,
        "JAC": 403,
        "LBB": 400,
        "SBN": 396,
        "ISP": 382,
        "PWM": 379,
        "FAR": 378,
        "LEX": 367,
        "XNA": 367,
        "VPS": 359,
        "MOB": 353,
        "FSD": 347,
        "JNU": 346,
        "CHA": 344,
        "SRQ": 327,
        "ECP": 324,
        "HSV": 315,
        "ACY": 310,
        "FWA": 309,
        "EGE": 308,
        "PSC": 298,
        "FNT": 297,
        "EUG": 290,
        "BIL": 281,
        "ATW": 272,
        "LFT": 270,
        "BZN": 267,
        "GPT": 264,
        "BTV": 262,
        "LAN": 251,
        "PIA": 250,
        "CRP": 247,
        "MLU": 246,
        "AMA": 246,
        "HRL": 245,
        "GRB": 243,
        "CID": 243,
        "MFR": 235,
        "LNK": 234,
        "SGF": 232,
        "MYR": 228,
        "EVV": 221,
        "SBP": 221,
        "MLI": 219,
        "RAP": 217,
        "GRK": 216,
        "MRY": 210,
        "AEX": 209,
        "TLH": 208,
        "BIS": 208,
        "AZO": 207,
        "IDA": 207,
        "AVL": 204,
        "ILM": 197,
        "AGS": 196,
        "CRW": 196,
        "GNV": 195,
        "MFE": 194,
        "MGM": 192,
        "MDT": 190,
        "BRO": 189,
        "MBS": 189,
        "BFL": 189,
        "GJT": 188,
        "KTN": 186,
        "HDN": 184,
        "EYW": 184,
        "RDM": 183,
        "ROA": 183,
        "ABE": 181,
        "MSO": 181,
        "ELM": 180,
        "YUM": 177,
        "FAI": 174,
        "DLH": 173,
        "TYR": 172,
        "BQN": 172,
        "CHO": 171,
        "ISN": 169,
        "TTN": 167,
        "LRD": 165,
        "TRI": 162,
        "FLG": 157,
        "AVP": 155,
        "FAY": 154,
        "SGU": 153,
        "GTF": 152,
        "MTJ": 152,
        "MOT": 150,
        "FSM": 149,
        "ACT": 146,
        "DAB": 146,
        "SPI": 143,
        "CPR": 139,
        "FCA": 137,
        "ACV": 125,
        "HLN": 119,
        "SUN": 118,
        "MLB": 117,
        "DHN": 116,
        "DRO": 105,
        "STX": 98,
        "BLI": 94,
        "TVC": 94,
        "GFK": 93,
        "LBE": 93,
        "SIT": 93,
        "BMI": 91,
        "OAJ": 90,
        "GCC": 88,
        "PHF": 88,
        "RHI": 88,
        "LAW": 88,
        "BQK": 86,
        "TWF": 86,
        "BPT": 85,
        "TXK": 84,
        "VLD": 84,
        "GTR": 84,
        "HIB": 83,
        "MEI": 83,
        "BET": 81,
        "CSG": 81,
        "ABY": 80,
        "BRW": 80,
        "SCC": 80,
        "RST": 78,
        "BGM": 76,
        "LCH": 76,
        "JMS": 74,
        "PSE": 72,
        "CMX": 63,
        "ABR": 62,
        "SWF": 62,
        "BJI": 62,
        "JLN": 62,
        "ORH": 62,
        "MKG": 62,
        "WRG": 62,
        "PSG": 62,
        "SMX": 62,
        "EAU": 62,
        "PAH": 62,
        "OME": 61,
        "RDD": 61,
        "OTZ": 61,
        "CDV": 60,
        "YAK": 60,
        "SCE": 60,
        "ITH": 59,
        "SAF": 59,
        "CIU": 58,
        "BTM": 58,
        "CWA": 58,
        "ERI": 58,
        "IMT": 57,
        "RKS": 57,
        "PIH": 56,
        "EWN": 55,
        "MQT": 55,
        "LWS": 55,
        "CLL": 55,
        "INL": 54,
        "PLN": 54,
        "EKO": 53,
        "HYS": 52,
        "BRD": 52,
        "ESC": 52,
        "PIB": 52,
        "APN": 52,
        "LAR": 52,
        "CDC": 51,
        "HOB": 49,
        "LSE": 49,
        "DVL": 48,
        "GUC": 48,
        "ADQ": 43,
        "COD": 33,
        "MMH": 32,
        "IAG": 31,
        "GUM": 31,
        "PBG": 31,
        "OTH": 17,
        "PPG": 10,
        "ADK": 9,
        "ROW": 4,
        "BGR": 4,
        "UST": 3
    },
    "nrows": 445827
}