{
    "column_id": "Airline/On_Time_On_Time_Performance_2016_1.csvOn_Time_On_Time_Performance_2016_1.csv/Origin",
    "dataset_name": "On_Time_On_Time_Performance_2016_1.csv",
    "dataset_id": "Airline/On_Time_On_Time_Performance_2016_1.csv",
    "path": "/home/ubuntu/CatDB/Experiments/data/Airline/On_Time_On_Time_Performance_2016_1.csv",
    "table_name": "On_Time_On_Time_Performance_2016_1.csv",
    "table_id": "Airline/On_Time_On_Time_Performance_2016_1.csvOn_Time_On_Time_Performance_2016_1.csv",
    "column_name": "Origin",
    "data_source": "Airline",
    "data_type": "named_entity",
    "total_values_count": 445827,
    "distinct_values_count": 294,
    "missing_values_count": 0,
    "true_ratio": null,
    "min_value": null,
    "max_value": null,
    "mean": null,
    "median": null,
    "iqr": null,
    "category_values": [
        "DFW",
        "DTW",
        "SEA",
        "JFK",
        "SJC",
        "ORD",
        "PHX",
        "LGA",
        "STL",
        "FLL",
        "LAX",
        "MCO",
        "DEN",
        "MIA",
        "KOA",
        "IAH",
        "AUS",
        "LAS",
        "SLC",
        "TUS",
        "STT",
        "BOS",
        "SFO",
        "OGG",
        "TPA",
        "SNA",
        "OKC",
        "HNL",
        "CLT",
        "PHL",
        "RDU",
        "EWR",
        "DCA",
        "RIC",
        "ATL",
        "LBB",
        "PIT",
        "ELP",
        "SAN",
        "BNA",
        "JAC",
        "SMF",
        "IAD",
        "LIH",
        "SJU",
        "ABQ",
        "ORF",
        "JAX",
        "MSY",
        "SAT",
        "MCI",
        "GUC",
        "IND",
        "PSP",
        "PDX",
        "BWI",
        "MSP",
        "MKE",
        "TUL",
        "ONT",
        "RSW",
        "RNO",
        "DSM",
        "MFE",
        "OMA",
        "EGE",
        "PBI",
        "SDF",
        "FAT",
        "DAY",
        "STX",
        "COS",
        "CMH",
        "MTJ",
        "HDN",
        "GEG",
        "BOI",
        "BDL",
        "MEM",
        "CLE",
        "HOU",
        "OAK",
        "ANC",
        "BUF",
        "SYR",
        "ALB",
        "PVD",
        "ROC",
        "ILM",
        "ICT",
        "PWM",
        "GSO",
        "CHS",
        "MDT",
        "BHM",
        "ADQ",
        "BET",
        "BRW",
        "SCC",
        "FAI",
        "JNU",
        "KTN",
        "YAK",
        "CDV",
        "SIT",
        "PSG",
        "WRG",
        "OME",
        "OTZ",
        "BUR",
        "BLI",
        "ADK",
        "SWF",
        "LGB",
        "PSE",
        "BQN",
        "HPN",
        "SAV",
        "SRQ",
        "BTV",
        "ORH",
        "DAB",
        "CVG",
        "BIS",
        "AVL",
        "GRR",
        "FNT",
        "MYR",
        "JAN",
        "BIL",
        "FAR",
        "PNS",
        "AGS",
        "GSP",
        "LEX",
        "DAL",
        "ATW",
        "GPT",
        "MLB",
        "BZN",
        "CAK",
        "CHO",
        "MSN",
        "EYW",
        "TRI",
        "LFT",
        "ROA",
        "ECP",
        "VPS",
        "XNA",
        "EVV",
        "AVP",
        "MDW",
        "HSV",
        "FAY",
        "LIT",
        "TYS",
        "TLH",
        "MSO",
        "CHA",
        "TTN",
        "UST",
        "MOB",
        "PHF",
        "CAE",
        "FSD",
        "ITO",
        "LBE",
        "ABE",
        "BMI",
        "CRW",
        "ACY",
        "PPG",
        "IAG",
        "ACT",
        "MLU",
        "GRK",
        "SHV",
        "FSM",
        "MAF",
        "SAF",
        "JLN",
        "LRD",
        "BRO",
        "TYR",
        "YUM",
        "GJT",
        "DLH",
        "GRB",
        "LAN",
        "SBA",
        "ASE",
        "DRO",
        "IDA",
        "RAP",
        "FCA",
        "LNK",
        "AMA",
        "BFL",
        "FLG",
        "MLI",
        "LSE",
        "SBN",
        "PSC",
        "MOT",
        "ISN",
        "GFK",
        "GTF",
        "FWA",
        "MRY",
        "MBS",
        "PIA",
        "SUN",
        "TWF",
        "SGF",
        "CPR",
        "BTR",
        "PBG",
        "CRP",
        "MMH",
        "CID",
        "EKO",
        "SBP",
        "RKS",
        "CMX",
        "PLN",
        "GCC",
        "AZO",
        "MFR",
        "SMX",
        "EUG",
        "RST",
        "TVC",
        "SPI",
        "SGU",
        "HLN",
        "RDM",
        "ACV",
        "EAU",
        "DVL",
        "JMS",
        "MKG",
        "IMT",
        "HYS",
        "PAH",
        "COD",
        "ABR",
        "ITH",
        "APN",
        "ESC",
        "BJI",
        "MQT",
        "CIU",
        "BGM",
        "RHI",
        "LWS",
        "BRD",
        "INL",
        "PIH",
        "GUM",
        "HIB",
        "BTM",
        "CDC",
        "OTH",
        "RDD",
        "HRL",
        "ISP",
        "MHT",
        "LAR",
        "GNV",
        "MEI",
        "PIB",
        "BPT",
        "LAW",
        "AEX",
        "TXK",
        "ROW",
        "ERI",
        "CLL",
        "HOB",
        "LCH",
        "GTR",
        "DHN",
        "SCE",
        "MGM",
        "CSG",
        "CWA",
        "ELM",
        "OAJ",
        "VLD",
        "ABY",
        "BGR",
        "BQK",
        "EWN"
    ],
    "embedding": [
        0.9998725056648254,
        -0.9997764229774475,
        0.9852284789085388,
        -0.9999637007713318,
        -0.7763627767562866,
        -0.9999815225601196,
        -0.9998005628585815,
        -0.9999896883964539,
        0.9998081922531128,
        0.9997497797012329,
        -0.9997226595878601,
        0.9999895095825195,
        -0.999896764755249,
        0.9999664425849915,
        0.9998118877410889,
        -0.9997828006744385,
        0.9996494054794312,
        -0.9999865889549255,
        0.9997151494026184,
        0.9997861981391907,
        0.9997583627700806,
        -0.999889612197876,
        0.9999954700469971,
        0.9998581409454346,
        0.9998219609260559,
        -0.9999920129776001,
        -0.9999809861183167,
        -0.9999809861183167,
        0.7780510783195496,
        -0.9999023079872131,
        -0.999382734298706,
        0.9852957129478455,
        -0.9999178051948547,
        0.9999746084213257,
        0.9997542500495911,
        -0.9998193383216858,
        -0.9998270273208618,
        0.7872043251991272,
        0.999769389629364,
        -0.9999896883964539,
        -0.6844434142112732,
        0.9996985793113708,
        0.9998374581336975,
        -0.7805542349815369,
        -0.9997889399528503,
        -0.9999960660934448,
        -0.9999901652336121,
        -0.9997585415840149,
        -0.9999383091926575,
        0.999750018119812,
        -0.9998704195022583,
        -0.9996511936187744,
        -0.999502956867218,
        -0.9998927712440491,
        0.9999921321868896,
        0.9997598528862,
        0.9997802376747131,
        -0.9999207258224487,
        -0.9997058510780334,
        0.9995975494384766,
        0.9999908804893494,
        -0.9997349381446838,
        0.99995356798172,
        0.9991363286972046,
        -0.999871015548706,
        0.9853835105895996,
        -0.9998137354850769,
        0.9998279213905334,
        0.9999663829803467,
        0.9999934434890747,
        -0.9999086260795593,
        0.9996497631072998,
        0.9998586773872375,
        -0.9995264410972595,
        -0.9998010993003845,
        0.9995965361595154,
        0.9998170733451843,
        0.9998214244842529,
        0.7715960741043091,
        -0.9999933242797852,
        -0.9984713792800903,
        0.9999884366989136,
        0.9999493360519409,
        0.9999498128890991,
        0.9998393058776855,
        -0.999988853931427,
        0.999989926815033,
        -0.9999947547912598,
        0.9998866319656372,
        0.9998519420623779,
        -0.9987218976020813,
        -0.9997814893722534,
        -0.9998767971992493,
        -0.9997361898422241,
        0.9998003840446472,
        -0.9998956322669983,
        0.999933660030365,
        0.9997661709785461,
        0.998362123966217,
        0.9999651312828064,
        0.9998290538787842,
        -0.9999719858169556,
        -0.9998645186424255,
        -0.999581515789032,
        -0.9999970197677612,
        0.9999081492424011,
        -0.9999954700469971,
        0.9999145865440369,
        -0.9999502301216125,
        0.9999772310256958,
        0.9997820258140564,
        -0.9997085928916931,
        -0.999991774559021,
        -0.9998285174369812,
        0.9998480081558228,
        -0.9998905658721924,
        -0.9998365640640259,
        0.9998928308486938,
        -0.9998061060905457,
        0.9985634684562683,
        -0.9999891519546509,
        -0.9999923706054688,
        0.9998137950897217,
        -0.9999871253967285,
        0.9997742176055908,
        -0.9998294711112976,
        0.9997478127479553,
        -0.9999947547912598,
        0.9997910261154175,
        0.9999345541000366,
        -0.9998905658721924,
        -0.7800562977790833,
        0.9998267889022827,
        0.9999839067459106,
        0.9999886751174927,
        0.9999869465827942,
        -0.7765352129936218,
        -0.9997952580451965,
        -0.999990701675415,
        0.9997947216033936,
        0.7816341519355774,
        -0.9999946355819702,
        0.9998473525047302,
        0.9998282790184021,
        -0.9851989150047302,
        -0.9999874830245972,
        0.9999822378158569,
        0.9996985197067261,
        0.9998652338981628,
        0.9995636343955994,
        -0.999984860420227,
        -0.9997421503067017,
        -0.9997878670692444,
        -0.9997863173484802,
        -0.9997187256813049,
        0.9999841451644897,
        0.9854313135147095,
        -0.9999867081642151,
        0.6139348149299622,
        -0.9992197751998901,
        0.9999439120292664,
        -0.9999088048934937,
        -0.7813113927841187,
        -0.8105257749557495,
        0.9996670484542847,
        0.9998466372489929,
        -0.999991238117218,
        0.9999399781227112,
        0.782566487789154,
        0.999638557434082,
        -0.9999923706054688,
        0.9998685717582703,
        -0.9999418258666992,
        0.9999908804893494,
        -0.9992164969444275,
        -0.9994673728942871,
        0.9999952912330627,
        -0.7814587950706482,
        0.9999536275863647,
        -0.9997878074645996,
        -0.999835729598999,
        -0.9997403621673584,
        -0.9996903538703918,
        -0.9999831914901733,
        -0.9997443556785583,
        -0.7762861847877502,
        -0.9999904632568359,
        -0.9996469020843506,
        -0.9595609903335571,
        0.7760517001152039,
        -0.9996614456176758,
        0.9996978044509888,
        0.9996989369392395,
        -0.9999814033508301,
        0.9999342560768127,
        -0.9997684359550476,
        -0.999720573425293,
        -0.7767651081085205,
        -0.9999534487724304,
        -0.9999455213546753,
        0.9998365640640259,
        -0.9997791051864624,
        0.999908447265625,
        -0.9997502565383911,
        0.9998579025268555,
        0.9997416138648987,
        -0.9999849200248718,
        0.9999625086784363,
        -0.7737969160079956,
        -0.999963104724884,
        -0.9999629259109497,
        0.9997552037239075,
        0.999741792678833,
        -0.9991150498390198,
        0.9999213814735413,
        -0.9999918341636658,
        -0.99982750415802,
        0.9999916553497314,
        -0.9999896883964539,
        0.9854589104652405,
        0.7676846981048584,
        -0.9998629689216614,
        -0.9999775886535645,
        0.9996592402458191,
        0.9998884797096252,
        0.9999681711196899,
        -0.9998376369476318,
        -0.9997180700302124,
        -0.9999884963035583,
        -0.9997955560684204,
        -0.7726327180862427,
        0.9997865557670593,
        0.9999895095825195,
        0.9999889731407166,
        0.9999698400497437,
        -0.9999854564666748,
        0.9999877214431763,
        -0.9998795390129089,
        0.9852651953697205,
        -0.999991238117218,
        0.7887964844703674,
        0.9996685981750488,
        -0.9997694492340088,
        -0.9998543858528137,
        0.9999691843986511,
        -0.9999204277992249,
        0.999936580657959,
        0.9999822378158569,
        -0.9999797344207764,
        -0.9998812675476074,
        0.9999832510948181,
        0.9999897480010986,
        0.9998188018798828,
        0.9998540282249451,
        0.9996795058250427,
        0.9998798966407776,
        -0.9998463988304138,
        -0.9999314546585083,
        0.9999189376831055,
        0.9998874068260193,
        0.9998003840446472,
        -0.9999595284461975,
        0.9998373985290527,
        0.9999977350234985,
        -0.9999949336051941,
        -0.9611501693725586,
        0.9998999238014221,
        -0.9997122287750244,
        -0.9999775886535645,
        0.999744176864624,
        -0.9999886155128479,
        -0.9999728202819824,
        -0.9997970461845398,
        -0.9998211860656738,
        0.9999931454658508,
        0.999972403049469,
        -0.9999410510063171,
        0.9997228384017944,
        -0.9998527765274048,
        -0.9994651079177856,
        0.9997252225875854,
        0.9999796748161316,
        -0.9997619390487671,
        0.9999886751174927,
        0.7848761081695557,
        0.9998407363891602,
        -0.999918520450592,
        -0.9999762773513794,
        0.7819966673851013,
        -0.9999887943267822,
        0.9999949336051941,
        -0.9999810457229614,
        0.9999850392341614,
        -0.9999726414680481,
        -0.9988628625869751,
        -0.9999719858169556,
        -0.9998468160629272,
        -0.9996627569198608,
        -0.9997826218605042,
        -0.9996605515480042
    ],
    "embedding_scaling_factor": 2.3570902347564697,
    "samples": [
        "TUL",
        "DFW",
        "LAX",
        "RSW",
        "EWR",
        "BWI",
        "SEA",
        "ATL",
        "AUS",
        "EWR",
        "MKE",
        "BOS",
        "ALB",
        "EGE",
        "DFW",
        "PHX",
        "ATL",
        "MCO",
        "SNA",
        "SAN",
        "PHX",
        "LAX",
        "PHL",
        "SJU",
        "SEA",
        "MCI",
        "MDW",
        "ATL",
        "SJU",
        "SAT",
        "MCI",
        "SLC",
        "PDX",
        "LGA",
        "ATL",
        "SEA",
        "LAS",
        "EWR",
        "LAS",
        "ATL",
        "PHL",
        "PVD",
        "EUG",
        "FLL",
        "LAX",
        "SAN",
        "MDW",
        "CLE",
        "IAH",
        "LAX",
        "DAL",
        "ORD",
        "MIA",
        "MDW",
        "GSO",
        "LGA",
        "PDX",
        "DEN",
        "ROA",
        "LEX",
        "DAL",
        "ATL",
        "CLT",
        "BNA",
        "MCO",
        "IAH",
        "GSP",
        "CLT",
        "SAT",
        "DTW",
        "DAL",
        "CLT",
        "DCA",
        "PHL",
        "IAD",
        "BWI",
        "DFW",
        "SFO",
        "PHX",
        "SEA",
        "DEN",
        "ORF",
        "ATL",
        "LAS",
        "DEN",
        "FLL",
        "LAX",
        "RSW",
        "DFW",
        "SFO",
        "DEN",
        "TPA",
        "PHX",
        "SMF",
        "BWI",
        "ATL",
        "GPT",
        "ATL",
        "BUF",
        "MSP"
    ],
    "category_values_ratio": {
        "ATL": 29870,
        "ORD": 18610,
        "DEN": 17519,
        "DFW": 16565,
        "LAX": 16427,
        "SFO": 13207,
        "PHX": 13024,
        "LAS": 12246,
        "IAH": 11660,
        "MCO": 10739,
        "SEA": 9749,
        "MSP": 9581,
        "DTW": 9489,
        "CLT": 9213,
        "BOS": 9088,
        "SLC": 8684,
        "EWR": 8526,
        "LGA": 8028,
        "JFK": 8027,
        "FLL": 7678,
        "BWI": 7181,
        "MDW": 6679,
        "DCA": 6447,
        "MIA": 6083,
        "SAN": 6016,
        "TPA": 6006,
        "DAL": 5795,
        "PHL": 5664,
        "HOU": 4540,
        "STL": 4321,
        "PDX": 4136,
        "BNA": 3898,
        "HNL": 3870,
        "OAK": 3654,
        "AUS": 3581,
        "MSY": 3507,
        "SNA": 3465,
        "MCI": 3320,
        "RSW": 3294,
        "SJC": 3214,
        "SMF": 3152,
        "MKE": 2703,
        "CLE": 2680,
        "RDU": 2569,
        "IAD": 2537,
        "PBI": 2436,
        "SJU": 2408,
        "SAT": 2342,
        "IND": 2209,
        "OGG": 1909,
        "PIT": 1887,
        "BUR": 1783,
        "CMH": 1774,
        "ONT": 1598,
        "BDL": 1520,
        "JAX": 1500,
        "ABQ": 1443,
        "TUS": 1419,
        "OMA": 1409,
        "OKC": 1322,
        "BUF": 1307,
        "CVG": 1253,
        "ANC": 1232,
        "TUL": 1199,
        "BOI": 1172,
        "RIC": 1155,
        "MEM": 1151,
        "CHS": 1015,
        "LIH": 1005,
        "RNO": 1001,
        "PVD": 996,
        "KOA": 990,
        "PSP": 978,
        "BHM": 891,
        "ELP": 879,
        "GEG": 857,
        "ORF": 846,
        "ALB": 758,
        "LGB": 755,
        "GRR": 753,
        "SDF": 746,
        "ICT": 688,
        "DSM": 656,
        "COS": 628,
        "LIT": 614,
        "ASE": 607,
        "FAT": 598,
        "BTR": 590,
        "ROC": 585,
        "MSN": 576,
        "DAY": 572,
        "HPN": 548,
        "GSP": 536,
        "SAV": 531,
        "TYS": 525,
        "SBA": 500,
        "CAK": 493,
        "ITO": 492,
        "SHV": 481,
        "MAF": 471,
        "SYR": 458,
        "STT": 448,
        "PNS": 443,
        "MHT": 443,
        "JAN": 429,
        "CAE": 427,
        "GSO": 427,
        "JAC": 403,
        "LBB": 399,
        "SBN": 396,
        "ISP": 381,
        "PWM": 377,
        "FAR": 374,
        "XNA": 367,
        "LEX": 365,
        "VPS": 360,
        "MOB": 353,
        "JNU": 345,
        "CHA": 343,
        "FSD": 343,
        "SRQ": 327,
        "ECP": 323,
        "HSV": 314,
        "ACY": 310,
        "EGE": 309,
        "FWA": 308,
        "PSC": 298,
        "FNT": 296,
        "EUG": 291,
        "BIL": 283,
        "ATW": 270,
        "BZN": 269,
        "LFT": 269,
        "BTV": 264,
        "GPT": 264,
        "PIA": 249,
        "LAN": 249,
        "CRP": 248,
        "MLU": 247,
        "AMA": 246,
        "HRL": 244,
        "CID": 242,
        "GRB": 241,
        "MFR": 235,
        "SGF": 231,
        "LNK": 231,
        "MYR": 228,
        "SBP": 221,
        "EVV": 220,
        "RAP": 218,
        "MLI": 216,
        "GRK": 214,
        "MRY": 210,
        "IDA": 208,
        "AEX": 208,
        "TLH": 208,
        "BIS": 208,
        "AZO": 206,
        "AVL": 204,
        "ILM": 196,
        "AGS": 196,
        "CRW": 196,
        "GNV": 194,
        "MFE": 194,
        "MGM": 191,
        "MBS": 189,
        "MDT": 189,
        "BFL": 188,
        "GJT": 188,
        "BRO": 187,
        "KTN": 186,
        "HDN": 185,
        "EYW": 184,
        "RDM": 183,
        "ROA": 183,
        "MSO": 181,
        "ABE": 180,
        "ELM": 179,
        "YUM": 177,
        "FAI": 174,
        "DLH": 173,
        "BQN": 172,
        "TYR": 170,
        "CHO": 170,
        "ISN": 169,
        "TTN": 168,
        "LRD": 162,
        "TRI": 162,
        "FLG": 157,
        "FAY": 154,
        "MTJ": 153,
        "AVP": 153,
        "SGU": 153,
        "GTF": 151,
        "MOT": 151,
        "FSM": 148,
        "DAB": 147,
        "ACT": 145,
        "SPI": 142,
        "CPR": 139,
        "FCA": 138,
        "ACV": 125,
        "TWF": 122,
        "HLN": 118,
        "MLB": 117,
        "DHN": 116,
        "SUN": 115,
        "DRO": 105,
        "STX": 98,
        "BLI": 95,
        "TVC": 95,
        "GFK": 94,
        "LBE": 93,
        "SIT": 92,
        "BMI": 91,
        "OAJ": 90,
        "GCC": 88,
        "RHI": 88,
        "PHF": 88,
        "LAW": 87,
        "BQK": 86,
        "BPT": 85,
        "VLD": 84,
        "TXK": 83,
        "HIB": 83,
        "GTR": 83,
        "MEI": 83,
        "BET": 81,
        "CSG": 81,
        "SCC": 80,
        "BRW": 80,
        "ABY": 79,
        "RST": 77,
        "BGM": 76,
        "LCH": 75,
        "JMS": 74,
        "PSE": 73,
        "SWF": 67,
        "EAU": 62,
        "MKG": 62,
        "CMX": 62,
        "JLN": 62,
        "WRG": 62,
        "PSG": 62,
        "PAH": 62,
        "BJI": 62,
        "ABR": 62,
        "RDD": 61,
        "SMX": 61,
        "OME": 61,
        "OTZ": 61,
        "CDV": 60,
        "YAK": 60,
        "ORH": 60,
        "ITH": 59,
        "CIU": 58,
        "BTM": 58,
        "SCE": 58,
        "SAF": 58,
        "ERI": 58,
        "RKS": 57,
        "CWA": 57,
        "IMT": 57,
        "PIH": 56,
        "EWN": 55,
        "LWS": 55,
        "CLL": 54,
        "INL": 54,
        "PLN": 54,
        "MQT": 54,
        "EKO": 53,
        "PIB": 52,
        "BRD": 52,
        "ESC": 52,
        "APN": 52,
        "LAR": 52,
        "HYS": 52,
        "CDC": 51,
        "HOB": 49,
        "LSE": 49,
        "GUC": 48,
        "DVL": 48,
        "ADQ": 43,
        "COD": 33,
        "MMH": 32,
        "PBG": 31,
        "GUM": 31,
        "IAG": 31,
        "OTH": 17,
        "PPG": 10,
        "ADK": 9,
        "BGR": 6,
        "ROW": 4,
        "UST": 3
    },
    "nrows": 445827
}