{
    "column_id": "Airline/Airline.csvAirline.csv/Cancelled",
    "dataset_name": "Airline.csv",
    "dataset_id": "Airline/Airline.csv",
    "path": "/home/ubuntu/CatDB/Experiments/data/Airline/Airline.csv",
    "table_name": "Airline.csv",
    "table_id": "Airline/Airline.csvAirline.csv",
    "column_name": "Cancelled",
    "data_source": "Airline",
    "data_type": "boolean",
    "total_values_count": 445827,
    "distinct_values_count": 2,
    "missing_values_count": 0,
    "true_ratio": 0.02616485766900614,
    "min_value": null,
    "max_value": null,
    "mean": null,
    "median": null,
    "iqr": null,
    "category_values": [
        0,
        1
    ],
    "embedding": null,
    "embedding_scaling_factor": null,
    "samples": [
        0,
        0,
        0,
        0,
        0,
        0,
        0,
        0,
        0,
        0,
        0,
        0,
        0,
        0,
        0,
        0,
        0,
        0,
        0,
        0,
        0,
        0,
        0,
        0,
        0,
        0,
        0,
        0,
        0,
        0,
        0,
        0,
        0,
        0,
        0,
        0,
        0,
        0,
        0,
        0,
        0,
        0,
        0,
        0,
        0,
        0,
        0,
        1,
        0,
        0,
        0,
        0,
        0,
        0,
        0,
        0,
        0,
        0,
        0,
        0,
        0,
        0,
        0,
        0,
        0,
        0,
        0,
        1,
        1,
        0,
        0,
        0,
        0,
        0,
        0,
        0,
        0,
        0,
        0,
        0,
        0,
        0,
        0,
        0,
        1,
        0,
        0,
        0,
        0,
        0,
        0,
        0,
        0,
        0,
        0,
        0,
        0,
        1,
        0,
        0
    ],
    "category_values_ratio": {
        "0": 434162,
        "1": 11665
    },
    "nrows": 445827
}