{
    "column_id": "IMDB-IJS/IMDB-IJS.csvIMDB-IJS.csv/director_id",
    "dataset_name": "IMDB-IJS.csv",
    "dataset_id": "IMDB-IJS/IMDB-IJS.csv",
    "path": "/home/ubuntu/CatDB/Experiments/data/IMDB-IJS/IMDB-IJS.csv",
    "table_name": "IMDB-IJS.csv",
    "table_id": "IMDB-IJS/IMDB-IJS.csvIMDB-IJS.csv",
    "column_name": "director_id",
    "data_source": "IMDB-IJS",
    "data_type": "int",
    "total_values_count": 30530313,
    "distinct_values_count": 53069,
    "missing_values_count": 0,
    "true_ratio": null,
    "min_value": 2.0,
    "max_value": 88799.0,
    "mean": 43755.07303885158,
    "median": 43556.0,
    "iqr": 45729.0,
    "category_values":null,
    "embedding": [
        -1.0,
        -1.0,
        -1.0,
        1.0,
        -1.0,
        1.0,
        -1.0,
        -1.0,
        -0.9999852776527405,
        -1.0,
        1.0,
        -1.0,
        -1.0,
        1.0,
        1.0,
        1.0,
        1.0,
        -1.0,
        1.0,
        -1.0,
        1.0,
        -1.0,
        1.0,
        -1.0,
        1.0,
        -1.0,
        -1.0,
        1.0,
        -1.0,
        -1.0,
        1.0,
        1.0,
        -1.0,
        -1.0,
        -1.0,
        1.0,
        -1.0,
        1.0,
        1.0,
        -1.0,
        -1.0,
        1.0,
        -1.0,
        -1.0,
        -1.0,
        -1.0,
        1.0,
        -1.0,
        -0.9999919533729553,
        -0.9963731169700623,
        -1.0,
        1.0,
        1.0,
        1.0,
        -1.0,
        1.0,
        1.0,
        1.0,
        -1.0,
        0.999561071395874,
        -1.0,
        -1.0,
        1.0,
        -1.0,
        1.0,
        -1.0,
        1.0,
        -1.0,
        1.0,
        1.0,
        1.0,
        -1.0,
        -1.0,
        -1.0,
        -1.0,
        1.0,
        1.0,
        1.0,
        1.0,
        1.0,
        1.0,
        1.0,
        1.0,
        -1.0,
        -1.0,
        1.0,
        -1.0,
        1.0,
        1.0,
        1.0,
        -1.0,
        1.0,
        1.0,
        -1.0,
        1.0,
        -1.0,
        1.0,
        -1.0,
        -1.0,
        -1.0,
        -0.9984416365623474,
        -1.0,
        1.0,
        -1.0,
        -1.0,
        1.0,
        1.0,
        1.0,
        -1.0,
        -1.0,
        1.0,
        -1.0,
        -1.0,
        1.0,
        1.0,
        1.0,
        1.0,
        1.0,
        1.0,
        -1.0,
        -1.0,
        1.0,
        -1.0,
        -1.0,
        1.0,
        -1.0,
        -1.0,
        -0.9999428987503052,
        -1.0,
        1.0,
        -1.0,
        1.0,
        -1.0,
        -1.0,
        1.0,
        -1.0,
        -1.0,
        1.0,
        1.0,
        -1.0,
        1.0,
        1.0,
        1.0,
        -1.0,
        1.0,
        -1.0,
        1.0,
        -1.0,
        -1.0,
        -1.0,
        0.999955952167511,
        -1.0,
        1.0,
        -1.0,
        1.0,
        -1.0,
        1.0,
        -1.0,
        1.0,
        -1.0,
        -1.0,
        1.0,
        -1.0,
        -1.0,
        1.0,
        -1.0,
        1.0,
        -1.0,
        -1.0,
        -1.0,
        -1.0,
        -1.0,
        1.0,
        1.0,
        -1.0,
        -1.0,
        1.0,
        -1.0,
        -1.0,
        -1.0,
        1.0,
        -1.0,
        -1.0,
        -1.0,
        1.0,
        -1.0,
        1.0,
        -1.0,
        -1.0,
        -1.0,
        1.0,
        1.0,
        1.0,
        1.0,
        -1.0,
        -1.0,
        1.0,
        -1.0,
        -1.0,
        1.0,
        -1.0,
        1.0,
        -1.0,
        -1.0,
        -1.0,
        -1.0,
        1.0,
        1.0,
        -1.0,
        -1.0,
        -1.0,
        1.0,
        -1.0,
        -1.0,
        -1.0,
        1.0,
        -1.0,
        1.0,
        -1.0,
        -1.0,
        1.0,
        -1.0,
        -1.0,
        1.0,
        -0.9999847412109375,
        -0.9967323541641235,
        1.0,
        -1.0,
        -1.0,
        -1.0,
        1.0,
        -1.0,
        1.0,
        -1.0,
        -1.0,
        1.0,
        -1.0,
        1.0,
        1.0,
        -0.9999951720237732,
        1.0,
        -0.9947481751441956,
        1.0,
        -1.0,
        1.0,
        1.0,
        -1.0,
        -1.0,
        -1.0,
        1.0,
        1.0,
        1.0,
        -1.0,
        -1.0,
        -1.0,
        1.0,
        1.0,
        -1.0,
        -1.0,
        -1.0,
        1.0,
        1.0,
        1.0,
        -1.0,
        1.0,
        -1.0,
        -1.0,
        -1.0,
        1.0,
        1.0,
        -0.9985985159873962,
        -1.0,
        -1.0,
        1.0,
        -1.0,
        1.0,
        1.0,
        1.0,
        1.0,
        1.0,
        1.0,
        -1.0,
        1.0,
        1.0,
        1.0,
        -1.0,
        -1.0,
        1.0,
        -1.0,
        -1.0,
        -1.0,
        1.0,
        -1.0,
        -1.0,
        -1.0,
        -1.0,
        -1.0,
        1.0,
        1.0,
        1.0
    ],
    "embedding_scaling_factor": 16.435598373413086,
    "samples": [
        30099,
        10124,
        5444,
        15073,
        31925,
        85279,
        23007,
        15523,
        8883,
        40139,
        30570,
        12715,
        44365,
        30570,
        20757,
        5683,
        29924,
        51348,
        84950,
        58481,
        88324,
        79297,
        25146,
        66283,
        49457,
        28578,
        52224,
        21866,
        56528,
        70661,
        45592,
        34507,
        50920,
        31275,
        3970,
        79672,
        60814,
        80841,
        73019,
        76349,
        40566,
        84890,
        17154,
        48530,
        63804,
        42185,
        50647,
        29888,
        28126,
        2000,
        45592,
        47771,
        59210,
        79389,
        87877,
        55169,
        15655,
        44375,
        75976,
        39625,
        71401,
        50374,
        27254,
        69680,
        13703,
        74508,
        37174,
        49443,
        25453,
        40518,
        56673,
        61036,
        84009,
        14415,
        3990,
        67273,
        74367,
        16654,
        20752,
        19202,
        71987,
        50344,
        71906,
        9618,
        35793,
        50647,
        46028,
        81214,
        52704,
        65761,
        500,
        41763,
        18818,
        52393,
        52100,
        57599,
        26084,
        79930,
        29002,
        1031
    ],
    "category_values_ratio": null,
    "nrows": 30530313
}