{
    "column_id": "Walmart/weather.csvweather.csv/avgspeed",
    "dataset_name": "weather.csv",
    "dataset_id": "Walmart/weather.csv",
    "path": "/home/ubuntu/CatDB/Experiments/data/Walmart/weather.csv",
    "table_name": "weather.csv",
    "table_id": "Walmart/weather.csvweather.csv",
    "column_name": "avgspeed",
    "data_source": "Walmart",
    "data_type": "float",
    "total_values_count": 20517,
    "distinct_values_count": 253,
    "missing_values_count": 875,
    "true_ratio": null,
    "min_value": 0.0,
    "max_value": 28.7,
    "mean": 7.914076977904487,
    "median": 7.3,
    "iqr": 5.0,
    "category_values": [
        4.6,
        10.3,
        11.6,
        8.3,
        7.8,
        2.4,
        3.6,
        6.6,
        4.0,
        6.5,
        4.2,
        12.3,
        12.7,
        12.5,
        7.1,
        5.9,
        15.9,
        2.9,
        6.7,
        6.0,
        3.7,
        2.2,
        8.7,
        7.5,
        8.0,
        11.4,
        7.7,
        3.4,
        5.1,
        8.1,
        9.5,
        4.3,
        5.4,
        12.4,
        9.6,
        3.0,
        0.6,
        2.5,
        8.9,
        6.4,
        5.8,
        3.5,
        18.3,
        5.0,
        8.6,
        13.8,
        10.7,
        6.9,
        9.7,
        17.9,
        9.2,
        7.2,
        3.8,
        2.3,
        6.8,
        5.7,
        4.1,
        6.1,
        4.8,
        13.2,
        10.6,
        7.6,
        8.5,
        10.8,
        10.0,
        5.3,
        14.2,
        7.9,
        7.4,
        5.5,
        4.5,
        11.8,
        10.1,
        5.2,
        14.0,
        8.8,
        6.3,
        2.1,
        2.7,
        9.0,
        4.4,
        2.0,
        9.1,
        11.1,
        4.9,
        3.2,
        3.9,
        7.3,
        6.2,
        2.8,
        4.7,
        3.3,
        9.3,
        7.0,
        5.6,
        8.2,
        9.8,
        8.4,
        1.3,
        2.6,
        1.7,
        11.9,
        14.5,
        16.7,
        14.8,
        9.9,
        0.9,
        1.1,
        1.4,
        11.5,
        12.2,
        1.5,
        11.0,
        19.8,
        1.2,
        1.8,
        1.9,
        19.5,
        10.9,
        16.1,
        16.4,
        10.2,
        11.7,
        16.0,
        18.1,
        12.9,
        12.8,
        10.4,
        3.1,
        0.8,
        1.6,
        9.4,
        13.5,
        17.6,
        10.5,
        16.5,
        11.3,
        12.1,
        11.2,
        13.1,
        13.4,
        15.0,
        13.7,
        19.4,
        12.0,
        13.3,
        15.2,
        17.7,
        14.3,
        15.8,
        19.2,
        12.6,
        14.6,
        23.6,
        14.9,
        14.1,
        17.4,
        23.1,
        17.8,
        15.7,
        13.9,
        14.7,
        20.0,
        19.9,
        17.1,
        16.3,
        17.2,
        19.1,
        20.3,
        15.3,
        17.0,
        21.2,
        15.4,
        15.1,
        21.9,
        21.3,
        18.9,
        20.6,
        17.3,
        19.3,
        17.5,
        15.6,
        13.0,
        13.6,
        18.4,
        23.0,
        18.8,
        14.4,
        16.8,
        16.2,
        20.8,
        15.5,
        21.7,
        18.5,
        22.0,
        18.0,
        19.0,
        19.6,
        16.9,
        20.7,
        18.2,
        20.4,
        22.1,
        22.6,
        16.6,
        21.5,
        20.1,
        20.2,
        1.0,
        0.5,
        20.9,
        21.0,
        28.7,
        24.9,
        22.2,
        19.7,
        25.5,
        27.0,
        21.6,
        20.5,
        23.2,
        24.5,
        18.7,
        21.4,
        24.4,
        18.6,
        21.1,
        22.9,
        24.6,
        23.3,
        23.4,
        24.3,
        26.8,
        25.6,
        22.4,
        0.1,
        0.7,
        0.4,
        0.0,
        0.3,
        0.2,
        22.5,
        26.1,
        21.8,
        22.8,
        22.3,
        23.8,
        23.9,
        23.7,
        24.7,
        24.0,
        22.7,
        24.8
    ],
    "embedding": [
        -0.16136348247528076,
        -0.005383749026805162,
        0.13115590810775757,
        0.024510402232408524,
        0.03912892937660217,
        0.13774080574512482,
        -0.0069022090174257755,
        0.17383791506290436,
        0.09030743688344955,
        0.1935216337442398,
        -0.15412890911102295,
        -0.0762801319360733,
        0.12800711393356323,
        -0.08611580729484558,
        0.11323148012161255,
        -0.11673149466514587,
        0.10175018757581711,
        0.0785129964351654,
        0.16485625505447388,
        -0.03704831376671791,
        0.20254261791706085,
        -0.21963082253932953,
        0.14119471609592438,
        0.13217796385288239,
        -0.17299392819404602,
        -0.152703657746315,
        -0.1854119747877121,
        -0.11845922470092773,
        0.14101476967334747,
        -0.12567096948623657,
        -0.059942469000816345,
        -0.1165166050195694,
        0.11623615771532059,
        -0.17127540707588196,
        0.025244388729333878,
        0.12993556261062622,
        0.060284387320280075,
        -0.0902223140001297,
        -0.14750537276268005,
        -0.10876524448394775,
        -0.12247388064861298,
        0.19639790058135986,
        -0.15984642505645752,
        0.10019487142562866,
        -0.14683414995670319,
        0.08006320893764496,
        -0.13860297203063965,
        0.07462625950574875,
        0.010176168754696846,
        0.08673065155744553,
        -0.020111262798309326,
        -0.0759667381644249,
        0.19552947580814362,
        -0.1652606576681137,
        -0.01822853274643421,
        -0.1809779852628708,
        0.053862616419792175,
        0.18138131499290466,
        -0.14186328649520874,
        -0.10674304515123367,
        0.10095129907131195,
        0.15486620366573334,
        -0.14920459687709808,
        0.09416473656892776,
        -0.19259576499462128,
        -0.14358894526958466,
        0.11799050867557526,
        0.1376848667860031,
        -0.03567870333790779,
        -0.06637847423553467,
        0.14164331555366516,
        0.11177466809749603,
        -0.1353713423013687,
        0.10852773487567902,
        0.018121125176548958,
        0.12519431114196777,
        0.17011404037475586,
        -0.12763212621212006,
        0.1154467985033989,
        0.07572751492261887,
        0.07423321902751923,
        0.11290226131677628,
        -0.02914825640618801,
        5.128014527144842e-05,
        -0.08263663202524185,
        0.02585933357477188,
        0.052829280495643616,
        -0.18950648605823517,
        0.15223178267478943,
        0.1364155411720276,
        -0.06308380514383316,
        0.0431363545358181,
        0.20306698977947235,
        0.13523723185062408,
        -0.017947157844901085,
        0.03088570386171341,
        0.12412861734628677,
        -0.04083933308720589,
        -0.03825099393725395,
        -0.168477401137352,
        -0.0063590239733457565,
        -0.00043904787162318826,
        0.13800886273384094,
        -0.06613317877054214,
        -0.16773083806037903,
        -0.10888040065765381,
        -0.12988129258155823,
        0.08227036148309708,
        0.10187900811433792,
        -0.11149129271507263,
        -0.1787368804216385,
        0.09399788081645966,
        -0.07740117609500885,
        -0.051225315779447556,
        -0.1809164583683014,
        -0.06262912601232529,
        -0.015340068377554417,
        0.03347216174006462,
        -0.06658487766981125,
        -0.0727614313364029,
        0.1605471968650818,
        0.1578758805990219,
        -0.0021801316179335117,
        -0.14830707013607025,
        0.049512702971696854,
        0.1392410397529602,
        0.1825714111328125,
        0.12623296678066254,
        -0.0073801628313958645,
        -0.1293983906507492,
        -0.06948330253362656,
        -0.12302189320325851,
        -0.030088363215327263,
        -0.11092743277549744,
        -0.05531805381178856,
        -0.004076547920703888,
        0.0910235047340393,
        0.034694790840148926,
        -0.11893487721681595,
        0.08859198540449142,
        0.002362811006605625,
        -0.13752859830856323,
        0.026717638596892357,
        -0.08602073043584824,
        -0.10697665065526962,
        0.06750980019569397,
        -0.15483494102954865,
        0.059653472155332565,
        0.07588566094636917,
        0.06982968002557755,
        0.15317048132419586,
        -0.06907583773136139,
        -0.27475106716156006,
        0.13284948468208313,
        -0.1325928419828415,
        -0.029982101172208786,
        -0.11222740262746811,
        0.003384112846106291,
        0.056589651852846146,
        -0.17281967401504517,
        -0.16342103481292725,
        0.16775527596473694,
        -0.03821776062250137,
        -0.031235618516802788,
        0.01313161849975586,
        -0.1157931461930275,
        -0.06758775562047958,
        0.1627601832151413,
        0.0672384649515152,
        0.08930455148220062,
        0.12069667130708694,
        0.024395685642957687,
        -0.16225750744342804,
        -0.0013594769407063723,
        -0.03728627413511276,
        0.09186340123414993,
        -0.12828649580478668,
        -0.1147344708442688,
        -0.027474507689476013,
        0.1921965330839157,
        0.0227755606174469,
        0.007139433640986681,
        0.017467165365815163,
        -0.15680180490016937,
        -0.10975643992424011,
        -0.07661207765340805,
        -0.18456998467445374,
        -0.15198056399822235,
        -0.05698311701416969,
        -0.00849857646971941,
        -0.00701989745721221,
        -0.026483185589313507,
        -0.03828104957938194,
        -0.02953808754682541,
        -0.028256025165319443,
        -0.09058234095573425,
        -0.1636175513267517,
        0.09301680326461792,
        0.20838017761707306,
        0.04131362959742546,
        0.1667330265045166,
        -0.05979188531637192,
        -0.037561796605587006,
        0.08475806564092636,
        -0.037873826920986176,
        0.014735167846083641,
        0.18369950354099274,
        -0.09015477448701859,
        0.07416658103466034,
        -0.0010218732059001923,
        0.019865959882736206,
        0.011597128584980965,
        0.0897260457277298,
        0.09579289704561234,
        -0.18965284526348114,
        0.1196245476603508,
        -0.10402469336986542,
        0.13709236681461334,
        0.11781062185764313,
        -0.12956944108009338,
        0.1612619310617447,
        -0.06803333759307861,
        0.08193943649530411,
        0.1182992160320282,
        0.21445506811141968,
        0.07764650136232376,
        -0.09110089391469955,
        -0.1561402678489685,
        0.09305556863546371,
        0.0974523201584816,
        0.027050934731960297,
        0.06376965343952179,
        -0.141928032040596,
        0.007061844225972891,
        0.04349946603178978,
        0.0864432230591774,
        -0.013964424841105938,
        -0.007084747310727835,
        0.1617618203163147,
        0.07622604072093964,
        0.02212720364332199,
        -0.07348671555519104,
        0.04352106899023056,
        -0.13894149661064148,
        -0.1389947384595871,
        0.21049602329730988,
        0.11297294497489929,
        0.10450486838817596,
        -0.02711702138185501,
        0.0499095655977726,
        0.1509842872619629,
        -0.16176143288612366,
        -0.08342432975769043,
        0.010207362473011017,
        -0.06930150836706161,
        0.04430000111460686,
        -0.02755146287381649,
        0.08363264799118042,
        0.10406922549009323,
        0.0451422780752182,
        0.05780654773116112,
        0.04648295417428017,
        -0.07219094038009644,
        0.08065207302570343,
        -0.18864084780216217,
        -0.0964871495962143,
        0.04663489758968353,
        -0.13584816455841064,
        -0.10673470050096512,
        0.009271283634006977,
        -0.17302633821964264,
        -0.11620339006185532,
        0.05280814319849014,
        0.060350820422172546,
        -0.17892111837863922,
        -0.02556629292666912,
        -0.1380745768547058,
        0.08622833341360092,
        -0.13661326467990875,
        -0.11918798834085464,
        0.12277499586343765,
        -0.006270308513194323,
        0.09366690367460251,
        0.17985239624977112,
        0.012058550491929054,
        0.1434149593114853,
        0.22294357419013977,
        0.009483677335083485,
        -0.020266365259885788,
        -0.027639901265501976,
        0.023692931979894638,
        0.10001100599765778,
        0.010622948408126831,
        -0.06589767336845398,
        -0.09301865100860596,
        -0.04397657886147499,
        0.10282790660858154,
        0.17303843796253204,
        -0.20125693082809448,
        -0.13466346263885498
    ],
    "embedding_scaling_factor": 0.015200904570519924,
    "samples": [
        11.3,
        7.0,
        13.3,
        7.5,
        2.6,
        7.3,
        8.6,
        6.4,
        7.0,
        6.1,
        8.3,
        7.4,
        14.2,
        10.0,
        9.9,
        6.9,
        6.2,
        14.7,
        5.6,
        6.9,
        4.7,
        4.9,
        2.9,
        12.0,
        6.2,
        8.9,
        8.6,
        5.8,
        6.2,
        12.5,
        2.0,
        6.5,
        4.8,
        20.7,
        4.9,
        15.9,
        5.0,
        8.2,
        4.9,
        6.9,
        8.1,
        8.2,
        4.2,
        12.6,
        13.7,
        9.5,
        7.3,
        12.6,
        19.0,
        7.7,
        14.5,
        6.1,
        5.4,
        6.9,
        8.0,
        10.2,
        7.2,
        6.9,
        2.6,
        3.3,
        10.2,
        18.4,
        13.7,
        11.8,
        7.6,
        5.5,
        16.2,
        9.8,
        16.4,
        8.2,
        8.6,
        4.6,
        9.2,
        11.4,
        4.0,
        5.6,
        4.8,
        6.8,
        6.8,
        9.8,
        2.1,
        1.1,
        7.4,
        4.3,
        18.0,
        5.6,
        4.0,
        2.1,
        11.5,
        13.5,
        3.4,
        6.2,
        7.1,
        14.5,
        5.2
    ],
    "category_values_ratio": {
        "6.9": 327,
        "5.8": 308,
        "8.1": 298,
        "4.6": 271,
        "6.5": 245,
        "5.6": 242,
        "6.6": 237,
        "7.3": 226,
        "6.8": 225,
        "7.4": 223,
        "6.4": 222,
        "7.6": 221,
        "7.2": 217,
        "5.5": 217,
        "6.2": 217,
        "7.7": 215,
        "9.2": 213,
        "7.1": 213,
        "5.7": 211,
        "5.1": 211,
        "3.5": 210,
        "7.0": 210,
        "6.1": 210,
        "4.8": 208,
        "7.5": 208,
        "6.3": 204,
        "5.0": 201,
        "7.8": 200,
        "5.2": 200,
        "5.9": 200,
        "5.4": 198,
        "4.9": 198,
        "6.0": 197,
        "4.7": 196,
        "8.0": 188,
        "6.7": 187,
        "4.2": 186,
        "4.4": 186,
        "4.5": 186,
        "8.2": 185,
        "4.3": 182,
        "10.4": 177,
        "7.9": 176,
        "5.3": 174,
        "4.1": 173,
        "8.4": 168,
        "8.3": 168,
        "8.5": 168,
        "8.9": 165,
        "8.6": 161,
        "3.8": 159,
        "3.4": 156,
        "9.1": 156,
        "9.4": 155,
        "4.0": 154,
        "8.8": 153,
        "9.7": 152,
        "9.0": 152,
        "3.9": 151,
        "3.7": 149,
        "9.8": 146,
        "8.7": 145,
        "9.5": 143,
        "10.2": 138,
        "3.6": 136,
        "9.3": 134,
        "10.0": 127,
        "3.2": 125,
        "9.9": 125,
        "12.7": 124,
        "9.6": 124,
        "3.3": 123,
        "3.1": 121,
        "2.3": 119,
        "10.5": 118,
        "10.3": 118,
        "10.8": 113,
        "10.9": 113,
        "10.7": 111,
        "2.6": 111,
        "10.1": 110,
        "11.0": 106,
        "2.8": 105,
        "11.5": 104,
        "10.6": 104,
        "2.5": 102,
        "2.9": 100,
        "11.8": 99,
        "11.3": 98,
        "2.7": 98,
        "11.1": 97,
        "11.7": 88,
        "11.6": 88,
        "11.2": 88,
        "11.4": 86,
        "13.8": 85,
        "3.0": 84,
        "11.9": 81,
        "2.1": 76,
        "2.2": 76,
        "12.1": 75,
        "12.0": 75,
        "2.4": 73,
        "12.4": 72,
        "12.2": 72,
        "12.5": 69,
        "12.6": 68,
        "13.3": 66,
        "12.8": 66,
        "13.4": 64,
        "12.9": 61,
        "12.3": 61,
        "2.0": 60,
        "1.9": 59,
        "13.0": 56,
        "15.0": 55,
        "13.2": 55,
        "14.0": 54,
        "13.9": 53,
        "13.1": 53,
        "14.6": 51,
        "14.5": 51,
        "13.5": 50,
        "14.3": 47,
        "13.7": 47,
        "14.4": 45,
        "14.2": 45,
        "13.6": 44,
        "15.3": 42,
        "14.1": 42,
        "15.2": 41,
        "14.8": 40,
        "14.7": 40,
        "1.5": 39,
        "1.7": 38,
        "15.1": 37,
        "16.1": 37,
        "1.8": 37,
        "1.2": 36,
        "1.4": 34,
        "15.7": 33,
        "16.3": 33,
        "15.6": 32,
        "1.1": 32,
        "15.4": 32,
        "16.0": 31,
        "15.8": 30,
        "14.9": 29,
        "16.5": 29,
        "1.3": 27,
        "17.1": 27,
        "17.3": 25,
        "16.4": 25,
        "15.9": 25,
        "15.5": 25,
        "16.2": 24,
        "16.8": 23,
        "1.6": 22,
        "18.0": 22,
        "17.4": 22,
        "18.4": 21,
        "0.9": 21,
        "1.0": 20,
        "16.9": 20,
        "17.8": 19,
        "16.6": 19,
        "17.0": 18,
        "19.1": 18,
        "17.2": 17,
        "17.5": 16,
        "16.7": 16,
        "17.9": 15,
        "18.3": 14,
        "18.5": 14,
        "19.4": 13,
        "0.8": 13,
        "0.7": 13,
        "18.2": 12,
        "17.7": 12,
        "18.1": 11,
        "19.2": 11,
        "19.3": 11,
        "19.5": 11,
        "19.6": 10,
        "20.1": 10,
        "19.8": 10,
        "18.8": 9,
        "18.6": 9,
        "20.0": 9,
        "18.9": 8,
        "0.5": 8,
        "17.6": 8,
        "0.6": 8,
        "20.8": 8,
        "19.7": 8,
        "0.3": 7,
        "20.6": 7,
        "21.0": 7,
        "21.9": 7,
        "20.5": 7,
        "21.7": 6,
        "20.3": 6,
        "20.7": 6,
        "21.5": 6,
        "20.2": 6,
        "21.2": 5,
        "20.4": 5,
        "19.0": 5,
        "20.9": 5,
        "18.7": 4,
        "0.1": 4,
        "23.1": 4,
        "19.9": 4,
        "21.4": 4,
        "22.1": 4,
        "23.0": 4,
        "21.6": 3,
        "23.2": 3,
        "21.1": 3,
        "22.2": 3,
        "0.4": 3,
        "22.5": 3,
        "22.0": 3,
        "22.6": 2,
        "24.6": 2,
        "22.9": 2,
        "0.0": 2,
        "23.4": 2,
        "0.2": 1,
        "24.5": 1,
        "24.3": 1,
        "26.8": 1,
        "25.6": 1,
        "22.4": 1,
        "27.0": 1,
        "25.5": 1,
        "24.9": 1,
        "28.7": 1,
        "23.6": 1,
        "23.3": 1,
        "26.1": 1,
        "21.8": 1,
        "22.8": 1,
        "22.3": 1,
        "23.8": 1,
        "23.9": 1,
        "23.7": 1,
        "24.7": 1,
        "24.0": 1,
        "22.7": 1,
        "21.3": 1,
        "24.4": 1,
        "24.8": 1
    },
    "nrows": 20517
}