{
    "column_id": "Walmart/weather.csvweather.csv/resultspeed",
    "dataset_name": "weather.csv",
    "dataset_id": "Walmart/weather.csv",
    "path": "/home/ubuntu/CatDB/Experiments/data/Walmart/weather.csv",
    "table_name": "weather.csv",
    "table_id": "Walmart/weather.csvweather.csv",
    "column_name": "resultspeed",
    "data_source": "Walmart",
    "data_type": "float",
    "total_values_count": 20517,
    "distinct_values_count": 247,
    "missing_values_count": 589,
    "true_ratio": null,
    "min_value": 0.0,
    "max_value": 28.4,
    "mean": 6.468325973504617,
    "median": 5.7,
    "iqr": 5.7,
    "category_values": [
        3.6,
        9.8,
        10.8,
        6.3,
        6.9,
        0.3,
        3.0,
        5.1,
        2.3,
        5.4,
        3.4,
        10.7,
        8.7,
        11.1,
        11.2,
        4.9,
        13.7,
        1.4,
        6.0,
        5.9,
        0.8,
        6.8,
        8.2,
        1.7,
        3.2,
        5.5,
        10.4,
        6.6,
        2.4,
        4.5,
        4.4,
        6.5,
        2.5,
        9.0,
        5.2,
        5.6,
        11.8,
        0.5,
        8.5,
        6.1,
        3.8,
        4.7,
        17.7,
        11.4,
        4.3,
        7.6,
        12.6,
        1.9,
        5.3,
        9.1,
        5.8,
        9.6,
        17.8,
        7.9,
        2.9,
        8.9,
        3.5,
        5.7,
        3.3,
        1.5,
        0.4,
        3.1,
        7.5,
        5.0,
        9.2,
        2.8,
        12.1,
        1.0,
        4.0,
        10.1,
        6.7,
        13.5,
        4.1,
        4.6,
        7.1,
        2.1,
        2.0,
        7.4,
        8.3,
        1.3,
        2.7,
        7.7,
        4.2,
        3.7,
        1.8,
        1.2,
        10.6,
        1.1,
        7.2,
        1.6,
        0.6,
        7.3,
        2.6,
        2.2,
        6.4,
        0.9,
        0.2,
        3.9,
        8.0,
        7.0,
        4.8,
        9.4,
        7.8,
        16.5,
        14.5,
        8.8,
        10.5,
        11.7,
        0.7,
        9.5,
        10.0,
        8.4,
        16.4,
        10.3,
        8.6,
        6.2,
        11.0,
        12.5,
        8.1,
        12.0,
        9.9,
        11.5,
        15.4,
        15.5,
        12.4,
        9.7,
        12.8,
        17.9,
        9.3,
        10.9,
        11.6,
        15.8,
        14.4,
        11.9,
        11.3,
        14.3,
        12.7,
        17.3,
        13.9,
        16.3,
        13.3,
        12.3,
        13.1,
        17.6,
        16.0,
        13.2,
        17.4,
        10.2,
        19.3,
        16.1,
        13.6,
        17.0,
        23.3,
        14.1,
        17.2,
        22.7,
        12.9,
        15.6,
        15.0,
        18.0,
        13.4,
        18.8,
        15.9,
        18.2,
        16.7,
        13.8,
        14.2,
        20.1,
        14.8,
        14.6,
        18.3,
        15.1,
        14.9,
        20.8,
        20.9,
        20.7,
        19.5,
        16.6,
        12.2,
        20.3,
        17.1,
        19.0,
        15.2,
        19.7,
        15.3,
        22.6,
        17.5,
        18.4,
        14.7,
        14.0,
        19.4,
        16.8,
        21.2,
        19.8,
        21.8,
        20.2,
        18.1,
        13.0,
        21.7,
        18.7,
        0.1,
        16.9,
        19.2,
        15.7,
        20.5,
        18.5,
        18.9,
        21.4,
        19.9,
        20.0,
        16.2,
        0.0,
        19.6,
        23.5,
        20.4,
        21.5,
        25.1,
        22.2,
        20.6,
        18.6,
        28.4,
        24.7,
        22.1,
        25.3,
        23.8,
        22.5,
        26.9,
        23.0,
        24.2,
        19.1,
        24.3,
        21.3,
        22.9,
        24.1,
        21.0,
        21.6,
        26.7,
        25.4,
        22.0,
        22.8,
        26.0,
        22.4,
        23.6,
        21.1,
        23.4,
        22.3,
        24.6
    ],
    "embedding": [
        -0.16497120261192322,
        -0.0018712241435423493,
        0.12281573563814163,
        0.02536209486424923,
        0.033381056040525436,
        0.1319325566291809,
        -0.012645582668483257,
        0.16644787788391113,
        0.09310591220855713,
        0.19704359769821167,
        -0.14705638587474823,
        -0.0763452798128128,
        0.12124532461166382,
        -0.07987316697835922,
        0.11605289578437805,
        -0.11022073030471802,
        0.09573329240083694,
        0.07228713482618332,
        0.1655365228652954,
        -0.03354498744010925,
        0.20129461586475372,
        -0.2210027575492859,
        0.1392895132303238,
        0.1240079328417778,
        -0.17392762005329132,
        -0.14617319405078888,
        -0.1842058300971985,
        -0.11126764118671417,
        0.13498914241790771,
        -0.12774048745632172,
        -0.05390840023756027,
        -0.11820300668478012,
        0.11647353321313858,
        -0.16600669920444489,
        0.022688448429107666,
        0.1258271187543869,
        0.060969576239585876,
        -0.08475961536169052,
        -0.15104125440120697,
        -0.11285851895809174,
        -0.11641243100166321,
        0.19410693645477295,
        -0.15819770097732544,
        0.1033550500869751,
        -0.13858261704444885,
        0.07315938174724579,
        -0.13430942595005035,
        0.07775751501321793,
        0.004443993791937828,
        0.08015955984592438,
        -0.013171973638236523,
        -0.0701017752289772,
        0.19070906937122345,
        -0.1641697883605957,
        -0.013016393408179283,
        -0.1823047697544098,
        0.05569249019026756,
        0.1742028146982193,
        -0.1459149867296219,
        -0.11272680014371872,
        0.10790202021598816,
        0.15390466153621674,
        -0.14952926337718964,
        0.09510666877031326,
        -0.19152677059173584,
        -0.13885529339313507,
        0.11875349283218384,
        0.13201551139354706,
        -0.030833592638373375,
        -0.05909201130270958,
        0.13762226700782776,
        0.11540158838033676,
        -0.12945203483104706,
        0.10065499693155289,
        0.021463636308908463,
        0.12376479804515839,
        0.1652967482805252,
        -0.12858270108699799,
        0.121127188205719,
        0.0725012943148613,
        0.07888247817754745,
        0.1145312562584877,
        -0.03237312659621239,
        -0.0004574213526211679,
        -0.08546306192874908,
        0.030145568773150444,
        0.05569430813193321,
        -0.18359163403511047,
        0.14616651833057404,
        0.12957021594047546,
        -0.06820876896381378,
        0.04423917084932327,
        0.19618794322013855,
        0.12957696616649628,
        -0.015662547200918198,
        0.032410018146038055,
        0.1270977407693863,
        -0.03414224088191986,
        -0.04485013708472252,
        -0.17248594760894775,
        -0.008079420775175095,
        -0.0031066632363945246,
        0.13799169659614563,
        -0.06542731076478958,
        -0.16861620545387268,
        -0.10658419877290726,
        -0.13027699291706085,
        0.0779365599155426,
        0.10396471619606018,
        -0.10926482081413269,
        -0.17004592716693878,
        0.0871897041797638,
        -0.07947956025600433,
        -0.05619855225086212,
        -0.17613844573497772,
        -0.05906140059232712,
        -0.020886683836579323,
        0.027626454830169678,
        -0.07247772812843323,
        -0.07065873593091965,
        0.16095437109470367,
        0.15215545892715454,
        -0.005669469013810158,
        -0.14828065037727356,
        0.05232204496860504,
        0.1379680186510086,
        0.18527990579605103,
        0.12537765502929688,
        -0.011399563401937485,
        -0.12338758260011673,
        -0.06927643716335297,
        -0.12333584576845169,
        -0.02665974386036396,
        -0.10732928663492203,
        -0.062208231538534164,
        -0.007794440258294344,
        0.09027896076440811,
        0.03887086734175682,
        -0.12316076457500458,
        0.08183442056179047,
        -0.001430850476026535,
        -0.14153002202510834,
        0.03239146247506142,
        -0.0790473073720932,
        -0.10082725435495377,
        0.07121448963880539,
        -0.15355521440505981,
        0.066487155854702,
        0.07845063507556915,
        0.07090812921524048,
        0.14693616330623627,
        -0.06496122479438782,
        -0.27639126777648926,
        0.12644463777542114,
        -0.13443712890148163,
        -0.02241653762757778,
        -0.10441417992115021,
        0.005568602122366428,
        0.057878803461790085,
        -0.16732513904571533,
        -0.16296719014644623,
        0.16650810837745667,
        -0.04203060641884804,
        -0.03505697846412659,
        0.013640586286783218,
        -0.11211974173784256,
        -0.0731990858912468,
        0.15746940672397614,
        0.0688457041978836,
        0.08078312128782272,
        0.11963895708322525,
        0.022524435073137283,
        -0.166103795170784,
        -0.0025135972537100315,
        -0.04213817045092583,
        0.09617090970277786,
        -0.1234445720911026,
        -0.11733079701662064,
        -0.023964976891875267,
        0.19362539052963257,
        0.01806487888097763,
        0.010870189405977726,
        0.010168255306780338,
        -0.15794335305690765,
        -0.10924696922302246,
        -0.07301143556833267,
        -0.17781446874141693,
        -0.15087130665779114,
        -0.057294148951768875,
        -0.007626673672348261,
        -0.008283478207886219,
        -0.022120941430330276,
        -0.04284840449690819,
        -0.025634104385972023,
        -0.03280102089047432,
        -0.09019351750612259,
        -0.1620505303144455,
        0.09559709578752518,
        0.20077592134475708,
        0.04430334270000458,
        0.15967190265655518,
        -0.065517358481884,
        -0.0341101698577404,
        0.0785902887582779,
        -0.04227037355303764,
        0.021584566682577133,
        0.1814589947462082,
        -0.09252999722957611,
        0.07474692165851593,
        8.052958582993597e-05,
        0.02508719265460968,
        0.018202614039182663,
        0.08269110321998596,
        0.09097135066986084,
        -0.18218205869197845,
        0.11798878014087677,
        -0.10223987698554993,
        0.13701358437538147,
        0.118105947971344,
        -0.12834277749061584,
        0.15641143918037415,
        -0.061893366277217865,
        0.08669668436050415,
        0.11381541192531586,
        0.20911455154418945,
        0.08152394741773605,
        -0.09675242751836777,
        -0.1492985635995865,
        0.09540112316608429,
        0.09697998315095901,
        0.023095523938536644,
        0.06309725344181061,
        -0.13768136501312256,
        0.0005704182549379766,
        0.048413656651973724,
        0.08523775637149811,
        -0.014494072645902634,
        -0.01234116218984127,
        0.16188965737819672,
        0.07670245319604874,
        0.017752012237906456,
        -0.07038278132677078,
        0.038845792412757874,
        -0.14361318945884705,
        -0.13922332227230072,
        0.2053801715373993,
        0.11452096700668335,
        0.10402404516935349,
        -0.03191540390253067,
        0.044843487441539764,
        0.15243422985076904,
        -0.16682903468608856,
        -0.08472172170877457,
        0.006161527708172798,
        -0.07121497392654419,
        0.04046302288770676,
        -0.024422964081168175,
        0.08719246834516525,
        0.10070877522230148,
        0.051090341061353683,
        0.05528000369668007,
        0.05098692700266838,
        -0.07243575900793076,
        0.07244352996349335,
        -0.18345952033996582,
        -0.0997437909245491,
        0.044343750923871994,
        -0.12944726645946503,
        -0.11045252531766891,
        0.011351823806762695,
        -0.1714085191488266,
        -0.11795752495527267,
        0.057059746235609055,
        0.06553056091070175,
        -0.1766352504491806,
        -0.03037961572408676,
        -0.13892637193202972,
        0.08112947642803192,
        -0.13815781474113464,
        -0.12141363322734833,
        0.12464608997106552,
        -0.00883470755070448,
        0.08617495000362396,
        0.18064811825752258,
        0.007863772101700306,
        0.14077015221118927,
        0.2170977145433426,
        0.011463196016848087,
        -0.02085227333009243,
        -0.031415268778800964,
        0.02817900851368904,
        0.0937594398856163,
        0.012400253675878048,
        -0.06991194188594818,
        -0.09802573174238205,
        -0.0450504869222641,
        0.1029249057173729,
        0.16717348992824554,
        -0.19399775564670563,
        -0.1372828334569931
    ],
    "embedding_scaling_factor": 0.011864040978252888,
    "samples": [
        20.4,
        11.1,
        1.4,
        8.1,
        10.4,
        13.3,
        6.7,
        3.8,
        4.1,
        8.1,
        16.3,
        14.4,
        4.4,
        15.5,
        6.2,
        1.2,
        6.3,
        4.1,
        0.4,
        3.0,
        1.4,
        1.5,
        3.5,
        7.2,
        10.5,
        3.5,
        7.8,
        7.3,
        4.6,
        12.5,
        9.7,
        9.2,
        10.3,
        9.1,
        1.4,
        0.7,
        5.4,
        2.9,
        1.4,
        8.3,
        9.4,
        15.0,
        5.2,
        8.6,
        5.9,
        3.4,
        12.6,
        5.2,
        7.6,
        12.4,
        1.4,
        3.6,
        6.8,
        21.2,
        4.3,
        12.3,
        6.9,
        4.3,
        13.2,
        6.5,
        10.0,
        1.0,
        3.7,
        6.2,
        1.1,
        7.0,
        4.7,
        16.1,
        8.1,
        5.8,
        2.8,
        17.5,
        10.0,
        2.7,
        12.3,
        2.9,
        3.8,
        3.1,
        11.0,
        2.6,
        7.0,
        7.1,
        24.3,
        5.7,
        4.0,
        10.9,
        7.1,
        7.0,
        14.6,
        3.3,
        4.8,
        6.1,
        11.8,
        8.7,
        7.0,
        5.2,
        8.7
    ],
    "category_values_ratio": {
        "3.1": 237,
        "4.3": 233,
        "3.7": 229,
        "2.9": 225,
        "2.7": 225,
        "4.1": 225,
        "5.1": 213,
        "6.2": 212,
        "4.7": 212,
        "3.5": 212,
        "4.5": 211,
        "2.8": 208,
        "3.4": 208,
        "4.0": 208,
        "2.0": 208,
        "3.0": 207,
        "4.2": 206,
        "4.4": 205,
        "3.9": 203,
        "3.3": 202,
        "1.8": 202,
        "3.6": 201,
        "3.8": 200,
        "2.4": 198,
        "2.1": 198,
        "3.2": 198,
        "2.5": 197,
        "5.2": 195,
        "6.0": 192,
        "2.3": 192,
        "5.5": 192,
        "1.9": 191,
        "5.4": 191,
        "4.9": 190,
        "5.7": 189,
        "4.6": 189,
        "5.0": 188,
        "1.4": 188,
        "5.6": 186,
        "2.2": 185,
        "4.8": 184,
        "1.6": 183,
        "2.6": 181,
        "5.3": 179,
        "5.8": 178,
        "6.3": 178,
        "5.9": 178,
        "6.8": 171,
        "6.4": 170,
        "6.6": 170,
        "7.5": 169,
        "6.5": 167,
        "6.1": 167,
        "7.2": 164,
        "1.7": 164,
        "7.1": 163,
        "6.7": 161,
        "1.2": 157,
        "6.9": 154,
        "7.0": 151,
        "7.3": 149,
        "1.3": 149,
        "7.7": 148,
        "8.0": 146,
        "1.5": 143,
        "7.4": 142,
        "7.6": 141,
        "8.1": 140,
        "1.1": 140,
        "8.5": 139,
        "7.9": 138,
        "1.0": 138,
        "8.4": 137,
        "9.0": 137,
        "8.9": 136,
        "7.8": 130,
        "0.9": 130,
        "8.2": 129,
        "8.7": 128,
        "0.8": 121,
        "0.7": 119,
        "8.6": 118,
        "9.7": 118,
        "8.3": 115,
        "9.2": 113,
        "9.4": 112,
        "9.3": 112,
        "9.1": 112,
        "10.0": 111,
        "8.8": 111,
        "9.5": 104,
        "9.9": 103,
        "9.6": 102,
        "9.8": 97,
        "0.6": 96,
        "10.3": 92,
        "10.8": 90,
        "10.4": 87,
        "10.1": 87,
        "10.5": 85,
        "10.2": 84,
        "11.2": 83,
        "10.6": 83,
        "10.7": 81,
        "0.5": 80,
        "11.0": 78,
        "10.9": 77,
        "11.6": 73,
        "11.7": 73,
        "11.4": 72,
        "11.5": 71,
        "11.1": 69,
        "0.4": 69,
        "11.8": 68,
        "11.3": 67,
        "11.9": 66,
        "12.2": 64,
        "0.3": 63,
        "12.3": 61,
        "12.9": 61,
        "12.6": 61,
        "12.5": 60,
        "12.1": 59,
        "12.0": 58,
        "12.4": 54,
        "13.3": 54,
        "12.7": 52,
        "13.5": 51,
        "13.1": 50,
        "13.4": 50,
        "13.6": 50,
        "13.2": 48,
        "13.9": 46,
        "13.7": 45,
        "14.4": 43,
        "14.0": 43,
        "14.9": 42,
        "12.8": 40,
        "14.2": 39,
        "13.8": 37,
        "15.9": 33,
        "0.2": 33,
        "14.1": 33,
        "13.0": 31,
        "16.1": 31,
        "15.0": 31,
        "14.3": 30,
        "14.8": 30,
        "14.5": 29,
        "15.2": 28,
        "14.6": 28,
        "15.5": 28,
        "16.0": 28,
        "15.6": 27,
        "14.7": 27,
        "15.8": 24,
        "16.4": 23,
        "16.3": 22,
        "15.1": 22,
        "15.3": 21,
        "15.4": 21,
        "16.2": 18,
        "17.0": 17,
        "17.7": 17,
        "16.5": 17,
        "17.5": 17,
        "16.7": 16,
        "17.6": 16,
        "17.4": 16,
        "16.8": 16,
        "15.7": 16,
        "0.1": 16,
        "16.9": 15,
        "17.1": 15,
        "18.3": 14,
        "16.6": 13,
        "18.8": 12,
        "18.0": 11,
        "17.8": 11,
        "19.0": 11,
        "18.2": 10,
        "17.9": 9,
        "20.3": 9,
        "18.6": 9,
        "18.9": 9,
        "20.1": 8,
        "17.2": 8,
        "19.4": 8,
        "18.7": 8,
        "20.5": 7,
        "18.1": 7,
        "19.9": 7,
        "18.5": 6,
        "19.7": 6,
        "21.2": 6,
        "19.8": 6,
        "17.3": 6,
        "19.1": 6,
        "19.2": 6,
        "21.4": 6,
        "19.5": 5,
        "20.8": 5,
        "18.4": 5,
        "19.3": 5,
        "20.4": 5,
        "21.7": 4,
        "22.9": 4,
        "20.6": 4,
        "20.0": 4,
        "0.0": 4,
        "20.9": 3,
        "22.5": 3,
        "22.1": 3,
        "20.7": 3,
        "21.8": 3,
        "20.2": 3,
        "21.3": 3,
        "23.0": 3,
        "19.6": 3,
        "23.3": 2,
        "21.5": 2,
        "22.7": 2,
        "22.6": 2,
        "23.6": 2,
        "22.8": 2,
        "24.3": 2,
        "23.8": 1,
        "24.7": 1,
        "26.9": 1,
        "28.4": 1,
        "24.2": 1,
        "22.2": 1,
        "25.1": 1,
        "23.5": 1,
        "24.1": 1,
        "21.0": 1,
        "22.4": 1,
        "21.6": 1,
        "25.4": 1,
        "22.0": 1,
        "26.0": 1,
        "21.1": 1,
        "23.4": 1,
        "22.3": 1,
        "26.7": 1,
        "25.3": 1,
        "24.6": 1
    },
    "nrows": 20517
}