{
    "column_id": "Walmart/weather.csvweather.csv/preciptotal",
    "dataset_name": "weather.csv",
    "dataset_id": "Walmart/weather.csv",
    "path": "/home/ubuntu/CatDB/Experiments/data/Walmart/weather.csv",
    "table_name": "weather.csv",
    "table_id": "Walmart/weather.csvweather.csv",
    "column_name": "preciptotal",
    "data_source": "Walmart",
    "data_type": "float",
    "total_values_count": 20517,
    "distinct_values_count": 283,
    "missing_values_count": 860,
    "true_ratio": null,
    "min_value": 0.0,
    "max_value": 7.36,
    "mean": 0.10676807244238697,
    "median": 0.0,
    "iqr": 0.05,
    "category_values": [
        0.05,
        0.01,
        0.0,
        0.69,
        0.02,
        0.09,
        0.08,
        0.12,
        0.15,
        1.14,
        0.07,
        0.77,
        0.2,
        0.47,
        0.03,
        0.21,
        0.88,
        1.67,
        0.04,
        0.68,
        0.06,
        0.38,
        0.34,
        0.78,
        0.37,
        0.53,
        0.11,
        1.27,
        0.41,
        0.85,
        0.62,
        0.19,
        0.39,
        0.55,
        0.31,
        0.71,
        0.66,
        0.29,
        0.22,
        0.26,
        0.42,
        0.3,
        0.27,
        0.1,
        0.81,
        0.25,
        0.16,
        0.56,
        0.64,
        0.4,
        0.23,
        0.18,
        0.35,
        0.92,
        0.73,
        1.98,
        0.13,
        0.51,
        0.14,
        0.24,
        0.32,
        1.12,
        0.63,
        0.52,
        0.6,
        1.29,
        0.97,
        0.44,
        0.87,
        0.5,
        0.28,
        0.43,
        0.61,
        1.69,
        1.63,
        1.02,
        0.49,
        1.34,
        1.32,
        1.54,
        1.1,
        0.45,
        0.46,
        1.81,
        0.93,
        0.76,
        0.54,
        0.75,
        0.91,
        1.26,
        0.36,
        0.17,
        1.19,
        1.07,
        1.71,
        0.74,
        3.45,
        1.06,
        0.67,
        1.33,
        1.36,
        0.65,
        0.8,
        0.48,
        2.7,
        1.55,
        2.27,
        0.79,
        1.42,
        1.53,
        0.33,
        0.57,
        0.82,
        1.05,
        0.9,
        1.24,
        0.59,
        1.18,
        0.7,
        2.68,
        0.99,
        1.37,
        1.95,
        1.61,
        2.57,
        1.04,
        2.13,
        0.84,
        1.16,
        0.58,
        0.83,
        0.98,
        2.59,
        1.08,
        1.76,
        2.41,
        0.94,
        1.17,
        2.69,
        1.01,
        2.81,
        1.43,
        3.32,
        2.37,
        0.86,
        1.21,
        1.78,
        1.03,
        0.89,
        1.25,
        1.0,
        1.41,
        1.77,
        1.13,
        1.23,
        3.14,
        1.72,
        2.77,
        1.91,
        1.89,
        2.1,
        1.28,
        3.3,
        1.5,
        2.92,
        1.38,
        2.02,
        4.22,
        3.24,
        1.83,
        0.95,
        2.45,
        1.56,
        1.75,
        1.49,
        3.53,
        1.52,
        3.66,
        2.32,
        5.67,
        1.7,
        2.85,
        2.23,
        2.83,
        1.85,
        3.13,
        1.31,
        1.3,
        3.16,
        2.49,
        3.07,
        1.2,
        1.46,
        2.34,
        2.09,
        1.99,
        1.09,
        5.59,
        2.0,
        2.48,
        3.02,
        0.96,
        2.38,
        1.15,
        3.0,
        1.39,
        2.16,
        1.64,
        1.79,
        2.14,
        1.6,
        1.58,
        2.6,
        0.72,
        1.93,
        2.07,
        1.82,
        1.22,
        3.17,
        2.84,
        2.15,
        1.45,
        3.47,
        1.96,
        4.65,
        4.84,
        3.91,
        1.8,
        3.19,
        3.03,
        1.88,
        1.65,
        2.76,
        1.11,
        1.73,
        7.36,
        5.2,
        2.35,
        1.35,
        3.2,
        2.31,
        2.18,
        2.12,
        1.92,
        1.47,
        1.87,
        1.62,
        2.42,
        1.4,
        3.05,
        2.4,
        5.12,
        2.91,
        1.44,
        6.93,
        5.36,
        2.75,
        3.52,
        2.5,
        2.03,
        2.56,
        1.68,
        2.88,
        1.94,
        2.21,
        2.2,
        2.82,
        5.65,
        2.28,
        1.9,
        2.04,
        2.65,
        1.57,
        2.01,
        1.66,
        5.04,
        3.06,
        2.06,
        2.11,
        2.61,
        2.05,
        3.34,
        3.27
    ],
    "embedding": [
        -0.10713187605142593,
        -0.0756157860159874,
        0.12176787108182907,
        0.017341146245598793,
        0.026933465152978897,
        0.11429088562726974,
        0.05034095421433449,
        0.189496248960495,
        0.18704992532730103,
        0.18335989117622375,
        -0.14659230411052704,
        -0.013788233511149883,
        0.07632847130298615,
        -0.15404920279979706,
        0.08121397346258163,
        -0.12922295928001404,
        0.14688722789287567,
        0.12100594490766525,
        0.10159965604543686,
        -0.017697473987936974,
        0.1131095215678215,
        -0.13541634380817413,
        0.10493282228708267,
        0.1388869434595108,
        -0.11369378864765167,
        -0.1315014511346817,
        -0.12132178246974945,
        -0.1345079392194748,
        0.11985090374946594,
        -0.22695811092853546,
        -0.09355198591947556,
        -0.06865619868040085,
        0.060346029698848724,
        -0.16439759731292725,
        0.12846362590789795,
        0.12064985185861588,
        0.04057030379772186,
        -0.09590273350477219,
        -0.06557358801364899,
        -0.029252056032419205,
        -0.16465958952903748,
        0.1028372272849083,
        -0.11296079307794571,
        0.05036782845854759,
        -0.12730064988136292,
        0.11988724768161774,
        -0.12133855372667313,
        -0.000353381474269554,
        0.07418955117464066,
        0.08302994072437286,
        -0.017193853855133057,
        -0.11736313253641129,
        0.1458342969417572,
        -0.08487781882286072,
        0.02965681627392769,
        -0.11263477802276611,
        0.033107124269008636,
        0.14486071467399597,
        -0.10960541665554047,
        -0.1065300777554512,
        0.12020707875490189,
        0.08793706446886063,
        -0.07234905660152435,
        0.020964890718460083,
        -0.10144626349210739,
        -0.16419997811317444,
        0.22053347527980804,
        0.1809917539358139,
        -0.0931006595492363,
        -0.10881264507770538,
        0.12064111977815628,
        0.07904881983995438,
        -0.15585145354270935,
        0.1544177085161209,
        -0.0560535304248333,
        0.022020265460014343,
        0.15836670994758606,
        -0.034810371696949005,
        0.108209028840065,
        0.03387163579463959,
        0.019639858976006508,
        0.0526239387691021,
        -0.03140046074986458,
        0.09281617403030396,
        -0.05504558980464935,
        0.05457798019051552,
        0.0360010527074337,
        -0.19671805202960968,
        0.17580023407936096,
        0.1290738731622696,
        -0.07076112180948257,
        0.02665773406624794,
        0.1334899663925171,
        0.12373746186494827,
        -0.014324243180453777,
        -0.011928198859095573,
        0.04738909378647804,
        -0.04919629916548729,
        -0.052654366940259933,
        -0.1540226936340332,
        0.027239877730607986,
        0.09012594819068909,
        0.06650099158287048,
        -0.037108298391103745,
        -0.11698269098997116,
        -0.009781832806766033,
        -0.061900824308395386,
        0.0901961699128151,
        0.05670548975467682,
        -0.06007299944758415,
        -0.1580076366662979,
        0.15265430510044098,
        0.012727626599371433,
        -0.03784728795289993,
        -0.1379142552614212,
        -0.07017906755208969,
        0.0024522931780666113,
        0.039227813482284546,
        -0.016094915568828583,
        -0.05888575315475464,
        0.10025985538959503,
        0.15253667533397675,
        0.08946815133094788,
        -0.05637578293681145,
        -0.004856854677200317,
        0.0906817838549614,
        0.13813741505146027,
        0.08376458287239075,
        0.0030985032208263874,
        -0.1542700231075287,
        0.03938618674874306,
        -0.057019300758838654,
        -0.016514943912625313,
        -0.07537725567817688,
        -0.07186609506607056,
        -0.04043559357523918,
        0.07203884422779083,
        0.04991966113448143,
        -0.15914833545684814,
        0.06682012975215912,
        0.04487360641360283,
        -0.09536012262105942,
        0.08966600894927979,
        -0.10672534257173538,
        -0.1321433037519455,
        0.03270368278026581,
        -0.08832916617393494,
        0.0912020206451416,
        0.1865173578262329,
        -0.03905497118830681,
        0.1213294193148613,
        -0.13902457058429718,
        -0.20248685777187347,
        0.15097679197788239,
        -0.07499998807907104,
        -0.07667069882154465,
        -0.08013038337230682,
        0.0008748440886847675,
        0.0759415552020073,
        -0.15893714129924774,
        -0.09116911888122559,
        0.08798371255397797,
        -0.039940591901540756,
        -0.02280343696475029,
        0.004835234954953194,
        -0.05974872037768364,
        -0.06442132592201233,
        0.13847796618938446,
        0.06035559996962547,
        0.0656244307756424,
        0.024689802899956703,
        0.026178456842899323,
        -0.22086967527866364,
        0.10688040405511856,
        -0.05417364090681076,
        0.055155426263809204,
        -0.17390739917755127,
        -0.050401318818330765,
        -0.008367556147277355,
        0.10570324957370758,
        0.08092676103115082,
        -0.0737503245472908,
        0.023927921429276466,
        -0.08516871184110641,
        -0.07768252491950989,
        -0.03476051241159439,
        -0.15484626591205597,
        -0.09554100036621094,
        -0.03395741060376167,
        0.005817081313580275,
        0.07620010524988174,
        0.003136178245767951,
        -0.07526297867298126,
        -0.08286476135253906,
        -0.045552290976047516,
        -0.0545559860765934,
        -0.09050280600786209,
        0.04886940121650696,
        0.1874675452709198,
        0.13838373124599457,
        0.1614571362733841,
        -0.05340166017413139,
        -0.013820023275911808,
        0.11952105164527893,
        -0.04522421583533287,
        0.08251636475324631,
        0.09230551868677139,
        -0.009913953021168709,
        0.0391443707048893,
        -0.09437288343906403,
        0.06287237256765366,
        0.010381852276623249,
        0.1348074972629547,
        0.09868190437555313,
        -0.17073966562747955,
        0.07904607802629471,
        -0.15447717905044556,
        0.22682437300682068,
        0.05224744603037834,
        -0.06621210277080536,
        0.17366592586040497,
        -0.11824959516525269,
        0.1186818927526474,
        0.03340372443199158,
        0.1528843194246292,
        0.03668437898159027,
        -0.08852412551641464,
        -0.17556791007518768,
        0.05311651900410652,
        0.06328651309013367,
        0.0965607538819313,
        0.034835945814847946,
        -0.06217329949140549,
        0.015957994386553764,
        0.0010067528346553445,
        0.06506498157978058,
        -0.008933840319514275,
        0.03900432959198952,
        0.06325932592153549,
        -0.028166992589831352,
        0.11414459347724915,
        -0.15046000480651855,
        0.018120188266038895,
        -0.11233265697956085,
        -0.06269291788339615,
        0.1774541437625885,
        0.07281544804573059,
        0.05869216099381447,
        -0.02953679859638214,
        0.10531288385391235,
        0.10381589084863663,
        -0.19504572451114655,
        -0.045366350561380386,
        0.06638585031032562,
        0.021161340177059174,
        0.13274729251861572,
        0.07848436385393143,
        0.025685317814350128,
        0.12890394032001495,
        0.05495089292526245,
        0.03262754902243614,
        0.04444204643368721,
        -0.045082416385412216,
        0.07853612303733826,
        -0.12759126722812653,
        -0.04687371477484703,
        0.01899542845785618,
        -0.15185177326202393,
        -0.0647624060511589,
        0.07525554299354553,
        -0.08784027397632599,
        -0.05891279876232147,
        0.03636019676923752,
        0.0516398623585701,
        -0.23985059559345245,
        0.03921275585889816,
        -0.07623191177845001,
        0.09161143749952316,
        -0.04767255112528801,
        -0.0609118677675724,
        0.04061843827366829,
        0.0864478275179863,
        0.127140074968338,
        0.12617139518260956,
        0.07863694429397583,
        0.2252974659204483,
        0.18403837084770203,
        0.13255809247493744,
        -0.01765972189605236,
        -0.03037211112678051,
        0.10598565638065338,
        0.1569218635559082,
        -0.005792813841253519,
        -0.11220423877239227,
        -0.0643012672662735,
        -0.023310815915465355,
        0.058806877583265305,
        0.1379707306623459,
        -0.1473800390958786,
        -0.07203034311532974
    ],
    "embedding_scaling_factor": 0.05273466929793358,
    "samples": [
        0.05,
        0.0,
        0.0,
        0.0,
        0.0,
        0.04,
        0.0,
        0.05,
        1.55,
        0.05,
        0.16,
        0.0,
        0.1,
        0.6,
        0.0,
        0.0,
        0.0,
        0.0,
        0.0,
        0.07,
        0.3,
        4.65,
        0.0,
        0.05,
        0.0,
        0.0,
        0.0,
        0.05,
        0.0,
        0.07,
        0.0,
        0.07,
        0.0,
        0.0,
        0.0,
        0.05,
        0.77,
        1.68,
        0.06,
        0.0,
        0.0,
        0.0,
        0.0,
        0.0,
        0.0,
        0.0,
        0.05,
        0.05,
        0.09,
        0.0,
        0.0,
        0.0,
        0.23,
        0.1,
        0.0,
        0.0,
        0.0,
        0.05,
        0.0,
        0.31,
        0.0,
        0.0,
        0.23,
        0.0,
        0.0,
        0.05,
        0.09,
        0.0,
        0.05,
        0.0,
        0.0,
        0.39,
        0.05,
        0.0,
        0.05,
        0.54,
        0.0,
        0.0,
        0.0,
        0.05,
        0.12,
        0.0,
        2.68,
        0.0,
        0.0,
        0.0,
        0.34,
        0.0,
        0.0,
        0.06,
        0.0,
        0.01,
        0.0,
        0.0,
        0.0,
        0.41,
        0.0
    ],
    "category_values_ratio": {
        "0.0": 11909,
        "0.05": 2586,
        "0.01": 676,
        "0.02": 361,
        "0.03": 246,
        "0.04": 211,
        "0.06": 174,
        "0.07": 134,
        "0.08": 120,
        "0.09": 102,
        "0.1": 98,
        "0.16": 93,
        "0.11": 86,
        "0.12": 85,
        "0.15": 80,
        "0.13": 80,
        "0.17": 74,
        "0.14": 73,
        "0.21": 66,
        "0.19": 65,
        "0.2": 60,
        "0.22": 57,
        "0.18": 55,
        "0.24": 52,
        "0.23": 51,
        "0.25": 51,
        "0.26": 43,
        "0.27": 43,
        "0.28": 43,
        "0.32": 41,
        "0.3": 41,
        "0.31": 38,
        "0.35": 34,
        "0.38": 33,
        "0.47": 33,
        "0.36": 31,
        "0.4": 31,
        "0.37": 31,
        "0.29": 30,
        "0.49": 30,
        "0.77": 29,
        "0.33": 28,
        "0.6": 28,
        "0.51": 27,
        "0.44": 27,
        "0.46": 26,
        "0.34": 26,
        "0.39": 25,
        "0.45": 25,
        "0.53": 24,
        "0.48": 24,
        "0.56": 23,
        "0.41": 23,
        "0.5": 23,
        "0.43": 23,
        "0.55": 22,
        "0.52": 22,
        "0.69": 22,
        "0.59": 22,
        "0.85": 22,
        "0.42": 21,
        "0.65": 20,
        "0.58": 20,
        "0.54": 19,
        "0.64": 17,
        "0.7": 17,
        "0.62": 16,
        "0.63": 16,
        "0.88": 15,
        "0.82": 15,
        "0.71": 15,
        "0.81": 14,
        "0.76": 14,
        "0.74": 14,
        "0.78": 14,
        "0.61": 14,
        "0.84": 13,
        "0.66": 13,
        "0.68": 13,
        "0.9": 12,
        "0.8": 12,
        "0.91": 12,
        "0.73": 12,
        "0.79": 12,
        "1.07": 11,
        "0.57": 11,
        "0.92": 11,
        "1.06": 11,
        "0.72": 11,
        "1.12": 10,
        "1.01": 10,
        "1.19": 10,
        "0.67": 10,
        "0.83": 10,
        "1.03": 9,
        "1.05": 9,
        "1.27": 9,
        "0.86": 9,
        "0.93": 9,
        "0.75": 8,
        "1.04": 8,
        "1.14": 8,
        "1.09": 8,
        "1.16": 7,
        "1.33": 7,
        "0.97": 7,
        "1.43": 7,
        "1.4": 7,
        "1.35": 7,
        "1.22": 7,
        "0.98": 7,
        "0.89": 6,
        "0.87": 6,
        "1.32": 6,
        "0.94": 6,
        "1.17": 6,
        "1.78": 6,
        "1.34": 6,
        "1.0": 6,
        "1.28": 6,
        "0.95": 6,
        "1.11": 6,
        "1.61": 6,
        "1.53": 6,
        "1.02": 5,
        "1.68": 5,
        "1.1": 5,
        "1.3": 5,
        "1.49": 5,
        "0.99": 5,
        "1.55": 5,
        "1.75": 5,
        "1.5": 5,
        "0.96": 5,
        "1.23": 5,
        "1.18": 5,
        "1.2": 5,
        "1.15": 5,
        "1.36": 4,
        "1.13": 4,
        "1.26": 4,
        "3.02": 4,
        "2.09": 4,
        "2.45": 4,
        "1.44": 4,
        "1.67": 4,
        "1.08": 4,
        "1.56": 4,
        "1.39": 4,
        "1.66": 3,
        "1.54": 3,
        "1.72": 3,
        "2.68": 3,
        "1.89": 3,
        "1.81": 3,
        "1.21": 3,
        "1.24": 3,
        "2.81": 3,
        "2.57": 3,
        "2.7": 3,
        "1.41": 3,
        "2.4": 3,
        "1.46": 3,
        "1.31": 3,
        "2.42": 3,
        "1.52": 3,
        "2.38": 3,
        "1.7": 3,
        "1.42": 3,
        "1.82": 3,
        "1.96": 3,
        "1.8": 3,
        "1.88": 3,
        "1.95": 2,
        "1.69": 2,
        "3.05": 2,
        "2.59": 2,
        "1.76": 2,
        "1.62": 2,
        "1.47": 2,
        "1.92": 2,
        "1.79": 2,
        "2.69": 2,
        "2.16": 2,
        "2.1": 2,
        "2.85": 2,
        "2.32": 2,
        "2.83": 2,
        "3.53": 2,
        "1.25": 2,
        "2.34": 2,
        "3.14": 2,
        "1.63": 2,
        "1.71": 2,
        "2.5": 2,
        "2.75": 2,
        "1.91": 2,
        "2.56": 2,
        "1.93": 2,
        "1.94": 2,
        "2.92": 2,
        "1.37": 2,
        "2.35": 2,
        "1.73": 2,
        "3.03": 2,
        "2.15": 2,
        "1.38": 2,
        "1.45": 2,
        "1.29": 2,
        "2.27": 2,
        "1.58": 2,
        "1.98": 2,
        "2.12": 2,
        "2.31": 2,
        "1.64": 2,
        "2.13": 2,
        "1.57": 2,
        "2.65": 2,
        "1.6": 2,
        "2.28": 2,
        "3.17": 1,
        "1.99": 1,
        "3.47": 1,
        "3.45": 1,
        "5.59": 1,
        "2.84": 1,
        "2.37": 1,
        "2.0": 1,
        "2.48": 1,
        "2.07": 1,
        "2.6": 1,
        "3.0": 1,
        "3.91": 1,
        "4.65": 1,
        "3.2": 1,
        "3.32": 1,
        "3.19": 1,
        "2.41": 1,
        "1.65": 1,
        "2.76": 1,
        "3.07": 1,
        "7.36": 1,
        "5.2": 1,
        "2.49": 1,
        "3.16": 1,
        "4.84": 1,
        "1.77": 1,
        "2.18": 1,
        "3.13": 1,
        "1.85": 1,
        "2.14": 1,
        "5.04": 1,
        "2.23": 1,
        "2.06": 1,
        "2.02": 1,
        "3.34": 1,
        "2.05": 1,
        "5.12": 1,
        "2.91": 1,
        "3.66": 1,
        "6.93": 1,
        "5.36": 1,
        "2.61": 1,
        "3.52": 1,
        "2.77": 1,
        "2.03": 1,
        "2.11": 1,
        "2.01": 1,
        "1.87": 1,
        "2.88": 1,
        "3.3": 1,
        "2.21": 1,
        "3.06": 1,
        "5.67": 1,
        "2.82": 1,
        "5.65": 1,
        "1.83": 1,
        "1.9": 1,
        "2.04": 1,
        "3.24": 1,
        "4.22": 1,
        "2.2": 1,
        "3.27": 1
    },
    "nrows": 20517
}