{
    "column_id": "Financial/Financial.csvFinancial.csv/client.A11",
    "dataset_name": "Financial.csv",
    "dataset_id": "Financial/Financial.csv",
    "path": "/home/ubuntu/CatDB/Experiments/data/Financial/Financial.csv",
    "table_name": "Financial.csv",
    "table_id": "Financial/Financial.csvFinancial.csv",
    "column_name": "client.A11",
    "data_source": "Financial",
    "data_type": "int",
    "total_values_count": 552017,
    "distinct_values_count": 76,
    "missing_values_count": 0,
    "true_ratio": null,
    "min_value": 8110.0,
    "max_value": 12541.0,
    "mean": 9470.686728850742,
    "median": 8965.0,
    "iqr": 1356.0,
    "category_values": [
        12541,
        9104,
        9893,
        8547,
        8402,
        8427,
        10673,
        8254,
        9198,
        9317,
        8512,
        8678,
        10177,
        8965,
        8772,
        10045,
        9045,
        9538,
        8388,
        8369,
        9897,
        8994,
        8441,
        8843,
        11277,
        8598,
        9272,
        8561,
        8757,
        10446,
        8173,
        9307,
        8746,
        9065,
        9753,
        8546,
        8390,
        8403,
        8363,
        9622,
        8544,
        8743,
        8240,
        9675,
        9832,
        8930,
        8187,
        8594,
        9650,
        10787,
        9624,
        8444,
        8541,
        8110,
        8899,
        8991,
        8507,
        8705,
        8968,
        9425,
        8288,
        8720,
        10124,
        8980,
        8909,
        8208,
        9060,
        8754,
        9920,
        8814,
        8114,
        8819,
        8867,
        8624,
        8620,
        8554
    ],
    "embedding": [
        -1.0,
        -1.0,
        -1.0,
        1.0,
        -1.0,
        1.0,
        -1.0,
        -1.0,
        -1.0,
        -1.0,
        1.0,
        -1.0,
        -1.0,
        1.0,
        1.0,
        1.0,
        1.0,
        -1.0,
        1.0,
        -1.0,
        1.0,
        -1.0,
        1.0,
        -1.0,
        1.0,
        -1.0,
        -1.0,
        1.0,
        -1.0,
        -1.0,
        1.0,
        1.0,
        -1.0,
        -1.0,
        -1.0,
        1.0,
        -1.0,
        1.0,
        1.0,
        -1.0,
        -1.0,
        1.0,
        -1.0,
        -1.0,
        -1.0,
        -1.0,
        1.0,
        -1.0,
        -1.0,
        -0.9907223582267761,
        -1.0,
        1.0,
        1.0,
        1.0,
        -1.0,
        1.0,
        1.0,
        1.0,
        -1.0,
        0.9993407130241394,
        -1.0,
        -1.0,
        1.0,
        -1.0,
        1.0,
        -1.0,
        1.0,
        -1.0,
        1.0,
        1.0,
        1.0,
        -1.0,
        -1.0,
        -1.0,
        -1.0,
        1.0,
        1.0,
        1.0,
        1.0,
        1.0,
        1.0,
        1.0,
        1.0,
        -1.0,
        -1.0,
        1.0,
        -1.0,
        1.0,
        1.0,
        1.0,
        -1.0,
        1.0,
        1.0,
        -1.0,
        1.0,
        -1.0,
        1.0,
        -1.0,
        -1.0,
        -1.0,
        -0.9985781311988831,
        -1.0,
        1.0,
        -1.0,
        -1.0,
        1.0,
        1.0,
        1.0,
        -1.0,
        -1.0,
        1.0,
        -1.0,
        -1.0,
        1.0,
        1.0,
        1.0,
        1.0,
        1.0,
        1.0,
        -1.0,
        -1.0,
        1.0,
        -1.0,
        -1.0,
        1.0,
        -1.0,
        -1.0,
        -1.0,
        -1.0,
        1.0,
        -1.0,
        1.0,
        -1.0,
        -1.0,
        1.0,
        -1.0,
        -1.0,
        1.0,
        1.0,
        -1.0,
        1.0,
        1.0,
        1.0,
        -1.0,
        1.0,
        -1.0,
        1.0,
        -1.0,
        -1.0,
        -1.0,
        1.0,
        -1.0,
        1.0,
        -1.0,
        1.0,
        -1.0,
        1.0,
        -1.0,
        1.0,
        -1.0,
        -1.0,
        1.0,
        -1.0,
        -1.0,
        1.0,
        -1.0,
        1.0,
        -1.0,
        -1.0,
        -1.0,
        -1.0,
        -1.0,
        1.0,
        1.0,
        -1.0,
        -1.0,
        1.0,
        -1.0,
        -1.0,
        -1.0,
        1.0,
        -1.0,
        -1.0,
        -1.0,
        1.0,
        -1.0,
        1.0,
        -1.0,
        -1.0,
        -1.0,
        1.0,
        1.0,
        1.0,
        1.0,
        -1.0,
        -1.0,
        1.0,
        -1.0,
        -1.0,
        1.0,
        -1.0,
        1.0,
        -1.0,
        -1.0,
        -1.0,
        -1.0,
        1.0,
        1.0,
        -1.0,
        -1.0,
        -1.0,
        1.0,
        -1.0,
        -1.0,
        -1.0,
        1.0,
        -1.0,
        1.0,
        -1.0,
        -1.0,
        1.0,
        -1.0,
        -1.0,
        1.0,
        -1.0,
        -0.9942218065261841,
        1.0,
        -1.0,
        -1.0,
        -1.0,
        1.0,
        -1.0,
        1.0,
        -1.0,
        -1.0,
        1.0,
        -1.0,
        1.0,
        1.0,
        -1.0,
        1.0,
        -0.9830448627471924,
        1.0,
        -1.0,
        1.0,
        1.0,
        -1.0,
        -1.0,
        -1.0,
        1.0,
        1.0,
        1.0,
        -1.0,
        -1.0,
        -1.0,
        1.0,
        1.0,
        -1.0,
        -1.0,
        -1.0,
        1.0,
        1.0,
        1.0,
        -1.0,
        1.0,
        -1.0,
        -1.0,
        -1.0,
        1.0,
        1.0,
        -0.9986721277236938,
        -1.0,
        -1.0,
        1.0,
        -1.0,
        1.0,
        1.0,
        1.0,
        1.0,
        1.0,
        1.0,
        -1.0,
        1.0,
        1.0,
        1.0,
        -1.0,
        -1.0,
        1.0,
        -1.0,
        -1.0,
        -1.0,
        1.0,
        -1.0,
        -1.0,
        -1.0,
        -1.0,
        -1.0,
        1.0,
        1.0,
        1.0
    ],
    "embedding_scaling_factor": 46.739768981933594,
    "samples": [
        9198,
        9307,
        8512,
        9060,
        9272,
        9624,
        8208,
        9893,
        8930,
        12541,
        12541,
        12541,
        9272,
        12541,
        9624,
        9920,
        8594,
        9897,
        8930,
        9893,
        8110,
        9920,
        10124,
        9893,
        8402,
        8546,
        9897,
        9897,
        12541,
        8843,
        10177,
        8594,
        8930,
        9897,
        9060,
        12541,
        10045,
        10673,
        8369,
        9272,
        9897,
        8402,
        8288,
        8114,
        8403,
        12541,
        8899,
        8427,
        8547,
        10673,
        12541,
        12541,
        8240,
        8208,
        9753,
        8369,
        9425,
        8402,
        9198,
        11277,
        9307,
        10673,
        8402,
        8363,
        8743,
        8899,
        8678,
        12541,
        10177,
        10045,
        8402,
        8754,
        8512,
        8598,
        8930,
        9622,
        8208,
        9897,
        8363,
        8994,
        12541,
        9307,
        8772,
        8363,
        10177,
        10787,
        8546,
        9307,
        8743,
        12541,
        8561,
        8363,
        8994,
        8746,
        9624,
        8363,
        8444,
        9272,
        8403,
        8994
    ],
    "category_values_ratio": {
        "12541": 68703,
        "9897": 17986,
        "10177": 16342,
        "10673": 15973,
        "9893": 15356,
        "8743": 14508,
        "8363": 13321,
        "8512": 13058,
        "8965": 12866,
        "8930": 12833,
        "9624": 12163,
        "8598": 11883,
        "8402": 10660,
        "8994": 10351,
        "8369": 9392,
        "9307": 9107,
        "8114": 8354,
        "9622": 8344,
        "8187": 8015,
        "8288": 7772,
        "8561": 7642,
        "8899": 7411,
        "8390": 7186,
        "8208": 7115,
        "8427": 7042,
        "8444": 7020,
        "8441": 6797,
        "8720": 6654,
        "10446": 6564,
        "8507": 6506,
        "8541": 6490,
        "8909": 6223,
        "9065": 6195,
        "10045": 6139,
        "8746": 6125,
        "8594": 6064,
        "8991": 5833,
        "8240": 5688,
        "10787": 5645,
        "9060": 5551,
        "8544": 5373,
        "8757": 5319,
        "9317": 5267,
        "9425": 5226,
        "9675": 5177,
        "8843": 4970,
        "9538": 4834,
        "8754": 4817,
        "9104": 4762,
        "8547": 4511,
        "9272": 4452,
        "9045": 4404,
        "8546": 4010,
        "8388": 3998,
        "8624": 3991,
        "9753": 3945,
        "8772": 3841,
        "9198": 3731,
        "8110": 3700,
        "10124": 3351,
        "8705": 3312,
        "8819": 3274,
        "8814": 3174,
        "8403": 3074,
        "8867": 2982,
        "8254": 2858,
        "9920": 2711,
        "8980": 2440,
        "8678": 2367,
        "8173": 2073,
        "8620": 2056,
        "11277": 1260,
        "8554": 1207,
        "8968": 1143,
        "9832": 1127,
        "9650": 403
    },
    "nrows": 552017
}