{
    "column_id": "Financial/Financial.csvFinancial.csv/client.A15",
    "dataset_name": "Financial.csv",
    "dataset_id": "Financial/Financial.csv",
    "path": "/home/ubuntu/CatDB/Experiments/data/Financial/Financial.csv",
    "table_name": "Financial.csv",
    "table_id": "Financial/Financial.csvFinancial.csv",
    "column_name": "client.A15",
    "data_source": "Financial",
    "data_type": "int",
    "total_values_count": 552017,
    "distinct_values_count": 75,
    "missing_values_count": 2073,
    "true_ratio": null,
    "min_value": 818.0,
    "max_value": 85677.0,
    "mean": 14677.245274064268,
    "median": 3496.0,
    "iqr": 4481.0,
    "category_values": [
        85677,
        2299,
        5623,
        1563,
        999,
        1874,
        18782,
        2166,
        5796,
        6949,
        2247,
        4980,
        9878,
        2653,
        2854,
        6604,
        1845,
        6079,
        1658,
        18721,
        9672,
        1879,
        818,
        5179,
        1597,
        4340,
        1029,
        2212,
        4947,
        2616,
        4355,
        4147,
        5244,
        2640,
        2080,
        2157,
        2564,
        3475,
        2719,
        3659,
        1850,
        5323,
        6445,
        1328,
        2123,
        1580,
        2985,
        6041,
        4484,
        2595,
        3496,
        3244,
        2987,
        5198,
        2159,
        4650,
        1740,
        4085,
        1562,
        3729,
        3810,
        2824,
        3460,
        1660,
        1655,
        3804,
        4289,
        2112,
        1003,
        4063,
        3736,
        3384,
        2879,
        1089,
        1822
    ],
    "embedding": [
        -1.0,
        -1.0,
        -1.0,
        1.0,
        -1.0,
        1.0,
        -1.0,
        -1.0,
        -1.0,
        -1.0,
        1.0,
        -1.0,
        -1.0,
        1.0,
        1.0,
        1.0,
        1.0,
        -1.0,
        1.0,
        -1.0,
        1.0,
        -1.0,
        1.0,
        -1.0,
        1.0,
        -1.0,
        -1.0,
        1.0,
        -1.0,
        -1.0,
        1.0,
        1.0,
        -1.0,
        -1.0,
        -1.0,
        1.0,
        -1.0,
        1.0,
        1.0,
        -1.0,
        -1.0,
        1.0,
        -1.0,
        -1.0,
        -1.0,
        -1.0,
        1.0,
        -1.0,
        -1.0,
        -0.998856782913208,
        -1.0,
        1.0,
        1.0,
        1.0,
        -1.0,
        1.0,
        1.0,
        1.0,
        -1.0,
        0.9997498393058777,
        -1.0,
        -1.0,
        1.0,
        -1.0,
        1.0,
        -1.0,
        1.0,
        -1.0,
        1.0,
        1.0,
        1.0,
        -1.0,
        -1.0,
        -1.0,
        -1.0,
        1.0,
        1.0,
        1.0,
        1.0,
        1.0,
        1.0,
        1.0,
        1.0,
        -1.0,
        -1.0,
        1.0,
        -1.0,
        1.0,
        1.0,
        1.0,
        -1.0,
        1.0,
        1.0,
        -1.0,
        1.0,
        -1.0,
        1.0,
        -1.0,
        -1.0,
        -1.0,
        -0.998404860496521,
        -1.0,
        1.0,
        -1.0,
        -1.0,
        1.0,
        1.0,
        1.0,
        -1.0,
        -1.0,
        1.0,
        -1.0,
        -1.0,
        1.0,
        1.0,
        1.0,
        1.0,
        1.0,
        1.0,
        -1.0,
        -1.0,
        1.0,
        -1.0,
        -1.0,
        1.0,
        -1.0,
        -1.0,
        -1.0,
        -1.0,
        1.0,
        -1.0,
        1.0,
        -1.0,
        -1.0,
        1.0,
        -1.0,
        -1.0,
        1.0,
        1.0,
        -1.0,
        1.0,
        1.0,
        1.0,
        -1.0,
        1.0,
        -1.0,
        1.0,
        -1.0,
        -1.0,
        -1.0,
        1.0,
        -1.0,
        1.0,
        -1.0,
        1.0,
        -1.0,
        1.0,
        -1.0,
        1.0,
        -1.0,
        -1.0,
        1.0,
        -1.0,
        -1.0,
        1.0,
        -1.0,
        1.0,
        -1.0,
        -1.0,
        -1.0,
        -1.0,
        -1.0,
        1.0,
        1.0,
        -1.0,
        -1.0,
        1.0,
        -1.0,
        -1.0,
        -1.0,
        1.0,
        -1.0,
        -1.0,
        -1.0,
        1.0,
        -1.0,
        1.0,
        -1.0,
        -1.0,
        -1.0,
        1.0,
        1.0,
        1.0,
        1.0,
        -1.0,
        -1.0,
        1.0,
        -1.0,
        -1.0,
        1.0,
        -1.0,
        1.0,
        -1.0,
        -1.0,
        -1.0,
        -1.0,
        1.0,
        1.0,
        -1.0,
        -1.0,
        -1.0,
        1.0,
        -1.0,
        -1.0,
        -1.0,
        1.0,
        -1.0,
        1.0,
        -1.0,
        -1.0,
        1.0,
        -1.0,
        -1.0,
        1.0,
        -1.0,
        -0.9990633130073547,
        1.0,
        -1.0,
        -1.0,
        -1.0,
        1.0,
        -1.0,
        1.0,
        -1.0,
        -1.0,
        1.0,
        -1.0,
        1.0,
        1.0,
        -1.0,
        1.0,
        -0.9955916404724121,
        1.0,
        -1.0,
        1.0,
        1.0,
        -1.0,
        -1.0,
        -1.0,
        1.0,
        1.0,
        1.0,
        -1.0,
        -1.0,
        -1.0,
        1.0,
        1.0,
        -1.0,
        -1.0,
        -1.0,
        1.0,
        1.0,
        1.0,
        -1.0,
        1.0,
        -1.0,
        -1.0,
        -1.0,
        1.0,
        1.0,
        -0.9985074400901794,
        -1.0,
        -1.0,
        1.0,
        -1.0,
        1.0,
        1.0,
        1.0,
        1.0,
        1.0,
        1.0,
        -1.0,
        1.0,
        1.0,
        1.0,
        -1.0,
        -1.0,
        1.0,
        -1.0,
        -1.0,
        -1.0,
        1.0,
        -1.0,
        -1.0,
        -1.0,
        -1.0,
        -1.0,
        1.0,
        1.0,
        1.0
    ],
    "embedding_scaling_factor": 3.2705070972442627,
    "samples": [
        5244,
        85677,
        2854,
        1879,
        2247,
        2112,
        1089,
        85677,
        1597,
        85677,
        1562,
        5796,
        4289,
        2159,
        1089,
        85677,
        6041,
        5623,
        2159,
        3475,
        3659,
        6604,
        2247,
        85677,
        1003,
        9672,
        6041,
        3475,
        9878,
        9672,
        1029,
        5796,
        9672,
        18721,
        9672,
        3659,
        2854,
        3729,
        9878,
        1597,
        1563,
        9878,
        85677,
        5796,
        1597,
        9878,
        1003,
        9672,
        999,
        4980,
        2080,
        85677,
        2640,
        4063,
        1597,
        9878,
        85677,
        1850,
        2616,
        1328,
        3810,
        2247,
        85677,
        2123,
        85677,
        4650,
        4355,
        2247,
        85677,
        85677,
        1029,
        2987,
        4147,
        9878,
        85677,
        2653,
        18782,
        6079,
        85677,
        3475,
        6079,
        3475,
        85677,
        2854,
        4484,
        3659,
        1562,
        2564,
        5623,
        85677,
        18782,
        5623,
        3475,
        85677,
        2247,
        18782,
        85677,
        1597,
        4947,
        4947
    ],
    "category_values_ratio": {
        "85677": 68703,
        "18721": 17986,
        "9878": 16342,
        "18782": 15973,
        "5623": 15356,
        "3659": 14508,
        "2564": 13321,
        "2247": 13058,
        "2653": 12866,
        "1328": 12833,
        "4484": 12163,
        "1597": 11883,
        "999": 10660,
        "9672": 10351,
        "2854": 10175,
        "2616": 9107,
        "1003": 8354,
        "3475": 8344,
        "2123": 8015,
        "1562": 7772,
        "1029": 7642,
        "2987": 7411,
        "2080": 7186,
        "1660": 7115,
        "1874": 7042,
        "2595": 7020,
        "1879": 6797,
        "3729": 6654,
        "4947": 6564,
        "2159": 6506,
        "3496": 6490,
        "3460": 6223,
        "4147": 6195,
        "6604": 6139,
        "4355": 6125,
        "1580": 6064,
        "5198": 5833,
        "1850": 5688,
        "6041": 5645,
        "1655": 5551,
        "2719": 5373,
        "2212": 5319,
        "6949": 5267,
        "4085": 5226,
        "5323": 5177,
        "818": 4970,
        "6079": 4834,
        "3804": 4817,
        "2299": 4762,
        "1563": 4511,
        "4340": 4452,
        "1845": 4404,
        "2640": 4010,
        "1658": 3998,
        "2879": 3991,
        "5244": 3945,
        "5796": 3731,
        "3244": 3700,
        "3810": 3351,
        "4650": 3312,
        "4063": 3274,
        "2112": 3174,
        "2157": 3074,
        "3736": 3058,
        "3384": 2982,
        "2166": 2858,
        "4289": 2711,
        "2824": 2440,
        "4980": 2367,
        "1089": 2056,
        "5179": 1260,
        "1822": 1207,
        "1740": 1143,
        "6445": 1127,
        "2985": 403
    },
    "nrows": 552017
}