{
    "column_id": "Walmart/train.csvtrain.csv/units",
    "dataset_name": "train.csv",
    "dataset_id": "Walmart/train.csv",
    "path": "/home/ubuntu/CatDB/Experiments/data/Walmart/train.csv",
    "table_name": "train.csv",
    "table_id": "Walmart/train.csvtrain.csv",
    "column_name": "units",
    "data_source": "Walmart",
    "data_type": "int",
    "total_values_count": 4617600,
    "distinct_values_count": 394,
    "missing_values_count": 0,
    "true_ratio": null,
    "min_value": 0.0,
    "max_value": 5568.0,
    "mean": 0.9868756496881497,
    "median": 0.0,
    "iqr": 0.0,
    "category_values": [
        0,
        29,
        2,
        1,
        60,
        5,
        15,
        9,
        20,
        3,
        16,
        12,
        22,
        4,
        50,
        25,
        26,
        32,
        48,
        40,
        31,
        6,
        21,
        35,
        38,
        17,
        52,
        8,
        11,
        33,
        115,
        185,
        73,
        39,
        76,
        104,
        207,
        86,
        47,
        43,
        42,
        80,
        69,
        54,
        10,
        72,
        27,
        28,
        36,
        14,
        24,
        13,
        19,
        7,
        30,
        45,
        57,
        41,
        56,
        67,
        70,
        34,
        18,
        23,
        44,
        61,
        55,
        65,
        49,
        37,
        58,
        81,
        100,
        129,
        64,
        84,
        59,
        46,
        66,
        103,
        62,
        53,
        87,
        91,
        71,
        68,
        93,
        89,
        63,
        51,
        97,
        113,
        191,
        215,
        147,
        153,
        109,
        148,
        138,
        157,
        145,
        169,
        154,
        99,
        267,
        184,
        123,
        102,
        75,
        143,
        168,
        159,
        121,
        90,
        94,
        160,
        98,
        85,
        164,
        182,
        118,
        74,
        166,
        197,
        142,
        220,
        107,
        101,
        133,
        106,
        198,
        174,
        194,
        228,
        82,
        96,
        111,
        114,
        116,
        128,
        92,
        134,
        175,
        83,
        77,
        79,
        110,
        183,
        177,
        137,
        119,
        126,
        152,
        120,
        206,
        242,
        131,
        140,
        122,
        156,
        95,
        315,
        171,
        125,
        88,
        108,
        135,
        112,
        165,
        105,
        136,
        124,
        78,
        139,
        151,
        150,
        170,
        141,
        127,
        163,
        132,
        172,
        190,
        130,
        213,
        146,
        189,
        117,
        224,
        265,
        158,
        176,
        205,
        260,
        149,
        217,
        155,
        181,
        195,
        178,
        144,
        208,
        235,
        199,
        173,
        162,
        192,
        210,
        258,
        186,
        201,
        226,
        179,
        241,
        227,
        200,
        167,
        211,
        188,
        161,
        236,
        216,
        204,
        193,
        187,
        219,
        243,
        247,
        234,
        254,
        180,
        218,
        343,
        248,
        253,
        214,
        259,
        221,
        249,
        223,
        250,
        233,
        231,
        203,
        222,
        294,
        230,
        284,
        212,
        292,
        255,
        390,
        313,
        279,
        239,
        238,
        264,
        303,
        202,
        296,
        245,
        285,
        196,
        252,
        244,
        276,
        209,
        229,
        237,
        311,
        272,
        282,
        283,
        232,
        300,
        273,
        287,
        225,
        257,
        275,
        278,
        268,
        263,
        577,
        306,
        338,
        270,
        277,
        288,
        304,
        332,
        328,
        246,
        291,
        334,
        293,
        322,
        345,
        269,
        281,
        331,
        421,
        290,
        310,
        274,
        367,
        368,
        289,
        317,
        286,
        460,
        305,
        298,
        261,
        256,
        262,
        349,
        383,
        295,
        309,
        399,
        280,
        369,
        324,
        503,
        319,
        371,
        346,
        417,
        430,
        330,
        297,
        301,
        352,
        251,
        240,
        271,
        333,
        362,
        302,
        395,
        359,
        316,
        336,
        370,
        325,
        327,
        342,
        360,
        321,
        392,
        354,
        357,
        326,
        388,
        353,
        340,
        320,
        299,
        347,
        441,
        344,
        266,
        365,
        350,
        398,
        364,
        356,
        476,
        424,
        397,
        469,
        394,
        433,
        361,
        380,
        377,
        448,
        329,
        307,
        358,
        416,
        335,
        418,
        323,
        413,
        435,
        400,
        410,
        337,
        312,
        385,
        5568,
        3369
    ],
    "embedding": [
        -1.0,
        -1.0,
        -1.0,
        1.0,
        -1.0,
        1.0,
        -1.0,
        -1.0,
        -1.0,
        -1.0,
        1.0,
        -1.0,
        -1.0,
        1.0,
        1.0,
        1.0,
        1.0,
        -1.0,
        1.0,
        -1.0,
        1.0,
        -1.0,
        1.0,
        -1.0,
        1.0,
        -1.0,
        -1.0,
        1.0,
        -1.0,
        -1.0,
        1.0,
        1.0,
        -1.0,
        -1.0,
        -1.0,
        1.0,
        -1.0,
        1.0,
        1.0,
        -1.0,
        -1.0,
        1.0,
        -1.0,
        -1.0,
        -1.0,
        -1.0,
        1.0,
        -1.0,
        -1.0,
        0.3940841257572174,
        -1.0,
        1.0,
        1.0,
        1.0,
        -1.0,
        1.0,
        1.0,
        1.0,
        -1.0,
        0.6431645750999451,
        -1.0,
        -1.0,
        1.0,
        -1.0,
        1.0,
        -1.0,
        1.0,
        -1.0,
        1.0,
        1.0,
        1.0,
        -1.0,
        -1.0,
        -1.0,
        -1.0,
        1.0,
        1.0,
        1.0,
        1.0,
        1.0,
        1.0,
        1.0,
        1.0,
        -1.0,
        -1.0,
        1.0,
        -1.0,
        1.0,
        1.0,
        1.0,
        -1.0,
        1.0,
        1.0,
        -1.0,
        1.0,
        -1.0,
        1.0,
        -1.0,
        -1.0,
        -1.0,
        -0.83914715051651,
        -1.0,
        1.0,
        -1.0,
        -1.0,
        1.0,
        1.0,
        1.0,
        -1.0,
        -1.0,
        1.0,
        -1.0,
        -1.0,
        1.0,
        1.0,
        1.0,
        1.0,
        1.0,
        1.0,
        -1.0,
        -1.0,
        1.0,
        -1.0,
        -1.0,
        1.0,
        -1.0,
        -1.0,
        -1.0,
        -1.0,
        1.0,
        -1.0,
        1.0,
        -1.0,
        -1.0,
        1.0,
        -1.0,
        -1.0,
        1.0,
        1.0,
        -1.0,
        1.0,
        1.0,
        1.0,
        -1.0,
        1.0,
        -1.0,
        1.0,
        -1.0,
        -1.0,
        -1.0,
        1.0,
        -1.0,
        1.0,
        -1.0,
        1.0,
        -1.0,
        1.0,
        -1.0,
        1.0,
        -1.0,
        -1.0,
        1.0,
        -1.0,
        -1.0,
        1.0,
        -1.0,
        1.0,
        -1.0,
        -1.0,
        -1.0,
        -1.0,
        -1.0,
        1.0,
        1.0,
        -1.0,
        -1.0,
        1.0,
        -1.0,
        -1.0,
        -1.0,
        1.0,
        -1.0,
        -1.0,
        -1.0,
        1.0,
        -1.0,
        1.0,
        -1.0,
        -1.0,
        -1.0,
        1.0,
        1.0,
        1.0,
        1.0,
        -1.0,
        -1.0,
        1.0,
        -1.0,
        -1.0,
        1.0,
        -1.0,
        1.0,
        -1.0,
        -1.0,
        -1.0,
        -1.0,
        1.0,
        1.0,
        -1.0,
        -1.0,
        -1.0,
        1.0,
        -1.0,
        -1.0,
        -1.0,
        1.0,
        -1.0,
        1.0,
        -1.0,
        -1.0,
        1.0,
        -1.0,
        -1.0,
        1.0,
        -1.0,
        0.38187721371650696,
        1.0,
        -1.0,
        -1.0,
        -1.0,
        1.0,
        -1.0,
        1.0,
        -1.0,
        -1.0,
        1.0,
        -1.0,
        1.0,
        1.0,
        -1.0,
        1.0,
        0.43098992109298706,
        1.0,
        -1.0,
        1.0,
        1.0,
        -1.0,
        -1.0,
        -1.0,
        1.0,
        1.0,
        1.0,
        -1.0,
        -1.0,
        -1.0,
        1.0,
        1.0,
        -1.0,
        -1.0,
        -1.0,
        1.0,
        1.0,
        1.0,
        -1.0,
        1.0,
        -1.0,
        -1.0,
        -1.0,
        1.0,
        1.0,
        -0.8198291659355164,
        -1.0,
        -1.0,
        1.0,
        -1.0,
        1.0,
        1.0,
        1.0,
        1.0,
        1.0,
        1.0,
        -1.0,
        1.0,
        1.0,
        1.0,
        -1.0,
        -1.0,
        1.0,
        -1.0,
        -1.0,
        -1.0,
        1.0,
        -1.0,
        -1.0,
        -1.0,
        -1.0,
        -1.0,
        1.0,
        1.0,
        1.0
    ],
    "embedding_scaling_factor": 10.496438980102539,
    "samples": [
        0,
        0,
        0,
        0,
        0,
        0,
        0,
        0,
        0,
        0,
        0,
        0,
        0,
        0,
        2,
        0,
        0,
        0,
        0,
        0,
        0,
        0,
        0,
        0,
        26,
        0,
        2,
        0,
        0,
        0,
        0,
        0,
        0,
        0,
        0,
        0,
        0,
        0,
        0,
        0,
        0,
        0,
        0,
        0,
        0,
        0,
        0,
        0,
        0,
        0,
        0,
        0,
        0,
        0,
        0,
        0,
        0,
        0,
        0,
        0,
        1,
        0,
        0,
        0,
        0,
        0,
        0,
        0,
        0,
        0,
        0,
        0,
        0,
        0,
        0,
        0,
        0,
        0,
        0,
        0,
        0,
        0,
        0,
        0,
        0,
        0,
        0,
        0,
        0,
        0,
        0,
        0,
        0,
        0,
        0,
        0,
        0,
        0,
        0,
        0
    ],
    "category_values_ratio": {
        "0": 4498904,
        "1": 13548,
        "2": 8842,
        "3": 4512,
        "4": 3298,
        "5": 2377,
        "6": 1950,
        "7": 1748,
        "8": 1747,
        "10": 1676,
        "12": 1629,
        "9": 1608,
        "13": 1584,
        "11": 1512,
        "14": 1439,
        "17": 1378,
        "15": 1365,
        "16": 1353,
        "18": 1301,
        "19": 1264,
        "24": 1184,
        "20": 1171,
        "22": 1141,
        "23": 1134,
        "21": 1132,
        "26": 1078,
        "25": 1069,
        "28": 1068,
        "29": 1058,
        "30": 1052,
        "27": 1034,
        "35": 1030,
        "31": 1018,
        "33": 1008,
        "37": 978,
        "38": 970,
        "40": 967,
        "36": 965,
        "41": 959,
        "32": 957,
        "42": 935,
        "34": 930,
        "44": 908,
        "45": 908,
        "39": 885,
        "43": 877,
        "46": 867,
        "47": 838,
        "48": 837,
        "52": 807,
        "49": 795,
        "54": 790,
        "51": 782,
        "50": 773,
        "53": 768,
        "57": 755,
        "60": 754,
        "55": 748,
        "56": 737,
        "59": 681,
        "58": 673,
        "61": 642,
        "66": 624,
        "65": 616,
        "63": 601,
        "62": 597,
        "64": 593,
        "68": 584,
        "67": 579,
        "70": 562,
        "69": 546,
        "72": 529,
        "73": 506,
        "71": 498,
        "74": 483,
        "75": 470,
        "76": 467,
        "77": 456,
        "79": 448,
        "78": 433,
        "81": 418,
        "80": 406,
        "82": 400,
        "83": 383,
        "86": 380,
        "85": 362,
        "84": 343,
        "87": 327,
        "88": 327,
        "89": 304,
        "90": 297,
        "91": 294,
        "92": 293,
        "93": 277,
        "96": 259,
        "94": 256,
        "95": 254,
        "97": 242,
        "98": 231,
        "99": 226,
        "100": 216,
        "101": 212,
        "103": 206,
        "110": 198,
        "109": 194,
        "102": 194,
        "104": 194,
        "105": 189,
        "108": 186,
        "112": 186,
        "107": 179,
        "106": 171,
        "114": 160,
        "115": 150,
        "119": 148,
        "116": 144,
        "111": 143,
        "117": 142,
        "122": 139,
        "113": 138,
        "120": 132,
        "121": 130,
        "118": 130,
        "123": 128,
        "129": 115,
        "126": 113,
        "124": 113,
        "125": 111,
        "128": 109,
        "130": 104,
        "127": 101,
        "137": 94,
        "131": 91,
        "157": 91,
        "132": 91,
        "143": 88,
        "133": 87,
        "136": 87,
        "135": 86,
        "139": 84,
        "142": 83,
        "134": 81,
        "148": 77,
        "138": 74,
        "146": 70,
        "144": 70,
        "152": 70,
        "159": 69,
        "141": 68,
        "145": 66,
        "147": 66,
        "140": 66,
        "158": 64,
        "153": 64,
        "156": 63,
        "150": 61,
        "163": 60,
        "164": 60,
        "155": 60,
        "154": 59,
        "160": 59,
        "166": 57,
        "151": 57,
        "169": 55,
        "175": 55,
        "149": 55,
        "165": 53,
        "162": 53,
        "171": 52,
        "167": 50,
        "161": 49,
        "168": 46,
        "172": 46,
        "170": 45,
        "182": 43,
        "179": 43,
        "178": 43,
        "180": 41,
        "173": 39,
        "174": 39,
        "189": 38,
        "185": 38,
        "199": 37,
        "193": 37,
        "176": 37,
        "181": 36,
        "177": 36,
        "192": 35,
        "194": 35,
        "195": 35,
        "188": 35,
        "184": 35,
        "197": 34,
        "208": 34,
        "200": 34,
        "207": 34,
        "191": 33,
        "183": 33,
        "202": 32,
        "186": 31,
        "190": 31,
        "201": 31,
        "217": 29,
        "203": 28,
        "210": 28,
        "187": 27,
        "224": 27,
        "204": 27,
        "196": 26,
        "206": 25,
        "205": 25,
        "216": 25,
        "209": 25,
        "223": 24,
        "220": 24,
        "211": 23,
        "198": 22,
        "214": 22,
        "212": 22,
        "219": 21,
        "227": 20,
        "239": 20,
        "215": 19,
        "218": 19,
        "234": 19,
        "233": 19,
        "230": 18,
        "241": 17,
        "235": 17,
        "221": 17,
        "222": 17,
        "245": 16,
        "231": 16,
        "238": 16,
        "242": 16,
        "248": 15,
        "247": 15,
        "226": 14,
        "213": 14,
        "225": 14,
        "244": 14,
        "249": 14,
        "232": 14,
        "252": 13,
        "229": 13,
        "236": 13,
        "246": 12,
        "237": 12,
        "267": 12,
        "243": 12,
        "258": 11,
        "270": 11,
        "257": 10,
        "260": 10,
        "262": 10,
        "228": 10,
        "255": 9,
        "272": 9,
        "261": 9,
        "268": 8,
        "250": 8,
        "253": 8,
        "259": 8,
        "240": 8,
        "254": 7,
        "265": 7,
        "263": 7,
        "264": 7,
        "274": 7,
        "256": 6,
        "278": 6,
        "317": 6,
        "273": 6,
        "251": 6,
        "275": 5,
        "328": 5,
        "284": 5,
        "281": 5,
        "290": 5,
        "327": 5,
        "343": 5,
        "300": 4,
        "277": 4,
        "288": 4,
        "299": 4,
        "344": 4,
        "269": 4,
        "296": 4,
        "365": 4,
        "310": 4,
        "283": 4,
        "321": 4,
        "302": 4,
        "282": 4,
        "287": 4,
        "294": 3,
        "293": 3,
        "291": 3,
        "330": 3,
        "298": 3,
        "285": 3,
        "313": 3,
        "304": 3,
        "316": 3,
        "392": 3,
        "397": 3,
        "342": 3,
        "324": 3,
        "286": 3,
        "303": 3,
        "292": 3,
        "315": 2,
        "311": 2,
        "306": 2,
        "334": 2,
        "322": 2,
        "345": 2,
        "331": 2,
        "369": 2,
        "305": 2,
        "276": 2,
        "371": 2,
        "319": 2,
        "399": 2,
        "280": 2,
        "295": 2,
        "460": 2,
        "332": 2,
        "325": 2,
        "271": 2,
        "430": 2,
        "359": 2,
        "364": 2,
        "340": 2,
        "329": 2,
        "333": 2,
        "346": 2,
        "326": 2,
        "353": 2,
        "320": 2,
        "347": 2,
        "360": 2,
        "361": 2,
        "503": 1,
        "336": 1,
        "349": 1,
        "383": 1,
        "395": 1,
        "352": 1,
        "362": 1,
        "309": 1,
        "301": 1,
        "297": 1,
        "289": 1,
        "370": 1,
        "338": 1,
        "368": 1,
        "367": 1,
        "421": 1,
        "354": 1,
        "357": 1,
        "388": 1,
        "417": 1,
        "577": 1,
        "266": 1,
        "350": 1,
        "356": 1,
        "398": 1,
        "5568": 1,
        "441": 1,
        "400": 1,
        "380": 1,
        "424": 1,
        "279": 1,
        "469": 1,
        "394": 1,
        "433": 1,
        "390": 1,
        "385": 1,
        "312": 1,
        "337": 1,
        "435": 1,
        "416": 1,
        "377": 1,
        "448": 1,
        "307": 1,
        "358": 1,
        "476": 1,
        "410": 1,
        "335": 1,
        "418": 1,
        "323": 1,
        "413": 1,
        "3369": 1
    },
    "nrows": 4617600
}