{
    "column_id": "Walmart/train.csvtrain.csv/item_nbr",
    "dataset_name": "train.csv",
    "dataset_id": "Walmart/train.csv",
    "path": "/home/ubuntu/CatDB/Experiments/data/Walmart/train.csv",
    "table_name": "train.csv",
    "table_id": "Walmart/train.csvtrain.csv",
    "column_name": "item_nbr",
    "data_source": "Walmart",
    "data_type": "int",
    "total_values_count": 4617600,
    "distinct_values_count": 111,
    "missing_values_count": 0,
    "true_ratio": null,
    "min_value": 1.0,
    "max_value": 111.0,
    "mean": 56.0,
    "median": 56.0,
    "iqr": 56.0,
    "category_values": [
        1,
        2,
        3,
        4,
        5,
        6,
        7,
        8,
        9,
        10,
        11,
        12,
        13,
        14,
        15,
        16,
        17,
        18,
        19,
        20,
        21,
        22,
        23,
        24,
        25,
        26,
        27,
        28,
        29,
        30,
        31,
        32,
        33,
        34,
        35,
        36,
        37,
        38,
        39,
        40,
        41,
        42,
        43,
        44,
        45,
        46,
        47,
        48,
        49,
        50,
        51,
        52,
        53,
        54,
        55,
        56,
        57,
        58,
        59,
        60,
        61,
        62,
        63,
        64,
        65,
        66,
        67,
        68,
        69,
        70,
        71,
        72,
        73,
        74,
        75,
        76,
        77,
        78,
        79,
        80,
        81,
        82,
        83,
        84,
        85,
        86,
        87,
        88,
        89,
        90,
        91,
        92,
        93,
        94,
        95,
        96,
        97,
        98,
        99,
        100,
        101,
        102,
        103,
        104,
        105,
        106,
        107,
        108,
        109,
        110,
        111
    ],
    "embedding": [
        -1.0,
        -1.0,
        -1.0,
        1.0,
        -1.0,
        1.0,
        -1.0,
        -1.0,
        -1.0,
        -1.0,
        1.0,
        -1.0,
        -1.0,
        1.0,
        1.0,
        1.0,
        1.0,
        -1.0,
        1.0,
        -1.0,
        1.0,
        -1.0,
        1.0,
        -1.0,
        1.0,
        -1.0,
        -1.0,
        1.0,
        -1.0,
        -1.0,
        1.0,
        1.0,
        -1.0,
        -1.0,
        -1.0,
        1.0,
        -1.0,
        1.0,
        1.0,
        -1.0,
        -1.0,
        1.0,
        -1.0,
        -1.0,
        -1.0,
        -1.0,
        1.0,
        -1.0,
        -1.0,
        -0.9674374461174011,
        -1.0,
        1.0,
        1.0,
        1.0,
        -1.0,
        1.0,
        1.0,
        1.0,
        -1.0,
        0.983812689781189,
        -1.0,
        -1.0,
        1.0,
        -1.0,
        1.0,
        -1.0,
        1.0,
        -1.0,
        1.0,
        1.0,
        1.0,
        -1.0,
        -1.0,
        -1.0,
        -1.0,
        1.0,
        1.0,
        1.0,
        1.0,
        1.0,
        1.0,
        1.0,
        1.0,
        -1.0,
        -1.0,
        1.0,
        -1.0,
        1.0,
        1.0,
        1.0,
        -1.0,
        1.0,
        1.0,
        -1.0,
        1.0,
        -1.0,
        1.0,
        -1.0,
        -1.0,
        -1.0,
        -0.9971297979354858,
        -1.0,
        1.0,
        -1.0,
        -1.0,
        1.0,
        1.0,
        1.0,
        -1.0,
        -1.0,
        1.0,
        -1.0,
        -1.0,
        1.0,
        1.0,
        1.0,
        1.0,
        1.0,
        1.0,
        -1.0,
        -1.0,
        1.0,
        -1.0,
        -1.0,
        1.0,
        -1.0,
        -1.0,
        -1.0,
        -1.0,
        1.0,
        -1.0,
        1.0,
        -1.0,
        -1.0,
        1.0,
        -1.0,
        -1.0,
        1.0,
        1.0,
        -1.0,
        1.0,
        1.0,
        1.0,
        -1.0,
        1.0,
        -1.0,
        1.0,
        -1.0,
        -1.0,
        -1.0,
        1.0,
        -1.0,
        1.0,
        -1.0,
        1.0,
        -1.0,
        1.0,
        -1.0,
        1.0,
        -1.0,
        -1.0,
        1.0,
        -1.0,
        -1.0,
        1.0,
        -1.0,
        1.0,
        -1.0,
        -1.0,
        -1.0,
        -1.0,
        -1.0,
        1.0,
        1.0,
        -1.0,
        -1.0,
        1.0,
        -1.0,
        -1.0,
        -1.0,
        1.0,
        -1.0,
        -1.0,
        -1.0,
        1.0,
        -1.0,
        1.0,
        -1.0,
        -1.0,
        -1.0,
        1.0,
        1.0,
        1.0,
        1.0,
        -1.0,
        -1.0,
        1.0,
        -1.0,
        -1.0,
        1.0,
        -1.0,
        1.0,
        -1.0,
        -1.0,
        -1.0,
        -1.0,
        1.0,
        1.0,
        -1.0,
        -1.0,
        -1.0,
        1.0,
        -1.0,
        -1.0,
        -1.0,
        1.0,
        -1.0,
        1.0,
        -1.0,
        -1.0,
        1.0,
        -1.0,
        -1.0,
        1.0,
        -1.0,
        -0.9658952951431274,
        1.0,
        -1.0,
        -1.0,
        -1.0,
        1.0,
        -1.0,
        1.0,
        -1.0,
        -1.0,
        1.0,
        -1.0,
        1.0,
        1.0,
        -1.0,
        1.0,
        -0.9660906195640564,
        1.0,
        -1.0,
        1.0,
        1.0,
        -1.0,
        -1.0,
        -1.0,
        1.0,
        1.0,
        1.0,
        -1.0,
        -1.0,
        -1.0,
        1.0,
        1.0,
        -1.0,
        -1.0,
        -1.0,
        1.0,
        1.0,
        1.0,
        -1.0,
        1.0,
        -1.0,
        -1.0,
        -1.0,
        1.0,
        1.0,
        -0.9957647323608398,
        -1.0,
        -1.0,
        1.0,
        -1.0,
        1.0,
        1.0,
        1.0,
        1.0,
        1.0,
        1.0,
        -1.0,
        1.0,
        1.0,
        1.0,
        -1.0,
        -1.0,
        1.0,
        -1.0,
        -1.0,
        -1.0,
        1.0,
        -1.0,
        -1.0,
        -1.0,
        -1.0,
        -1.0,
        1.0,
        1.0,
        1.0
    ],
    "embedding_scaling_factor": 89.87093353271484,
    "samples": [
        53,
        106,
        55,
        48,
        67,
        66,
        30,
        102,
        93,
        9,
        83,
        90,
        84,
        80,
        9,
        23,
        66,
        7,
        11,
        37,
        48,
        71,
        100,
        87,
        79,
        35,
        97,
        31,
        71,
        20,
        35,
        19,
        103,
        15,
        28,
        29,
        40,
        110,
        2,
        62,
        58,
        26,
        108,
        48,
        42,
        92,
        34,
        6,
        81,
        82,
        73,
        67,
        71,
        69,
        74,
        81,
        1,
        34,
        63,
        110,
        24,
        6,
        45,
        59,
        10,
        7,
        4,
        106,
        20,
        29,
        38,
        36,
        93,
        6,
        71,
        82,
        7,
        58,
        32,
        39,
        1,
        65,
        18,
        98,
        63,
        104,
        98,
        36,
        86,
        74,
        77,
        11,
        84,
        79,
        108,
        73,
        93,
        56,
        20,
        70
    ],
    "category_values_ratio": {
        "1": 41600,
        "28": 41600,
        "3": 41600,
        "4": 41600,
        "5": 41600,
        "6": 41600,
        "7": 41600,
        "8": 41600,
        "9": 41600,
        "10": 41600,
        "11": 41600,
        "12": 41600,
        "13": 41600,
        "14": 41600,
        "29": 41600,
        "16": 41600,
        "17": 41600,
        "18": 41600,
        "19": 41600,
        "20": 41600,
        "21": 41600,
        "22": 41600,
        "23": 41600,
        "24": 41600,
        "25": 41600,
        "26": 41600,
        "27": 41600,
        "55": 41600,
        "2": 41600,
        "30": 41600,
        "31": 41600,
        "32": 41600,
        "33": 41600,
        "34": 41600,
        "35": 41600,
        "36": 41600,
        "37": 41600,
        "38": 41600,
        "39": 41600,
        "40": 41600,
        "41": 41600,
        "42": 41600,
        "43": 41600,
        "44": 41600,
        "45": 41600,
        "46": 41600,
        "47": 41600,
        "48": 41600,
        "49": 41600,
        "50": 41600,
        "51": 41600,
        "52": 41600,
        "53": 41600,
        "54": 41600,
        "15": 41600,
        "56": 41600,
        "71": 41600,
        "84": 41600,
        "59": 41600,
        "60": 41600,
        "61": 41600,
        "62": 41600,
        "63": 41600,
        "64": 41600,
        "65": 41600,
        "66": 41600,
        "67": 41600,
        "68": 41600,
        "69": 41600,
        "70": 41600,
        "85": 41600,
        "72": 41600,
        "73": 41600,
        "74": 41600,
        "75": 41600,
        "76": 41600,
        "77": 41600,
        "78": 41600,
        "79": 41600,
        "80": 41600,
        "81": 41600,
        "82": 41600,
        "83": 41600,
        "57": 41600,
        "58": 41600,
        "86": 41600,
        "87": 41600,
        "88": 41600,
        "89": 41600,
        "90": 41600,
        "91": 41600,
        "92": 41600,
        "93": 41600,
        "94": 41600,
        "95": 41600,
        "96": 41600,
        "97": 41600,
        "98": 41600,
        "99": 41600,
        "100": 41600,
        "101": 41600,
        "102": 41600,
        "103": 41600,
        "104": 41600,
        "105": 41600,
        "106": 41600,
        "107": 41600,
        "108": 41600,
        "109": 41600,
        "110": 41600,
        "111": 41600
    },
    "nrows": 4617600
}