{
    "column_id": "oml_dataset_13_rnc/oml_dataset_13_rnc.csvoml_dataset_13_rnc.csv/c_12",
    "dataset_name": "oml_dataset_13_rnc.csv",
    "dataset_id": "oml_dataset_13_rnc/oml_dataset_13_rnc.csv",
    "path": "/home/ubuntu/CatDB/Experiments/data/oml_dataset_13_rnc/oml_dataset_13_rnc.csv",
    "table_name": "oml_dataset_13_rnc.csv",
    "table_id": "oml_dataset_13_rnc/oml_dataset_13_rnc.csvoml_dataset_13_rnc.csv",
    "column_name": "c_12",
    "data_source": "oml_dataset_13_rnc",
    "data_type": "int",
    "total_values_count": 1997410,
    "distinct_values_count": 1271916,
    "missing_values_count": 0,
    "true_ratio": null,
    "min_value": 0.0,
    "max_value": 23907630.0,
    "mean": 3698463.328538958,
    "median": 901306.0,
    "iqr": 5220286.5,
    "category_values": null,
    "embedding": [
        -1.0,
        -1.0,
        -1.0,
        1.0,
        -1.0,
        1.0,
        -1.0,
        -1.0,
        -0.9999884366989136,
        -1.0,
        1.0,
        -1.0,
        -1.0,
        1.0,
        1.0,
        1.0,
        1.0,
        -1.0,
        1.0,
        -1.0,
        1.0,
        -1.0,
        1.0,
        -1.0,
        1.0,
        -1.0,
        -1.0,
        1.0,
        -1.0,
        -1.0,
        1.0,
        1.0,
        -1.0,
        -1.0,
        -1.0,
        1.0,
        -1.0,
        1.0,
        1.0,
        -1.0,
        -1.0,
        1.0,
        -1.0,
        -1.0,
        -1.0,
        -1.0,
        1.0,
        -1.0,
        -0.9999881386756897,
        -0.6154147982597351,
        -1.0,
        1.0,
        0.9999956488609314,
        1.0,
        -1.0,
        1.0,
        1.0,
        1.0,
        -1.0,
        0.9101134538650513,
        -1.0,
        -1.0,
        1.0,
        -1.0,
        1.0,
        -1.0,
        1.0,
        -1.0,
        1.0,
        1.0,
        1.0,
        -1.0,
        -1.0,
        -1.0,
        -1.0,
        1.0,
        1.0,
        1.0,
        1.0,
        1.0,
        0.9999901652336121,
        1.0,
        1.0,
        -1.0,
        -1.0,
        1.0,
        -1.0,
        1.0,
        1.0,
        1.0,
        -0.9999973177909851,
        1.0,
        1.0,
        -1.0,
        1.0,
        -1.0,
        1.0,
        -1.0,
        -1.0,
        -1.0,
        -0.9579256176948547,
        -1.0,
        1.0,
        -1.0,
        -1.0,
        1.0,
        1.0,
        1.0,
        -1.0,
        -1.0,
        1.0,
        -1.0,
        -1.0,
        1.0,
        1.0,
        1.0,
        1.0,
        1.0,
        1.0,
        -1.0,
        -1.0,
        1.0,
        -1.0,
        -1.0,
        0.9999985694885254,
        -1.0,
        -1.0,
        -0.9999609589576721,
        -1.0,
        1.0,
        -1.0,
        1.0,
        -1.0,
        -1.0,
        1.0,
        -1.0,
        -1.0,
        1.0,
        1.0,
        -1.0,
        1.0,
        1.0,
        1.0,
        -0.999998927116394,
        1.0,
        -1.0,
        1.0,
        -1.0,
        -1.0,
        -1.0,
        0.9999699592590332,
        -1.0,
        1.0,
        -1.0,
        1.0,
        -1.0,
        1.0,
        -1.0,
        1.0,
        -1.0,
        -1.0,
        1.0,
        -1.0,
        -1.0,
        1.0,
        -1.0,
        1.0,
        -1.0,
        -1.0,
        -1.0,
        -1.0,
        -1.0,
        1.0,
        1.0,
        -1.0,
        -1.0,
        1.0,
        -1.0,
        -1.0,
        -1.0,
        1.0,
        -1.0,
        -1.0,
        -1.0,
        1.0,
        -1.0,
        1.0,
        -1.0,
        -1.0,
        -1.0,
        1.0,
        1.0,
        1.0,
        1.0,
        -1.0,
        -1.0,
        1.0,
        -1.0,
        -1.0,
        1.0,
        -1.0,
        1.0,
        -1.0,
        -1.0,
        -1.0,
        -1.0,
        1.0,
        1.0,
        -1.0,
        -1.0,
        -1.0,
        1.0,
        -1.0,
        -1.0,
        -1.0,
        1.0,
        -1.0,
        1.0,
        -1.0,
        -1.0,
        1.0,
        -1.0,
        -1.0,
        1.0,
        -0.9999934434890747,
        -0.618705153465271,
        1.0,
        -1.0,
        -1.0,
        -1.0,
        1.0,
        -1.0,
        1.0,
        -1.0,
        -1.0,
        1.0,
        -1.0,
        1.0,
        1.0,
        -0.9999936819076538,
        1.0,
        -0.6011179089546204,
        1.0,
        -1.0,
        1.0,
        1.0,
        -1.0,
        -1.0,
        -1.0,
        1.0,
        1.0,
        1.0,
        -1.0,
        -1.0,
        -1.0,
        1.0,
        1.0,
        -1.0,
        -1.0,
        -1.0,
        1.0,
        1.0,
        1.0,
        -1.0,
        1.0,
        -1.0,
        -1.0,
        -1.0,
        1.0,
        1.0,
        -0.9532288908958435,
        -1.0,
        -1.0,
        1.0,
        -1.0,
        1.0,
        1.0,
        1.0,
        1.0,
        1.0,
        1.0,
        -1.0,
        1.0,
        0.9999999403953552,
        1.0,
        -1.0,
        -1.0,
        1.0,
        -1.0,
        -1.0,
        -1.0,
        1.0,
        -1.0,
        -1.0,
        -1.0,
        -1.0,
        -1.0,
        1.0,
        1.0,
        1.0
    ],
    "embedding_scaling_factor": 11.755232810974121,
    "samples": [
        374112,
        0,
        10180067,
        6720907,
        0,
        1212577,
        23271234,
        0,
        6007101,
        6818402,
        6371465,
        0,
        239217,
        16748611,
        54498,
        183946,
        0,
        8111313,
        0,
        0,
        1788147,
        10959,
        2324802,
        0,
        788660,
        1680349,
        7362194,
        572905,
        12947606,
        3570106,
        15268698,
        3810614,
        7946769,
        22233086,
        2916535,
        4629614,
        14869256,
        0,
        2146377,
        0,
        945117,
        1030371,
        2485596,
        0,
        4102203,
        0,
        0,
        12821725,
        0,
        1108544,
        3236159,
        0,
        0,
        11750537,
        8092771,
        0,
        9606265,
        25979,
        0,
        2056144,
        4792654,
        0,
        393883,
        7856668,
        0,
        3260353,
        0,
        8809649,
        0,
        0,
        4701523,
        6077092,
        1815608,
        0,
        1220405,
        6162257,
        16870743,
        2023996,
        442907,
        39460,
        45890,
        10258747,
        0,
        0,
        8177237,
        0,
        0,
        11491910,
        216117,
        0,
        18113032,
        0,
        1851211,
        9151667,
        6116627,
        422943,
        0,
        2348816,
        6020751,
        68474
    ],
    "category_values_ratio": null,
    "nrows": 1997410
}