{
    "column_id": "Adult/Adult.csvAdult.csv/fnlwgt",
    "dataset_name": "Adult.csv",
    "dataset_id": "Adult/Adult.csv",
    "path": "/home/ubuntu/CatDB/Experiments/data/Adult/Adult.csv",
    "table_name": "Adult.csv",
    "table_id": "Adult/Adult.csvAdult.csv",
    "column_name": "fnlwgt",
    "data_source": "Adult",
    "data_type": "int",
    "total_values_count": 48842,
    "distinct_values_count": 28523,
    "missing_values_count": 0,
    "true_ratio": null,
    "min_value": 12285.0,
    "max_value": 1490400.0,
    "mean": 189664.13459727284,
    "median": 178144.5,
    "iqr": 120091.5,
    "category_values": null,
    "embedding": [
        -1.0,
        -1.0,
        -1.0,
        1.0,
        -1.0,
        1.0,
        -1.0,
        -1.0,
        -1.0,
        -1.0,
        1.0,
        -1.0,
        -1.0,
        1.0,
        1.0,
        1.0,
        1.0,
        -1.0,
        1.0,
        -1.0,
        1.0,
        -1.0,
        1.0,
        -1.0,
        1.0,
        -1.0,
        -1.0,
        1.0,
        -1.0,
        -1.0,
        1.0,
        1.0,
        -1.0,
        -1.0,
        -1.0,
        1.0,
        -1.0,
        1.0,
        1.0,
        -1.0,
        -1.0,
        1.0,
        -1.0,
        -1.0,
        -1.0,
        -1.0,
        1.0,
        -1.0,
        -1.0,
        -0.7360513210296631,
        -1.0,
        1.0,
        1.0,
        1.0,
        -1.0,
        1.0,
        1.0,
        1.0,
        -1.0,
        0.9923365712165833,
        -1.0,
        -1.0,
        1.0,
        -1.0,
        1.0,
        -1.0,
        1.0,
        -1.0,
        1.0,
        1.0,
        1.0,
        -1.0,
        -1.0,
        -1.0,
        -1.0,
        1.0,
        1.0,
        1.0,
        1.0,
        1.0,
        1.0,
        1.0,
        1.0,
        -1.0,
        -1.0,
        1.0,
        -1.0,
        1.0,
        1.0,
        1.0,
        -1.0,
        1.0,
        1.0,
        -1.0,
        1.0,
        -1.0,
        1.0,
        -1.0,
        -1.0,
        -1.0,
        -0.9890524744987488,
        -1.0,
        1.0,
        -1.0,
        -1.0,
        1.0,
        1.0,
        1.0,
        -1.0,
        -1.0,
        1.0,
        -1.0,
        -1.0,
        1.0,
        1.0,
        1.0,
        1.0,
        1.0,
        1.0,
        -1.0,
        -1.0,
        1.0,
        -1.0,
        -1.0,
        1.0,
        -1.0,
        -1.0,
        -1.0,
        -1.0,
        1.0,
        -1.0,
        1.0,
        -1.0,
        -1.0,
        1.0,
        -1.0,
        -1.0,
        1.0,
        1.0,
        -1.0,
        1.0,
        1.0,
        1.0,
        -1.0,
        1.0,
        -1.0,
        1.0,
        -1.0,
        -1.0,
        -1.0,
        1.0,
        -1.0,
        1.0,
        -1.0,
        1.0,
        -1.0,
        1.0,
        -1.0,
        1.0,
        -1.0,
        -1.0,
        1.0,
        -1.0,
        -1.0,
        1.0,
        -1.0,
        1.0,
        -1.0,
        -1.0,
        -1.0,
        -1.0,
        -1.0,
        1.0,
        1.0,
        -1.0,
        -1.0,
        1.0,
        -1.0,
        -1.0,
        -1.0,
        1.0,
        -1.0,
        -1.0,
        -1.0,
        1.0,
        -1.0,
        1.0,
        -1.0,
        -1.0,
        -1.0,
        1.0,
        1.0,
        1.0,
        1.0,
        -1.0,
        -1.0,
        1.0,
        -1.0,
        -1.0,
        1.0,
        -1.0,
        1.0,
        -1.0,
        -1.0,
        -1.0,
        -1.0,
        1.0,
        1.0,
        -1.0,
        -1.0,
        -1.0,
        1.0,
        -1.0,
        -1.0,
        -1.0,
        1.0,
        -1.0,
        1.0,
        -1.0,
        -1.0,
        1.0,
        -1.0,
        -1.0,
        1.0,
        -1.0,
        -0.7302498817443848,
        1.0,
        -1.0,
        -1.0,
        -1.0,
        1.0,
        -1.0,
        1.0,
        -1.0,
        -1.0,
        1.0,
        -1.0,
        1.0,
        1.0,
        -1.0,
        1.0,
        -0.6964791417121887,
        1.0,
        -1.0,
        1.0,
        1.0,
        -1.0,
        -1.0,
        -1.0,
        1.0,
        1.0,
        1.0,
        -1.0,
        -1.0,
        -1.0,
        1.0,
        1.0,
        -1.0,
        -1.0,
        -1.0,
        1.0,
        1.0,
        1.0,
        -1.0,
        1.0,
        -1.0,
        -1.0,
        -1.0,
        1.0,
        1.0,
        -0.9882714748382568,
        -1.0,
        -1.0,
        1.0,
        -1.0,
        1.0,
        1.0,
        1.0,
        1.0,
        1.0,
        1.0,
        -1.0,
        1.0,
        1.0,
        1.0,
        -1.0,
        -1.0,
        1.0,
        -1.0,
        -1.0,
        -1.0,
        1.0,
        -1.0,
        -1.0,
        -1.0,
        -1.0,
        -1.0,
        1.0,
        1.0,
        1.0
    ],
    "embedding_scaling_factor": 58.117218017578125,
    "samples": [
        85995,
        224849,
        326048,
        166461,
        111567,
        204338,
        202952,
        121055,
        302372,
        24127,
        89392,
        142097,
        128346,
        191130,
        190719,
        162424,
        88231,
        441210,
        96798,
        308499,
        37650,
        446724,
        370057,
        161802,
        176609,
        230478,
        271962,
        210648,
        289636,
        102308,
        236992,
        36177,
        191789,
        197613,
        126011,
        163346,
        217605,
        104542,
        38905,
        124137,
        109015,
        60783,
        88909,
        201599,
        152744,
        220589,
        353010,
        247880,
        104756,
        180195,
        277256,
        557644,
        142535,
        215891,
        48211,
        234633,
        236684,
        215247,
        173422,
        169496,
        151868,
        164198,
        181651,
        34722,
        40083,
        176389,
        85021,
        98350,
        228649,
        233461,
        85355,
        49352,
        141876,
        181666,
        161113,
        201617,
        786418,
        34916,
        188888,
        98389,
        260938,
        56179,
        313929,
        223830,
        202373,
        272451,
        167474,
        65545,
        56651,
        81280,
        79874,
        126701,
        184598,
        106705,
        111000,
        397963,
        117480,
        114459,
        194561,
        200479
    ],
    "category_values_ratio": null,
    "nrows": 48842
}