{
    "column_id": "Adult/Adult.csvAdult.csv/hours-per-week",
    "dataset_name": "Adult.csv",
    "dataset_id": "Adult/Adult.csv",
    "path": "/home/ubuntu/CatDB/Experiments/data/Adult/Adult.csv",
    "table_name": "Adult.csv",
    "table_id": "Adult/Adult.csvAdult.csv",
    "column_name": "hours-per-week",
    "data_source": "Adult",
    "data_type": "int",
    "total_values_count": 48842,
    "distinct_values_count": 96,
    "missing_values_count": 0,
    "true_ratio": null,
    "min_value": 1.0,
    "max_value": 99.0,
    "mean": 40.422382375824085,
    "median": 40.0,
    "iqr": 5.0,
    "category_values": [
        20,
        50,
        45,
        38,
        35,
        40,
        30,
        10,
        25,
        18,
        44,
        70,
        4,
        42,
        55,
        32,
        60,
        22,
        12,
        36,
        37,
        28,
        21,
        8,
        33,
        41,
        17,
        54,
        15,
        48,
        16,
        65,
        53,
        58,
        24,
        64,
        78,
        80,
        75,
        2,
        72,
        43,
        46,
        9,
        7,
        39,
        27,
        90,
        56,
        5,
        47,
        99,
        49,
        29,
        52,
        14,
        77,
        6,
        23,
        1,
        19,
        85,
        67,
        84,
        62,
        68,
        3,
        13,
        86,
        31,
        11,
        26,
        66,
        81,
        57,
        98,
        51,
        88,
        34,
        82,
        73,
        76,
        97,
        59,
        63,
        61,
        74,
        94,
        92,
        96,
        89,
        79,
        69,
        91,
        87,
        95
    ],
    "embedding": [
        -1.0,
        -1.0,
        -1.0,
        1.0,
        -1.0,
        1.0,
        -1.0,
        -1.0,
        -1.0,
        -1.0,
        1.0,
        -1.0,
        -1.0,
        1.0,
        1.0,
        1.0,
        1.0,
        -1.0,
        1.0,
        -1.0,
        1.0,
        -1.0,
        1.0,
        -1.0,
        1.0,
        -1.0,
        -1.0,
        1.0,
        -1.0,
        -1.0,
        1.0,
        1.0,
        -1.0,
        -1.0,
        -1.0,
        1.0,
        -1.0,
        1.0,
        1.0,
        -1.0,
        -1.0,
        1.0,
        -1.0,
        -1.0,
        -1.0,
        -1.0,
        1.0,
        -1.0,
        -1.0,
        -0.9951288104057312,
        -1.0,
        1.0,
        1.0,
        1.0,
        -1.0,
        1.0,
        1.0,
        1.0,
        -1.0,
        0.9981566667556763,
        -1.0,
        -1.0,
        1.0,
        -1.0,
        1.0,
        -1.0,
        1.0,
        -1.0,
        1.0,
        1.0,
        1.0,
        -1.0,
        -1.0,
        -1.0,
        -1.0,
        1.0,
        1.0,
        1.0,
        1.0,
        1.0,
        1.0,
        1.0,
        1.0,
        -1.0,
        -1.0,
        1.0,
        -1.0,
        1.0,
        1.0,
        1.0,
        -1.0,
        1.0,
        1.0,
        -1.0,
        1.0,
        -1.0,
        1.0,
        -1.0,
        -1.0,
        -1.0,
        -0.9983075261116028,
        -1.0,
        1.0,
        -1.0,
        -1.0,
        1.0,
        1.0,
        1.0,
        -1.0,
        -1.0,
        1.0,
        -1.0,
        -1.0,
        1.0,
        1.0,
        1.0,
        1.0,
        1.0,
        1.0,
        -1.0,
        -1.0,
        1.0,
        -1.0,
        -1.0,
        1.0,
        -1.0,
        -1.0,
        -1.0,
        -1.0,
        1.0,
        -1.0,
        1.0,
        -1.0,
        -1.0,
        1.0,
        -1.0,
        -1.0,
        1.0,
        1.0,
        -1.0,
        1.0,
        1.0,
        1.0,
        -1.0,
        1.0,
        -1.0,
        1.0,
        -1.0,
        -1.0,
        -1.0,
        1.0,
        -1.0,
        1.0,
        -1.0,
        1.0,
        -1.0,
        1.0,
        -1.0,
        1.0,
        -1.0,
        -1.0,
        1.0,
        -1.0,
        -1.0,
        1.0,
        -1.0,
        1.0,
        -1.0,
        -1.0,
        -1.0,
        -1.0,
        -1.0,
        1.0,
        1.0,
        -1.0,
        -1.0,
        1.0,
        -1.0,
        -1.0,
        -1.0,
        1.0,
        -1.0,
        -1.0,
        -1.0,
        1.0,
        -1.0,
        1.0,
        -1.0,
        -1.0,
        -1.0,
        1.0,
        1.0,
        1.0,
        1.0,
        -1.0,
        -1.0,
        1.0,
        -1.0,
        -1.0,
        1.0,
        -1.0,
        1.0,
        -1.0,
        -1.0,
        -1.0,
        -1.0,
        1.0,
        1.0,
        -1.0,
        -1.0,
        -1.0,
        1.0,
        -1.0,
        -1.0,
        -1.0,
        1.0,
        -1.0,
        1.0,
        -1.0,
        -1.0,
        1.0,
        -1.0,
        -1.0,
        1.0,
        -1.0,
        -0.9937348961830139,
        1.0,
        -1.0,
        -1.0,
        -1.0,
        1.0,
        -1.0,
        1.0,
        -1.0,
        -1.0,
        1.0,
        -1.0,
        1.0,
        1.0,
        -1.0,
        1.0,
        -0.9935399889945984,
        1.0,
        -1.0,
        1.0,
        1.0,
        -1.0,
        -1.0,
        -1.0,
        1.0,
        1.0,
        1.0,
        -1.0,
        -1.0,
        -1.0,
        1.0,
        1.0,
        -1.0,
        -1.0,
        -1.0,
        1.0,
        1.0,
        1.0,
        -1.0,
        1.0,
        -1.0,
        -1.0,
        -1.0,
        1.0,
        1.0,
        -0.9983441233634949,
        -1.0,
        -1.0,
        1.0,
        -1.0,
        1.0,
        1.0,
        1.0,
        1.0,
        1.0,
        1.0,
        -1.0,
        1.0,
        1.0,
        1.0,
        -1.0,
        -1.0,
        1.0,
        -1.0,
        -1.0,
        -1.0,
        1.0,
        -1.0,
        -1.0,
        -1.0,
        -1.0,
        -1.0,
        1.0,
        1.0,
        1.0
    ],
    "embedding_scaling_factor": 33.790897369384766,
    "samples": [
        40,
        40,
        40,
        26,
        40,
        30,
        40,
        60,
        40,
        8,
        40,
        6,
        40,
        40,
        45,
        45,
        40,
        40,
        35,
        40,
        40,
        35,
        40,
        30,
        45,
        30,
        40,
        40,
        48,
        40,
        50,
        45,
        10,
        40,
        40,
        32,
        40,
        40,
        50,
        40,
        38,
        40,
        50,
        40,
        40,
        40,
        65,
        40,
        42,
        50,
        60,
        40,
        6,
        10,
        35,
        50,
        8,
        20,
        38,
        50,
        65,
        40,
        50,
        50,
        40,
        40,
        40,
        40,
        40,
        30,
        30,
        38,
        45,
        40,
        40,
        40,
        60,
        40,
        40,
        44,
        40,
        55,
        40,
        38,
        40,
        40,
        40,
        55,
        50,
        65,
        37,
        45,
        99,
        28,
        35,
        16,
        44,
        50,
        37,
        65
    ],
    "category_values_ratio": {
        "40": 22803,
        "50": 4246,
        "45": 2717,
        "60": 2177,
        "35": 1937,
        "20": 1862,
        "30": 1700,
        "55": 1051,
        "25": 958,
        "48": 770,
        "38": 714,
        "15": 623,
        "70": 437,
        "10": 425,
        "32": 423,
        "65": 355,
        "24": 354,
        "42": 338,
        "36": 336,
        "44": 310,
        "16": 303,
        "12": 247,
        "37": 242,
        "43": 227,
        "8": 218,
        "80": 210,
        "52": 205,
        "56": 141,
        "28": 140,
        "99": 137,
        "18": 129,
        "46": 129,
        "72": 107,
        "75": 105,
        "5": 95,
        "6": 92,
        "4": 84,
        "47": 82,
        "84": 72,
        "39": 63,
        "22": 62,
        "54": 62,
        "33": 61,
        "41": 59,
        "3": 59,
        "14": 55,
        "2": 53,
        "34": 48,
        "21": 46,
        "7": 45,
        "27": 43,
        "17": 42,
        "90": 42,
        "23": 40,
        "26": 40,
        "49": 39,
        "53": 39,
        "58": 38,
        "13": 28,
        "1": 27,
        "9": 27,
        "62": 23,
        "66": 23,
        "64": 22,
        "11": 20,
        "51": 20,
        "19": 19,
        "57": 19,
        "85": 17,
        "68": 16,
        "63": 15,
        "29": 15,
        "98": 14,
        "78": 13,
        "31": 12,
        "96": 9,
        "77": 9,
        "59": 7,
        "67": 6,
        "76": 4,
        "88": 4,
        "61": 4,
        "73": 4,
        "86": 4,
        "92": 3,
        "89": 3,
        "91": 3,
        "74": 3,
        "81": 3,
        "95": 2,
        "97": 2,
        "87": 1,
        "82": 1,
        "69": 1,
        "79": 1,
        "94": 1
    },
    "nrows": 48842
}