{
    "column_id": "Adult/Adult.csvAdult.csv/age",
    "dataset_name": "Adult.csv",
    "dataset_id": "Adult/Adult.csv",
    "path": "/home/ubuntu/CatDB/Experiments/data/Adult/Adult.csv",
    "table_name": "Adult.csv",
    "table_id": "Adult/Adult.csvAdult.csv",
    "column_name": "age",
    "data_source": "Adult",
    "data_type": "int",
    "total_values_count": 48842,
    "distinct_values_count": 74,
    "missing_values_count": 0,
    "true_ratio": null,
    "min_value": 17.0,
    "max_value": 90.0,
    "mean": 38.64358543876172,
    "median": 37.0,
    "iqr": 20.0,
    "category_values": [
        19,
        41,
        31,
        40,
        35,
        47,
        23,
        62,
        27,
        17,
        46,
        67,
        26,
        49,
        38,
        59,
        43,
        52,
        33,
        45,
        20,
        25,
        74,
        37,
        65,
        28,
        68,
        36,
        50,
        22,
        30,
        34,
        56,
        51,
        29,
        55,
        60,
        32,
        58,
        21,
        69,
        24,
        42,
        71,
        18,
        63,
        64,
        57,
        48,
        54,
        53,
        61,
        72,
        39,
        44,
        80,
        70,
        66,
        73,
        78,
        77,
        82,
        75,
        81,
        76,
        90,
        79,
        83,
        84,
        85,
        89,
        87,
        86,
        88
    ],
    "embedding": [
        -1.0,
        -1.0,
        -1.0,
        1.0,
        -1.0,
        1.0,
        -1.0,
        -1.0,
        -1.0,
        -1.0,
        1.0,
        -1.0,
        -1.0,
        1.0,
        1.0,
        1.0,
        1.0,
        -1.0,
        1.0,
        -1.0,
        1.0,
        -1.0,
        1.0,
        -1.0,
        1.0,
        -1.0,
        -1.0,
        1.0,
        -1.0,
        -1.0,
        1.0,
        1.0,
        -1.0,
        -1.0,
        -1.0,
        1.0,
        -1.0,
        1.0,
        1.0,
        -1.0,
        -1.0,
        1.0,
        -1.0,
        -1.0,
        -1.0,
        -1.0,
        1.0,
        -1.0,
        -1.0,
        -0.9868577122688293,
        -1.0,
        1.0,
        1.0,
        1.0,
        -1.0,
        1.0,
        1.0,
        1.0,
        -1.0,
        0.999174177646637,
        -1.0,
        -1.0,
        1.0,
        -1.0,
        1.0,
        -1.0,
        1.0,
        -1.0,
        1.0,
        1.0,
        1.0,
        -1.0,
        -1.0,
        -1.0,
        -1.0,
        1.0,
        1.0,
        1.0,
        1.0,
        1.0,
        1.0,
        1.0,
        1.0,
        -1.0,
        -1.0,
        1.0,
        -1.0,
        1.0,
        1.0,
        1.0,
        -1.0,
        1.0,
        1.0,
        -1.0,
        1.0,
        -1.0,
        1.0,
        -1.0,
        -1.0,
        -1.0,
        -0.9988042116165161,
        -1.0,
        1.0,
        -1.0,
        -1.0,
        1.0,
        1.0,
        1.0,
        -1.0,
        -1.0,
        1.0,
        -1.0,
        -1.0,
        1.0,
        1.0,
        1.0,
        1.0,
        1.0,
        1.0,
        -1.0,
        -1.0,
        1.0,
        -1.0,
        -1.0,
        1.0,
        -1.0,
        -1.0,
        -1.0,
        -1.0,
        1.0,
        -1.0,
        1.0,
        -1.0,
        -1.0,
        1.0,
        -1.0,
        -1.0,
        1.0,
        1.0,
        -1.0,
        1.0,
        1.0,
        1.0,
        -1.0,
        1.0,
        -1.0,
        1.0,
        -1.0,
        -1.0,
        -1.0,
        1.0,
        -1.0,
        1.0,
        -1.0,
        1.0,
        -1.0,
        1.0,
        -1.0,
        1.0,
        -1.0,
        -1.0,
        1.0,
        -1.0,
        -1.0,
        1.0,
        -1.0,
        1.0,
        -1.0,
        -1.0,
        -1.0,
        -1.0,
        -1.0,
        1.0,
        1.0,
        -1.0,
        -1.0,
        1.0,
        -1.0,
        -1.0,
        -1.0,
        1.0,
        -1.0,
        -1.0,
        -1.0,
        1.0,
        -1.0,
        1.0,
        -1.0,
        -1.0,
        -1.0,
        1.0,
        1.0,
        1.0,
        1.0,
        -1.0,
        -1.0,
        1.0,
        -1.0,
        -1.0,
        1.0,
        -1.0,
        1.0,
        -1.0,
        -1.0,
        -1.0,
        -1.0,
        1.0,
        1.0,
        -1.0,
        -1.0,
        -1.0,
        1.0,
        -1.0,
        -1.0,
        -1.0,
        1.0,
        -1.0,
        1.0,
        -1.0,
        -1.0,
        1.0,
        -1.0,
        -1.0,
        1.0,
        -1.0,
        -0.9895891547203064,
        1.0,
        -1.0,
        -1.0,
        -1.0,
        1.0,
        -1.0,
        1.0,
        -1.0,
        -1.0,
        1.0,
        -1.0,
        1.0,
        1.0,
        -1.0,
        1.0,
        -0.9832866787910461,
        1.0,
        -1.0,
        1.0,
        1.0,
        -1.0,
        -1.0,
        -1.0,
        1.0,
        1.0,
        1.0,
        -1.0,
        -1.0,
        -1.0,
        1.0,
        1.0,
        -1.0,
        -1.0,
        -1.0,
        1.0,
        1.0,
        1.0,
        -1.0,
        1.0,
        -1.0,
        -1.0,
        -1.0,
        1.0,
        1.0,
        -0.9989007711410522,
        -1.0,
        -1.0,
        1.0,
        -1.0,
        1.0,
        1.0,
        1.0,
        1.0,
        1.0,
        1.0,
        -1.0,
        1.0,
        1.0,
        1.0,
        -1.0,
        -1.0,
        1.0,
        -1.0,
        -1.0,
        -1.0,
        1.0,
        -1.0,
        -1.0,
        -1.0,
        -1.0,
        -1.0,
        1.0,
        1.0,
        1.0
    ],
    "embedding_scaling_factor": 37.869197845458984,
    "samples": [
        43,
        27,
        46,
        66,
        30,
        25,
        32,
        42,
        50,
        57,
        57,
        67,
        19,
        50,
        39,
        37,
        20,
        25,
        48,
        47,
        26,
        29,
        23,
        62,
        50,
        40,
        45,
        44,
        41,
        46,
        29,
        48,
        21,
        23,
        37,
        68,
        35,
        49,
        35,
        57,
        55,
        23,
        40,
        44,
        29,
        43,
        24,
        43,
        26,
        51,
        42,
        42,
        76,
        19,
        37,
        42,
        21,
        20,
        59,
        33,
        32,
        53,
        30,
        40,
        29,
        24,
        20,
        57,
        24,
        25,
        33,
        35,
        26,
        26,
        34,
        38,
        44,
        62,
        38,
        36,
        52,
        28,
        57,
        64,
        21,
        30,
        33,
        40,
        43,
        35,
        28,
        40,
        56,
        26,
        39,
        43,
        23,
        45,
        18,
        41
    ],
    "category_values_ratio": {
        "36": 1348,
        "35": 1337,
        "33": 1335,
        "23": 1329,
        "31": 1325,
        "34": 1303,
        "28": 1280,
        "37": 1280,
        "30": 1278,
        "38": 1264,
        "32": 1253,
        "41": 1235,
        "27": 1232,
        "29": 1223,
        "24": 1206,
        "39": 1206,
        "25": 1195,
        "40": 1187,
        "22": 1178,
        "42": 1165,
        "26": 1153,
        "20": 1113,
        "43": 1104,
        "46": 1097,
        "21": 1096,
        "45": 1096,
        "47": 1081,
        "44": 1067,
        "19": 1053,
        "51": 877,
        "50": 866,
        "18": 862,
        "49": 847,
        "48": 845,
        "52": 738,
        "53": 711,
        "55": 621,
        "54": 613,
        "17": 595,
        "56": 564,
        "58": 555,
        "57": 551,
        "59": 523,
        "61": 450,
        "60": 449,
        "62": 394,
        "64": 340,
        "63": 335,
        "65": 284,
        "67": 238,
        "66": 237,
        "68": 178,
        "69": 149,
        "70": 133,
        "72": 120,
        "71": 118,
        "73": 108,
        "74": 77,
        "75": 72,
        "76": 69,
        "90": 55,
        "77": 54,
        "80": 38,
        "81": 37,
        "78": 34,
        "79": 30,
        "82": 15,
        "84": 13,
        "83": 11,
        "88": 6,
        "85": 5,
        "87": 3,
        "89": 2,
        "86": 1
    },
    "nrows": 48842
}