{
    "column_id": "Adult/Adult.csvAdult.csv/capital-gain",
    "dataset_name": "Adult.csv",
    "dataset_id": "Adult/Adult.csv",
    "path": "/home/ubuntu/CatDB/Experiments/data/Adult/Adult.csv",
    "table_name": "Adult.csv",
    "table_id": "Adult/Adult.csvAdult.csv",
    "column_name": "capital-gain",
    "data_source": "Adult",
    "data_type": "int",
    "total_values_count": 48842,
    "distinct_values_count": 123,
    "missing_values_count": 0,
    "true_ratio": null,
    "min_value": 0.0,
    "max_value": 99999.0,
    "mean": 1079.0676262233324,
    "median": 0.0,
    "iqr": 0.0,
    "category_values": [
        0,
        991,
        2580,
        3325,
        2174,
        2387,
        1797,
        4865,
        594,
        4650,
        5013,
        3137,
        3908,
        4064,
        2202,
        4416,
        4386,
        2977,
        3456,
        6849,
        2597,
        2407,
        1409,
        2176,
        2829,
        2907,
        3432,
        4101,
        1055,
        1424,
        4508,
        3674,
        2463,
        3411,
        2346,
        2885,
        3818,
        34095,
        3464,
        114,
        2228,
        3781,
        1151,
        6497,
        2538,
        1831,
        2635,
        2105,
        10566,
        6767,
        3471,
        914,
        2009,
        1506,
        1471,
        5455,
        1731,
        7688,
        15024,
        5178,
        6514,
        6418,
        7298,
        14084,
        99999,
        3103,
        9386,
        25124,
        10605,
        15831,
        8614,
        10520,
        27828,
        4787,
        13550,
        20051,
        9562,
        15020,
        7430,
        14344,
        25236,
        5556,
        4934,
        11678,
        3942,
        3887,
        2653,
        2993,
        2414,
        2936,
        2036,
        2354,
        5060,
        1086,
        1848,
        2964,
        5721,
        3273,
        2290,
        18481,
        7896,
        3418,
        2062,
        2329,
        6723,
        6097,
        4687,
        4931,
        2050,
        2961,
        7443,
        1111,
        1455,
        7978,
        401,
        1264,
        6612,
        7262,
        6360,
        1173,
        22040,
        1639,
        41310
    ],
    "embedding": [
        -1.0,
        -1.0,
        -1.0,
        1.0,
        -1.0,
        1.0,
        -1.0,
        -1.0,
        -0.9997872710227966,
        -1.0,
        1.0,
        -1.0,
        -1.0,
        1.0,
        1.0,
        1.0,
        1.0,
        -1.0,
        1.0,
        -1.0,
        1.0,
        -1.0,
        1.0,
        -1.0,
        1.0,
        -1.0,
        -1.0,
        1.0,
        -1.0,
        -1.0,
        1.0,
        1.0,
        -1.0,
        -1.0,
        -1.0,
        1.0,
        -1.0,
        1.0,
        1.0,
        -1.0,
        -1.0,
        1.0,
        -1.0,
        -1.0,
        -1.0,
        -1.0,
        1.0,
        -1.0,
        -0.99978107213974,
        0.3089754283428192,
        -1.0,
        1.0,
        1.0,
        1.0,
        -1.0,
        1.0,
        1.0,
        1.0,
        -1.0,
        0.6677032113075256,
        -1.0,
        -1.0,
        1.0,
        -1.0,
        1.0,
        -1.0,
        1.0,
        -1.0,
        1.0,
        1.0,
        1.0,
        -1.0,
        -1.0,
        -1.0,
        -1.0,
        1.0,
        1.0,
        1.0,
        1.0,
        1.0,
        1.0,
        1.0,
        1.0,
        -1.0,
        -1.0,
        1.0,
        -1.0,
        1.0,
        1.0,
        1.0,
        -1.0,
        1.0,
        1.0,
        -1.0,
        1.0,
        -1.0,
        1.0,
        -1.0,
        -1.0,
        -1.0,
        -0.8487936854362488,
        -1.0,
        1.0,
        -1.0,
        -1.0,
        1.0,
        1.0,
        1.0,
        -1.0,
        -1.0,
        1.0,
        -1.0,
        -1.0,
        1.0,
        1.0,
        1.0,
        1.0,
        1.0,
        1.0,
        -1.0,
        -1.0,
        1.0,
        -1.0,
        -1.0,
        1.0,
        -1.0,
        -1.0,
        -0.9992818832397461,
        -1.0,
        1.0,
        -1.0,
        1.0,
        -1.0,
        -1.0,
        1.0,
        -1.0,
        -1.0,
        1.0,
        1.0,
        -1.0,
        1.0,
        1.0,
        1.0,
        -1.0,
        1.0,
        -1.0,
        1.0,
        -1.0,
        -1.0,
        -1.0,
        0.9993532299995422,
        -1.0,
        1.0,
        -1.0,
        1.0,
        -1.0,
        1.0,
        -1.0,
        1.0,
        -1.0,
        -1.0,
        1.0,
        -1.0,
        -1.0,
        1.0,
        -1.0,
        1.0,
        -1.0,
        -1.0,
        -1.0,
        -1.0,
        -1.0,
        1.0,
        1.0,
        -1.0,
        -1.0,
        1.0,
        -1.0,
        -1.0,
        -1.0,
        1.0,
        -1.0,
        -1.0,
        -1.0,
        1.0,
        -1.0,
        1.0,
        -1.0,
        -1.0,
        -1.0,
        1.0,
        1.0,
        1.0,
        1.0,
        -1.0,
        -1.0,
        1.0,
        -1.0,
        -1.0,
        1.0,
        -1.0,
        1.0,
        -1.0,
        -1.0,
        -1.0,
        -1.0,
        1.0,
        1.0,
        -1.0,
        -1.0,
        -1.0,
        1.0,
        -1.0,
        -1.0,
        -1.0,
        1.0,
        -1.0,
        1.0,
        -1.0,
        -1.0,
        1.0,
        -1.0,
        -1.0,
        1.0,
        -0.999976396560669,
        0.29771289229393005,
        1.0,
        -1.0,
        -1.0,
        -1.0,
        1.0,
        -1.0,
        1.0,
        -1.0,
        -1.0,
        1.0,
        -1.0,
        1.0,
        1.0,
        -0.9999983906745911,
        1.0,
        0.34398558735847473,
        1.0,
        -1.0,
        1.0,
        1.0,
        -1.0,
        -1.0,
        -1.0,
        1.0,
        1.0,
        1.0,
        -1.0,
        -1.0,
        -1.0,
        1.0,
        1.0,
        -1.0,
        -1.0,
        -1.0,
        1.0,
        1.0,
        1.0,
        -1.0,
        1.0,
        -1.0,
        -1.0,
        -0.9999967813491821,
        1.0,
        1.0,
        -0.8310054540634155,
        -1.0,
        -1.0,
        1.0,
        -1.0,
        1.0,
        1.0,
        1.0,
        1.0,
        1.0,
        1.0,
        -1.0,
        1.0,
        1.0,
        1.0,
        -1.0,
        -1.0,
        1.0,
        -1.0,
        -1.0,
        -1.0,
        1.0,
        -1.0,
        -1.0,
        -1.0,
        -1.0,
        -1.0,
        1.0,
        1.0,
        1.0
    ],
    "embedding_scaling_factor": 0.07898222655057907,
    "samples": [
        0,
        0,
        0,
        0,
        0,
        0,
        0,
        0,
        0,
        0,
        0,
        0,
        0,
        0,
        0,
        0,
        0,
        0,
        0,
        0,
        5060,
        0,
        0,
        0,
        0,
        0,
        0,
        0,
        0,
        0,
        0,
        0,
        0,
        0,
        0,
        0,
        0,
        0,
        0,
        0,
        0,
        0,
        15024,
        0,
        1506,
        0,
        0,
        0,
        0,
        0,
        0,
        0,
        0,
        0,
        0,
        0,
        0,
        0,
        5013,
        0,
        5013,
        0,
        0,
        0,
        0,
        0,
        0,
        0,
        0,
        0,
        0,
        0,
        3103,
        0,
        0,
        0,
        0,
        0,
        0,
        0,
        0,
        2174,
        0,
        0,
        0,
        0,
        0,
        0,
        0,
        0,
        0,
        0,
        0,
        0,
        0,
        594,
        0,
        0,
        0,
        0
    ],
    "category_values_ratio": {
        "0": 44807,
        "15024": 513,
        "7688": 410,
        "7298": 364,
        "99999": 244,
        "3103": 152,
        "5178": 146,
        "5013": 117,
        "4386": 108,
        "8614": 82,
        "3325": 81,
        "2174": 74,
        "10520": 64,
        "4650": 63,
        "27828": 58,
        "4064": 54,
        "594": 52,
        "3137": 51,
        "14084": 49,
        "20051": 49,
        "3908": 42,
        "6849": 42,
        "13550": 42,
        "2829": 42,
        "1055": 37,
        "4787": 35,
        "3411": 34,
        "14344": 34,
        "3464": 33,
        "9386": 31,
        "2176": 31,
        "2597": 31,
        "2885": 30,
        "4101": 29,
        "2202": 28,
        "2407": 25,
        "4865": 25,
        "1506": 24,
        "4416": 24,
        "4508": 23,
        "3674": 22,
        "2354": 21,
        "2580": 20,
        "10605": 19,
        "2907": 18,
        "3942": 18,
        "5455": 18,
        "6418": 16,
        "3781": 16,
        "2105": 15,
        "2463": 15,
        "6497": 15,
        "7430": 15,
        "2964": 14,
        "25236": 14,
        "2635": 14,
        "1151": 13,
        "2653": 11,
        "3818": 11,
        "2977": 11,
        "3471": 11,
        "914": 10,
        "1409": 10,
        "1797": 10,
        "2414": 10,
        "4934": 10,
        "2290": 10,
        "6514": 10,
        "15020": 10,
        "1848": 9,
        "1471": 9,
        "1831": 9,
        "1086": 8,
        "3418": 8,
        "10566": 8,
        "3887": 8,
        "2346": 8,
        "15831": 8,
        "114": 8,
        "2329": 7,
        "7443": 7,
        "5721": 7,
        "3273": 7,
        "5556": 6,
        "25124": 6,
        "6767": 6,
        "34095": 6,
        "3456": 6,
        "991": 6,
        "401": 5,
        "2050": 5,
        "6723": 5,
        "2036": 5,
        "1173": 5,
        "2538": 5,
        "2228": 5,
        "9562": 5,
        "2961": 4,
        "7896": 4,
        "4687": 4,
        "1455": 4,
        "4931": 4,
        "2936": 4,
        "11678": 4,
        "1424": 4,
        "3432": 4,
        "2993": 3,
        "2009": 3,
        "2062": 3,
        "41310": 3,
        "6360": 3,
        "6097": 2,
        "7978": 2,
        "5060": 2,
        "1264": 2,
        "18481": 2,
        "1111": 1,
        "1731": 1,
        "6612": 1,
        "7262": 1,
        "2387": 1,
        "22040": 1,
        "1639": 1
    },
    "nrows": 48842
}