{
    "column_id": "IMDB/movies2editors.csvmovies2editors.csv/editorid",
    "dataset_name": "movies2editors.csv",
    "dataset_id": "IMDB/movies2editors.csv",
    "path": "/home/ubuntu/CatDB/Experiments/data/IMDB/movies2editors.csv",
    "table_name": "movies2editors.csv",
    "table_id": "IMDB/movies2editors.csvmovies2editors.csv",
    "column_name": "editorid",
    "data_source": "IMDB",
    "data_type": "int",
    "total_values_count": 4773,
    "distinct_values_count": 1973,
    "missing_values_count": 0,
    "true_ratio": null,
    "min_value": 109.0,
    "max_value": 202789.0,
    "mean": 102081.31761994553,
    "median": 100433.0,
    "iqr": 100967.0,
    "category_values": null,
    "embedding": [
        -1.0,
        -1.0,
        -1.0,
        1.0,
        -1.0,
        1.0,
        -1.0,
        -1.0,
        -1.0,
        -1.0,
        1.0,
        -1.0,
        -1.0,
        1.0,
        1.0,
        1.0,
        1.0,
        -1.0,
        1.0,
        -1.0,
        1.0,
        -1.0,
        1.0,
        -1.0,
        1.0,
        -1.0,
        -1.0,
        1.0,
        -1.0,
        -1.0,
        1.0,
        1.0,
        -1.0,
        -1.0,
        -1.0,
        1.0,
        -1.0,
        1.0,
        1.0,
        -1.0,
        -1.0,
        1.0,
        -1.0,
        -1.0,
        -1.0,
        -1.0,
        1.0,
        -1.0,
        -1.0,
        -0.8149498701095581,
        -1.0,
        1.0,
        1.0,
        1.0,
        -1.0,
        1.0,
        1.0,
        1.0,
        -1.0,
        0.9945571422576904,
        -1.0,
        -1.0,
        1.0,
        -1.0,
        1.0,
        -1.0,
        1.0,
        -1.0,
        1.0,
        1.0,
        1.0,
        -1.0,
        -1.0,
        -1.0,
        -1.0,
        1.0,
        1.0,
        1.0,
        1.0,
        1.0,
        1.0,
        1.0,
        1.0,
        -1.0,
        -1.0,
        1.0,
        -1.0,
        1.0,
        1.0,
        1.0,
        -1.0,
        1.0,
        1.0,
        -1.0,
        1.0,
        -1.0,
        1.0,
        -1.0,
        -1.0,
        -1.0,
        -0.9873585104942322,
        -1.0,
        1.0,
        -1.0,
        -1.0,
        1.0,
        1.0,
        1.0,
        -1.0,
        -1.0,
        1.0,
        -1.0,
        -1.0,
        1.0,
        1.0,
        1.0,
        1.0,
        1.0,
        1.0,
        -1.0,
        -1.0,
        1.0,
        -1.0,
        -1.0,
        1.0,
        -1.0,
        -1.0,
        -0.9999991655349731,
        -1.0,
        1.0,
        -1.0,
        1.0,
        -1.0,
        -1.0,
        1.0,
        -1.0,
        -1.0,
        1.0,
        1.0,
        -1.0,
        1.0,
        1.0,
        1.0,
        -1.0,
        1.0,
        -1.0,
        1.0,
        -1.0,
        -1.0,
        -1.0,
        0.9999996423721313,
        -1.0,
        1.0,
        -1.0,
        1.0,
        -1.0,
        1.0,
        -1.0,
        1.0,
        -1.0,
        -1.0,
        1.0,
        -1.0,
        -1.0,
        1.0,
        -1.0,
        1.0,
        -1.0,
        -1.0,
        -1.0,
        -1.0,
        -1.0,
        1.0,
        1.0,
        -1.0,
        -1.0,
        1.0,
        -1.0,
        -1.0,
        -1.0,
        1.0,
        -1.0,
        -1.0,
        -1.0,
        1.0,
        -1.0,
        1.0,
        -1.0,
        -1.0,
        -1.0,
        1.0,
        1.0,
        1.0,
        1.0,
        -1.0,
        -1.0,
        1.0,
        -1.0,
        -1.0,
        1.0,
        -1.0,
        1.0,
        -1.0,
        -1.0,
        -1.0,
        -1.0,
        1.0,
        1.0,
        -1.0,
        -1.0,
        -1.0,
        1.0,
        -1.0,
        -1.0,
        -1.0,
        1.0,
        -1.0,
        1.0,
        -1.0,
        -1.0,
        1.0,
        -1.0,
        -1.0,
        1.0,
        -1.0,
        -0.8096854090690613,
        1.0,
        -1.0,
        -1.0,
        -1.0,
        1.0,
        -1.0,
        1.0,
        -1.0,
        -1.0,
        1.0,
        -1.0,
        1.0,
        1.0,
        -1.0,
        1.0,
        -0.7760903239250183,
        1.0,
        -1.0,
        1.0,
        1.0,
        -1.0,
        -1.0,
        -1.0,
        1.0,
        1.0,
        1.0,
        -1.0,
        -1.0,
        -1.0,
        1.0,
        1.0,
        -1.0,
        -1.0,
        -1.0,
        1.0,
        1.0,
        1.0,
        -1.0,
        1.0,
        -1.0,
        -1.0,
        -1.0,
        1.0,
        1.0,
        -0.98810213804245,
        -1.0,
        -1.0,
        1.0,
        -1.0,
        1.0,
        1.0,
        1.0,
        1.0,
        1.0,
        1.0,
        -1.0,
        1.0,
        1.0,
        1.0,
        -1.0,
        -1.0,
        1.0,
        -1.0,
        -1.0,
        -1.0,
        1.0,
        -1.0,
        -1.0,
        -1.0,
        -1.0,
        -1.0,
        1.0,
        1.0,
        1.0
    ],
    "embedding_scaling_factor": 35.160911560058594,
    "samples": [
        155703,
        102404,
        86301,
        193878,
        197298,
        164814,
        106190,
        63406,
        95294,
        107379,
        122110,
        82814,
        41058,
        64898,
        141451,
        112233,
        45027,
        26061,
        35502,
        151531,
        137272,
        17537,
        172728,
        28158,
        9145,
        46606,
        19729,
        126140,
        70782,
        144995,
        156249,
        106535,
        111415,
        108260,
        37368,
        16040,
        191731,
        7728,
        95645,
        81609,
        40520,
        108302,
        168658,
        115170,
        178405,
        156293,
        124044,
        12479,
        85040,
        162887,
        121751,
        177244,
        109470,
        174035,
        153239,
        110975,
        101981,
        113660,
        41612,
        137200,
        182389,
        104960,
        69073,
        190142,
        12987,
        14481,
        190424,
        79376,
        198933,
        37462,
        91135,
        191804,
        22119,
        201629,
        192188,
        46999,
        108309,
        10848,
        89223,
        194310,
        12573,
        26014,
        92749,
        51087,
        140883,
        142557,
        36362,
        20862,
        156381,
        162887,
        125714,
        130634,
        150687,
        16040,
        120316,
        187397,
        185807,
        155290,
        172166,
        34677
    ],
    "category_values_ratio": null,
    "nrows": 4773
}