{
    "column_id": "IMDB/movies.csvmovies.csv/year",
    "dataset_name": "movies.csv",
    "dataset_id": "IMDB/movies.csv",
    "path": "/home/ubuntu/CatDB/Experiments/data/IMDB/movies.csv",
    "table_name": "movies.csv",
    "table_id": "IMDB/movies.csvmovies.csv",
    "column_name": "year",
    "data_source": "IMDB",
    "data_type": "int",
    "total_values_count": 3832,
    "distinct_values_count": 108,
    "missing_values_count": 0,
    "true_ratio": null,
    "min_value": 1898.0,
    "max_value": 2014.0,
    "mean": 1985.3541231732777,
    "median": 1994.0,
    "iqr": 16.0,
    "category_values": [
        1980,
        1988,
        1997,
        1986,
        2014,
        1961,
        1996,
        1999,
        1957,
        1967,
        1998,
        1905,
        1968,
        1984,
        2000,
        1995,
        1963,
        1994,
        1993,
        1938,
        1983,
        1971,
        2010,
        1937,
        1917,
        1932,
        1992,
        1989,
        1964,
        1966,
        1958,
        1987,
        1985,
        1951,
        1974,
        1945,
        1923,
        1978,
        1976,
        1990,
        1982,
        1977,
        1970,
        1979,
        1950,
        1930,
        1949,
        1965,
        1973,
        1981,
        1991,
        1959,
        1947,
        1946,
        1918,
        1956,
        2004,
        1944,
        2003,
        1934,
        1942,
        1975,
        1926,
        1953,
        1921,
        1960,
        1910,
        1929,
        1935,
        1955,
        1940,
        1925,
        1972,
        1948,
        1969,
        1962,
        1933,
        1928,
        1931,
        1941,
        1954,
        1913,
        1919,
        1927,
        2008,
        1943,
        2006,
        1939,
        1912,
        1907,
        2005,
        1952,
        2012,
        2007,
        1920,
        1936,
        1922,
        1909,
        1916,
        2011,
        2009,
        1911,
        1914,
        1898,
        2002,
        1908,
        2001,
        2013
    ],
    "embedding": [
        -1.0,
        -1.0,
        -1.0,
        1.0,
        -1.0,
        1.0,
        -1.0,
        -1.0,
        -1.0,
        -1.0,
        1.0,
        -1.0,
        -1.0,
        1.0,
        1.0,
        1.0,
        1.0,
        -1.0,
        1.0,
        -1.0,
        1.0,
        -1.0,
        1.0,
        -1.0,
        1.0,
        -1.0,
        -1.0,
        1.0,
        -1.0,
        -1.0,
        1.0,
        1.0,
        -1.0,
        -1.0,
        -1.0,
        1.0,
        -1.0,
        1.0,
        1.0,
        -1.0,
        -1.0,
        1.0,
        -1.0,
        -1.0,
        -1.0,
        -1.0,
        1.0,
        -1.0,
        -1.0,
        -0.9601210951805115,
        -1.0,
        1.0,
        1.0,
        1.0,
        -1.0,
        1.0,
        1.0,
        1.0,
        -1.0,
        0.9999141693115234,
        -1.0,
        -1.0,
        1.0,
        -1.0,
        1.0,
        -1.0,
        1.0,
        -1.0,
        1.0,
        1.0,
        1.0,
        -1.0,
        -1.0,
        -1.0,
        -1.0,
        1.0,
        1.0,
        1.0,
        1.0,
        1.0,
        1.0,
        1.0,
        1.0,
        -1.0,
        -1.0,
        1.0,
        -1.0,
        1.0,
        1.0,
        1.0,
        -1.0,
        1.0,
        1.0,
        -1.0,
        1.0,
        -1.0,
        1.0,
        -1.0,
        -1.0,
        -1.0,
        -0.9997674822807312,
        -1.0,
        1.0,
        -1.0,
        -1.0,
        1.0,
        1.0,
        1.0,
        -1.0,
        -1.0,
        1.0,
        -1.0,
        -1.0,
        1.0,
        1.0,
        1.0,
        1.0,
        1.0,
        1.0,
        -1.0,
        -1.0,
        1.0,
        -1.0,
        -1.0,
        1.0,
        -1.0,
        -1.0,
        -1.0,
        -1.0,
        1.0,
        -1.0,
        1.0,
        -1.0,
        -1.0,
        1.0,
        -1.0,
        -1.0,
        1.0,
        1.0,
        -1.0,
        1.0,
        1.0,
        1.0,
        -1.0,
        1.0,
        -1.0,
        1.0,
        -1.0,
        -1.0,
        -1.0,
        1.0,
        -1.0,
        1.0,
        -1.0,
        1.0,
        -1.0,
        1.0,
        -1.0,
        1.0,
        -1.0,
        -1.0,
        1.0,
        -1.0,
        -1.0,
        1.0,
        -1.0,
        1.0,
        -1.0,
        -1.0,
        -1.0,
        -1.0,
        -1.0,
        1.0,
        1.0,
        -1.0,
        -1.0,
        1.0,
        -1.0,
        -1.0,
        -1.0,
        1.0,
        -1.0,
        -1.0,
        -1.0,
        1.0,
        -1.0,
        1.0,
        -1.0,
        -1.0,
        -1.0,
        1.0,
        1.0,
        1.0,
        1.0,
        -1.0,
        -1.0,
        1.0,
        -1.0,
        -1.0,
        1.0,
        -1.0,
        1.0,
        -1.0,
        -1.0,
        -1.0,
        -1.0,
        1.0,
        1.0,
        -1.0,
        -1.0,
        -1.0,
        1.0,
        -1.0,
        -1.0,
        -1.0,
        1.0,
        -1.0,
        1.0,
        -1.0,
        -1.0,
        1.0,
        -1.0,
        -1.0,
        1.0,
        -1.0,
        -0.9620814919471741,
        1.0,
        -1.0,
        -1.0,
        -1.0,
        1.0,
        -1.0,
        1.0,
        -1.0,
        -1.0,
        1.0,
        -1.0,
        1.0,
        1.0,
        -1.0,
        1.0,
        -0.9190773963928223,
        1.0,
        -1.0,
        1.0,
        1.0,
        -1.0,
        -1.0,
        -1.0,
        1.0,
        1.0,
        1.0,
        -1.0,
        -1.0,
        -1.0,
        1.0,
        1.0,
        -1.0,
        -1.0,
        -1.0,
        1.0,
        1.0,
        1.0,
        -1.0,
        1.0,
        -1.0,
        -1.0,
        -1.0,
        1.0,
        1.0,
        -0.9997570514678955,
        -1.0,
        -1.0,
        1.0,
        -1.0,
        1.0,
        1.0,
        1.0,
        1.0,
        1.0,
        1.0,
        -1.0,
        1.0,
        1.0,
        1.0,
        -1.0,
        -1.0,
        1.0,
        -1.0,
        -1.0,
        -1.0,
        1.0,
        -1.0,
        -1.0,
        -1.0,
        -1.0,
        -1.0,
        1.0,
        1.0,
        1.0
    ],
    "embedding_scaling_factor": 2.3258385226654354e-06,
    "samples": [
        1996,
        1999,
        1983,
        1953,
        1997,
        1995,
        1980,
        1998,
        1998,
        1949,
        1988,
        2000,
        1926,
        2000,
        1994,
        1997,
        1983,
        1996,
        1937,
        1930,
        1998,
        1976,
        1999,
        1996,
        1939,
        1999,
        1997,
        1984,
        1988,
        1999,
        1997,
        1980,
        1991,
        1999,
        1898,
        1995,
        1998,
        1987,
        1996,
        1992,
        1986,
        1972,
        1996,
        2000,
        1997,
        1990,
        1996,
        1933,
        2001,
        1945,
        1994,
        1994,
        1995,
        1999,
        1996,
        1992,
        1990,
        1995,
        1992,
        1977,
        1996,
        1996,
        1985,
        1999,
        1995,
        1983,
        1999,
        1999,
        1968,
        1999,
        1986,
        1994,
        1982,
        2000,
        1997,
        1926,
        1978,
        1996,
        1994,
        1996,
        1975,
        1961,
        1996,
        1947,
        1986,
        1994,
        1998,
        1996,
        1992,
        1995,
        1996,
        1999,
        1984,
        1996,
        1994,
        1975,
        1995,
        1996,
        1998,
        1997
    ],
    "category_values_ratio": {
        "1996": 332,
        "1995": 326,
        "1998": 319,
        "1997": 311,
        "1999": 273,
        "1994": 240,
        "1993": 153,
        "2000": 144,
        "1986": 105,
        "1992": 96,
        "1990": 69,
        "1988": 68,
        "1985": 67,
        "1987": 66,
        "1991": 65,
        "1989": 59,
        "1984": 59,
        "1982": 50,
        "1981": 43,
        "1980": 41,
        "1983": 35,
        "1978": 34,
        "1979": 30,
        "1973": 29,
        "1971": 26,
        "1975": 26,
        "1974": 26,
        "1967": 24,
        "1959": 24,
        "1963": 23,
        "1968": 22,
        "1977": 22,
        "1962": 22,
        "1976": 21,
        "1972": 20,
        "1955": 20,
        "1957": 20,
        "1958": 19,
        "1964": 19,
        "1940": 18,
        "1961": 18,
        "1960": 18,
        "1965": 18,
        "1956": 17,
        "1969": 16,
        "1944": 16,
        "1951": 16,
        "1953": 15,
        "1947": 15,
        "1970": 15,
        "1948": 14,
        "1942": 14,
        "1950": 13,
        "1941": 13,
        "1945": 12,
        "1954": 12,
        "1966": 12,
        "1937": 11,
        "1939": 11,
        "1946": 11,
        "1952": 10,
        "1943": 9,
        "1931": 9,
        "1934": 8,
        "1936": 8,
        "1949": 8,
        "1925": 8,
        "1935": 7,
        "1928": 7,
        "1926": 6,
        "1932": 6,
        "1938": 6,
        "1930": 6,
        "1933": 6,
        "1927": 5,
        "1910": 4,
        "2010": 4,
        "1917": 4,
        "1929": 4,
        "1923": 4,
        "2005": 4,
        "2006": 3,
        "2012": 3,
        "1922": 3,
        "1919": 3,
        "1918": 2,
        "2011": 2,
        "2004": 2,
        "2003": 2,
        "1921": 2,
        "1912": 2,
        "2007": 2,
        "2002": 2,
        "2009": 2,
        "1920": 2,
        "1916": 2,
        "1914": 1,
        "2001": 1,
        "1908": 1,
        "2014": 1,
        "1898": 1,
        "1907": 1,
        "1911": 1,
        "1905": 1,
        "1909": 1,
        "1913": 1,
        "2008": 1,
        "2013": 1
    },
    "nrows": 3832
}