{
    "column_id": "IMDB/movies.csvmovies.csv/movieid",
    "dataset_name": "movies.csv",
    "dataset_id": "IMDB/movies.csv",
    "path": "/home/ubuntu/CatDB/Experiments/data/IMDB/movies.csv",
    "table_name": "movies.csv",
    "table_id": "IMDB/movies.csvmovies.csv",
    "column_name": "movieid",
    "data_source": "IMDB",
    "data_type": "int",
    "total_values_count": 3832,
    "distinct_values_count": 3832,
    "missing_values_count": 0,
    "true_ratio": null,
    "min_value": 1672052.0,
    "max_value": 2593313.0,
    "mean": 2153131.3984864303,
    "median": 2173313.5,
    "iqr": 486538.75,
    "category_values": null,
    "embedding": [
        -1.0,
        -1.0,
        -1.0,
        1.0,
        -1.0,
        1.0,
        -1.0,
        -1.0,
        -1.0,
        -1.0,
        1.0,
        -1.0,
        -1.0,
        1.0,
        1.0,
        1.0,
        1.0,
        -1.0,
        1.0,
        -1.0,
        1.0,
        -1.0,
        1.0,
        -1.0,
        1.0,
        -1.0,
        -1.0,
        1.0,
        -1.0,
        -1.0,
        1.0,
        1.0,
        -1.0,
        -1.0,
        -1.0,
        1.0,
        -1.0,
        1.0,
        1.0,
        -1.0,
        -1.0,
        1.0,
        -1.0,
        -1.0,
        -1.0,
        -1.0,
        1.0,
        -1.0,
        -1.0,
        -0.9403170347213745,
        -1.0,
        1.0,
        1.0,
        1.0,
        -1.0,
        1.0,
        1.0,
        1.0,
        -1.0,
        0.997456431388855,
        -1.0,
        -1.0,
        1.0,
        -1.0,
        1.0,
        -1.0,
        1.0,
        -1.0,
        1.0,
        1.0,
        1.0,
        -1.0,
        -1.0,
        -1.0,
        -1.0,
        1.0,
        1.0,
        1.0,
        1.0,
        1.0,
        1.0,
        1.0,
        1.0,
        -1.0,
        -1.0,
        1.0,
        -1.0,
        1.0,
        1.0,
        1.0,
        -1.0,
        1.0,
        1.0,
        -1.0,
        1.0,
        -1.0,
        1.0,
        -1.0,
        -1.0,
        -1.0,
        -0.998145580291748,
        -1.0,
        1.0,
        -1.0,
        -1.0,
        1.0,
        1.0,
        1.0,
        -1.0,
        -1.0,
        1.0,
        -1.0,
        -1.0,
        1.0,
        1.0,
        1.0,
        1.0,
        1.0,
        1.0,
        -1.0,
        -1.0,
        1.0,
        -1.0,
        -1.0,
        1.0,
        -1.0,
        -1.0,
        -1.0,
        -1.0,
        1.0,
        -1.0,
        1.0,
        -1.0,
        -1.0,
        1.0,
        -1.0,
        -1.0,
        1.0,
        1.0,
        -1.0,
        1.0,
        1.0,
        1.0,
        -1.0,
        1.0,
        -1.0,
        1.0,
        -1.0,
        -1.0,
        -1.0,
        1.0,
        -1.0,
        1.0,
        -1.0,
        1.0,
        -1.0,
        1.0,
        -1.0,
        1.0,
        -1.0,
        -1.0,
        1.0,
        -1.0,
        -1.0,
        1.0,
        -1.0,
        1.0,
        -1.0,
        -1.0,
        -1.0,
        -1.0,
        -1.0,
        1.0,
        1.0,
        -1.0,
        -1.0,
        1.0,
        -1.0,
        -1.0,
        -1.0,
        1.0,
        -1.0,
        -1.0,
        -1.0,
        1.0,
        -1.0,
        1.0,
        -1.0,
        -1.0,
        -1.0,
        1.0,
        1.0,
        1.0,
        1.0,
        -1.0,
        -1.0,
        1.0,
        -1.0,
        -1.0,
        1.0,
        -1.0,
        1.0,
        -1.0,
        -1.0,
        -1.0,
        -1.0,
        1.0,
        1.0,
        -1.0,
        -1.0,
        -1.0,
        1.0,
        -1.0,
        -1.0,
        -1.0,
        1.0,
        -1.0,
        1.0,
        -1.0,
        -1.0,
        1.0,
        -1.0,
        -1.0,
        1.0,
        -1.0,
        -0.9411275386810303,
        1.0,
        -1.0,
        -1.0,
        -1.0,
        1.0,
        -1.0,
        1.0,
        -1.0,
        -1.0,
        1.0,
        -1.0,
        1.0,
        1.0,
        -1.0,
        1.0,
        -0.9324395656585693,
        1.0,
        -1.0,
        1.0,
        1.0,
        -1.0,
        -1.0,
        -1.0,
        1.0,
        1.0,
        1.0,
        -1.0,
        -1.0,
        -1.0,
        1.0,
        1.0,
        -1.0,
        -1.0,
        -1.0,
        1.0,
        1.0,
        1.0,
        -1.0,
        1.0,
        -1.0,
        -1.0,
        -1.0,
        1.0,
        1.0,
        -0.9979429244995117,
        -1.0,
        -1.0,
        1.0,
        -1.0,
        1.0,
        1.0,
        1.0,
        1.0,
        1.0,
        1.0,
        -1.0,
        1.0,
        1.0,
        1.0,
        -1.0,
        -1.0,
        1.0,
        -1.0,
        -1.0,
        -1.0,
        1.0,
        -1.0,
        -1.0,
        -1.0,
        -1.0,
        -1.0,
        1.0,
        1.0,
        1.0
    ],
    "embedding_scaling_factor": 14.73424243927002,
    "samples": [
        2327746,
        1822639,
        1950688,
        2165721,
        1985793,
        2217782,
        2502501,
        1932819,
        2572478,
        2516358,
        2474100,
        1788817,
        1952054,
        2211077,
        2570785,
        2297049,
        2505595,
        2130832,
        2503342,
        2574824,
        1710994,
        1875764,
        1893657,
        2381332,
        2461007,
        1766668,
        2187957,
        2355661,
        2433612,
        2091405,
        1767151,
        1698547,
        1776732,
        1806217,
        1829283,
        1777374,
        2465773,
        1785529,
        1890829,
        2406479,
        1955750,
        2459856,
        2567991,
        2293500,
        1940096,
        1722617,
        2122788,
        2341046,
        2405559,
        2045328,
        2232552,
        2478414,
        2110128,
        1690318,
        1932160,
        2298460,
        1854233,
        2174318,
        1999241,
        1806940,
        1984785,
        1690773,
        1949502,
        1837323,
        1982133,
        2010439,
        2301991,
        2208048,
        2524640,
        1819411,
        2440733,
        2072519,
        2187886,
        2497211,
        2577314,
        1837469,
        1891803,
        2423002,
        2080444,
        1727348,
        2412918,
        2109065,
        1998849,
        2460432,
        2420761,
        2206242,
        2238595,
        2057507,
        1699876,
        2501343,
        2476415,
        1776893,
        2231307,
        1942296,
        2439154,
        2457234,
        1829153,
        1703410,
        1681655,
        1820147
    ],
    "category_values_ratio": null,
    "nrows": 3832
}