{
    "column_id": "Walmart-2014/train.csvtrain.csv/IsHoliday",
    "dataset_name": "train.csv",
    "dataset_id": "Walmart-2014/train.csv",
    "path": "/home/ubuntu/CatDB/Experiments/data/Walmart-2014/train.csv",
    "table_name": "train.csv",
    "table_id": "Walmart-2014/train.csvtrain.csv",
    "column_name": "IsHoliday",
    "data_source": "Walmart-2014",
    "data_type": "boolean",
    "total_values_count": 421570,
    "distinct_values_count": 2,
    "missing_values_count": 0,
    "true_ratio": 0.07035842208885831,
    "min_value": null,
    "max_value": null,
    "mean": null,
    "median": null,
    "iqr": null,
    "category_values": [
        0,
        1
    ],
    "embedding": null,
    "embedding_scaling_factor": null,
    "samples": [
        0,
        0,
        0,
        0,
        0,
        0,
        0,
        0,
        0,
        0,
        0,
        0,
        0,
        0,
        0,
        0,
        0,
        0,
        0,
        0,
        0,
        0,
        0,
        0,
        1,
        0,
        0,
        0,
        1,
        0,
        0,
        1,
        0,
        0,
        0,
        0,
        1,
        0,
        0,
        0,
        0,
        0,
        0,
        0,
        0,
        0,
        0,
        0,
        0,
        0,
        0,
        0,
        0,
        0,
        0,
        0,
        0,
        1,
        1,
        0,
        0,
        1,
        0,
        0,
        1,
        0,
        0,
        0,
        0,
        0,
        0,
        0,
        0,
        1,
        0,
        0,
        0,
        0,
        0,
        0,
        0,
        0,
        0,
        0,
        0,
        0,
        0,
        0,
        0,
        0,
        0,
        0,
        0,
        0,
        0,
        0,
        0,
        0,
        0,
        0
    ],
    "category_values_ratio": {
        "false": 391909,
        "true": 29661
    },
    "nrows": 421570
}