{
    "column_id": "IMDB_IJS/movies.csvmovies.csv/id",
    "dataset_name": "movies.csv",
    "dataset_id": "IMDB_IJS/movies.csv",
    "path": "/home/ubuntu/CatDB/Experiments/data/IMDB_IJS/movies.csv",
    "table_name": "movies.csv",
    "table_id": "IMDB_IJS/movies.csvmovies.csv",
    "column_name": "id",
    "data_source": "IMDB_IJS",
    "data_type": "int",
    "total_values_count": 388269,
    "distinct_values_count": 388269,
    "missing_values_count": 0,
    "true_ratio": null,
    "min_value": 0.0,
    "max_value": 412320.0,
    "mean": 207533.14181147606,
    "median": 207459.0,
    "iqr": 205962.0,
    "category_values": null,
    "embedding": [
        -1.0,
        -1.0,
        -1.0,
        1.0,
        -1.0,
        1.0,
        -1.0,
        -1.0,
        -0.9999374151229858,
        -1.0,
        1.0,
        -1.0,
        -1.0,
        1.0,
        1.0,
        1.0,
        1.0,
        -1.0,
        1.0,
        -1.0,
        1.0,
        -1.0,
        1.0,
        -1.0,
        1.0,
        -1.0,
        -1.0,
        1.0,
        -1.0,
        -1.0,
        1.0,
        1.0,
        -1.0,
        -1.0,
        -1.0,
        1.0,
        -1.0,
        1.0,
        1.0,
        -1.0,
        -1.0,
        1.0,
        -1.0,
        -1.0,
        -1.0,
        -1.0,
        1.0,
        -1.0,
        -0.9999074339866638,
        -0.8206672668457031,
        -1.0,
        1.0,
        1.0,
        1.0,
        -1.0,
        1.0,
        1.0,
        1.0,
        -1.0,
        0.9937158823013306,
        -1.0,
        -1.0,
        1.0,
        -1.0,
        1.0,
        -1.0,
        1.0,
        -1.0,
        1.0,
        1.0,
        1.0,
        -1.0,
        -1.0,
        -1.0,
        -1.0,
        1.0,
        1.0,
        1.0,
        1.0,
        1.0,
        1.0,
        1.0,
        1.0,
        -1.0,
        -1.0,
        1.0,
        -1.0,
        1.0,
        1.0,
        1.0,
        -1.0,
        1.0,
        1.0,
        -1.0,
        1.0,
        -1.0,
        1.0,
        -1.0,
        -1.0,
        -1.0,
        -0.9926354885101318,
        -1.0,
        1.0,
        -1.0,
        -1.0,
        1.0,
        1.0,
        1.0,
        -1.0,
        -1.0,
        1.0,
        -1.0,
        -1.0,
        1.0,
        1.0,
        1.0,
        1.0,
        1.0,
        1.0,
        -1.0,
        -1.0,
        1.0,
        -1.0,
        -1.0,
        1.0,
        -1.0,
        -1.0,
        -0.9998528361320496,
        -1.0,
        1.0,
        -1.0,
        1.0,
        -1.0,
        -1.0,
        1.0,
        -1.0,
        -1.0,
        1.0,
        1.0,
        -1.0,
        1.0,
        1.0,
        1.0,
        -1.0,
        1.0,
        -1.0,
        1.0,
        -1.0,
        -1.0,
        -1.0,
        0.9998660087585449,
        -1.0,
        1.0,
        -1.0,
        1.0,
        -1.0,
        1.0,
        -1.0,
        1.0,
        -1.0,
        -1.0,
        1.0,
        -1.0,
        -1.0,
        1.0,
        -1.0,
        1.0,
        -1.0,
        -1.0,
        -1.0,
        -1.0,
        -1.0,
        1.0,
        1.0,
        -1.0,
        -1.0,
        1.0,
        -1.0,
        -1.0,
        -1.0,
        1.0,
        -1.0,
        -1.0,
        -1.0,
        1.0,
        -1.0,
        1.0,
        -1.0,
        -1.0,
        -1.0,
        1.0,
        1.0,
        1.0,
        1.0,
        -1.0,
        -1.0,
        1.0,
        -1.0,
        -1.0,
        1.0,
        -1.0,
        1.0,
        -1.0,
        -1.0,
        -1.0,
        -1.0,
        1.0,
        1.0,
        -1.0,
        -1.0,
        -1.0,
        1.0,
        -1.0,
        -1.0,
        -1.0,
        1.0,
        -1.0,
        1.0,
        -1.0,
        -1.0,
        1.0,
        -1.0,
        -1.0,
        1.0,
        -0.9999292492866516,
        -0.8184328675270081,
        1.0,
        -1.0,
        -1.0,
        -1.0,
        1.0,
        -1.0,
        1.0,
        -1.0,
        -1.0,
        1.0,
        -1.0,
        1.0,
        1.0,
        -0.99992835521698,
        1.0,
        -0.7991857528686523,
        1.0,
        -1.0,
        1.0,
        1.0,
        -1.0,
        -1.0,
        -1.0,
        1.0,
        1.0,
        1.0,
        -1.0,
        -1.0,
        -1.0,
        1.0,
        1.0,
        -1.0,
        -1.0,
        -1.0,
        1.0,
        1.0,
        1.0,
        -1.0,
        1.0,
        -1.0,
        -1.0,
        -1.0,
        1.0,
        1.0,
        -0.9923362135887146,
        -1.0,
        -1.0,
        1.0,
        -1.0,
        1.0,
        1.0,
        1.0,
        1.0,
        1.0,
        1.0,
        -1.0,
        1.0,
        1.0,
        1.0,
        -1.0,
        -1.0,
        1.0,
        -1.0,
        -1.0,
        -1.0,
        1.0,
        -1.0,
        -1.0,
        -1.0,
        -1.0,
        -1.0,
        1.0,
        1.0,
        0.9999915361404419
    ],
    "embedding_scaling_factor": 43.2214469909668,
    "samples": [
        63581,
        112515,
        350122,
        25716,
        92409,
        357884,
        17950,
        381086,
        200150,
        177842,
        220279,
        293825,
        395658,
        71556,
        121046,
        342885,
        350317,
        384307,
        176914,
        147550,
        289047,
        10295,
        191799,
        320239,
        361018,
        196269,
        45153,
        64975,
        143408,
        28336,
        115772,
        154027,
        266878,
        370970,
        289645,
        214360,
        355053,
        150891,
        25221,
        559,
        177121,
        343142,
        279538,
        312164,
        111800,
        172499,
        195288,
        248642,
        206766,
        166836,
        42112,
        203277,
        198411,
        9202,
        277835,
        83639,
        247709,
        19664,
        83818,
        292677,
        131094,
        63974,
        275296,
        292543,
        246556,
        362409,
        392108,
        14992,
        145787,
        224756,
        214010,
        231523,
        158213,
        382901,
        273647,
        203497,
        15077,
        156075,
        119901,
        285963,
        377161,
        364644,
        218401,
        399015,
        254848,
        42261,
        400348,
        255605,
        188334,
        371561,
        239391,
        294019,
        107633,
        201191,
        34229,
        266556,
        56565,
        330685,
        393276,
        177139
    ],
    "category_values_ratio": null,
    "nrows": 388269
}