{
    "column_id": "IMDB_IJS/movies.csvmovies.csv/year",
    "dataset_name": "movies.csv",
    "dataset_id": "IMDB_IJS/movies.csv",
    "path": "/home/ubuntu/CatDB/Experiments/data/IMDB_IJS/movies.csv",
    "table_name": "movies.csv",
    "table_id": "IMDB_IJS/movies.csvmovies.csv",
    "column_name": "year",
    "data_source": "IMDB_IJS",
    "data_type": "int",
    "total_values_count": 388269,
    "distinct_values_count": 120,
    "missing_values_count": 0,
    "true_ratio": null,
    "min_value": 1888.0,
    "max_value": 2008.0,
    "mean": 1969.7883065606577,
    "median": 1978.0,
    "iqr": 45.0,
    "category_values": [
        2002,
        2000,
        1971,
        1913,
        1915,
        1923,
        1920,
        1921,
        2001,
        1939,
        1941,
        1912,
        1999,
        1996,
        1918,
        1914,
        2004,
        1980,
        1989,
        1975,
        1924,
        1911,
        1986,
        1968,
        1987,
        1951,
        1917,
        1988,
        1993,
        1994,
        1906,
        1965,
        1983,
        1901,
        1960,
        1897,
        1909,
        2003,
        1984,
        1940,
        1899,
        1932,
        1900,
        1938,
        1902,
        1919,
        1981,
        1995,
        1935,
        1955,
        1927,
        1898,
        1964,
        1952,
        1966,
        1997,
        1976,
        1969,
        1985,
        1977,
        1957,
        1922,
        1973,
        1992,
        1991,
        1963,
        1998,
        1942,
        1946,
        1934,
        1931,
        1929,
        1961,
        1990,
        1978,
        1908,
        1974,
        1979,
        1972,
        1956,
        1962,
        1954,
        1907,
        1925,
        1933,
        1916,
        1910,
        1970,
        1982,
        1959,
        1967,
        1948,
        2005,
        1944,
        1947,
        1958,
        1943,
        1937,
        1950,
        1949,
        1905,
        1930,
        2006,
        1903,
        1945,
        1928,
        1936,
        1953,
        1926,
        1904,
        1896,
        1895,
        1894,
        1893,
        1892,
        2007,
        1891,
        2008,
        1890,
        1888
    ],
    "embedding": [
        -1.0,
        -1.0,
        -1.0,
        1.0,
        -1.0,
        1.0,
        -1.0,
        -1.0,
        -1.0,
        -1.0,
        1.0,
        -1.0,
        -1.0,
        1.0,
        1.0,
        1.0,
        1.0,
        -1.0,
        1.0,
        -1.0,
        1.0,
        -1.0,
        1.0,
        -1.0,
        1.0,
        -1.0,
        -1.0,
        1.0,
        -1.0,
        -1.0,
        1.0,
        1.0,
        -1.0,
        -1.0,
        -1.0,
        1.0,
        -1.0,
        1.0,
        1.0,
        -1.0,
        -1.0,
        1.0,
        -1.0,
        -1.0,
        -1.0,
        -1.0,
        1.0,
        -1.0,
        -1.0,
        -0.9894430041313171,
        -1.0,
        1.0,
        1.0,
        1.0,
        -1.0,
        1.0,
        1.0,
        1.0,
        -1.0,
        0.999942421913147,
        -1.0,
        -1.0,
        1.0,
        -1.0,
        1.0,
        -1.0,
        1.0,
        -1.0,
        1.0,
        1.0,
        1.0,
        -1.0,
        -1.0,
        -1.0,
        -1.0,
        1.0,
        1.0,
        1.0,
        1.0,
        1.0,
        1.0,
        1.0,
        1.0,
        -1.0,
        -1.0,
        1.0,
        -1.0,
        1.0,
        1.0,
        1.0,
        -1.0,
        1.0,
        1.0,
        -1.0,
        1.0,
        -1.0,
        1.0,
        -1.0,
        -1.0,
        -1.0,
        -0.999131441116333,
        -1.0,
        1.0,
        -1.0,
        -1.0,
        1.0,
        1.0,
        1.0,
        -1.0,
        -1.0,
        1.0,
        -1.0,
        -1.0,
        1.0,
        1.0,
        1.0,
        1.0,
        1.0,
        1.0,
        -1.0,
        -1.0,
        1.0,
        -1.0,
        -1.0,
        1.0,
        -1.0,
        -1.0,
        -1.0,
        -1.0,
        1.0,
        -1.0,
        1.0,
        -1.0,
        -1.0,
        1.0,
        -1.0,
        -1.0,
        1.0,
        1.0,
        -1.0,
        1.0,
        1.0,
        1.0,
        -1.0,
        1.0,
        -1.0,
        1.0,
        -1.0,
        -1.0,
        -1.0,
        1.0,
        -1.0,
        1.0,
        -1.0,
        1.0,
        -1.0,
        1.0,
        -1.0,
        1.0,
        -1.0,
        -1.0,
        1.0,
        -1.0,
        -1.0,
        1.0,
        -1.0,
        1.0,
        -1.0,
        -1.0,
        -1.0,
        -1.0,
        -1.0,
        1.0,
        1.0,
        -1.0,
        -1.0,
        1.0,
        -1.0,
        -1.0,
        -1.0,
        1.0,
        -1.0,
        -1.0,
        -1.0,
        1.0,
        -1.0,
        1.0,
        -1.0,
        -1.0,
        -1.0,
        1.0,
        1.0,
        1.0,
        1.0,
        -1.0,
        -1.0,
        1.0,
        -1.0,
        -1.0,
        1.0,
        -1.0,
        1.0,
        -1.0,
        -1.0,
        -1.0,
        -1.0,
        1.0,
        1.0,
        -1.0,
        -1.0,
        -1.0,
        1.0,
        -1.0,
        -1.0,
        -1.0,
        1.0,
        -1.0,
        1.0,
        -1.0,
        -1.0,
        1.0,
        -1.0,
        -1.0,
        1.0,
        -1.0,
        -0.9899696707725525,
        1.0,
        -1.0,
        -1.0,
        -1.0,
        1.0,
        -1.0,
        1.0,
        -1.0,
        -1.0,
        1.0,
        -1.0,
        1.0,
        1.0,
        -1.0,
        1.0,
        -0.9785051345825195,
        1.0,
        -1.0,
        1.0,
        1.0,
        -1.0,
        -1.0,
        -1.0,
        1.0,
        1.0,
        1.0,
        -1.0,
        -1.0,
        -1.0,
        1.0,
        1.0,
        -1.0,
        -1.0,
        -1.0,
        1.0,
        1.0,
        1.0,
        -1.0,
        1.0,
        -1.0,
        -1.0,
        -1.0,
        1.0,
        1.0,
        -0.9994252920150757,
        -1.0,
        -1.0,
        1.0,
        -1.0,
        1.0,
        1.0,
        1.0,
        1.0,
        1.0,
        1.0,
        -1.0,
        1.0,
        1.0,
        1.0,
        -1.0,
        -1.0,
        1.0,
        -1.0,
        -1.0,
        -1.0,
        1.0,
        -1.0,
        -1.0,
        -1.0,
        -1.0,
        -1.0,
        1.0,
        1.0,
        1.0
    ],
    "embedding_scaling_factor": 2.325838750039111e-06,
    "samples": [
        1955,
        1916,
        1959,
        1955,
        1997,
        1975,
        2003,
        1957,
        1986,
        1967,
        1951,
        2002,
        2002,
        1997,
        1989,
        1938,
        1986,
        1970,
        1977,
        1901,
        1913,
        1954,
        2003,
        1992,
        1955,
        1913,
        1947,
        1957,
        1916,
        1952,
        1968,
        1987,
        1954,
        2000,
        1980,
        1992,
        1923,
        2004,
        1976,
        1977,
        1952,
        1978,
        1981,
        1967,
        2005,
        1951,
        1927,
        1976,
        1973,
        1968,
        1973,
        1918,
        1922,
        1922,
        1920,
        1965,
        1900,
        1992,
        1982,
        1988,
        1961,
        1963,
        1999,
        1934,
        1996,
        1912,
        1982,
        1970,
        1958,
        1915,
        1933,
        1992,
        2004,
        1957,
        1943,
        1946,
        1981,
        1966,
        1941,
        1956,
        1979,
        1970,
        1986,
        1983,
        1994,
        1979,
        1952,
        1993,
        1982,
        1987,
        1952,
        1983,
        1917,
        1927,
        1966,
        1966,
        1994,
        1996,
        1996,
        1993
    ],
    "category_values_ratio": {
        "2002": 12056,
        "2003": 11890,
        "2001": 11690,
        "2000": 11643,
        "1999": 10976,
        "1998": 10067,
        "1997": 9023,
        "2004": 8718,
        "1996": 8362,
        "1995": 7919,
        "1994": 7502,
        "1993": 6900,
        "1992": 6580,
        "1990": 6098,
        "1991": 6068,
        "1988": 5702,
        "1989": 5697,
        "1987": 5465,
        "1986": 5284,
        "1985": 5180,
        "1984": 4937,
        "1980": 4673,
        "1968": 4668,
        "1983": 4641,
        "1982": 4597,
        "1979": 4428,
        "1975": 4384,
        "1981": 4349,
        "1976": 4288,
        "1978": 4250,
        "1972": 4164,
        "1974": 4151,
        "1970": 4136,
        "1973": 4075,
        "1971": 4072,
        "1969": 4044,
        "1977": 4027,
        "1967": 3975,
        "1966": 3857,
        "1915": 3722,
        "1965": 3697,
        "1913": 3690,
        "1964": 3482,
        "1914": 3441,
        "1916": 3305,
        "1962": 3282,
        "1963": 3235,
        "1912": 3232,
        "1961": 3190,
        "1960": 3154,
        "1959": 2895,
        "1958": 2867,
        "1957": 2842,
        "1917": 2796,
        "1956": 2699,
        "1955": 2591,
        "1953": 2549,
        "1954": 2507,
        "1952": 2483,
        "1936": 2355,
        "1937": 2348,
        "1920": 2308,
        "1951": 2267,
        "1950": 2233,
        "1938": 2221,
        "1932": 2185,
        "1919": 2180,
        "1949": 2166,
        "1926": 2137,
        "1933": 2127,
        "1918": 2122,
        "1934": 2099,
        "1927": 2069,
        "1935": 2068,
        "1928": 2051,
        "1931": 2044,
        "1921": 2041,
        "1930": 2038,
        "1911": 2026,
        "1925": 2018,
        "1939": 1996,
        "1948": 1969,
        "1929": 1952,
        "1942": 1902,
        "1922": 1893,
        "1924": 1847,
        "1940": 1831,
        "1941": 1829,
        "1947": 1784,
        "1923": 1759,
        "1943": 1722,
        "1946": 1658,
        "1944": 1595,
        "1945": 1557,
        "2005": 1449,
        "1910": 1276,
        "1898": 1004,
        "1899": 845,
        "1901": 837,
        "1903": 831,
        "1909": 812,
        "1902": 788,
        "1900": 759,
        "1897": 688,
        "1908": 498,
        "1896": 410,
        "1906": 384,
        "1907": 332,
        "1905": 232,
        "2006": 195,
        "1904": 176,
        "1895": 72,
        "1894": 59,
        "1892": 9,
        "2007": 7,
        "1891": 6,
        "1890": 3,
        "1893": 2,
        "1888": 2,
        "2008": 1
    },
    "nrows": 388269
}