{
    "column_id": "Airline/Airline.csvAirline.csv/CRSElapsedTime",
    "dataset_name": "Airline.csv",
    "dataset_id": "Airline/Airline.csv",
    "path": "/home/ubuntu/CatDB/Experiments/data/Airline/Airline.csv",
    "table_name": "Airline.csv",
    "table_id": "Airline/Airline.csvAirline.csv",
    "column_name": "CRSElapsedTime",
    "data_source": "Airline",
    "data_type": "int",
    "total_values_count": 445827,
    "distinct_values_count": 448,
    "missing_values_count": 0,
    "true_ratio": null,
    "min_value": 21.0,
    "max_value": 705.0,
    "mean": 146.499142043887,
    "median": 128.0,
    "iqr": 90.0,
    "category_values": null,
    "embedding": [
        -1.0,
        -1.0,
        -1.0,
        1.0,
        -1.0,
        1.0,
        -1.0,
        -1.0,
        -0.9999798536300659,
        -1.0,
        1.0,
        -1.0,
        -1.0,
        1.0,
        1.0,
        1.0,
        1.0,
        -1.0,
        1.0,
        -1.0,
        1.0,
        -1.0,
        1.0,
        -1.0,
        1.0,
        -1.0,
        -1.0,
        1.0,
        -1.0,
        -1.0,
        1.0,
        1.0,
        -1.0,
        -1.0,
        -1.0,
        1.0,
        -1.0,
        1.0,
        1.0,
        -1.0,
        -1.0,
        1.0,
        -1.0,
        -1.0,
        -1.0,
        -1.0,
        1.0,
        -1.0,
        -0.9999651312828064,
        -0.9969871044158936,
        -1.0,
        1.0,
        1.0,
        1.0,
        -1.0,
        1.0,
        1.0,
        1.0,
        -1.0,
        0.9996973872184753,
        -1.0,
        -1.0,
        1.0,
        -1.0,
        1.0,
        -1.0,
        1.0,
        -1.0,
        1.0,
        1.0,
        1.0,
        -1.0,
        -1.0,
        -1.0,
        -1.0,
        1.0,
        1.0,
        1.0,
        1.0,
        1.0,
        1.0,
        1.0,
        1.0,
        -1.0,
        -1.0,
        1.0,
        -1.0,
        1.0,
        1.0,
        1.0,
        -1.0,
        1.0,
        1.0,
        -1.0,
        1.0,
        -1.0,
        1.0,
        -1.0,
        -1.0,
        -1.0,
        -0.9996914267539978,
        -1.0,
        1.0,
        -1.0,
        -1.0,
        1.0,
        1.0,
        1.0,
        -1.0,
        -1.0,
        1.0,
        -1.0,
        -1.0,
        1.0,
        1.0,
        1.0,
        1.0,
        1.0,
        1.0,
        -1.0,
        -1.0,
        1.0,
        -1.0,
        -1.0,
        1.0,
        -1.0,
        -1.0,
        -0.9997867345809937,
        -1.0,
        1.0,
        -1.0,
        1.0,
        -1.0,
        -1.0,
        1.0,
        -1.0,
        -1.0,
        1.0,
        1.0,
        -1.0,
        1.0,
        1.0,
        1.0,
        -1.0,
        1.0,
        -1.0,
        1.0,
        -1.0,
        -1.0,
        -1.0,
        0.9988330602645874,
        -1.0,
        1.0,
        -1.0,
        1.0,
        -1.0,
        1.0,
        -1.0,
        1.0,
        -1.0,
        -1.0,
        1.0,
        -1.0,
        -1.0,
        1.0,
        -1.0,
        1.0,
        -1.0,
        -1.0,
        -1.0,
        -1.0,
        -1.0,
        1.0,
        1.0,
        -1.0,
        -1.0,
        1.0,
        -1.0,
        -1.0,
        -1.0,
        1.0,
        -1.0,
        -1.0,
        -1.0,
        1.0,
        -1.0,
        1.0,
        -1.0,
        -1.0,
        -1.0,
        1.0,
        1.0,
        1.0,
        1.0,
        -1.0,
        -1.0,
        1.0,
        -1.0,
        -1.0,
        1.0,
        -1.0,
        1.0,
        -1.0,
        -1.0,
        -1.0,
        -1.0,
        1.0,
        1.0,
        -1.0,
        -1.0,
        -1.0,
        1.0,
        -1.0,
        -1.0,
        -1.0,
        1.0,
        -1.0,
        1.0,
        -1.0,
        -1.0,
        1.0,
        -1.0,
        -1.0,
        1.0,
        -0.9999855160713196,
        -0.9973775744438171,
        1.0,
        -1.0,
        -1.0,
        -1.0,
        1.0,
        -1.0,
        1.0,
        -1.0,
        -1.0,
        1.0,
        -1.0,
        1.0,
        1.0,
        -0.9999972581863403,
        1.0,
        -0.9978960156440735,
        1.0,
        -1.0,
        1.0,
        1.0,
        -1.0,
        -1.0,
        -1.0,
        1.0,
        1.0,
        1.0,
        -1.0,
        -1.0,
        -1.0,
        1.0,
        1.0,
        -1.0,
        -1.0,
        -1.0,
        1.0,
        1.0,
        1.0,
        -1.0,
        1.0,
        -1.0,
        -1.0,
        -1.0,
        1.0,
        1.0,
        -0.999757707118988,
        -1.0,
        -1.0,
        1.0,
        -1.0,
        1.0,
        1.0,
        1.0,
        1.0,
        1.0,
        1.0,
        -1.0,
        1.0,
        1.0,
        1.0,
        -1.0,
        -1.0,
        1.0,
        -1.0,
        -1.0,
        -1.0,
        1.0,
        -1.0,
        -1.0,
        -1.0,
        -1.0,
        -1.0,
        1.0,
        1.0,
        1.0
    ],
    "embedding_scaling_factor": 73.42899322509766,
    "samples": [
        290,
        332,
        172,
        112,
        80,
        215,
        145,
        100,
        130,
        121,
        319,
        55,
        140,
        211,
        66,
        65,
        171,
        93,
        251,
        215,
        329,
        96,
        265,
        114,
        80,
        121,
        94,
        75,
        177,
        107,
        53,
        257,
        180,
        65,
        181,
        154,
        335,
        615,
        352,
        180,
        188,
        408,
        130,
        169,
        65,
        37,
        142,
        247,
        206,
        207,
        159,
        315,
        255,
        215,
        177,
        176,
        284,
        115,
        88,
        166,
        97,
        179,
        85,
        85,
        210,
        100,
        169,
        135,
        115,
        175,
        253,
        152,
        100,
        124,
        93,
        162,
        152,
        179,
        66,
        70,
        88,
        254,
        37,
        172,
        130,
        78,
        180,
        200,
        152,
        118,
        130,
        125,
        371,
        197,
        103,
        76,
        280,
        155,
        61,
        493
    ],
    "category_values_ratio": null,
    "nrows": 445827
}