{
    "column_id": "Airline/Airline.csvAirline.csv/DestWac",
    "dataset_name": "Airline.csv",
    "dataset_id": "Airline/Airline.csv",
    "path": "/home/ubuntu/CatDB/Experiments/data/Airline/Airline.csv",
    "table_name": "Airline.csv",
    "table_id": "Airline/Airline.csvAirline.csv",
    "column_name": "DestWac",
    "data_source": "Airline",
    "data_type": "int",
    "total_values_count": 445827,
    "distinct_values_count": 52,
    "missing_values_count": 0,
    "true_ratio": null,
    "min_value": 1.0,
    "max_value": 93.0,
    "mean": 55.652869835160274,
    "median": 52.0,
    "iqr": 48.0,
    "category_values": [
        43,
        74,
        22,
        93,
        41,
        91,
        38,
        23,
        64,
        33,
        82,
        2,
        85,
        87,
        4,
        13,
        73,
        36,
        21,
        92,
        54,
        81,
        35,
        63,
        42,
        34,
        3,
        72,
        45,
        44,
        86,
        52,
        61,
        65,
        11,
        88,
        83,
        1,
        62,
        15,
        12,
        37,
        51,
        16,
        66,
        84,
        53,
        67,
        71,
        14,
        39,
        5
    ],
    "embedding": [
        -1.0,
        -1.0,
        -1.0,
        1.0,
        -1.0,
        1.0,
        -1.0,
        -1.0,
        -1.0,
        -1.0,
        1.0,
        -1.0,
        -1.0,
        1.0,
        1.0,
        1.0,
        1.0,
        -1.0,
        1.0,
        -1.0,
        1.0,
        -1.0,
        1.0,
        -1.0,
        1.0,
        -1.0,
        -1.0,
        1.0,
        -1.0,
        -1.0,
        1.0,
        1.0,
        -1.0,
        -1.0,
        -1.0,
        1.0,
        -1.0,
        1.0,
        1.0,
        -1.0,
        -1.0,
        1.0,
        -1.0,
        -1.0,
        -1.0,
        -1.0,
        1.0,
        -1.0,
        -1.0,
        -0.9529754519462585,
        -1.0,
        1.0,
        1.0,
        1.0,
        -1.0,
        1.0,
        1.0,
        1.0,
        -1.0,
        0.9693987369537354,
        -1.0,
        -1.0,
        1.0,
        -1.0,
        1.0,
        -1.0,
        1.0,
        -1.0,
        1.0,
        1.0,
        1.0,
        -1.0,
        -1.0,
        -1.0,
        -1.0,
        1.0,
        1.0,
        1.0,
        1.0,
        1.0,
        1.0,
        1.0,
        1.0,
        -1.0,
        -1.0,
        1.0,
        -1.0,
        1.0,
        1.0,
        1.0,
        -1.0,
        1.0,
        1.0,
        -1.0,
        1.0,
        -1.0,
        1.0,
        -1.0,
        -1.0,
        -1.0,
        -0.9950382709503174,
        -1.0,
        1.0,
        -1.0,
        -1.0,
        1.0,
        1.0,
        1.0,
        -1.0,
        -1.0,
        1.0,
        -1.0,
        -1.0,
        1.0,
        1.0,
        1.0,
        1.0,
        1.0,
        1.0,
        -1.0,
        -1.0,
        1.0,
        -1.0,
        -1.0,
        1.0,
        -1.0,
        -1.0,
        -1.0,
        -1.0,
        1.0,
        -1.0,
        1.0,
        -1.0,
        -1.0,
        1.0,
        -1.0,
        -1.0,
        1.0,
        1.0,
        -1.0,
        1.0,
        1.0,
        1.0,
        -1.0,
        1.0,
        -1.0,
        1.0,
        -1.0,
        -1.0,
        -1.0,
        1.0,
        -1.0,
        1.0,
        -1.0,
        1.0,
        -1.0,
        1.0,
        -1.0,
        1.0,
        -1.0,
        -1.0,
        1.0,
        -1.0,
        -1.0,
        1.0,
        -1.0,
        1.0,
        -1.0,
        -1.0,
        -1.0,
        -1.0,
        -1.0,
        1.0,
        1.0,
        -1.0,
        -1.0,
        1.0,
        -1.0,
        -1.0,
        -1.0,
        1.0,
        -1.0,
        -1.0,
        -1.0,
        1.0,
        -1.0,
        1.0,
        -1.0,
        -1.0,
        -1.0,
        1.0,
        1.0,
        1.0,
        1.0,
        -1.0,
        -1.0,
        1.0,
        -1.0,
        -1.0,
        1.0,
        -1.0,
        1.0,
        -1.0,
        -1.0,
        -1.0,
        -1.0,
        1.0,
        1.0,
        -1.0,
        -1.0,
        -1.0,
        1.0,
        -1.0,
        -1.0,
        -1.0,
        1.0,
        -1.0,
        1.0,
        -1.0,
        -1.0,
        1.0,
        -1.0,
        -1.0,
        1.0,
        -1.0,
        -0.9581192135810852,
        1.0,
        -1.0,
        -1.0,
        -1.0,
        1.0,
        -1.0,
        1.0,
        -1.0,
        -1.0,
        1.0,
        -1.0,
        1.0,
        1.0,
        -1.0,
        1.0,
        -0.9283682107925415,
        1.0,
        -1.0,
        1.0,
        1.0,
        -1.0,
        -1.0,
        -1.0,
        1.0,
        1.0,
        1.0,
        -1.0,
        -1.0,
        -1.0,
        1.0,
        1.0,
        -1.0,
        -1.0,
        -1.0,
        1.0,
        1.0,
        1.0,
        -1.0,
        1.0,
        -1.0,
        -1.0,
        -1.0,
        1.0,
        1.0,
        -0.992117166519165,
        -1.0,
        -1.0,
        1.0,
        -1.0,
        1.0,
        1.0,
        1.0,
        1.0,
        1.0,
        1.0,
        -1.0,
        1.0,
        1.0,
        1.0,
        -1.0,
        -1.0,
        1.0,
        -1.0,
        -1.0,
        -1.0,
        1.0,
        -1.0,
        -1.0,
        -1.0,
        -1.0,
        -1.0,
        1.0,
        1.0,
        1.0
    ],
    "embedding_scaling_factor": 166.84085083007812,
    "samples": [
        43,
        34,
        74,
        23,
        74,
        93,
        37,
        22,
        74,
        33,
        34,
        74,
        81,
        1,
        33,
        22,
        74,
        33,
        33,
        54,
        71,
        72,
        43,
        41,
        41,
        43,
        41,
        82,
        41,
        41,
        93,
        2,
        33,
        74,
        44,
        64,
        82,
        74,
        42,
        33,
        41,
        86,
        22,
        33,
        34,
        34,
        92,
        2,
        44,
        21,
        38,
        73,
        74,
        36,
        74,
        74,
        35,
        91,
        74,
        34,
        22,
        62,
        72,
        41,
        91,
        91,
        1,
        85,
        91,
        34,
        85,
        34,
        13,
        83,
        22,
        34,
        82,
        13,
        74,
        42,
        91,
        82,
        82,
        74,
        34,
        74,
        38,
        81,
        74,
        74,
        33,
        36,
        2,
        86,
        34,
        21,
        91,
        91,
        23,
        21
    ],
    "category_values_ratio": {
        "91": 56225,
        "74": 48190,
        "33": 40000,
        "34": 30912,
        "41": 25984,
        "22": 20531,
        "82": 19748,
        "81": 14788,
        "85": 13299,
        "36": 12923,
        "43": 11712,
        "38": 11433,
        "93": 10990,
        "63": 10087,
        "13": 9162,
        "21": 9013,
        "87": 8903,
        "23": 8296,
        "2": 8266,
        "64": 7939,
        "35": 7174,
        "54": 6086,
        "44": 5531,
        "72": 5372,
        "92": 4868,
        "45": 4055,
        "42": 3133,
        "1": 2688,
        "3": 2639,
        "73": 2612,
        "52": 2428,
        "37": 2209,
        "51": 1868,
        "83": 1694,
        "65": 1648,
        "86": 1557,
        "11": 1520,
        "71": 1214,
        "84": 1195,
        "66": 1120,
        "15": 996,
        "53": 911,
        "61": 902,
        "88": 772,
        "62": 740,
        "67": 626,
        "4": 544,
        "14": 442,
        "12": 383,
        "16": 262,
        "39": 196,
        "5": 41
    },
    "nrows": 445827
}