{
    "column_id": "Yelp/Reviews.csvReviews.csv/votes_useful",
    "dataset_name": "Reviews.csv",
    "dataset_id": "Yelp/Reviews.csv",
    "path": "/home/ubuntu/CatDB/Experiments/data/Yelp/Reviews.csv",
    "table_name": "Reviews.csv",
    "table_id": "Yelp/Reviews.csvReviews.csv",
    "column_name": "votes_useful",
    "data_source": "Yelp",
    "data_type": "int",
    "total_values_count": 229907,
    "distinct_values_count": 53,
    "missing_values_count": 0,
    "true_ratio": null,
    "min_value": 0.0,
    "max_value": 120.0,
    "mean": 1.3868216278756194,
    "median": 1.0,
    "iqr": 2.0,
    "category_values": [
        1,
        0,
        3,
        4,
        2,
        5,
        7,
        16,
        43,
        6,
        8,
        23,
        12,
        15,
        11,
        9,
        10,
        22,
        13,
        17,
        24,
        18,
        20,
        27,
        14,
        19,
        21,
        76,
        25,
        29,
        49,
        57,
        26,
        67,
        31,
        28,
        82,
        40,
        32,
        35,
        66,
        60,
        68,
        52,
        30,
        39,
        41,
        74,
        38,
        45,
        58,
        33,
        120
    ],
    "embedding": [
        -1.0,
        -1.0,
        -1.0,
        1.0,
        -1.0,
        1.0,
        -1.0,
        -1.0,
        -1.0,
        -1.0,
        1.0,
        -1.0,
        -1.0,
        1.0,
        1.0,
        1.0,
        1.0,
        -1.0,
        1.0,
        -1.0,
        1.0,
        -1.0,
        1.0,
        -1.0,
        1.0,
        -1.0,
        -1.0,
        1.0,
        -1.0,
        -1.0,
        1.0,
        1.0,
        -1.0,
        -1.0,
        -1.0,
        1.0,
        -1.0,
        1.0,
        1.0,
        -1.0,
        -1.0,
        1.0,
        -1.0,
        -1.0,
        -1.0,
        -1.0,
        1.0,
        -1.0,
        -1.0,
        -0.13172973692417145,
        -1.0,
        1.0,
        1.0,
        1.0,
        -1.0,
        1.0,
        1.0,
        1.0,
        -1.0,
        0.6181111335754395,
        -1.0,
        -1.0,
        1.0,
        -1.0,
        1.0,
        -1.0,
        1.0,
        -1.0,
        1.0,
        1.0,
        1.0,
        -1.0,
        -1.0,
        -1.0,
        -1.0,
        1.0,
        1.0,
        1.0,
        1.0,
        1.0,
        1.0,
        1.0,
        1.0,
        -1.0,
        -1.0,
        1.0,
        -1.0,
        1.0,
        1.0,
        1.0,
        -1.0,
        1.0,
        1.0,
        -1.0,
        1.0,
        -1.0,
        1.0,
        -1.0,
        -1.0,
        -1.0,
        -0.899587094783783,
        -1.0,
        1.0,
        -1.0,
        -1.0,
        1.0,
        1.0,
        1.0,
        -1.0,
        -1.0,
        1.0,
        -1.0,
        -1.0,
        1.0,
        1.0,
        1.0,
        1.0,
        1.0,
        1.0,
        -1.0,
        -1.0,
        1.0,
        -1.0,
        -1.0,
        1.0,
        -1.0,
        -1.0,
        -1.0,
        -1.0,
        1.0,
        -1.0,
        1.0,
        -1.0,
        -1.0,
        1.0,
        -1.0,
        -1.0,
        1.0,
        1.0,
        -1.0,
        1.0,
        1.0,
        1.0,
        -1.0,
        1.0,
        -1.0,
        1.0,
        -1.0,
        -1.0,
        -1.0,
        1.0,
        -1.0,
        1.0,
        -1.0,
        1.0,
        -1.0,
        1.0,
        -1.0,
        1.0,
        -1.0,
        -1.0,
        1.0,
        -1.0,
        -1.0,
        1.0,
        -1.0,
        1.0,
        -1.0,
        -1.0,
        -1.0,
        -1.0,
        -1.0,
        1.0,
        1.0,
        -1.0,
        -1.0,
        1.0,
        -1.0,
        -1.0,
        -1.0,
        1.0,
        -1.0,
        -1.0,
        -1.0,
        1.0,
        -1.0,
        1.0,
        -1.0,
        -1.0,
        -1.0,
        1.0,
        1.0,
        1.0,
        1.0,
        -1.0,
        -1.0,
        1.0,
        -1.0,
        -1.0,
        1.0,
        -1.0,
        1.0,
        -1.0,
        -1.0,
        -1.0,
        -1.0,
        1.0,
        1.0,
        -1.0,
        -1.0,
        -1.0,
        1.0,
        -1.0,
        -1.0,
        -1.0,
        1.0,
        -1.0,
        1.0,
        -1.0,
        -1.0,
        1.0,
        -1.0,
        -1.0,
        1.0,
        -1.0,
        -0.1355002522468567,
        1.0,
        -1.0,
        -1.0,
        -1.0,
        1.0,
        -1.0,
        1.0,
        -1.0,
        -1.0,
        1.0,
        -1.0,
        1.0,
        1.0,
        -1.0,
        1.0,
        -0.11145228892564774,
        1.0,
        -1.0,
        1.0,
        1.0,
        -1.0,
        -1.0,
        -1.0,
        1.0,
        1.0,
        1.0,
        -1.0,
        -1.0,
        -1.0,
        1.0,
        1.0,
        -1.0,
        -1.0,
        -1.0,
        1.0,
        1.0,
        1.0,
        -1.0,
        1.0,
        -1.0,
        -1.0,
        -1.0,
        1.0,
        1.0,
        -0.869515597820282,
        -1.0,
        -1.0,
        1.0,
        -1.0,
        1.0,
        1.0,
        1.0,
        1.0,
        1.0,
        1.0,
        -1.0,
        1.0,
        1.0,
        1.0,
        -1.0,
        -1.0,
        1.0,
        -1.0,
        -1.0,
        -1.0,
        1.0,
        -1.0,
        -1.0,
        -1.0,
        -1.0,
        -1.0,
        1.0,
        1.0,
        1.0
    ],
    "embedding_scaling_factor": 618.326171875,
    "samples": [
        2,
        2,
        5,
        1,
        0,
        0,
        1,
        1,
        2,
        14,
        0,
        1,
        1,
        1,
        2,
        7,
        0,
        0,
        0,
        1,
        1,
        2,
        1,
        0,
        0,
        1,
        0,
        0,
        0,
        0,
        1,
        0,
        0,
        0,
        0,
        3,
        1,
        1,
        2,
        0,
        0,
        1,
        0,
        1,
        3,
        0,
        0,
        0,
        1,
        1,
        4,
        0,
        0,
        1,
        4,
        5,
        1,
        0,
        0,
        4,
        1,
        1,
        1,
        4,
        1,
        1,
        1,
        1,
        3,
        1,
        0,
        1,
        0,
        0,
        1,
        2,
        4,
        2,
        4,
        0,
        0,
        1,
        0,
        0,
        1,
        2,
        0,
        0,
        0,
        0,
        0,
        1,
        2,
        0,
        1,
        1,
        0,
        2,
        1,
        3
    ],
    "category_values_ratio": {
        "0": 95370,
        "1": 65301,
        "2": 31466,
        "3": 15351,
        "4": 7997,
        "5": 4560,
        "6": 2773,
        "7": 1814,
        "8": 1308,
        "9": 896,
        "10": 727,
        "11": 480,
        "12": 446,
        "13": 346,
        "14": 227,
        "15": 207,
        "16": 127,
        "18": 109,
        "17": 105,
        "19": 64,
        "20": 51,
        "21": 41,
        "22": 24,
        "23": 24,
        "24": 17,
        "25": 11,
        "28": 10,
        "26": 8,
        "27": 6,
        "39": 4,
        "30": 4,
        "31": 3,
        "38": 3,
        "68": 3,
        "40": 3,
        "43": 2,
        "32": 2,
        "29": 2,
        "82": 1,
        "57": 1,
        "35": 1,
        "66": 1,
        "60": 1,
        "49": 1,
        "52": 1,
        "58": 1,
        "67": 1,
        "41": 1,
        "74": 1,
        "45": 1,
        "33": 1,
        "76": 1,
        "120": 1
    },
    "nrows": 229907
}