{
    "column_id": "Relocated-Vehicles/Relocated-Vehicles.csvRelocated-Vehicles.csv/Relocated+From+Address+Number",
    "dataset_name": "Relocated-Vehicles.csv",
    "dataset_id": "Relocated-Vehicles/Relocated-Vehicles.csv",
    "path": "/home/ubuntu/CatDB/Experiments/data/Relocated-Vehicles/Relocated-Vehicles.csv",
    "table_name": "Relocated-Vehicles.csv",
    "table_id": "Relocated-Vehicles/Relocated-Vehicles.csvRelocated-Vehicles.csv",
    "column_name": "Relocated From Address Number",
    "data_source": "Relocated-Vehicles",
    "data_type": "int",
    "total_values_count": 3361,
    "distinct_values_count": 2125,
    "missing_values_count": 0,
    "true_ratio": null,
    "min_value": 1.0,
    "max_value": 15556.0,
    "mean": 3059.6271942874146,
    "median": 2652.0,
    "iqr": 3257.0,
    "category_values": null,
    "embedding": [
        -1.0,
        -1.0,
        -1.0,
        1.0,
        -1.0,
        1.0,
        -1.0,
        -1.0,
        -1.0,
        -1.0,
        1.0,
        -1.0,
        -1.0,
        1.0,
        1.0,
        1.0,
        1.0,
        -1.0,
        1.0,
        -1.0,
        1.0,
        -1.0,
        1.0,
        -1.0,
        1.0,
        -1.0,
        -1.0,
        1.0,
        -1.0,
        -1.0,
        1.0,
        1.0,
        -1.0,
        -1.0,
        -1.0,
        1.0,
        -1.0,
        1.0,
        1.0,
        -1.0,
        -1.0,
        1.0,
        -1.0,
        -1.0,
        -1.0,
        -1.0,
        1.0,
        -1.0,
        -0.9999999403953552,
        -0.9944800734519958,
        -1.0,
        1.0,
        1.0,
        1.0,
        -1.0,
        1.0,
        1.0,
        1.0,
        -1.0,
        0.9993254542350769,
        -1.0,
        -1.0,
        1.0,
        -1.0,
        1.0,
        -1.0,
        1.0,
        -1.0,
        1.0,
        1.0,
        1.0,
        -1.0,
        -1.0,
        -1.0,
        -1.0,
        1.0,
        1.0,
        1.0,
        1.0,
        1.0,
        1.0,
        1.0,
        1.0,
        -1.0,
        -1.0,
        1.0,
        -1.0,
        1.0,
        1.0,
        1.0,
        -1.0,
        1.0,
        1.0,
        -1.0,
        1.0,
        -1.0,
        1.0,
        -1.0,
        -1.0,
        -1.0,
        -0.9987709522247314,
        -1.0,
        1.0,
        -1.0,
        -1.0,
        1.0,
        1.0,
        1.0,
        -1.0,
        -1.0,
        1.0,
        -1.0,
        -1.0,
        1.0,
        1.0,
        1.0,
        1.0,
        1.0,
        1.0,
        -1.0,
        -1.0,
        1.0,
        -1.0,
        -1.0,
        1.0,
        -1.0,
        -1.0,
        -0.9999989867210388,
        -1.0,
        1.0,
        -1.0,
        1.0,
        -1.0,
        -1.0,
        1.0,
        -1.0,
        -1.0,
        1.0,
        1.0,
        -1.0,
        1.0,
        1.0,
        1.0,
        -1.0,
        1.0,
        -1.0,
        1.0,
        -1.0,
        -1.0,
        -1.0,
        1.0,
        -1.0,
        1.0,
        -1.0,
        1.0,
        -1.0,
        1.0,
        -1.0,
        1.0,
        -1.0,
        -1.0,
        1.0,
        -1.0,
        -1.0,
        1.0,
        -1.0,
        1.0,
        -1.0,
        -1.0,
        -1.0,
        -1.0,
        -1.0,
        1.0,
        1.0,
        -1.0,
        -1.0,
        1.0,
        -1.0,
        -1.0,
        -1.0,
        1.0,
        -1.0,
        -1.0,
        -1.0,
        1.0,
        -1.0,
        1.0,
        -1.0,
        -1.0,
        -1.0,
        1.0,
        1.0,
        1.0,
        1.0,
        -1.0,
        -1.0,
        1.0,
        -1.0,
        -1.0,
        1.0,
        -1.0,
        1.0,
        -1.0,
        -1.0,
        -1.0,
        -1.0,
        1.0,
        1.0,
        -1.0,
        -1.0,
        -1.0,
        1.0,
        -1.0,
        -1.0,
        -1.0,
        1.0,
        -1.0,
        1.0,
        -1.0,
        -1.0,
        1.0,
        -1.0,
        -1.0,
        1.0,
        -1.0,
        -0.9947739243507385,
        1.0,
        -1.0,
        -1.0,
        -1.0,
        1.0,
        -1.0,
        1.0,
        -1.0,
        -1.0,
        1.0,
        -1.0,
        1.0,
        1.0,
        -1.0,
        1.0,
        -0.9907764196395874,
        1.0,
        -1.0,
        1.0,
        1.0,
        -1.0,
        -1.0,
        -1.0,
        1.0,
        1.0,
        1.0,
        -1.0,
        -1.0,
        -1.0,
        1.0,
        1.0,
        -1.0,
        -1.0,
        -1.0,
        1.0,
        1.0,
        1.0,
        -1.0,
        1.0,
        -1.0,
        -1.0,
        -1.0,
        1.0,
        1.0,
        -0.9990159869194031,
        -1.0,
        -1.0,
        1.0,
        -1.0,
        1.0,
        1.0,
        1.0,
        1.0,
        1.0,
        1.0,
        -1.0,
        1.0,
        1.0,
        1.0,
        -1.0,
        -1.0,
        1.0,
        -1.0,
        -1.0,
        -1.0,
        1.0,
        -1.0,
        -1.0,
        -1.0,
        -1.0,
        -1.0,
        1.0,
        1.0,
        1.0
    ],
    "embedding_scaling_factor": 14.857699394226074,
    "samples": [
        4000,
        212,
        1631,
        2721,
        8642,
        4652,
        6151,
        2122,
        2412,
        731,
        2857,
        4529,
        2035,
        1655,
        1732,
        426,
        719,
        7157,
        2212,
        733,
        4700,
        739,
        4420,
        3423,
        9038,
        1021,
        6634,
        3764,
        3218,
        4854,
        10433,
        339,
        3834,
        2700,
        9146,
        3751,
        2939,
        3900,
        1245,
        4845,
        1000,
        174,
        1734,
        1311,
        2960,
        2025,
        4753,
        1202,
        6400,
        1608,
        4715,
        4730,
        4857,
        540,
        1219,
        2204,
        2038,
        2609,
        2120,
        1336,
        1512,
        227,
        5118,
        1247,
        1136,
        2208,
        1933,
        5341,
        1160,
        5507,
        1146,
        3057,
        6005,
        1113,
        2947,
        3334,
        5326,
        1549,
        3343,
        5506,
        6859,
        6344,
        2114,
        3547,
        5208,
        2414,
        1036,
        2600,
        1645,
        4637,
        4354,
        900,
        6640,
        2222,
        5144,
        5743,
        1027,
        172,
        973,
        3608
    ],
    "category_values_ratio": null,
    "nrows": 3361
}