{
    "column_id": "Utility/Utility.csvUtility.csv/Escalated+Complaints",
    "dataset_name": "Utility.csv",
    "dataset_id": "Utility/Utility.csv",
    "path": "/home/ubuntu/CatDB/Experiments/data/Utility/Utility.csv",
    "table_name": "Utility.csv",
    "table_id": "Utility/Utility.csvUtility.csv",
    "column_name": "Escalated Complaints",
    "data_source": "Utility",
    "data_type": "int",
    "total_values_count": 4574,
    "distinct_values_count": 108,
    "missing_values_count": 0,
    "true_ratio": null,
    "min_value": 0.0,
    "max_value": 297.0,
    "mean": 8.531482291211194,
    "median": 3.0,
    "iqr": 6.0,
    "category_values": [
        5,
        2,
        1,
        6,
        51,
        0,
        4,
        16,
        22,
        11,
        3,
        35,
        7,
        66,
        29,
        50,
        9,
        58,
        13,
        8,
        39,
        55,
        37,
        63,
        41,
        92,
        45,
        65,
        53,
        52,
        68,
        64,
        43,
        82,
        12,
        44,
        59,
        10,
        54,
        19,
        86,
        46,
        17,
        70,
        14,
        18,
        106,
        67,
        42,
        49,
        33,
        57,
        38,
        61,
        60,
        23,
        15,
        48,
        36,
        47,
        56,
        71,
        105,
        34,
        75,
        40,
        25,
        31,
        32,
        62,
        30,
        20,
        28,
        73,
        26,
        27,
        24,
        69,
        21,
        84,
        78,
        93,
        72,
        89,
        80,
        79,
        81,
        98,
        110,
        91,
        121,
        112,
        190,
        297,
        158,
        101,
        90,
        77,
        85,
        96,
        74,
        140,
        88,
        94,
        95,
        83,
        122,
        107
    ],
    "embedding": [
        -1.0,
        -1.0,
        -1.0,
        1.0,
        -1.0,
        1.0,
        -1.0,
        -1.0,
        -1.0,
        -1.0,
        1.0,
        -1.0,
        -1.0,
        1.0,
        1.0,
        1.0,
        1.0,
        -1.0,
        1.0,
        -1.0,
        1.0,
        -1.0,
        1.0,
        -1.0,
        1.0,
        -1.0,
        -1.0,
        1.0,
        -1.0,
        -1.0,
        1.0,
        1.0,
        -1.0,
        -1.0,
        -1.0,
        1.0,
        -1.0,
        1.0,
        1.0,
        -1.0,
        -1.0,
        1.0,
        -1.0,
        -1.0,
        -1.0,
        -1.0,
        1.0,
        -1.0,
        -1.0,
        -0.5320051908493042,
        -1.0,
        1.0,
        1.0,
        1.0,
        -1.0,
        1.0,
        1.0,
        1.0,
        -1.0,
        0.7180835604667664,
        -1.0,
        -1.0,
        1.0,
        -1.0,
        1.0,
        -1.0,
        1.0,
        -1.0,
        1.0,
        1.0,
        1.0,
        -1.0,
        -1.0,
        -1.0,
        -1.0,
        1.0,
        1.0,
        1.0,
        1.0,
        1.0,
        1.0,
        1.0,
        1.0,
        -1.0,
        -1.0,
        1.0,
        -1.0,
        1.0,
        1.0,
        1.0,
        -1.0,
        1.0,
        1.0,
        -1.0,
        1.0,
        -1.0,
        1.0,
        -1.0,
        -1.0,
        -1.0,
        -0.9463993906974792,
        -1.0,
        1.0,
        -1.0,
        -1.0,
        1.0,
        1.0,
        1.0,
        -1.0,
        -1.0,
        1.0,
        -1.0,
        -1.0,
        1.0,
        1.0,
        1.0,
        1.0,
        1.0,
        1.0,
        -1.0,
        -1.0,
        1.0,
        -1.0,
        -1.0,
        1.0,
        -1.0,
        -1.0,
        -1.0,
        -1.0,
        1.0,
        -1.0,
        1.0,
        -1.0,
        -1.0,
        1.0,
        -1.0,
        -1.0,
        1.0,
        1.0,
        -1.0,
        1.0,
        1.0,
        1.0,
        -1.0,
        1.0,
        -1.0,
        1.0,
        -1.0,
        -1.0,
        -1.0,
        1.0,
        -1.0,
        1.0,
        -1.0,
        1.0,
        -1.0,
        1.0,
        -1.0,
        1.0,
        -1.0,
        -1.0,
        1.0,
        -1.0,
        -1.0,
        1.0,
        -1.0,
        1.0,
        -1.0,
        -1.0,
        -1.0,
        -1.0,
        -1.0,
        1.0,
        1.0,
        -1.0,
        -1.0,
        1.0,
        -1.0,
        -1.0,
        -1.0,
        1.0,
        -1.0,
        -1.0,
        -1.0,
        1.0,
        -1.0,
        1.0,
        -1.0,
        -1.0,
        -1.0,
        1.0,
        1.0,
        1.0,
        1.0,
        -1.0,
        -1.0,
        1.0,
        -1.0,
        -1.0,
        1.0,
        -1.0,
        1.0,
        -1.0,
        -1.0,
        -1.0,
        -1.0,
        1.0,
        1.0,
        -1.0,
        -1.0,
        -1.0,
        1.0,
        -1.0,
        -1.0,
        -1.0,
        1.0,
        -1.0,
        1.0,
        -1.0,
        -1.0,
        1.0,
        -1.0,
        -1.0,
        1.0,
        -1.0,
        -0.5299948453903198,
        1.0,
        -1.0,
        -1.0,
        -1.0,
        1.0,
        -1.0,
        1.0,
        -1.0,
        -1.0,
        1.0,
        -1.0,
        1.0,
        1.0,
        -1.0,
        1.0,
        -0.517246663570404,
        1.0,
        -1.0,
        1.0,
        1.0,
        -1.0,
        -1.0,
        -1.0,
        1.0,
        1.0,
        1.0,
        -1.0,
        -1.0,
        -1.0,
        1.0,
        1.0,
        -1.0,
        -1.0,
        -1.0,
        1.0,
        1.0,
        1.0,
        -1.0,
        1.0,
        -1.0,
        -1.0,
        -1.0,
        1.0,
        1.0,
        -0.9215625524520874,
        -1.0,
        -1.0,
        1.0,
        -1.0,
        1.0,
        1.0,
        1.0,
        1.0,
        1.0,
        1.0,
        -1.0,
        1.0,
        1.0,
        1.0,
        -1.0,
        -1.0,
        1.0,
        -1.0,
        -1.0,
        -1.0,
        1.0,
        -1.0,
        -1.0,
        -1.0,
        -1.0,
        -1.0,
        1.0,
        1.0,
        1.0
    ],
    "embedding_scaling_factor": 732.1179809570312,
    "samples": [
        0,
        2,
        1,
        4,
        1,
        6,
        2,
        0,
        4,
        0,
        2,
        6,
        3,
        3,
        8,
        5,
        8,
        5,
        0,
        2,
        7,
        2,
        0,
        5,
        1,
        4,
        1,
        6,
        4,
        5,
        1,
        2,
        6,
        1,
        22,
        5,
        1,
        20,
        6,
        7,
        19,
        26,
        2,
        89,
        2,
        1,
        2,
        1,
        0,
        3,
        11,
        5,
        2,
        0,
        1,
        2,
        2,
        2,
        3,
        5,
        4,
        101,
        2,
        14,
        2,
        4,
        8,
        6,
        3,
        4,
        5,
        8,
        5,
        7,
        0,
        0,
        4,
        1,
        11,
        1,
        1,
        8,
        8,
        1,
        0,
        3,
        1,
        4,
        2,
        6,
        1,
        3,
        1,
        6,
        3,
        0,
        2,
        5,
        6,
        0
    ],
    "category_values_ratio": {
        "1": 774,
        "2": 661,
        "0": 579,
        "3": 540,
        "4": 377,
        "5": 253,
        "6": 204,
        "7": 152,
        "8": 124,
        "9": 79,
        "10": 68,
        "11": 59,
        "13": 52,
        "12": 47,
        "15": 34,
        "14": 33,
        "17": 28,
        "16": 25,
        "20": 14,
        "19": 13,
        "18": 13,
        "37": 12,
        "22": 12,
        "21": 12,
        "23": 11,
        "46": 11,
        "45": 11,
        "63": 11,
        "41": 11,
        "55": 10,
        "28": 10,
        "34": 10,
        "27": 9,
        "59": 9,
        "52": 9,
        "43": 9,
        "35": 9,
        "50": 9,
        "24": 8,
        "44": 8,
        "48": 8,
        "30": 8,
        "26": 8,
        "51": 7,
        "58": 7,
        "57": 7,
        "36": 7,
        "53": 7,
        "42": 6,
        "33": 6,
        "49": 6,
        "54": 6,
        "70": 6,
        "65": 6,
        "75": 6,
        "32": 6,
        "68": 6,
        "47": 6,
        "31": 6,
        "81": 5,
        "25": 5,
        "61": 5,
        "71": 5,
        "73": 5,
        "80": 5,
        "64": 5,
        "40": 4,
        "67": 4,
        "62": 4,
        "93": 4,
        "74": 4,
        "66": 4,
        "38": 4,
        "72": 4,
        "86": 3,
        "92": 3,
        "29": 3,
        "39": 3,
        "60": 3,
        "84": 3,
        "79": 3,
        "78": 3,
        "85": 2,
        "106": 2,
        "82": 2,
        "98": 2,
        "96": 2,
        "56": 2,
        "95": 2,
        "90": 2,
        "77": 2,
        "91": 2,
        "83": 2,
        "101": 2,
        "105": 1,
        "89": 1,
        "110": 1,
        "121": 1,
        "112": 1,
        "190": 1,
        "69": 1,
        "158": 1,
        "297": 1,
        "122": 1,
        "140": 1,
        "88": 1,
        "94": 1,
        "107": 1
    },
    "nrows": 4574
}