{
    "column_id": "Walmart-2014/features.csvfeatures.csv/Unemployment",
    "dataset_name": "features.csv",
    "dataset_id": "Walmart-2014/features.csv",
    "path": "/home/ubuntu/CatDB/Experiments/data/Walmart-2014/features.csv",
    "table_name": "features.csv",
    "table_id": "Walmart-2014/features.csvfeatures.csv",
    "column_name": "Unemployment",
    "data_source": "Walmart-2014",
    "data_type": "float",
    "total_values_count": 8190,
    "distinct_values_count": 404,
    "missing_values_count": 585,
    "true_ratio": null,
    "min_value": 3.684,
    "max_value": 14.313,
    "mean": 7.826821038790269,
    "median": 7.806,
    "iqr": 1.9329999999999998,
    "category_values": [
        8.106,
        7.808,
        7.787,
        7.838,
        7.742,
        7.682,
        7.962,
        7.866,
        7.348,
        7.143,
        6.908,
        6.573,
        6.525,
        6.314,
        8.324,
        8.2,
        8.099,
        8.163,
        8.028,
        7.931,
        7.852,
        7.441,
        7.057,
        6.891,
        6.565,
        6.17,
        6.237,
        6.112,
        7.368,
        7.343,
        7.346,
        7.564,
        7.551,
        7.574,
        7.567,
        7.197,
        6.833,
        6.664,
        6.334,
        6.034,
        6.108,
        5.999,
        8.623,
        7.896,
        7.372,
        7.127,
        6.51,
        5.946,
        5.644,
        5.143,
        4.607,
        4.308,
        4.077,
        3.879,
        3.921,
        3.896,
        6.566,
        6.465,
        6.496,
        6.768,
        6.634,
        6.489,
        6.529,
        6.3,
        5.943,
        5.801,
        5.603,
        5.422,
        5.494,
        5.278,
        7.259,
        7.092,
        6.973,
        7.007,
        6.858,
        6.855,
        6.925,
        6.551,
        6.132,
        5.964,
        5.668,
        5.329,
        5.372,
        5.285,
        9.014,
        8.963,
        9.017,
        9.137,
        8.818,
        8.595,
        8.622,
        8.513,
        8.256,
        8.09,
        7.872,
        7.557,
        7.107,
        6.953,
        6.299,
        6.29,
        6.315,
        6.433,
        6.262,
        6.297,
        6.425,
        6.123,
        5.825,
        5.679,
        5.401,
        5.124,
        5.212,
        5.024,
        6.415,
        6.384,
        6.442,
        6.56,
        6.416,
        6.38,
        6.404,
        6.054,
        5.667,
        5.539,
        5.277,
        4.954,
        5.049,
        4.893,
        9.765,
        9.524,
        9.199,
        9.003,
        8.744,
        8.494,
        8.257,
        7.874,
        7.545,
        7.382,
        7.17,
        6.943,
        6.897,
        6.791,
        13.975,
        14.099,
        14.18,
        14.313,
        14.021,
        13.736,
        13.503,
        12.89,
        12.187,
        11.627,
        10.926,
        10.199,
        9.91,
        9.874,
        8.316,
        8.107,
        7.951,
        7.795,
        7.47,
        7.193,
        6.877,
        6.392,
        6.104,
        5.965,
        5.765,
        5.621,
        5.274,
        8.992,
        8.899,
        8.743,
        8.724,
        8.549,
        8.521,
        8.625,
        8.523,
        8.424,
        8.567,
        8.684,
        8.667,
        8.335,
        8.35,
        8.185,
        8.067,
        7.771,
        7.658,
        7.806,
        7.943,
        8.15,
        8.193,
        7.992,
        8.036,
        7.039,
        6.842,
        6.868,
        6.986,
        6.614,
        6.339,
        6.338,
        6.232,
        6.162,
        6.169,
        6.061,
        5.847,
        5.415,
        5.324,
        6.548,
        6.635,
        6.697,
        6.885,
        6.866,
        6.774,
        6.745,
        6.617,
        6.403,
        6.235,
        5.936,
        5.527,
        5.275,
        5.213,
        9.202,
        9.269,
        9.342,
        9.331,
        9.131,
        8.975,
        8.89,
        8.471,
        8.075,
        8.304,
        8.535,
        8.243,
        7.942,
        7.788,
        8.187,
        7.856,
        7.527,
        7.484,
        7.287,
        7.274,
        7.082,
        6.961,
        7.139,
        7.28,
        7.293,
        7.439,
        7.191,
        8.283,
        8.348,
        8.433,
        8.572,
        8.458,
        8.252,
        8.023,
        7.706,
        7.503,
        7.671,
        7.753,
        7.543,
        7.328,
        7.176,
        5.892,
        5.435,
        5.326,
        5.287,
        5.114,
        4.781,
        4.584,
        4.42,
        4.261,
        4.125,
        4.156,
        4.145,
        3.932,
        3.684,
        8.326,
        8.211,
        8.117,
        8.275,
        8.212,
        8.358,
        8.454,
        8.659,
        8.983,
        8.953,
        8.693,
        8.75,
        8.362,
        8.488,
        8.512,
        8.445,
        8.149,
        7.907,
        7.818,
        7.767,
        7.598,
        7.467,
        7.489,
        7.405,
        7.138,
        7.097,
        6.884,
        8.237,
        8.058,
        7.982,
        8.021,
        7.827,
        7.725,
        7.85,
        7.906,
        8.009,
        8.253,
        8.239,
        8.0,
        7.945,
        7.697,
        10.064,
        10.16,
        10.409,
        10.524,
        10.256,
        9.966,
        9.863,
        9.357,
        8.988,
        9.14,
        9.419,
        9.151,
        8.951,
        8.78,
        10.115,
        9.849,
        9.495,
        9.265,
        8.687,
        8.442,
        8.01,
        7.603,
        7.396,
        7.147,
        6.895,
        6.806,
        6.698,
        9.521,
        9.593,
        9.816,
        10.21,
        10.398,
        10.581,
        10.641,
        10.148,
        9.653,
        9.575,
        9.285,
        8.839,
        8.934,
        8.796,
        9.262,
        9.051,
        8.861,
        8.763,
        8.745,
        8.876,
        8.665,
        8.6,
        8.36,
        8.554,
        8.464,
        8.476,
        8.395,
        8.3,
        8.177,
        7.716,
        7.244,
        6.989,
        6.623,
        6.228,
        6.266,
        6.143,
        7.541,
        7.363,
        7.335,
        7.508,
        7.241,
        6.934,
        6.901,
        6.759,
        6.589,
        6.547,
        6.432,
        6.195,
        5.771,
        5.639,
        8.119,
        7.972,
        7.804,
        7.61,
        7.224,
        6.906,
        6.078,
        5.774,
        5.407,
        5.217,
        4.983,
        4.872
    ],
    "embedding": [
        -0.0834929570555687,
        -0.09718460589647293,
        0.11628195643424988,
        -0.023000458255410194,
        0.02829686552286148,
        0.060222312808036804,
        0.05529366433620453,
        0.17183509469032288,
        0.2005060315132141,
        0.15752120316028595,
        -0.13414858281612396,
        -0.034681547433137894,
        0.04890961945056915,
        -0.16221225261688232,
        0.04471328854560852,
        -0.12303473055362701,
        0.15449762344360352,
        0.12486977130174637,
        0.06400787830352783,
        -0.05063268542289734,
        0.06263852119445801,
        -0.15156500041484833,
        0.06439338624477386,
        0.13241250813007355,
        -0.14407669007778168,
        -0.0961717888712883,
        -0.14105570316314697,
        -0.13086239993572235,
        0.09732100367546082,
        -0.23144854605197906,
        -0.10266266763210297,
        -0.021966984495520592,
        0.011604437604546547,
        -0.13581489026546478,
        0.15246398746967316,
        0.08836550265550613,
        0.08344117552042007,
        -0.062242086976766586,
        -0.034840695559978485,
        3.722119436133653e-05,
        -0.16336844861507416,
        0.061149872839450836,
        -0.05631934478878975,
        -0.002221151255071163,
        -0.10968534648418427,
        0.11020877957344055,
        -0.08163740485906601,
        0.017377149313688278,
        0.08534112572669983,
        0.0830129012465477,
        -0.02390601672232151,
        -0.11172331124544144,
        0.09622978419065475,
        -0.049298156052827835,
        0.039690226316452026,
        -0.06644535064697266,
        0.07374441623687744,
        0.11717381328344345,
        -0.0852416530251503,
        -0.08258743584156036,
        0.11481315642595291,
        0.045951832085847855,
        -0.02791616879403591,
        -0.005194913130253553,
        -0.06120787560939789,
        -0.15957720577716827,
        0.2394530326128006,
        0.17115366458892822,
        -0.09855962544679642,
        -0.11503826081752777,
        0.07849139720201492,
        0.053145308047533035,
        -0.1282026320695877,
        0.14895571768283844,
        -0.07646350562572479,
        -0.01719304919242859,
        0.13657031953334808,
        0.00023165887978393584,
        0.08700524270534515,
        0.06825203448534012,
        -0.003253518370911479,
        0.014972873963415623,
        0.00352945807389915,
        0.11156343668699265,
        -0.012304997071623802,
        0.02708842232823372,
        -0.01212004479020834,
        -0.1820954531431198,
        0.16063019633293152,
        0.10733559727668762,
        -0.04523586854338646,
        -0.01972818374633789,
        0.08990278095006943,
        0.08271017670631409,
        -0.06201230734586716,
        0.014851279556751251,
        0.021276280283927917,
        -0.05632668733596802,
        -0.029586922377347946,
        -0.1277732253074646,
        0.019663719460368156,
        0.09953407198190689,
        0.018232187256217003,
        -0.07624296844005585,
        -0.15009161829948425,
        0.01652861386537552,
        -0.022025447338819504,
        0.05780496075749397,
        0.0839066356420517,
        -0.08366407454013824,
        -0.13325649499893188,
        0.15226833522319794,
        0.006741285789757967,
        0.008783172816038132,
        -0.11605249345302582,
        -0.043351322412490845,
        0.024052217602729797,
        0.0477059930562973,
        0.01646583527326584,
        -0.013747609220445156,
        0.06040418893098831,
        0.12840145826339722,
        0.1144108697772026,
        -0.011226164177060127,
        0.006269997451454401,
        0.1183965727686882,
        0.09706408530473709,
        0.03549402207136154,
        0.01759139634668827,
        -0.1318591982126236,
        0.06874313205480576,
        -0.01255770679563284,
        -0.05708784610033035,
        -0.029143445193767548,
        -0.06335590034723282,
        -0.0536029115319252,
        0.11704950034618378,
        0.0187143012881279,
        -0.16066499054431915,
        0.05720485746860504,
        0.028090104460716248,
        -0.06296034157276154,
        0.06570024788379669,
        -0.11508050560951233,
        -0.1288081705570221,
        -0.006099402438849211,
        -0.03494517132639885,
        0.08695124834775925,
        0.1843395233154297,
        -0.0697651207447052,
        0.10828439146280289,
        -0.14746814966201782,
        -0.22080105543136597,
        0.15037618577480316,
        -0.030740756541490555,
        -0.07001757621765137,
        -0.06926072388887405,
        -0.03867608681321144,
        0.05358387902379036,
        -0.13128125667572021,
        -0.06125517189502716,
        0.04723905026912689,
        -0.0068565597757697105,
        0.013220048509538174,
        -0.04510704427957535,
        -0.08946951478719711,
        -0.0399952307343483,
        0.11102984845638275,
        0.027187975123524666,
        0.05159580335021019,
        -0.018203798681497574,
        -0.012212351895868778,
        -0.22924093902111053,
        0.11381181329488754,
        -0.025693336501717567,
        0.008829551748931408,
        -0.17211879789829254,
        -0.010480543598532677,
        -0.038597360253334045,
        0.061954740434885025,
        0.0690845251083374,
        -0.0895342230796814,
        0.033074237406253815,
        -0.048948224633932114,
        -0.11507052183151245,
        -0.06135990470647812,
        -0.12050025165081024,
        -0.11770975589752197,
        -0.07215109467506409,
        -0.02881864830851555,
        0.07732903957366943,
        -0.030222661793231964,
        -0.05760152265429497,
        -0.0698813647031784,
        -0.01867593079805374,
        -0.017114078626036644,
        -0.10663113743066788,
        0.00865747407078743,
        0.16153132915496826,
        0.12952113151550293,
        0.1517697125673294,
        -0.029832979664206505,
        -0.056656692177057266,
        0.11512158066034317,
        -0.014139666222035885,
        0.0919790044426918,
        0.06358809024095535,
        0.018875788897275925,
        0.06005176901817322,
        -0.10198713839054108,
        0.06071903556585312,
        -0.00284762610681355,
        0.1451455056667328,
        0.07091030478477478,
        -0.13977886736392975,
        0.02414119429886341,
        -0.14763258397579193,
        0.23058730363845825,
        0.0045485952869057655,
        -0.08473358303308487,
        0.1642320603132248,
        -0.12540575861930847,
        0.09653893858194351,
        0.007374057546257973,
        0.12061218172311783,
        -0.010598537512123585,
        -0.05933604761958122,
        -0.1688072234392166,
        0.017632361501455307,
        0.08895724266767502,
        0.11334996670484543,
        0.011234973557293415,
        -0.03457266092300415,
        0.01657201163470745,
        -0.024098750203847885,
        0.10268469899892807,
        0.030270986258983612,
        0.017287403345108032,
        0.024285033345222473,
        -0.0543372742831707,
        0.1317312866449356,
        -0.1483861356973648,
        0.048808831721544266,
        -0.08615327626466751,
        -0.03704855218529701,
        0.14347423613071442,
        0.10730498284101486,
        0.005261329934000969,
        -0.020369751378893852,
        0.0981849655508995,
        0.05842834338545799,
        -0.18119367957115173,
        0.002827181713655591,
        0.07509549707174301,
        0.04197193309664726,
        0.14911453425884247,
        0.10593504458665848,
        -0.0013152530882507563,
        0.11000209301710129,
        0.03862608224153519,
        0.0723099336028099,
        0.00394450081512332,
        -0.001755210803821683,
        0.07314646989107132,
        -0.1036221906542778,
        -0.017799070104956627,
        0.05118902772665024,
        -0.12197582423686981,
        -0.03137330338358879,
        0.06350822746753693,
        -0.04123949632048607,
        -0.0065019866451621056,
        -0.008031749166548252,
        0.02113671600818634,
        -0.2423291951417923,
        0.05482617765665054,
        -0.030883708968758583,
        0.08915723860263824,
        -0.001964425202459097,
        -0.028722157701849937,
        0.011515358462929726,
        0.10256506502628326,
        0.12869881093502045,
        0.08928683400154114,
        0.09538139402866364,
        0.2355865240097046,
        0.15261061489582062,
        0.15491773188114166,
        0.0248551107943058,
        0.007716753985732794,
        0.12541930377483368,
        0.16077762842178345,
        -0.04542950913310051,
        -0.1044471338391304,
        -0.03324564918875694,
        -0.05422905832529068,
        0.013193031772971153,
        0.09394970536231995,
        -0.11687085777521133,
        -0.03186551108956337
    ],
    "embedding_scaling_factor": 0.00010365038178861141,
    "samples": [
        8.622,
        8.951,
        6.565,
        6.623,
        9.14,
        6.054,
        8.185,
        8.6,
        6.806,
        7.441,
        7.348,
        5.892,
        7.363,
        5.287,
        5.372,
        9.202,
        6.891,
        5.946,
        8.163,
        7.328,
        8.177,
        7.241,
        7.943,
        9.137,
        8.257,
        8.625,
        5.667,
        6.897,
        5.114,
        9.14,
        13.503,
        13.975,
        6.108,
        8.424,
        8.899,
        10.409,
        4.781,
        8.951,
        8.35,
        9.137,
        9.91,
        8.693,
        10.926,
        8.099,
        8.256,
        7.943,
        6.547,
        8.899,
        13.975,
        6.237,
        8.513,
        7.139,
        8.687,
        7.557,
        7.874,
        7.564,
        8.622,
        6.034,
        7.439,
        8.324,
        6.228,
        7.057,
        7.007,
        4.125,
        6.745,
        6.56,
        5.667,
        5.049,
        5.964,
        7.439,
        7.138,
        7.274,
        7.197,
        7.259,
        5.943,
        8.951,
        8.023,
        9.593,
        8.395,
        8.256,
        8.099,
        5.407,
        7.551,
        8.433,
        3.932,
        7.943,
        7.287,
        9.816,
        6.112,
        8.445,
        6.697,
        7.931,
        8.177,
        5.999
    ],
    "category_values_ratio": {
        "8.099": 78,
        "7.852": 56,
        "8.163": 56,
        "8.625": 54,
        "7.441": 52,
        "8.2": 52,
        "6.237": 52,
        "6.17": 52,
        "6.565": 52,
        "6.891": 52,
        "7.057": 52,
        "7.931": 52,
        "7.343": 50,
        "8.028": 48,
        "8.36": 43,
        "13.503": 42,
        "14.313": 42,
        "8.476": 42,
        "8.177": 42,
        "8.684": 40,
        "6.623": 39,
        "6.228": 39,
        "8.3": 39,
        "14.099": 39,
        "14.18": 39,
        "7.866": 39,
        "13.736": 39,
        "8.839": 39,
        "12.89": 39,
        "6.989": 39,
        "6.266": 39,
        "10.926": 39,
        "12.187": 39,
        "8.464": 39,
        "11.627": 39,
        "7.244": 39,
        "9.91": 39,
        "10.199": 39,
        "7.716": 39,
        "8.744": 37,
        "8.395": 36,
        "7.806": 36,
        "8.549": 36,
        "14.021": 36,
        "8.324": 32,
        "7.564": 28,
        "8.067": 28,
        "10.21": 28,
        "7.484": 28,
        "4.584": 28,
        "7.567": 28,
        "5.287": 28,
        "6.56": 28,
        "9.137": 28,
        "8.257": 28,
        "7.274": 28,
        "9.003": 28,
        "8.724": 28,
        "10.641": 28,
        "8.622": 28,
        "7.574": 26,
        "8.963": 26,
        "8.595": 26,
        "8.513": 26,
        "8.256": 26,
        "8.09": 26,
        "7.872": 26,
        "5.326": 26,
        "9.017": 26,
        "8.185": 26,
        "5.372": 26,
        "7.28": 26,
        "7.293": 26,
        "7.439": 26,
        "7.658": 26,
        "7.197": 26,
        "6.034": 26,
        "6.833": 26,
        "7.107": 26,
        "8.036": 26,
        "9.816": 26,
        "9.285": 26,
        "7.346": 26,
        "8.934": 26,
        "9.593": 26,
        "7.557": 26,
        "6.664": 26,
        "10.148": 26,
        "9.653": 26,
        "10.581": 26,
        "9.575": 26,
        "6.108": 26,
        "6.334": 26,
        "5.435": 26,
        "7.874": 26,
        "8.667": 26,
        "7.943": 26,
        "9.524": 26,
        "9.199": 26,
        "8.193": 26,
        "8.15": 26,
        "8.494": 26,
        "8.523": 26,
        "7.545": 26,
        "7.527": 26,
        "3.932": 26,
        "7.382": 26,
        "7.17": 26,
        "6.943": 26,
        "6.897": 26,
        "7.082": 26,
        "4.781": 26,
        "7.856": 26,
        "7.287": 26,
        "7.992": 26,
        "7.139": 26,
        "4.145": 26,
        "4.42": 26,
        "4.261": 26,
        "5.621": 26,
        "8.899": 26,
        "8.743": 26,
        "8.424": 26,
        "4.125": 26,
        "8.521": 26,
        "8.567": 26,
        "4.156": 26,
        "6.961": 26,
        "8.512": 26,
        "8.951": 25,
        "8.252": 25,
        "7.551": 24,
        "8.818": 24,
        "5.114": 24,
        "10.398": 24,
        "13.975": 24,
        "8.554": 24,
        "7.771": 24,
        "8.35": 16,
        "9.521": 16,
        "9.765": 16,
        "7.368": 16,
        "8.187": 16,
        "5.892": 16,
        "6.112": 16,
        "8.992": 16,
        "9.014": 16,
        "7.767": 14,
        "9.265": 14,
        "6.404": 14,
        "8.275": 14,
        "6.877": 14,
        "7.85": 14,
        "8.021": 14,
        "6.433": 14,
        "7.61": 14,
        "8.149": 14,
        "10.524": 14,
        "9.863": 14,
        "6.925": 14,
        "7.795": 14,
        "8.763": 14,
        "8.358": 14,
        "7.838": 14,
        "7.007": 14,
        "7.962": 14,
        "6.986": 14,
        "8.89": 14,
        "5.644": 14,
        "7.127": 14,
        "6.768": 14,
        "8.442": 14,
        "6.529": 14,
        "6.901": 14,
        "6.425": 14,
        "6.338": 14,
        "6.885": 14,
        "6.745": 14,
        "7.508": 14,
        "8.023": 14,
        "8.572": 14,
        "9.331": 14,
        "6.496": 13,
        "4.308": 13,
        "4.077": 13,
        "3.879": 13,
        "3.921": 13,
        "5.774": 13,
        "6.078": 13,
        "6.465": 13,
        "6.162": 13,
        "6.489": 13,
        "6.3": 13,
        "6.054": 13,
        "6.384": 13,
        "5.539": 13,
        "6.235": 13,
        "5.143": 13,
        "5.277": 13,
        "6.061": 13,
        "4.607": 13,
        "6.525": 13,
        "5.946": 13,
        "7.682": 13,
        "5.415": 13,
        "6.38": 13,
        "5.422": 13,
        "5.801": 13,
        "5.667": 13,
        "5.943": 13,
        "7.787": 13,
        "7.348": 13,
        "7.372": 13,
        "7.143": 13,
        "6.908": 13,
        "6.573": 13,
        "4.983": 13,
        "5.217": 13,
        "5.407": 13,
        "7.896": 13,
        "7.808": 13,
        "5.965": 13,
        "6.934": 13,
        "6.635": 13,
        "7.951": 13,
        "4.954": 13,
        "5.049": 13,
        "6.195": 13,
        "6.432": 13,
        "6.547": 13,
        "8.107": 13,
        "7.193": 13,
        "6.392": 13,
        "6.104": 13,
        "8.876": 13,
        "8.665": 13,
        "5.765": 13,
        "6.589": 13,
        "6.759": 13,
        "6.868": 13,
        "6.842": 13,
        "6.169": 13,
        "6.232": 13,
        "7.942": 13,
        "5.275": 13,
        "6.697": 13,
        "6.774": 13,
        "6.617": 13,
        "6.403": 13,
        "5.936": 13,
        "6.339": 13,
        "5.527": 13,
        "7.335": 13,
        "8.243": 13,
        "9.269": 13,
        "9.342": 13,
        "8.975": 13,
        "8.471": 13,
        "8.075": 13,
        "8.304": 13,
        "8.535": 13,
        "6.442": 13,
        "7.725": 13,
        "5.771": 13,
        "9.14": 13,
        "8.861": 13,
        "9.495": 13,
        "7.906": 13,
        "8.009": 13,
        "8.745": 13,
        "7.405": 13,
        "7.489": 13,
        "8.659": 13,
        "8.988": 13,
        "8.454": 13,
        "8.983": 13,
        "8.953": 13,
        "8.117": 13,
        "8.693": 13,
        "8.75": 13,
        "9.849": 13,
        "9.151": 13,
        "9.051": 13,
        "8.6": 13,
        "8.212": 13,
        "7.706": 13,
        "8.211": 13,
        "7.945": 13,
        "7.328": 13,
        "7.543": 13,
        "7.753": 13,
        "7.671": 13,
        "7.503": 13,
        "5.212": 13,
        "7.982": 13,
        "8.0": 13,
        "7.097": 13,
        "8.01": 13,
        "8.239": 13,
        "8.433": 13,
        "8.348": 13,
        "8.058": 13,
        "9.419": 13,
        "7.138": 13,
        "6.806": 13,
        "6.29": 13,
        "6.855": 13,
        "6.132": 13,
        "5.964": 13,
        "5.668": 13,
        "5.329": 13,
        "7.804": 13,
        "7.972": 13,
        "6.315": 13,
        "7.092": 13,
        "6.297": 13,
        "6.123": 13,
        "5.825": 13,
        "5.679": 13,
        "5.401": 13,
        "5.124": 13,
        "9.357": 13,
        "6.973": 13,
        "6.551": 13,
        "6.906": 13,
        "8.445": 13,
        "7.467": 13,
        "6.895": 13,
        "7.147": 13,
        "9.966": 13,
        "7.396": 13,
        "5.494": 13,
        "10.16": 13,
        "8.687": 13,
        "10.409": 13,
        "7.603": 13,
        "7.818": 13,
        "7.598": 13,
        "8.253": 13,
        "5.847": 13,
        "7.363": 13,
        "5.603": 13,
        "7.827": 12,
        "6.614": 12,
        "6.866": 12,
        "6.262": 12,
        "7.47": 12,
        "6.858": 12,
        "9.874": 12,
        "6.51": 12,
        "10.256": 12,
        "7.241": 12,
        "9.131": 12,
        "6.143": 12,
        "7.907": 12,
        "7.224": 12,
        "7.742": 12,
        "6.416": 12,
        "6.634": 12,
        "8.458": 12,
        "8.237": 8,
        "8.283": 8,
        "3.684": 8,
        "6.566": 8,
        "8.488": 8,
        "10.115": 8,
        "8.623": 8,
        "10.064": 8,
        "5.999": 8,
        "9.202": 8,
        "6.415": 8,
        "7.259": 8,
        "8.326": 8,
        "6.548": 8,
        "6.299": 8,
        "8.796": 8,
        "7.541": 8,
        "8.119": 8,
        "9.262": 8,
        "7.191": 8,
        "8.106": 8,
        "6.791": 8,
        "8.316": 8,
        "6.953": 8,
        "8.335": 8,
        "7.039": 8,
        "5.213": 4,
        "6.698": 4,
        "8.78": 4,
        "7.697": 4,
        "6.884": 4,
        "8.362": 4,
        "7.176": 4,
        "7.788": 4,
        "5.285": 4,
        "5.274": 4,
        "4.893": 4,
        "5.639": 4,
        "5.324": 4,
        "6.314": 4,
        "3.896": 4,
        "5.024": 4,
        "5.278": 4,
        "4.872": 4
    },
    "nrows": 8190
}