{
    "column_id": "Financial/order.csvorder.csv/account_id",
    "dataset_name": "order.csv",
    "dataset_id": "Financial/order.csv",
    "path": "/home/ubuntu/CatDB/Experiments/data/Financial/order.csv",
    "table_name": "order.csv",
    "table_id": "Financial/order.csvorder.csv",
    "column_name": "account_id",
    "data_source": "Financial",
    "data_type": "int",
    "total_values_count": 6471,
    "distinct_values_count": 3758,
    "missing_values_count": 0,
    "true_ratio": null,
    "min_value": 1.0,
    "max_value": 11362.0,
    "mean": 2962.302889816103,
    "median": 2433.0,
    "iqr": 2422.5,
    "category_values": null,
    "embedding": [
        -1.0,
        -1.0,
        -1.0,
        1.0,
        -1.0,
        1.0,
        -1.0,
        -1.0,
        -0.9995616674423218,
        -1.0,
        1.0,
        -1.0,
        -1.0,
        1.0,
        1.0,
        1.0,
        1.0,
        -1.0,
        1.0,
        -1.0,
        1.0,
        -1.0,
        1.0,
        -1.0,
        1.0,
        -1.0,
        -1.0,
        1.0,
        -1.0,
        -1.0,
        1.0,
        1.0,
        -1.0,
        -1.0,
        -1.0,
        1.0,
        -1.0,
        1.0,
        1.0,
        -1.0,
        -1.0,
        1.0,
        -1.0,
        -1.0,
        -1.0,
        -1.0,
        1.0,
        -1.0,
        -0.9998071789741516,
        -0.9946507215499878,
        -1.0,
        1.0,
        1.0,
        1.0,
        -1.0,
        1.0,
        1.0,
        1.0,
        -1.0,
        0.9993630647659302,
        -1.0,
        -1.0,
        1.0,
        -1.0,
        1.0,
        -1.0,
        1.0,
        -1.0,
        1.0,
        1.0,
        1.0,
        -1.0,
        -1.0,
        -1.0,
        -1.0,
        1.0,
        1.0,
        1.0,
        1.0,
        1.0,
        1.0,
        1.0,
        1.0,
        -1.0,
        -1.0,
        1.0,
        -1.0,
        1.0,
        1.0,
        1.0,
        -1.0,
        1.0,
        1.0,
        -1.0,
        1.0,
        -1.0,
        1.0,
        -1.0,
        -1.0,
        -1.0,
        -0.9981908798217773,
        -1.0,
        1.0,
        -1.0,
        -1.0,
        1.0,
        1.0,
        1.0,
        -1.0,
        -1.0,
        1.0,
        -1.0,
        -1.0,
        1.0,
        1.0,
        1.0,
        1.0,
        1.0,
        1.0,
        -1.0,
        -1.0,
        1.0,
        -1.0,
        -1.0,
        1.0,
        -1.0,
        -1.0,
        -0.9981273412704468,
        -1.0,
        1.0,
        -1.0,
        1.0,
        -1.0,
        -1.0,
        1.0,
        -1.0,
        -1.0,
        1.0,
        1.0,
        -1.0,
        1.0,
        1.0,
        1.0,
        -1.0,
        1.0,
        -1.0,
        1.0,
        -1.0,
        -1.0,
        -1.0,
        0.9985300302505493,
        -1.0,
        1.0,
        -1.0,
        1.0,
        -1.0,
        1.0,
        -1.0,
        1.0,
        -1.0,
        -1.0,
        1.0,
        -1.0,
        -1.0,
        1.0,
        -1.0,
        1.0,
        -1.0,
        -1.0,
        -1.0,
        -1.0,
        -1.0,
        1.0,
        1.0,
        -1.0,
        -1.0,
        1.0,
        -1.0,
        -1.0,
        -1.0,
        1.0,
        -1.0,
        -1.0,
        -1.0,
        1.0,
        -1.0,
        1.0,
        -1.0,
        -1.0,
        -1.0,
        1.0,
        1.0,
        1.0,
        1.0,
        -1.0,
        -1.0,
        1.0,
        -1.0,
        -1.0,
        1.0,
        -1.0,
        1.0,
        -1.0,
        -1.0,
        -1.0,
        -1.0,
        1.0,
        1.0,
        -1.0,
        -1.0,
        -1.0,
        1.0,
        -1.0,
        -1.0,
        -1.0,
        1.0,
        -1.0,
        1.0,
        -1.0,
        -1.0,
        1.0,
        -1.0,
        -1.0,
        1.0,
        -0.9994975328445435,
        -0.995380699634552,
        1.0,
        -1.0,
        -1.0,
        -1.0,
        1.0,
        -1.0,
        1.0,
        -1.0,
        -1.0,
        1.0,
        -1.0,
        1.0,
        1.0,
        -0.9998425245285034,
        1.0,
        -0.990056574344635,
        1.0,
        -1.0,
        1.0,
        1.0,
        -1.0,
        -1.0,
        -1.0,
        1.0,
        1.0,
        1.0,
        -1.0,
        -1.0,
        -1.0,
        1.0,
        1.0,
        -1.0,
        -1.0,
        -1.0,
        1.0,
        1.0,
        1.0,
        -1.0,
        1.0,
        -1.0,
        -1.0,
        -1.0,
        1.0,
        1.0,
        -0.9984062314033508,
        -1.0,
        -1.0,
        1.0,
        -1.0,
        1.0,
        1.0,
        1.0,
        1.0,
        1.0,
        1.0,
        -1.0,
        1.0,
        1.0,
        1.0,
        -1.0,
        -1.0,
        1.0,
        -1.0,
        -1.0,
        -1.0,
        1.0,
        -1.0,
        -1.0,
        -1.0,
        -1.0,
        -1.0,
        1.0,
        1.0,
        0.9999995827674866
    ],
    "embedding_scaling_factor": 25.1772518157959,
    "samples": [
        291,
        11349,
        609,
        3507,
        10445,
        1326,
        211,
        3251,
        1086,
        2789,
        220,
        8039,
        4386,
        71,
        2944,
        3435,
        1229,
        1259,
        3489,
        5912,
        277,
        1203,
        2568,
        3163,
        2083,
        2711,
        38,
        2048,
        931,
        794,
        2890,
        6353,
        3390,
        2344,
        3999,
        2705,
        873,
        3094,
        6555,
        856,
        1323,
        4081,
        9790,
        2834,
        826,
        1211,
        3664,
        3584,
        861,
        2551,
        2507,
        575,
        5622,
        1904,
        10411,
        784,
        1401,
        2865,
        1731,
        4190,
        2638,
        1106,
        7769,
        3903,
        2651,
        290,
        2384,
        6472,
        2247,
        1177,
        4858,
        3927,
        1068,
        317,
        5572,
        2713,
        1635,
        1165,
        896,
        7465,
        8926,
        3585,
        3936,
        441,
        555,
        1950,
        3589,
        3457,
        3648,
        2431,
        2487,
        2322,
        1275,
        1037,
        1939,
        1597,
        1796,
        997,
        8625,
        383
    ],
    "category_values_ratio": null,
    "nrows": 6471
}