{
    "column_id": "Financial/order.csvorder.csv/order_id",
    "dataset_name": "order.csv",
    "dataset_id": "Financial/order.csv",
    "path": "/home/ubuntu/CatDB/Experiments/data/Financial/order.csv",
    "table_name": "order.csv",
    "table_id": "Financial/order.csvorder.csv",
    "column_name": "order_id",
    "data_source": "Financial",
    "data_type": "int",
    "total_values_count": 6471,
    "distinct_values_count": 6471,
    "missing_values_count": 0,
    "true_ratio": null,
    "min_value": 29401.0,
    "max_value": 46338.0,
    "mean": 33778.197496522946,
    "median": 32988.0,
    "iqr": 3598.0,
    "category_values": null,
    "embedding": [
        -1.0,
        -1.0,
        -1.0,
        1.0,
        -1.0,
        1.0,
        -1.0,
        -1.0,
        -0.9999909400939941,
        -1.0,
        1.0,
        -1.0,
        -1.0,
        1.0,
        1.0,
        1.0,
        1.0,
        -1.0,
        1.0,
        -1.0,
        1.0,
        -1.0,
        1.0,
        -1.0,
        1.0,
        -1.0,
        -1.0,
        1.0,
        -1.0,
        -1.0,
        1.0,
        1.0,
        -1.0,
        -1.0,
        -1.0,
        1.0,
        -1.0,
        1.0,
        1.0,
        -1.0,
        -1.0,
        1.0,
        -1.0,
        -1.0,
        -1.0,
        -1.0,
        1.0,
        -1.0,
        -0.9999818801879883,
        -0.9962179660797119,
        -1.0,
        1.0,
        1.0,
        1.0,
        -1.0,
        1.0,
        1.0,
        1.0,
        -1.0,
        0.9994574189186096,
        -1.0,
        -1.0,
        1.0,
        -1.0,
        1.0,
        -1.0,
        1.0,
        -1.0,
        1.0,
        1.0,
        1.0,
        -1.0,
        -1.0,
        -1.0,
        -1.0,
        1.0,
        1.0,
        1.0,
        1.0,
        1.0,
        1.0,
        1.0,
        1.0,
        -1.0,
        -1.0,
        1.0,
        -1.0,
        1.0,
        1.0,
        1.0,
        -1.0,
        1.0,
        1.0,
        -1.0,
        1.0,
        -1.0,
        1.0,
        -1.0,
        -1.0,
        -1.0,
        -0.9994680881500244,
        -1.0,
        1.0,
        -1.0,
        -1.0,
        1.0,
        1.0,
        1.0,
        -1.0,
        -1.0,
        1.0,
        -1.0,
        -1.0,
        1.0,
        1.0,
        1.0,
        1.0,
        1.0,
        1.0,
        -1.0,
        -1.0,
        1.0,
        -1.0,
        -1.0,
        1.0,
        -1.0,
        -1.0,
        -0.9986026287078857,
        -1.0,
        1.0,
        -1.0,
        1.0,
        -1.0,
        -1.0,
        1.0,
        -1.0,
        -1.0,
        1.0,
        1.0,
        -1.0,
        1.0,
        1.0,
        1.0,
        -1.0,
        1.0,
        -1.0,
        1.0,
        -1.0,
        -1.0,
        -1.0,
        0.99858158826828,
        -1.0,
        1.0,
        -1.0,
        1.0,
        -1.0,
        1.0,
        -1.0,
        1.0,
        -1.0,
        -1.0,
        1.0,
        -1.0,
        -1.0,
        1.0,
        -1.0,
        1.0,
        -1.0,
        -1.0,
        -1.0,
        -1.0,
        -1.0,
        1.0,
        1.0,
        -1.0,
        -1.0,
        1.0,
        -1.0,
        -1.0,
        -1.0,
        1.0,
        -1.0,
        -1.0,
        -1.0,
        1.0,
        -1.0,
        1.0,
        -1.0,
        -1.0,
        -1.0,
        1.0,
        1.0,
        1.0,
        1.0,
        -1.0,
        -1.0,
        1.0,
        -1.0,
        -1.0,
        1.0,
        -1.0,
        1.0,
        -1.0,
        -1.0,
        -1.0,
        -1.0,
        1.0,
        1.0,
        -1.0,
        -1.0,
        -1.0,
        1.0,
        -1.0,
        -1.0,
        -1.0,
        1.0,
        -1.0,
        1.0,
        -1.0,
        -1.0,
        1.0,
        -1.0,
        -1.0,
        1.0,
        -0.99991774559021,
        -0.9968735575675964,
        1.0,
        -1.0,
        -1.0,
        -1.0,
        1.0,
        -1.0,
        1.0,
        -1.0,
        -1.0,
        1.0,
        -1.0,
        1.0,
        1.0,
        -0.9999544024467468,
        1.0,
        -0.9929900169372559,
        1.0,
        -1.0,
        1.0,
        1.0,
        -1.0,
        -1.0,
        -1.0,
        1.0,
        1.0,
        1.0,
        -1.0,
        -1.0,
        -1.0,
        1.0,
        1.0,
        -1.0,
        -1.0,
        -1.0,
        1.0,
        1.0,
        1.0,
        -1.0,
        1.0,
        -1.0,
        -1.0,
        -1.0,
        1.0,
        1.0,
        -0.9994755983352661,
        -1.0,
        -1.0,
        1.0,
        -1.0,
        1.0,
        1.0,
        1.0,
        1.0,
        1.0,
        1.0,
        -1.0,
        1.0,
        1.0,
        1.0,
        -1.0,
        -1.0,
        1.0,
        -1.0,
        -1.0,
        -1.0,
        1.0,
        -1.0,
        -1.0,
        -1.0,
        -1.0,
        -1.0,
        1.0,
        1.0,
        0.9999983906745911
    ],
    "embedding_scaling_factor": 33.08890151977539,
    "samples": [
        33376,
        36263,
        41742,
        29841,
        33772,
        30088,
        43470,
        30363,
        44853,
        34689,
        30965,
        34558,
        33526,
        32769,
        33087,
        29568,
        31066,
        29966,
        32045,
        30358,
        38199,
        33473,
        35880,
        29734,
        33529,
        34294,
        30873,
        31589,
        41747,
        31404,
        33247,
        31472,
        34219,
        34158,
        33681,
        31649,
        30393,
        31880,
        44770,
        33006,
        31123,
        34170,
        40384,
        33435,
        35216,
        29983,
        33311,
        34695,
        29937,
        42635,
        43296,
        32026,
        31316,
        29527,
        34857,
        33161,
        31055,
        30713,
        34433,
        30997,
        29670,
        32897,
        29704,
        34059,
        37466,
        34147,
        34177,
        46193,
        46274,
        32306,
        31201,
        31264,
        39466,
        41512,
        33380,
        32071,
        34098,
        32065,
        37666,
        33576,
        33548,
        32116,
        35404,
        31515,
        30543,
        30102,
        30429,
        30703,
        32944,
        32725,
        33306,
        30030,
        32563,
        34003,
        29500,
        31850,
        31824,
        46275,
        30003,
        31046
    ],
    "category_values_ratio": null,
    "nrows": 6471
}