{
    "column_id": "Financial/order.csvorder.csv/account_to",
    "dataset_name": "order.csv",
    "dataset_id": "Financial/order.csv",
    "path": "/home/ubuntu/CatDB/Experiments/data/Financial/order.csv",
    "table_name": "order.csv",
    "table_id": "Financial/order.csvorder.csv",
    "column_name": "account_to",
    "data_source": "Financial",
    "data_type": "int",
    "total_values_count": 6471,
    "distinct_values_count": 6446,
    "missing_values_count": 0,
    "true_ratio": null,
    "min_value": 399.0,
    "max_value": 99994199.0,
    "mean": 49399036.8511822,
    "median": 49756062.0,
    "iqr": 49841263.5,
    "category_values": null,
    "embedding": [
        -1.0,
        -1.0,
        -1.0,
        1.0,
        -1.0,
        1.0,
        -1.0,
        -1.0,
        -1.0,
        -1.0,
        1.0,
        -1.0,
        -1.0,
        1.0,
        1.0,
        1.0,
        1.0,
        -1.0,
        1.0,
        -1.0,
        1.0,
        -1.0,
        1.0,
        -1.0,
        1.0,
        -1.0,
        -1.0,
        1.0,
        -1.0,
        -1.0,
        1.0,
        1.0,
        -1.0,
        -1.0,
        -1.0,
        1.0,
        -1.0,
        1.0,
        1.0,
        -1.0,
        -1.0,
        1.0,
        -1.0,
        -1.0,
        -1.0,
        -1.0,
        1.0,
        -1.0,
        -1.0,
        -0.9849211573600769,
        -1.0,
        1.0,
        1.0,
        1.0,
        -1.0,
        1.0,
        1.0,
        1.0,
        -1.0,
        0.9984954595565796,
        -1.0,
        -1.0,
        1.0,
        -1.0,
        1.0,
        -1.0,
        1.0,
        -1.0,
        1.0,
        1.0,
        1.0,
        -1.0,
        -1.0,
        -1.0,
        -1.0,
        1.0,
        1.0,
        1.0,
        1.0,
        1.0,
        1.0,
        1.0,
        1.0,
        -1.0,
        -1.0,
        1.0,
        -1.0,
        1.0,
        1.0,
        1.0,
        -1.0,
        1.0,
        1.0,
        -1.0,
        1.0,
        -1.0,
        1.0,
        -1.0,
        -1.0,
        -1.0,
        -0.9985756874084473,
        -1.0,
        1.0,
        -1.0,
        -1.0,
        1.0,
        1.0,
        1.0,
        -1.0,
        -1.0,
        1.0,
        -1.0,
        -1.0,
        1.0,
        1.0,
        1.0,
        1.0,
        1.0,
        1.0,
        -1.0,
        -1.0,
        1.0,
        -1.0,
        -1.0,
        1.0,
        -1.0,
        -1.0,
        -1.0,
        -1.0,
        1.0,
        -1.0,
        1.0,
        -1.0,
        -1.0,
        1.0,
        -1.0,
        -1.0,
        1.0,
        1.0,
        -1.0,
        1.0,
        1.0,
        1.0,
        -1.0,
        1.0,
        -1.0,
        1.0,
        -1.0,
        -1.0,
        -1.0,
        1.0,
        -1.0,
        1.0,
        -1.0,
        1.0,
        -1.0,
        1.0,
        -1.0,
        1.0,
        -1.0,
        -1.0,
        1.0,
        -1.0,
        -1.0,
        1.0,
        -1.0,
        1.0,
        -1.0,
        -1.0,
        -1.0,
        -1.0,
        -1.0,
        1.0,
        1.0,
        -1.0,
        -1.0,
        1.0,
        -1.0,
        -1.0,
        -1.0,
        1.0,
        -1.0,
        -1.0,
        -1.0,
        1.0,
        -1.0,
        1.0,
        -1.0,
        -1.0,
        -1.0,
        1.0,
        1.0,
        1.0,
        1.0,
        -1.0,
        -1.0,
        1.0,
        -1.0,
        -1.0,
        1.0,
        -1.0,
        1.0,
        -1.0,
        -1.0,
        -1.0,
        -1.0,
        1.0,
        1.0,
        -1.0,
        -1.0,
        -1.0,
        1.0,
        -1.0,
        -1.0,
        -1.0,
        1.0,
        -1.0,
        1.0,
        -1.0,
        -1.0,
        1.0,
        -1.0,
        -1.0,
        1.0,
        -1.0,
        -0.9858911633491516,
        1.0,
        -1.0,
        -1.0,
        -1.0,
        1.0,
        -1.0,
        1.0,
        -1.0,
        -1.0,
        1.0,
        -1.0,
        1.0,
        1.0,
        -1.0,
        1.0,
        -0.9809972643852234,
        1.0,
        -1.0,
        1.0,
        1.0,
        -1.0,
        -1.0,
        -1.0,
        1.0,
        1.0,
        1.0,
        -1.0,
        -1.0,
        -1.0,
        1.0,
        1.0,
        -1.0,
        -1.0,
        -1.0,
        1.0,
        1.0,
        1.0,
        -1.0,
        1.0,
        -1.0,
        -1.0,
        -1.0,
        1.0,
        1.0,
        -0.9986642599105835,
        -1.0,
        -1.0,
        1.0,
        -1.0,
        1.0,
        1.0,
        1.0,
        1.0,
        1.0,
        1.0,
        -1.0,
        1.0,
        1.0,
        1.0,
        -1.0,
        -1.0,
        1.0,
        -1.0,
        -1.0,
        -1.0,
        1.0,
        -1.0,
        -1.0,
        -1.0,
        -1.0,
        -1.0,
        1.0,
        1.0,
        1.0
    ],
    "embedding_scaling_factor": 0.9066229462623596,
    "samples": [
        23485905,
        27307683,
        19809311,
        66005611,
        4900444,
        42079347,
        25392246,
        27540904,
        12162918,
        43066799,
        15982044,
        91816699,
        15017515,
        77527123,
        28510761,
        63277864,
        887281,
        71955466,
        19923216,
        67742168,
        10878855,
        88828020,
        13642275,
        83465021,
        17039579,
        88160776,
        35418421,
        56866002,
        67046397,
        54483455,
        4245263,
        53599059,
        13973546,
        20725280,
        5269879,
        69220012,
        7896417,
        67775189,
        22726750,
        48306894,
        64508902,
        698990,
        63926827,
        90159475,
        12393570,
        92731403,
        53805935,
        14610875,
        71050131,
        32952279,
        58175218,
        37117743,
        584811,
        85209738,
        69320016,
        88213985,
        19147312,
        87424748,
        94891345,
        66140669,
        75825410,
        54822939,
        41004979,
        57180392,
        10475975,
        9774154,
        74642348,
        77294861,
        2028567,
        8467102,
        75259256,
        41427993,
        3748625,
        33796209,
        64364433,
        47965639,
        86506151,
        61091714,
        96634888,
        3922403,
        22275466,
        71556800,
        84733837,
        25282103,
        15214342,
        69084489,
        20186478,
        99307715,
        95188617,
        77193778,
        19973844,
        92266177,
        37576079,
        32185286,
        89613037,
        71644407,
        14783954,
        56231456,
        47917145,
        14132368
    ],
    "category_values_ratio": null,
    "nrows": 6471
}