{
    "column_id": "Click-Prediction/Click-Prediction.csvClick-Prediction.csv/impression",
    "dataset_name": "Click-Prediction.csv",
    "dataset_id": "Click-Prediction/Click-Prediction.csv",
    "path": "/home/ubuntu/CatDB/Experiments/data/Click-Prediction/Click-Prediction.csv",
    "table_name": "Click-Prediction.csv",
    "table_id": "Click-Prediction/Click-Prediction.csvClick-Prediction.csv",
    "column_name": "impression",
    "data_source": "Click-Prediction",
    "data_type": "int",
    "total_values_count": 1997410,
    "distinct_values_count": 709,
    "missing_values_count": 0,
    "true_ratio": null,
    "min_value": 1.0,
    "max_value": 80881.0,
    "mean": 1.9975888775964874,
    "median": 1.0,
    "iqr": 0.0,
    "category_values": [
        1,
        3,
        2,
        10,
        146,
        13,
        5,
        4,
        20,
        8,
        18,
        7,
        71,
        6,
        37,
        17,
        16,
        59,
        206,
        104,
        9,
        26,
        29,
        66,
        14,
        19,
        69,
        70,
        12,
        22,
        11,
        24,
        15,
        87,
        53,
        38,
        32,
        234,
        361,
        209,
        57,
        65,
        28,
        47,
        34,
        50,
        126,
        21,
        82,
        43,
        23,
        25,
        5467,
        45,
        160,
        62,
        105,
        221,
        100,
        49,
        450,
        27,
        11820,
        35,
        36,
        58,
        40,
        64,
        33,
        30,
        54,
        116,
        31,
        74,
        271,
        89,
        76,
        93,
        584,
        138,
        227,
        88,
        330,
        148,
        132,
        171,
        223,
        482,
        80,
        1009,
        44,
        325,
        350,
        343,
        78,
        332,
        118,
        95,
        490,
        194,
        115,
        266,
        1038,
        228,
        55,
        41,
        501,
        114,
        218,
        98,
        51,
        91,
        39,
        159,
        145,
        497,
        86,
        107,
        208,
        384,
        568,
        42,
        46,
        480,
        217,
        56,
        225,
        136,
        63,
        862,
        110,
        216,
        149,
        230,
        309,
        310,
        127,
        72,
        222,
        602,
        3494,
        102,
        60,
        139,
        205,
        90,
        119,
        52,
        279,
        129,
        207,
        96,
        474,
        182,
        434,
        176,
        124,
        133,
        135,
        117,
        130,
        144,
        150,
        154,
        177,
        185,
        4218,
        215,
        143,
        81,
        83,
        322,
        109,
        134,
        224,
        120,
        338,
        165,
        635,
        347,
        180,
        1010,
        103,
        340,
        85,
        99,
        268,
        460,
        61,
        123,
        112,
        345,
        354,
        2720,
        235,
        183,
        137,
        600,
        77,
        274,
        191,
        555,
        167,
        243,
        339,
        68,
        1798,
        48,
        249,
        161,
        84,
        429,
        313,
        79,
        174,
        263,
        9705,
        2853,
        170,
        128,
        113,
        231,
        405,
        1562,
        877,
        657,
        242,
        286,
        156,
        625,
        458,
        1166,
        412,
        430,
        131,
        326,
        175,
        805,
        252,
        438,
        1816,
        241,
        1702,
        1400,
        894,
        331,
        163,
        440,
        122,
        315,
        423,
        169,
        307,
        188,
        73,
        111,
        204,
        168,
        387,
        419,
        67,
        293,
        689,
        195,
        422,
        147,
        226,
        1135,
        1020,
        335,
        97,
        1031,
        238,
        278,
        155,
        101,
        92,
        2474,
        1653,
        232,
        75,
        193,
        1489,
        1159,
        220,
        244,
        94,
        181,
        108,
        172,
        2140,
        153,
        344,
        197,
        4538,
        747,
        272,
        777,
        673,
        125,
        404,
        285,
        2974,
        356,
        140,
        184,
        477,
        1504,
        5674,
        357,
        389,
        656,
        579,
        166,
        4484,
        299,
        294,
        329,
        240,
        1233,
        287,
        487,
        699,
        726,
        679,
        549,
        190,
        3720,
        485,
        918,
        610,
        321,
        186,
        3469,
        2812,
        3744,
        1669,
        717,
        402,
        173,
        152,
        2215,
        179,
        2271,
        1213,
        157,
        1270,
        158,
        303,
        106,
        3460,
        998,
        121,
        17920,
        7349,
        740,
        427,
        770,
        1471,
        409,
        250,
        1548,
        444,
        141,
        467,
        1435,
        368,
        5112,
        618,
        1092,
        1228,
        486,
        264,
        399,
        245,
        3601,
        262,
        1521,
        453,
        2696,
        353,
        178,
        850,
        229,
        835,
        212,
        199,
        375,
        203,
        475,
        151,
        5020,
        35127,
        247,
        965,
        256,
        320,
        372,
        4423,
        1266,
        219,
        164,
        403,
        517,
        237,
        187,
        744,
        393,
        483,
        296,
        211,
        3276,
        933,
        2038,
        370,
        516,
        200,
        162,
        351,
        586,
        3794,
        365,
        547,
        300,
        380,
        283,
        816,
        297,
        260,
        466,
        198,
        202,
        550,
        251,
        1287,
        1245,
        413,
        1555,
        142,
        513,
        214,
        743,
        1105,
        302,
        591,
        394,
        8745,
        885,
        455,
        7236,
        10407,
        2574,
        524,
        3162,
        2561,
        407,
        446,
        317,
        5846,
        392,
        1201,
        288,
        701,
        369,
        1891,
        233,
        1283,
        276,
        532,
        680,
        3112,
        667,
        783,
        8164,
        1199,
        767,
        469,
        975,
        996,
        749,
        1814,
        366,
        1801,
        308,
        80881,
        614,
        291,
        298,
        201,
        196,
        334,
        386,
        2571,
        304,
        1145,
        661,
        498,
        396,
        1939,
        1955,
        437,
        907,
        439,
        528,
        533,
        2343,
        289,
        542,
        280,
        282,
        333,
        704,
        2027,
        254,
        424,
        1408,
        1497,
        8621,
        538,
        574,
        641,
        1868,
        1461,
        932,
        848,
        1113,
        572,
        594,
        580,
        891,
        1409,
        1721,
        1114,
        1371,
        284,
        4566,
        2433,
        556,
        653,
        553,
        766,
        414,
        773,
        267,
        1436,
        259,
        1308,
        468,
        2815,
        473,
        248,
        3969,
        318,
        442,
        374,
        323,
        732,
        239,
        571,
        1057,
        379,
        687,
        275,
        1090,
        921,
        1042,
        760,
        712,
        281,
        371,
        523,
        4268,
        2142,
        1416,
        838,
        336,
        1193,
        373,
        324,
        527,
        2855,
        433,
        1541,
        3433,
        671,
        383,
        210,
        1956,
        711,
        236,
        2514,
        596,
        1762,
        337,
        776,
        5443,
        504,
        1188,
        1170,
        2067,
        1050,
        2152,
        265,
        21936,
        364,
        349,
        312,
        305,
        493,
        1306,
        1067,
        328,
        306,
        1095,
        3398,
        472,
        1449,
        536,
        955,
        1347,
        1004,
        1247,
        5205,
        1584,
        4983,
        441,
        213,
        316,
        1727,
        702,
        1051,
        545,
        624,
        1494,
        258,
        569,
        270,
        1382,
        685,
        311,
        425,
        843,
        8564,
        1943,
        1781,
        192,
        888,
        319,
        189,
        411,
        4118,
        360,
        1379,
        787,
        510,
        2756,
        1551,
        830,
        341,
        785,
        457,
        716,
        820,
        367,
        452,
        511,
        1003,
        431,
        290,
        3449,
        690,
        1180,
        432,
        2545,
        535,
        537,
        840,
        417,
        378,
        503,
        358,
        465,
        1325,
        471,
        775,
        342,
        603,
        10590,
        999,
        385,
        3760,
        713,
        561,
        257,
        1062,
        839,
        1523,
        1070,
        1896,
        551,
        522,
        696,
        1181,
        261,
        644,
        428,
        1015,
        1264,
        492
    ],
    "embedding": [
        -1.0,
        -1.0,
        -1.0,
        1.0,
        -1.0,
        1.0,
        -1.0,
        -1.0,
        -1.0,
        -1.0,
        1.0,
        -1.0,
        -1.0,
        1.0,
        1.0,
        1.0,
        1.0,
        -1.0,
        1.0,
        -1.0,
        1.0,
        -1.0,
        1.0,
        -1.0,
        1.0,
        -1.0,
        -1.0,
        1.0,
        -1.0,
        -1.0,
        1.0,
        1.0,
        -1.0,
        -1.0,
        -1.0,
        1.0,
        -1.0,
        1.0,
        1.0,
        -1.0,
        -1.0,
        1.0,
        -1.0,
        -1.0,
        -1.0,
        -1.0,
        1.0,
        -1.0,
        -1.0,
        -0.8128259778022766,
        -1.0,
        1.0,
        1.0,
        1.0,
        -1.0,
        1.0,
        1.0,
        1.0,
        -1.0,
        0.8428621292114258,
        -1.0,
        -1.0,
        1.0,
        -1.0,
        1.0,
        -1.0,
        1.0,
        -1.0,
        1.0,
        1.0,
        1.0,
        -1.0,
        -1.0,
        -1.0,
        -1.0,
        1.0,
        1.0,
        1.0,
        1.0,
        1.0,
        1.0,
        1.0,
        1.0,
        -1.0,
        -1.0,
        1.0,
        -1.0,
        1.0,
        1.0,
        1.0,
        -1.0,
        1.0,
        1.0,
        -1.0,
        1.0,
        -1.0,
        1.0,
        -1.0,
        -1.0,
        -1.0,
        -0.9779860973358154,
        -1.0,
        1.0,
        -1.0,
        -1.0,
        1.0,
        1.0,
        1.0,
        -1.0,
        -1.0,
        1.0,
        -1.0,
        -1.0,
        1.0,
        1.0,
        1.0,
        1.0,
        1.0,
        1.0,
        -1.0,
        -1.0,
        1.0,
        -1.0,
        -1.0,
        1.0,
        -1.0,
        -1.0,
        -1.0,
        -1.0,
        1.0,
        -1.0,
        1.0,
        -1.0,
        -1.0,
        1.0,
        -1.0,
        -1.0,
        1.0,
        1.0,
        -1.0,
        1.0,
        1.0,
        1.0,
        -1.0,
        1.0,
        -1.0,
        1.0,
        -1.0,
        -1.0,
        -1.0,
        1.0,
        -1.0,
        1.0,
        -1.0,
        1.0,
        -1.0,
        1.0,
        -1.0,
        1.0,
        -1.0,
        -1.0,
        1.0,
        -1.0,
        -1.0,
        1.0,
        -1.0,
        1.0,
        -1.0,
        -1.0,
        -1.0,
        -1.0,
        -1.0,
        1.0,
        1.0,
        -1.0,
        -1.0,
        1.0,
        -1.0,
        -1.0,
        -1.0,
        1.0,
        -1.0,
        -1.0,
        -1.0,
        1.0,
        -1.0,
        1.0,
        -1.0,
        -1.0,
        -1.0,
        1.0,
        1.0,
        1.0,
        1.0,
        -1.0,
        -1.0,
        1.0,
        -1.0,
        -1.0,
        1.0,
        -1.0,
        1.0,
        -1.0,
        -1.0,
        -1.0,
        -1.0,
        1.0,
        1.0,
        -1.0,
        -1.0,
        -1.0,
        1.0,
        -1.0,
        -1.0,
        -1.0,
        1.0,
        -1.0,
        1.0,
        -1.0,
        -1.0,
        1.0,
        -1.0,
        -1.0,
        1.0,
        -1.0,
        -0.8124184012413025,
        1.0,
        -1.0,
        -1.0,
        -1.0,
        1.0,
        -1.0,
        1.0,
        -1.0,
        -1.0,
        1.0,
        -1.0,
        1.0,
        1.0,
        -1.0,
        1.0,
        -0.8111016750335693,
        1.0,
        -1.0,
        1.0,
        1.0,
        -1.0,
        -1.0,
        -1.0,
        1.0,
        1.0,
        1.0,
        -1.0,
        -1.0,
        -1.0,
        1.0,
        1.0,
        -1.0,
        -1.0,
        -1.0,
        1.0,
        1.0,
        1.0,
        -1.0,
        1.0,
        -1.0,
        -1.0,
        -1.0,
        1.0,
        1.0,
        -0.963078498840332,
        -1.0,
        -1.0,
        1.0,
        -1.0,
        1.0,
        1.0,
        1.0,
        1.0,
        1.0,
        1.0,
        -1.0,
        1.0,
        1.0,
        1.0,
        -1.0,
        -1.0,
        1.0,
        -1.0,
        -1.0,
        -1.0,
        1.0,
        -1.0,
        -1.0,
        -1.0,
        -1.0,
        -1.0,
        1.0,
        1.0,
        1.0
    ],
    "embedding_scaling_factor": 390.6055908203125,
    "samples": [
        1,
        1,
        2,
        1,
        1,
        1,
        1,
        1,
        1,
        1,
        1,
        1,
        1,
        1,
        1,
        1,
        1,
        1,
        1,
        1,
        1,
        1,
        1,
        1,
        1,
        1,
        1,
        1,
        1,
        1,
        1,
        1,
        1,
        1,
        1,
        1,
        1,
        1,
        1,
        1,
        1,
        1,
        1,
        1,
        1,
        3,
        1,
        1,
        1,
        2,
        2,
        1,
        1,
        1,
        2,
        1,
        1,
        1,
        2,
        1,
        1,
        1,
        1,
        2,
        1,
        1,
        1,
        1,
        4,
        1,
        1,
        1,
        1,
        1,
        1,
        1,
        1,
        1,
        1,
        1,
        1,
        1,
        1,
        1,
        1,
        1,
        1,
        2,
        1,
        1,
        1,
        1,
        1,
        1,
        1,
        1,
        2,
        1,
        1,
        1
    ],
    "category_values_ratio": {
        "1": 1692036,
        "2": 181817,
        "3": 51000,
        "4": 21810,
        "5": 11722,
        "6": 8047,
        "7": 4696,
        "8": 3469,
        "9": 2536,
        "10": 2062,
        "11": 1701,
        "12": 1390,
        "13": 1173,
        "14": 969,
        "15": 839,
        "16": 721,
        "17": 717,
        "18": 606,
        "19": 552,
        "20": 479,
        "21": 448,
        "23": 368,
        "22": 362,
        "24": 333,
        "26": 304,
        "25": 287,
        "28": 269,
        "27": 268,
        "31": 217,
        "29": 215,
        "30": 211,
        "32": 172,
        "33": 165,
        "35": 149,
        "37": 147,
        "34": 147,
        "36": 124,
        "41": 118,
        "38": 117,
        "39": 116,
        "40": 114,
        "43": 102,
        "48": 90,
        "42": 89,
        "47": 89,
        "44": 86,
        "49": 81,
        "53": 77,
        "55": 76,
        "46": 74,
        "50": 72,
        "57": 67,
        "45": 66,
        "51": 64,
        "52": 63,
        "54": 63,
        "58": 63,
        "56": 62,
        "59": 62,
        "60": 54,
        "64": 50,
        "62": 47,
        "68": 47,
        "61": 47,
        "66": 47,
        "65": 44,
        "70": 43,
        "72": 41,
        "63": 40,
        "74": 39,
        "71": 37,
        "69": 36,
        "89": 35,
        "67": 35,
        "76": 34,
        "77": 33,
        "82": 33,
        "85": 32,
        "73": 32,
        "75": 32,
        "80": 31,
        "87": 29,
        "81": 28,
        "88": 27,
        "83": 27,
        "84": 27,
        "78": 26,
        "79": 25,
        "95": 24,
        "92": 22,
        "110": 22,
        "104": 22,
        "86": 21,
        "90": 21,
        "93": 21,
        "98": 20,
        "91": 20,
        "107": 20,
        "94": 19,
        "111": 19,
        "113": 18,
        "105": 17,
        "109": 17,
        "114": 17,
        "96": 16,
        "126": 16,
        "136": 16,
        "103": 16,
        "102": 16,
        "99": 16,
        "106": 16,
        "135": 15,
        "100": 15,
        "129": 15,
        "123": 14,
        "146": 14,
        "118": 13,
        "154": 13,
        "120": 13,
        "101": 13,
        "116": 13,
        "112": 13,
        "97": 13,
        "124": 12,
        "161": 12,
        "180": 11,
        "115": 11,
        "108": 11,
        "119": 11,
        "148": 11,
        "125": 11,
        "207": 10,
        "134": 10,
        "143": 10,
        "133": 10,
        "218": 10,
        "132": 10,
        "155": 10,
        "131": 10,
        "127": 9,
        "149": 9,
        "183": 9,
        "137": 9,
        "184": 9,
        "128": 9,
        "138": 9,
        "172": 9,
        "122": 9,
        "130": 8,
        "222": 8,
        "160": 8,
        "209": 8,
        "147": 8,
        "165": 8,
        "150": 8,
        "152": 8,
        "285": 8,
        "163": 8,
        "142": 8,
        "243": 8,
        "117": 7,
        "145": 7,
        "168": 7,
        "224": 7,
        "182": 7,
        "156": 7,
        "188": 7,
        "227": 7,
        "121": 7,
        "151": 7,
        "193": 7,
        "211": 7,
        "157": 7,
        "140": 7,
        "190": 7,
        "171": 7,
        "139": 6,
        "185": 6,
        "226": 6,
        "170": 6,
        "195": 6,
        "141": 6,
        "162": 6,
        "279": 6,
        "241": 6,
        "332": 6,
        "159": 6,
        "216": 6,
        "158": 6,
        "179": 5,
        "206": 5,
        "177": 5,
        "235": 5,
        "191": 5,
        "361": 5,
        "219": 5,
        "187": 5,
        "234": 5,
        "322": 5,
        "264": 5,
        "199": 5,
        "482": 5,
        "176": 5,
        "294": 5,
        "169": 5,
        "228": 5,
        "166": 5,
        "223": 5,
        "220": 5,
        "232": 5,
        "153": 5,
        "181": 5,
        "244": 5,
        "174": 5,
        "242": 4,
        "487": 4,
        "240": 4,
        "175": 4,
        "272": 4,
        "231": 4,
        "412": 4,
        "194": 4,
        "167": 4,
        "249": 4,
        "215": 4,
        "313": 4,
        "144": 4,
        "221": 4,
        "173": 4,
        "200": 4,
        "201": 4,
        "278": 4,
        "299": 4,
        "303": 4,
        "212": 4,
        "204": 4,
        "202": 4,
        "214": 4,
        "178": 4,
        "330": 4,
        "229": 4,
        "262": 4,
        "245": 4,
        "250": 4,
        "282": 3,
        "365": 3,
        "300": 3,
        "513": 3,
        "260": 3,
        "251": 3,
        "486": 3,
        "413": 3,
        "239": 3,
        "458": 3,
        "325": 3,
        "894": 3,
        "307": 3,
        "252": 3,
        "315": 3,
        "337": 3,
        "393": 3,
        "356": 3,
        "403": 3,
        "532": 3,
        "338": 3,
        "334": 3,
        "197": 3,
        "271": 3,
        "287": 3,
        "726": 3,
        "402": 3,
        "268": 3,
        "233": 3,
        "288": 3,
        "238": 3,
        "392": 3,
        "230": 3,
        "326": 3,
        "203": 3,
        "266": 2,
        "450": 2,
        "438": 2,
        "1135": 2,
        "304": 2,
        "263": 2,
        "466": 2,
        "468": 2,
        "198": 2,
        "344": 2,
        "429": 2,
        "404": 2,
        "2152": 2,
        "196": 2,
        "424": 2,
        "474": 2,
        "777": 2,
        "1816": 2,
        "380": 2,
        "186": 2,
        "501": 2,
        "1798": 2,
        "1702": 2,
        "687": 2,
        "205": 2,
        "704": 2,
        "805": 2,
        "975": 2,
        "302": 2,
        "80881": 2,
        "308": 2,
        "349": 2,
        "366": 2,
        "656": 2,
        "579": 2,
        "339": 2,
        "293": 2,
        "493": 2,
        "305": 2,
        "267": 2,
        "996": 2,
        "419": 2,
        "370": 2,
        "312": 2,
        "259": 2,
        "247": 2,
        "2974": 2,
        "405": 2,
        "189": 2,
        "498": 2,
        "225": 2,
        "345": 2,
        "358": 2,
        "331": 2,
        "717": 2,
        "286": 2,
        "208": 2,
        "384": 2,
        "394": 2,
        "276": 2,
        "434": 2,
        "343": 2,
        "192": 2,
        "409": 2,
        "460": 2,
        "1471": 2,
        "270": 2,
        "533": 2,
        "998": 2,
        "164": 2,
        "480": 2,
        "427": 2,
        "369": 2,
        "306": 2,
        "319": 2,
        "217": 2,
        "467": 2,
        "372": 2,
        "701": 2,
        "1548": 2,
        "258": 2,
        "624": 2,
        "1051": 2,
        "1461": 2,
        "399": 2,
        "340": 2,
        "596": 2,
        "1166": 2,
        "545": 2,
        "320": 2,
        "556": 2,
        "423": 2,
        "210": 2,
        "350": 2,
        "444": 2,
        "965": 2,
        "236": 2,
        "835": 2,
        "347": 2,
        "407": 2,
        "1653": 1,
        "1489": 1,
        "1159": 1,
        "689": 1,
        "2140": 1,
        "555": 1,
        "600": 1,
        "5467": 1,
        "490": 1,
        "11820": 1,
        "584": 1,
        "1009": 1,
        "1038": 1,
        "497": 1,
        "568": 1,
        "274": 1,
        "1031": 1,
        "862": 1,
        "2474": 1,
        "877": 1,
        "335": 1,
        "1020": 1,
        "602": 1,
        "437": 1,
        "907": 1,
        "256": 1,
        "891": 1,
        "35127": 1,
        "475": 1,
        "2853": 1,
        "1562": 1,
        "657": 1,
        "625": 1,
        "430": 1,
        "1400": 1,
        "440": 1,
        "9705": 1,
        "387": 1,
        "422": 1,
        "310": 1,
        "453": 1,
        "3494": 1,
        "4218": 1,
        "1521": 1,
        "1939": 1,
        "2696": 1,
        "353": 1,
        "850": 1,
        "375": 1,
        "1092": 1,
        "2271": 1,
        "2215": 1,
        "1669": 1,
        "477": 1,
        "1504": 1,
        "5674": 1,
        "357": 1,
        "389": 1,
        "4484": 1,
        "329": 1,
        "3601": 1,
        "1228": 1,
        "618": 1,
        "673": 1,
        "635": 1,
        "1010": 1,
        "354": 1,
        "2720": 1,
        "309": 1,
        "4538": 1,
        "747": 1,
        "1270": 1,
        "1213": 1,
        "3460": 1,
        "17920": 1,
        "740": 1,
        "770": 1,
        "1435": 1,
        "368": 1,
        "5112": 1,
        "1955": 1,
        "848": 1,
        "396": 1,
        "680": 1,
        "550": 1,
        "4423": 1,
        "1266": 1,
        "517": 1,
        "237": 1,
        "744": 1,
        "483": 1,
        "296": 1,
        "3276": 1,
        "1287": 1,
        "933": 1,
        "516": 1,
        "351": 1,
        "586": 1,
        "3794": 1,
        "547": 1,
        "283": 1,
        "1245": 1,
        "524": 1,
        "661": 1,
        "1283": 1,
        "743": 1,
        "1105": 1,
        "591": 1,
        "8745": 1,
        "885": 1,
        "455": 1,
        "7236": 1,
        "10407": 1,
        "1555": 1,
        "2574": 1,
        "3162": 1,
        "2561": 1,
        "446": 1,
        "317": 1,
        "5846": 1,
        "1201": 1,
        "1891": 1,
        "816": 1,
        "297": 1,
        "2038": 1,
        "3112": 1,
        "574": 1,
        "2343": 1,
        "528": 1,
        "439": 1,
        "8164": 1,
        "1199": 1,
        "767": 1,
        "469": 1,
        "749": 1,
        "1814": 1,
        "1801": 1,
        "614": 1,
        "291": 1,
        "298": 1,
        "386": 1,
        "2571": 1,
        "1145": 1,
        "580": 1,
        "594": 1,
        "572": 1,
        "1408": 1,
        "667": 1,
        "783": 1,
        "542": 1,
        "280": 1,
        "333": 1,
        "2027": 1,
        "254": 1,
        "1497": 1,
        "1113": 1,
        "8621": 1,
        "289": 1,
        "538": 1,
        "641": 1,
        "1868": 1,
        "932": 1,
        "699": 1,
        "1233": 1,
        "411": 1,
        "679": 1,
        "378": 1,
        "2067": 1,
        "843": 1,
        "2855": 1,
        "838": 1,
        "336": 1,
        "1193": 1,
        "373": 1,
        "324": 1,
        "3969": 1,
        "773": 1,
        "414": 1,
        "527": 1,
        "766": 1,
        "473": 1,
        "433": 1,
        "553": 1,
        "1541": 1,
        "1180": 1,
        "644": 1,
        "1325": 1,
        "417": 1,
        "1264": 1,
        "452": 1,
        "511": 1,
        "1003": 1,
        "431": 1,
        "1015": 1,
        "290": 1,
        "3449": 1,
        "428": 1,
        "465": 1,
        "690": 1,
        "432": 1,
        "2545": 1,
        "535": 1,
        "1721": 1,
        "537": 1,
        "840": 1,
        "3433": 1,
        "671": 1,
        "653": 1,
        "1416": 1,
        "1436": 1,
        "248": 1,
        "1956": 1,
        "379": 1,
        "711": 1,
        "318": 1,
        "442": 1,
        "1762": 1,
        "2433": 1,
        "284": 1,
        "2514": 1,
        "4566": 1,
        "1371": 1,
        "504": 1,
        "1188": 1,
        "5443": 1,
        "776": 1,
        "523": 1,
        "1308": 1,
        "371": 1,
        "1090": 1,
        "2142": 1,
        "4268": 1,
        "374": 1,
        "1057": 1,
        "571": 1,
        "2815": 1,
        "275": 1,
        "921": 1,
        "281": 1,
        "732": 1,
        "1170": 1,
        "383": 1,
        "1042": 1,
        "323": 1,
        "760": 1,
        "712": 1,
        "503": 1,
        "820": 1,
        "549": 1,
        "1781": 1,
        "1494": 1,
        "360": 1,
        "1379": 1,
        "787": 1,
        "510": 1,
        "2756": 1,
        "1551": 1,
        "830": 1,
        "341": 1,
        "785": 1,
        "4118": 1,
        "457": 1,
        "702": 1,
        "316": 1,
        "265": 1,
        "21936": 1,
        "364": 1,
        "888": 1,
        "1943": 1,
        "713": 1,
        "8564": 1,
        "3720": 1,
        "485": 1,
        "918": 1,
        "610": 1,
        "321": 1,
        "3469": 1,
        "2812": 1,
        "3744": 1,
        "5020": 1,
        "1409": 1,
        "7349": 1,
        "1114": 1,
        "569": 1,
        "1382": 1,
        "685": 1,
        "311": 1,
        "425": 1,
        "1306": 1,
        "1067": 1,
        "328": 1,
        "1095": 1,
        "603": 1,
        "1181": 1,
        "10590": 1,
        "999": 1,
        "696": 1,
        "385": 1,
        "471": 1,
        "3760": 1,
        "522": 1,
        "551": 1,
        "561": 1,
        "257": 1,
        "1896": 1,
        "1070": 1,
        "1523": 1,
        "839": 1,
        "1062": 1,
        "342": 1,
        "261": 1,
        "775": 1,
        "1247": 1,
        "3398": 1,
        "472": 1,
        "1727": 1,
        "1449": 1,
        "955": 1,
        "1347": 1,
        "1004": 1,
        "5205": 1,
        "367": 1,
        "1584": 1,
        "4983": 1,
        "441": 1,
        "213": 1,
        "536": 1,
        "1050": 1,
        "716": 1,
        "492": 1
    },
    "nrows": 1997410
}