{
    "column_id": "Click-Prediction/Click-Prediction.csvClick-Prediction.csv/title_id",
    "dataset_name": "Click-Prediction.csv",
    "dataset_id": "Click-Prediction/Click-Prediction.csv",
    "path": "/home/ubuntu/CatDB/Experiments/data/Click-Prediction/Click-Prediction.csv",
    "table_name": "Click-Prediction.csv",
    "table_id": "Click-Prediction/Click-Prediction.csvClick-Prediction.csv",
    "column_name": "title_id",
    "data_source": "Click-Prediction",
    "data_type": "int",
    "total_values_count": 1997410,
    "distinct_values_count": 457918,
    "missing_values_count": 0,
    "true_ratio": null,
    "min_value": 0.0,
    "max_value": 4051310.0,
    "mean": 169799.91048557882,
    "median": 10591.0,
    "iqr": 97314.0,
    "category_values": null,
    "embedding": [
        -1.0,
        -1.0,
        -1.0,
        1.0,
        -1.0,
        1.0,
        -1.0,
        -1.0,
        -0.9998832941055298,
        -1.0,
        1.0,
        -1.0,
        -1.0,
        1.0,
        1.0,
        1.0,
        1.0,
        -1.0,
        1.0,
        -1.0,
        1.0,
        -1.0,
        1.0,
        -1.0,
        1.0,
        -1.0,
        -1.0,
        1.0,
        -1.0,
        -1.0,
        1.0,
        1.0,
        -1.0,
        -1.0,
        -1.0,
        1.0,
        -1.0,
        1.0,
        1.0,
        -1.0,
        -1.0,
        1.0,
        -1.0,
        -1.0,
        -1.0,
        -1.0,
        1.0,
        -1.0,
        -0.9999284744262695,
        -0.9259806275367737,
        -1.0,
        1.0,
        1.0,
        1.0,
        -1.0,
        1.0,
        1.0,
        1.0,
        -1.0,
        0.9873324036598206,
        -1.0,
        -1.0,
        1.0,
        -1.0,
        1.0,
        -1.0,
        1.0,
        -1.0,
        1.0,
        1.0,
        1.0,
        -1.0,
        -1.0,
        -1.0,
        -1.0,
        1.0,
        1.0,
        1.0,
        1.0,
        1.0,
        1.0,
        1.0,
        1.0,
        -1.0,
        -1.0,
        1.0,
        -1.0,
        1.0,
        1.0,
        1.0,
        -1.0,
        1.0,
        1.0,
        -1.0,
        1.0,
        -1.0,
        1.0,
        -1.0,
        -1.0,
        -1.0,
        -0.9943999648094177,
        -1.0,
        1.0,
        -1.0,
        -1.0,
        1.0,
        1.0,
        1.0,
        -1.0,
        -1.0,
        1.0,
        -1.0,
        -1.0,
        1.0,
        1.0,
        1.0,
        1.0,
        1.0,
        1.0,
        -1.0,
        -1.0,
        1.0,
        -1.0,
        -1.0,
        1.0,
        -1.0,
        -1.0,
        -0.9996504187583923,
        -1.0,
        1.0,
        -1.0,
        1.0,
        -1.0,
        -1.0,
        1.0,
        -1.0,
        -1.0,
        1.0,
        1.0,
        -1.0,
        1.0,
        1.0,
        1.0,
        -1.0,
        1.0,
        -1.0,
        1.0,
        -1.0,
        -1.0,
        -1.0,
        0.999441385269165,
        -1.0,
        1.0,
        -1.0,
        1.0,
        -1.0,
        1.0,
        -1.0,
        1.0,
        -1.0,
        -1.0,
        1.0,
        -1.0,
        -1.0,
        1.0,
        -1.0,
        1.0,
        -1.0,
        -1.0,
        -1.0,
        -1.0,
        -1.0,
        1.0,
        1.0,
        -1.0,
        -1.0,
        1.0,
        -1.0,
        -1.0,
        -1.0,
        1.0,
        -1.0,
        -1.0,
        -1.0,
        1.0,
        -1.0,
        1.0,
        -0.9999898076057434,
        -1.0,
        -1.0,
        1.0,
        1.0,
        1.0,
        1.0,
        -1.0,
        -1.0,
        1.0,
        -1.0,
        -1.0,
        1.0,
        -1.0,
        1.0,
        -1.0,
        -1.0,
        -1.0,
        -1.0,
        1.0,
        1.0,
        -1.0,
        -1.0,
        -1.0,
        1.0,
        -1.0,
        -1.0,
        -1.0,
        1.0,
        -1.0,
        1.0,
        -1.0,
        -1.0,
        1.0,
        -1.0,
        -1.0,
        1.0,
        -0.9999181628227234,
        -0.9253363013267517,
        1.0,
        -1.0,
        -1.0,
        -1.0,
        1.0,
        -1.0,
        1.0,
        -1.0,
        -1.0,
        1.0,
        -1.0,
        1.0,
        1.0,
        -0.9999616146087646,
        1.0,
        -0.916868269443512,
        1.0,
        -1.0,
        1.0,
        1.0,
        -1.0,
        -1.0,
        -1.0,
        1.0,
        1.0,
        1.0,
        -1.0,
        -1.0,
        -1.0,
        1.0,
        1.0,
        -1.0,
        -1.0,
        -1.0,
        1.0,
        1.0,
        1.0,
        -1.0,
        1.0,
        -1.0,
        -1.0,
        -0.9999999403953552,
        1.0,
        1.0,
        -0.9935644865036011,
        -1.0,
        -1.0,
        1.0,
        -1.0,
        1.0,
        1.0,
        1.0,
        1.0,
        1.0,
        1.0,
        -1.0,
        1.0,
        1.0,
        1.0,
        -1.0,
        -1.0,
        1.0,
        -1.0,
        -1.0,
        -1.0,
        1.0,
        -1.0,
        -1.0,
        -1.0,
        -1.0,
        -1.0,
        1.0,
        1.0,
        0.9999880194664001
    ],
    "embedding_scaling_factor": 56.75285339355469,
    "samples": [
        208796,
        79,
        4115,
        470,
        7475,
        76,
        100705,
        83,
        7403,
        306,
        37422,
        6432,
        8681,
        11449,
        4638,
        1960428,
        203,
        18221,
        223148,
        255859,
        31758,
        52,
        24159,
        2351661,
        9,
        434029,
        35,
        203238,
        91337,
        82,
        7186,
        561,
        18619,
        1293,
        130,
        79379,
        246153,
        1163618,
        24751,
        48044,
        561184,
        34,
        64685,
        46,
        86604,
        356446,
        188438,
        2,
        56340,
        612977,
        18,
        426,
        60075,
        13220,
        27,
        650,
        88057,
        54,
        237,
        206869,
        1510,
        50,
        44446,
        48648,
        117,
        542,
        804951,
        34,
        0,
        62179,
        204223,
        12290,
        1904670,
        13416,
        265676,
        12898,
        1793,
        20952,
        375399,
        3,
        15616,
        38,
        80135,
        2750,
        7541,
        61,
        546846,
        130,
        12837,
        23669,
        513119,
        624,
        220,
        127,
        1218,
        1394871,
        0,
        38343,
        27120,
        5807
    ],
    "category_values_ratio": null,
    "nrows": 1997410
}