dataset,prompt_representation_type,prompt_example_type,prompt_number_example,number_tokens,number_bool,number_int,number_float,number_string
oml_dataset_11_rnc,S,Random,0,1370,1,0,77,0
oml_dataset_11_rnc,SDVC,Random,0,1934,1,0,77,0
oml_dataset_11_rnc,SMVF,Random,0,2088,1,0,77,0
oml_dataset_11_rnc,SSN,Random,0,4035,1,0,77,0
oml_dataset_11_rnc,SCV,Random,0,1394,1,0,77,0
oml_dataset_11_rnc,SDVCMVF,Random,0,2734,1,0,77,0
oml_dataset_11_rnc,SDVCSN,Random,0,4603,1,0,77,0
oml_dataset_11_rnc,SMVFSN,Random,0,4756,1,0,77,0
oml_dataset_11_rnc,SMVFCV,Random,0,2115,1,0,77,0
oml_dataset_11_rnc,SSNCV,Random,0,4063,1,0,77,0
oml_dataset_11_rnc,ALL,Random,0,5292,1,0,77,0
