{
    "column_id": "Airline/On_Time_On_Time_Performance_2016_1.csvOn_Time_On_Time_Performance_2016_1.csv/OriginCityName",
    "dataset_name": "On_Time_On_Time_Performance_2016_1.csv",
    "dataset_id": "Airline/On_Time_On_Time_Performance_2016_1.csv",
    "path": "/home/ubuntu/CatDB/Experiments/data/Airline/On_Time_On_Time_Performance_2016_1.csv",
    "table_name": "On_Time_On_Time_Performance_2016_1.csv",
    "table_id": "Airline/On_Time_On_Time_Performance_2016_1.csvOn_Time_On_Time_Performance_2016_1.csv",
    "column_name": "OriginCityName",
    "data_source": "Airline",
    "data_type": "natural_language_text",
    "total_values_count": 445827,
    "distinct_values_count": 290,
    "missing_values_count": 0,
    "true_ratio": null,
    "min_value": null,
    "max_value": null,
    "mean": null,
    "median": null,
    "iqr": null,
    "category_values": [
        "Dallas/Fort Worth, TX",
        "Detroit, MI",
        "Seattle, WA",
        "New York, NY",
        "San Jose, CA",
        "Chicago, IL",
        "Phoenix, AZ",
        "St. Louis, MO",
        "Fort Lauderdale, FL",
        "Los Angeles, CA",
        "Orlando, FL",
        "Denver, CO",
        "Miami, FL",
        "Kona, HI",
        "Houston, TX",
        "Austin, TX",
        "Las Vegas, NV",
        "Salt Lake City, UT",
        "Tucson, AZ",
        "Charlotte Amalie, VI",
        "Boston, MA",
        "San Francisco, CA",
        "Kahului, HI",
        "Tampa, FL",
        "Santa Ana, CA",
        "Oklahoma City, OK",
        "Honolulu, HI",
        "Charlotte, NC",
        "Philadelphia, PA",
        "Raleigh/Durham, NC",
        "Newark, NJ",
        "Washington, DC",
        "Richmond, VA",
        "Atlanta, GA",
        "Lubbock, TX",
        "Pittsburgh, PA",
        "El Paso, TX",
        "San Diego, CA",
        "Nashville, TN",
        "Jackson, WY",
        "Sacramento, CA",
        "Lihue, HI",
        "San Juan, PR",
        "Albuquerque, NM",
        "Norfolk, VA",
        "Jacksonville, FL",
        "New Orleans, LA",
        "San Antonio, TX",
        "Kansas City, MO",
        "Gunnison, CO",
        "Indianapolis, IN",
        "Palm Springs, CA",
        "Portland, OR",
        "Baltimore, MD",
        "Minneapolis, MN",
        "Milwaukee, WI",
        "Tulsa, OK",
        "Ontario, CA",
        "Fort Myers, FL",
        "Reno, NV",
        "Des Moines, IA",
        "Mission/McAllen/Edinburg, TX",
        "Omaha, NE",
        "Eagle, CO",
        "West Palm Beach/Palm Beach, FL",
        "Louisville, KY",
        "Fresno, CA",
        "Dayton, OH",
        "Christiansted, VI",
        "Colorado Springs, CO",
        "Columbus, OH",
        "Montrose/Delta, CO",
        "Hayden, CO",
        "Spokane, WA",
        "Boise, ID",
        "Hartford, CT",
        "Memphis, TN",
        "Cleveland, OH",
        "Oakland, CA",
        "Anchorage, AK",
        "Buffalo, NY",
        "Syracuse, NY",
        "Albany, NY",
        "Providence, RI",
        "Rochester, NY",
        "Wilmington, NC",
        "Wichita, KS",
        "Portland, ME",
        "Greensboro/High Point, NC",
        "Charleston, SC",
        "Harrisburg, PA",
        "Birmingham, AL",
        "Kodiak, AK",
        "Bethel, AK",
        "Barrow, AK",
        "Deadhorse, AK",
        "Fairbanks, AK",
        "Juneau, AK",
        "Ketchikan, AK",
        "Yakutat, AK",
        "Cordova, AK",
        "Sitka, AK",
        "Petersburg, AK",
        "Wrangell, AK",
        "Nome, AK",
        "Kotzebue, AK",
        "Burbank, CA",
        "Bellingham, WA",
        "Adak Island, AK",
        "Newburgh/Poughkeepsie, NY",
        "Long Beach, CA",
        "Ponce, PR",
        "Aguadilla, PR",
        "White Plains, NY",
        "Savannah, GA",
        "Sarasota/Bradenton, FL",
        "Burlington, VT",
        "Worcester, MA",
        "Daytona Beach, FL",
        "Cincinnati, OH",
        "Bismarck/Mandan, ND",
        "Asheville, NC",
        "Grand Rapids, MI",
        "Flint, MI",
        "Myrtle Beach, SC",
        "Jackson/Vicksburg, MS",
        "Billings, MT",
        "Fargo, ND",
        "Pensacola, FL",
        "Augusta, GA",
        "Greer, SC",
        "Lexington, KY",
        "Dallas, TX",
        "Appleton, WI",
        "Gulfport/Biloxi, MS",
        "Melbourne, FL",
        "Bozeman, MT",
        "Akron, OH",
        "Charlottesville, VA",
        "Madison, WI",
        "Key West, FL",
        "Bristol/Johnson City/Kingsport, TN",
        "Lafayette, LA",
        "Roanoke, VA",
        "Panama City, FL",
        "Valparaiso, FL",
        "Fayetteville, AR",
        "Evansville, IN",
        "Scranton/Wilkes-Barre, PA",
        "Huntsville, AL",
        "Fayetteville, NC",
        "Little Rock, AR",
        "Knoxville, TN",
        "Tallahassee, FL",
        "Missoula, MT",
        "Chattanooga, TN",
        "Trenton, NJ",
        "St. Augustine, FL",
        "Mobile, AL",
        "Newport News/Williamsburg, VA",
        "Columbia, SC",
        "Sioux Falls, SD",
        "Hilo, HI",
        "Latrobe, PA",
        "Allentown/Bethlehem/Easton, PA",
        "Bloomington/Normal, IL",
        "Charleston/Dunbar, WV",
        "Atlantic City, NJ",
        "Pago Pago, TT",
        "Niagara Falls, NY",
        "Waco, TX",
        "Monroe, LA",
        "Killeen, TX",
        "Shreveport, LA",
        "Fort Smith, AR",
        "Midland/Odessa, TX",
        "Santa Fe, NM",
        "Joplin, MO",
        "Laredo, TX",
        "Brownsville, TX",
        "Tyler, TX",
        "Yuma, AZ",
        "Grand Junction, CO",
        "Duluth, MN",
        "Green Bay, WI",
        "Lansing, MI",
        "Santa Barbara, CA",
        "Aspen, CO",
        "Durango, CO",
        "Idaho Falls, ID",
        "Rapid City, SD",
        "Kalispell, MT",
        "Lincoln, NE",
        "Amarillo, TX",
        "Bakersfield, CA",
        "Flagstaff, AZ",
        "Moline, IL",
        "La Crosse, WI",
        "South Bend, IN",
        "Pasco/Kennewick/Richland, WA",
        "Minot, ND",
        "Williston, ND",
        "Grand Forks, ND",
        "Great Falls, MT",
        "Fort Wayne, IN",
        "Monterey, CA",
        "Saginaw/Bay City/Midland, MI",
        "Peoria, IL",
        "Sun Valley/Hailey/Ketchum, ID",
        "Twin Falls, ID",
        "Springfield, MO",
        "Casper, WY",
        "Baton Rouge, LA",
        "Plattsburgh, NY",
        "Corpus Christi, TX",
        "Mammoth Lakes, CA",
        "Cedar Rapids/Iowa City, IA",
        "Elko, NV",
        "San Luis Obispo, CA",
        "Rock Springs, WY",
        "Hancock/Houghton, MI",
        "Pellston, MI",
        "Gillette, WY",
        "Kalamazoo, MI",
        "Medford, OR",
        "Santa Maria, CA",
        "Eugene, OR",
        "Rochester, MN",
        "Traverse City, MI",
        "Springfield, IL",
        "St. George, UT",
        "Helena, MT",
        "Bend/Redmond, OR",
        "Arcata/Eureka, CA",
        "Eau Claire, WI",
        "Devils Lake, ND",
        "Jamestown, ND",
        "Muskegon, MI",
        "Iron Mountain/Kingsfd, MI",
        "Hays, KS",
        "Paducah, KY",
        "Cody, WY",
        "Aberdeen, SD",
        "Ithaca/Cortland, NY",
        "Alpena, MI",
        "Escanaba, MI",
        "Bemidji, MN",
        "Marquette, MI",
        "Sault Ste. Marie, MI",
        "Binghamton, NY",
        "Rhinelander, WI",
        "Lewiston, ID",
        "Brainerd, MN",
        "International Falls, MN",
        "Pocatello, ID",
        "Guam, TT",
        "Hibbing, MN",
        "Butte, MT",
        "Cedar City, UT",
        "North Bend/Coos Bay, OR",
        "Redding, CA",
        "Harlingen/San Benito, TX",
        "Islip, NY",
        "Manchester, NH",
        "Laramie, WY",
        "Gainesville, FL",
        "Meridian, MS",
        "Hattiesburg/Laurel, MS",
        "Beaumont/Port Arthur, TX",
        "Lawton/Fort Sill, OK",
        "Alexandria, LA",
        "Texarkana, AR",
        "Roswell, NM",
        "Erie, PA",
        "College Station/Bryan, TX",
        "Hobbs, NM",
        "Lake Charles, LA",
        "Columbus, MS",
        "Dothan, AL",
        "State College, PA",
        "Montgomery, AL",
        "Columbus, GA",
        "Mosinee, WI",
        "Elmira/Corning, NY",
        "Jacksonville/Camp Lejeune, NC",
        "Valdosta, GA",
        "Albany, GA",
        "Bangor, ME",
        "Brunswick, GA",
        "New Bern/Morehead/Beaufort, NC"
    ],
    "embedding": [
        -0.1552143394947052,
        8.90993578650523e-06,
        -0.037286706268787384,
        -1.0,
        0.2126193344593048,
        -0.06543252617120743,
        0.04403611645102501,
        -1.0,
        1.0,
        -0.10445667058229446,
        0.08659733831882477,
        0.03907069191336632,
        0.9854510426521301,
        -0.004871107637882233,
        -0.9992828965187073,
        -0.007688053883612156,
        0.04037925601005554,
        0.161459282040596,
        -0.07236918061971664,
        -0.09123367071151733,
        0.33711671829223633,
        0.011558646336197853,
        0.013209767639636993,
        -0.9999992251396179,
        0.9995540380477905,
        0.1680842489004135,
        -0.02764664776623249,
        -0.13809345662593842,
        0.015421739779412746,
        -0.22709178924560547,
        -0.11786562204360962,
        -0.2043740302324295,
        -0.08437252789735794,
        0.23752833902835846,
        0.17352010309696198,
        -0.0583617128431797,
        0.3132950961589813,
        0.17089059948921204,
        -0.013385714963078499,
        -0.18141888082027435,
        0.05518827959895134,
        0.9995531439781189,
        -0.0379457101225853,
        0.09241889417171478,
        -0.8448612093925476,
        0.3057532012462616,
        -0.17613485455513,
        -0.007863200269639492,
        0.06912092864513397,
        -0.019682908430695534,
        -0.10993742942810059,
        -0.17288945615291595,
        -0.03434794768691063,
        0.9741237163543701,
        -0.06568432599306107,
        -0.4041491150856018,
        -0.06948864459991455,
        0.004941405728459358,
        -0.9995196461677551,
        -0.05076911300420761,
        0.04219071567058563,
        0.9999933242797852,
        1.0,
        0.10920992493629456,
        -0.9999999403953552,
        0.03044300340116024,
        -0.013382788747549057,
        0.274197518825531,
        0.2478068470954895,
        -0.9997080564498901,
        0.999484121799469,
        0.006789383012801409,
        -0.1870110183954239,
        -0.009922138415277004,
        0.027122018858790398,
        0.16860421001911163,
        -0.10120460391044617,
        -0.18844476342201233,
        0.12590870261192322,
        0.03872678428888321,
        0.10492557287216187,
        -0.35436293482780457,
        0.18498487770557404,
        -0.055791210383176804,
        -0.13608045876026154,
        0.243389293551445,
        -0.23724089562892914,
        -0.015677234157919884,
        0.059920784085989,
        -0.0518784373998642,
        0.18175579607486725,
        0.07581792771816254,
        -0.09937699884176254,
        -0.1474016159772873,
        0.09689625352621078,
        0.11743110418319702,
        -1.0,
        -0.018223529681563377,
        -0.9999999403953552,
        -0.9999030828475952,
        0.09636244177818298,
        0.9994583129882812,
        -0.20727522671222687,
        0.090172678232193,
        -0.11567150801420212,
        0.2751094698905945,
        0.32682445645332336,
        0.02360089309513569,
        0.2802291214466095,
        0.08360426127910614,
        0.9999990463256836,
        0.27930817008018494,
        0.0903601348400116,
        0.9999999403953552,
        0.1688508689403534,
        -0.027094697579741478,
        -0.025456281378865242,
        -0.07658684253692627,
        -0.14600645005702972,
        0.14176051318645477,
        -0.1692570298910141,
        -0.1856561154127121,
        -0.13617722690105438,
        -0.12528865039348602,
        0.40353888273239136,
        -0.07023303210735321,
        -1.0,
        -0.18972180783748627,
        -0.17726488411426544,
        -0.9862771034240723,
        0.9997835755348206,
        0.6383605003356934,
        -0.09952045232057571,
        0.18249830603599548,
        0.9999880790710449,
        -0.04486873000860214,
        0.05059653893113136,
        -0.28922706842422485,
        0.012900054454803467,
        0.17368943989276886,
        0.5394498705863953,
        -0.36977651715278625,
        -0.9996467232704163,
        -0.9999999403953552,
        0.04093681275844574,
        0.03799794241786003,
        -0.012143950909376144,
        0.08886664360761642,
        0.9993677139282227,
        0.017564695328474045,
        -0.026447761803865433,
        0.004538698587566614,
        -0.01701131835579872,
        0.9999991059303284,
        -0.20775699615478516,
        -0.07253860682249069,
        -0.3382468521595001,
        0.214100182056427,
        -0.02395804412662983,
        -0.002793513936921954,
        -0.04423357546329498,
        -0.11848453432321548,
        0.04097139090299606,
        -0.20883575081825256,
        -0.16386021673679352,
        0.8351193070411682,
        0.19553248584270477,
        -0.94994056224823,
        -0.09715079516172409,
        -0.08839397877454758,
        0.18657377362251282,
        -0.1161862313747406,
        0.026095177978277206,
        0.9994592070579529,
        0.043388623744249344,
        -0.12346211820840836,
        1.0,
        0.021080922335386276,
        -0.1350841373205185,
        0.9917782545089722,
        0.2768643796443939,
        -0.11396089196205139,
        -0.006498346105217934,
        0.04938989877700806,
        -0.040177617222070694,
        -0.022277576848864555,
        0.029191065579652786,
        -0.9999999403953552,
        -0.07076422870159149,
        -0.14307677745819092,
        -0.023826144635677338,
        0.15592670440673828,
        -0.10305856913328171,
        -0.2733507454395294,
        0.07089496403932571,
        0.9999302625656128,
        0.27010273933410645,
        0.17290855944156647,
        -0.10698401927947998,
        -0.030053211376070976,
        -0.9999998211860657,
        0.15661796927452087,
        0.9998560547828674,
        0.013406950980424881,
        -0.08034855872392654,
        -0.5553935170173645,
        0.9998139142990112,
        -0.9720573425292969,
        0.2350294440984726,
        0.9996011853218079,
        0.037440523505210876,
        0.12300882488489151,
        0.020890822634100914,
        -0.1243312805891037,
        -0.0507897213101387,
        0.2671545147895813,
        -1.0,
        0.040802743285894394,
        -0.07651998102664948,
        -0.15530812740325928,
        0.17911508679389954,
        0.1270422488451004,
        0.029394252225756645,
        -0.17044216394424438,
        -0.24520373344421387,
        0.09418368339538574,
        0.18459072709083557,
        -0.05140781030058861,
        0.12853126227855682,
        0.024792373180389404,
        -0.9639701843261719,
        -0.9999779462814331,
        -0.08677150309085846,
        0.9533267617225647,
        0.4510605037212372,
        0.11097956448793411,
        -0.024854009971022606,
        0.15868709981441498,
        -0.09649650007486343,
        -0.9979560375213623,
        0.8898459076881409,
        0.14664781093597412,
        -0.4798107147216797,
        -0.1043221652507782,
        -0.995017945766449,
        -0.9999479651451111,
        0.15628401935100555,
        -0.032884515821933746,
        -0.048746298998594284,
        0.3078528940677643,
        0.10571633279323578,
        0.05844758823513985,
        1.0,
        -0.03424778953194618,
        -0.9992640018463135,
        -0.14151674509048462,
        0.15185846388339996,
        -1.0,
        0.9967840909957886,
        0.9905864596366882,
        -1.0,
        -0.15322627127170563,
        -0.006003082729876041,
        -0.2170584797859192,
        0.1413358747959137,
        0.06128648668527603,
        0.09943556040525436,
        0.1949785351753235,
        0.18731766939163208,
        0.07140020281076431,
        0.18594859540462494,
        0.08754487335681915,
        0.16429808735847473,
        0.12438824027776718,
        0.9999966025352478,
        -0.1414896696805954,
        -0.101068414747715,
        -1.0,
        0.14036475121974945,
        0.17414164543151855,
        -0.09247621148824692,
        0.23447462916374207,
        -0.08418310433626175,
        -0.004890806041657925,
        -0.9999999403953552,
        -0.24929599463939667,
        0.23467330634593964,
        -0.08653680235147476,
        -0.9999995827674866,
        0.18210375308990479,
        -0.28455185890197754,
        0.1294405162334442,
        -0.07178866118192673,
        0.02547891065478325,
        0.009353335946798325,
        1.0,
        0.09650348126888275,
        0.021929197013378143,
        -0.16340681910514832,
        -0.11147509515285492
    ],
    "embedding_scaling_factor": 0.18321643769741058,
    "samples": [
        "Missoula, MT",
        "Denver, CO",
        "Columbus, OH",
        "Denver, CO",
        "Peoria, IL",
        "Dallas/Fort Worth, TX",
        "Dallas, TX",
        "Louisville, KY",
        "Dothan, AL",
        "Orlando, FL",
        "Fort Myers, FL",
        "Newark, NJ",
        "Salt Lake City, UT",
        "Shreveport, LA",
        "Chicago, IL",
        "Denver, CO",
        "Houston, TX",
        "Twin Falls, ID",
        "Richmond, VA",
        "Burbank, CA",
        "Atlanta, GA",
        "Boston, MA",
        "Oakland, CA",
        "Kansas City, MO",
        "Hayden, CO",
        "Las Vegas, NV",
        "Dallas/Fort Worth, TX",
        "Dallas/Fort Worth, TX",
        "Baton Rouge, LA",
        "El Paso, TX",
        "Eugene, OR",
        "Newark, NJ",
        "San Jose, CA",
        "Portland, OR",
        "Detroit, MI",
        "Phoenix, AZ",
        "Casper, WY",
        "Austin, TX",
        "Salt Lake City, UT",
        "Denver, CO",
        "Richmond, VA",
        "Washington, DC",
        "San Francisco, CA",
        "Charleston, SC",
        "Dallas, TX",
        "Los Angeles, CA",
        "Houston, TX",
        "Houston, TX",
        "Dallas/Fort Worth, TX",
        "Beaumont/Port Arthur, TX",
        "Atlanta, GA",
        "Los Angeles, CA",
        "Pensacola, FL",
        "Kahului, HI",
        "Los Angeles, CA",
        "Montgomery, AL",
        "New York, NY",
        "Chicago, IL",
        "Washington, DC",
        "Newark, NJ",
        "Chicago, IL",
        "San Francisco, CA",
        "Corpus Christi, TX",
        "Trenton, NJ",
        "Chicago, IL",
        "Boston, MA",
        "Newark, NJ",
        "Dallas/Fort Worth, TX",
        "Akron, OH",
        "Las Vegas, NV",
        "Colorado Springs, CO",
        "Houston, TX",
        "Newark, NJ",
        "Las Vegas, NV",
        "Chicago, IL",
        "Detroit, MI",
        "Orlando, FL",
        "New York, NY",
        "Fort Lauderdale, FL",
        "Orlando, FL",
        "Philadelphia, PA",
        "Chicago, IL",
        "Omaha, NE",
        "Boston, MA",
        "San Francisco, CA",
        "Chicago, IL",
        "Denver, CO",
        "Atlanta, GA",
        "Atlanta, GA",
        "Los Angeles, CA",
        "Atlanta, GA",
        "Phoenix, AZ",
        "Minneapolis, MN",
        "San Francisco, CA",
        "Kona, HI",
        "Mission/McAllen/Edinburg, TX",
        "Las Vegas, NV",
        "San Luis Obispo, CA",
        "Newark, NJ",
        "New York, NY"
    ],
    "category_values_ratio": {
        "Atlanta, GA": 29870,
        "Chicago, IL": 25289,
        "Denver, CO": 17519,
        "Dallas/Fort Worth, TX": 16565,
        "Los Angeles, CA": 16427,
        "Houston, TX": 16200,
        "New York, NY": 16055,
        "San Francisco, CA": 13207,
        "Phoenix, AZ": 13024,
        "Las Vegas, NV": 12246,
        "Orlando, FL": 10739,
        "Seattle, WA": 9749,
        "Minneapolis, MN": 9581,
        "Detroit, MI": 9489,
        "Charlotte, NC": 9213,
        "Boston, MA": 9088,
        "Washington, DC": 8984,
        "Salt Lake City, UT": 8684,
        "Newark, NJ": 8526,
        "Fort Lauderdale, FL": 7678,
        "Baltimore, MD": 7181,
        "Miami, FL": 6083,
        "San Diego, CA": 6016,
        "Tampa, FL": 6006,
        "Dallas, TX": 5795,
        "Philadelphia, PA": 5664,
        "St. Louis, MO": 4321,
        "Portland, OR": 4136,
        "Nashville, TN": 3898,
        "Honolulu, HI": 3870,
        "Oakland, CA": 3654,
        "Austin, TX": 3581,
        "New Orleans, LA": 3507,
        "Santa Ana, CA": 3465,
        "Kansas City, MO": 3320,
        "Fort Myers, FL": 3294,
        "San Jose, CA": 3214,
        "Sacramento, CA": 3152,
        "Milwaukee, WI": 2703,
        "Cleveland, OH": 2680,
        "Raleigh/Durham, NC": 2569,
        "West Palm Beach/Palm Beach, FL": 2436,
        "San Juan, PR": 2408,
        "San Antonio, TX": 2342,
        "Indianapolis, IN": 2209,
        "Kahului, HI": 1909,
        "Pittsburgh, PA": 1887,
        "Burbank, CA": 1783,
        "Columbus, OH": 1774,
        "Ontario, CA": 1598,
        "Hartford, CT": 1520,
        "Jacksonville, FL": 1500,
        "Albuquerque, NM": 1443,
        "Tucson, AZ": 1419,
        "Omaha, NE": 1409,
        "Oklahoma City, OK": 1322,
        "Buffalo, NY": 1307,
        "Cincinnati, OH": 1253,
        "Anchorage, AK": 1232,
        "Tulsa, OK": 1199,
        "Boise, ID": 1172,
        "Richmond, VA": 1155,
        "Memphis, TN": 1151,
        "Charleston, SC": 1015,
        "Lihue, HI": 1005,
        "Reno, NV": 1001,
        "Providence, RI": 996,
        "Kona, HI": 990,
        "Palm Springs, CA": 978,
        "Birmingham, AL": 891,
        "El Paso, TX": 879,
        "Spokane, WA": 857,
        "Norfolk, VA": 846,
        "Albany, NY": 758,
        "Long Beach, CA": 755,
        "Grand Rapids, MI": 753,
        "Louisville, KY": 746,
        "Wichita, KS": 688,
        "Des Moines, IA": 656,
        "Colorado Springs, CO": 628,
        "Little Rock, AR": 614,
        "Aspen, CO": 607,
        "Fresno, CA": 598,
        "Baton Rouge, LA": 590,
        "Rochester, NY": 585,
        "Madison, WI": 576,
        "Dayton, OH": 572,
        "White Plains, NY": 548,
        "Greer, SC": 536,
        "Savannah, GA": 531,
        "Knoxville, TN": 525,
        "Santa Barbara, CA": 500,
        "Akron, OH": 493,
        "Hilo, HI": 492,
        "Shreveport, LA": 481,
        "Midland/Odessa, TX": 471,
        "Syracuse, NY": 458,
        "Charlotte Amalie, VI": 448,
        "Pensacola, FL": 443,
        "Manchester, NH": 443,
        "Jackson/Vicksburg, MS": 429,
        "Columbia, SC": 427,
        "Greensboro/High Point, NC": 427,
        "Jackson, WY": 403,
        "Lubbock, TX": 399,
        "South Bend, IN": 396,
        "Islip, NY": 381,
        "Portland, ME": 377,
        "Fargo, ND": 374,
        "Fayetteville, AR": 367,
        "Lexington, KY": 365,
        "Valparaiso, FL": 360,
        "Mobile, AL": 353,
        "Juneau, AK": 345,
        "Sioux Falls, SD": 343,
        "Chattanooga, TN": 343,
        "Sarasota/Bradenton, FL": 327,
        "Panama City, FL": 323,
        "Huntsville, AL": 314,
        "Atlantic City, NJ": 310,
        "Eagle, CO": 309,
        "Fort Wayne, IN": 308,
        "Pasco/Kennewick/Richland, WA": 298,
        "Flint, MI": 296,
        "Eugene, OR": 291,
        "Billings, MT": 283,
        "Appleton, WI": 270,
        "Bozeman, MT": 269,
        "Lafayette, LA": 269,
        "Gulfport/Biloxi, MS": 264,
        "Burlington, VT": 264,
        "Lansing, MI": 249,
        "Peoria, IL": 249,
        "Corpus Christi, TX": 248,
        "Monroe, LA": 247,
        "Amarillo, TX": 246,
        "Harlingen/San Benito, TX": 244,
        "Cedar Rapids/Iowa City, IA": 242,
        "Green Bay, WI": 241,
        "Medford, OR": 235,
        "Springfield, MO": 231,
        "Lincoln, NE": 231,
        "Myrtle Beach, SC": 228,
        "San Luis Obispo, CA": 221,
        "Evansville, IN": 220,
        "Rapid City, SD": 218,
        "Moline, IL": 216,
        "Killeen, TX": 214,
        "Monterey, CA": 210,
        "Idaho Falls, ID": 208,
        "Tallahassee, FL": 208,
        "Bismarck/Mandan, ND": 208,
        "Alexandria, LA": 208,
        "Kalamazoo, MI": 206,
        "Asheville, NC": 204,
        "Augusta, GA": 196,
        "Wilmington, NC": 196,
        "Charleston/Dunbar, WV": 196,
        "Mission/McAllen/Edinburg, TX": 194,
        "Gainesville, FL": 194,
        "Montgomery, AL": 191,
        "Saginaw/Bay City/Midland, MI": 189,
        "Harrisburg, PA": 189,
        "Bakersfield, CA": 188,
        "Grand Junction, CO": 188,
        "Brownsville, TX": 187,
        "Ketchikan, AK": 186,
        "Hayden, CO": 185,
        "Key West, FL": 184,
        "Bend/Redmond, OR": 183,
        "Roanoke, VA": 183,
        "Missoula, MT": 181,
        "Allentown/Bethlehem/Easton, PA": 180,
        "Elmira/Corning, NY": 179,
        "Yuma, AZ": 177,
        "Fairbanks, AK": 174,
        "Duluth, MN": 173,
        "Aguadilla, PR": 172,
        "Tyler, TX": 170,
        "Charlottesville, VA": 170,
        "Williston, ND": 169,
        "Trenton, NJ": 168,
        "Bristol/Johnson City/Kingsport, TN": 162,
        "Laredo, TX": 162,
        "Flagstaff, AZ": 157,
        "Fayetteville, NC": 154,
        "St. George, UT": 153,
        "Montrose/Delta, CO": 153,
        "Scranton/Wilkes-Barre, PA": 153,
        "Great Falls, MT": 151,
        "Minot, ND": 151,
        "Fort Smith, AR": 148,
        "Daytona Beach, FL": 147,
        "Waco, TX": 145,
        "Springfield, IL": 142,
        "Casper, WY": 139,
        "Kalispell, MT": 138,
        "Arcata/Eureka, CA": 125,
        "Twin Falls, ID": 122,
        "Helena, MT": 118,
        "Melbourne, FL": 117,
        "Dothan, AL": 116,
        "Sun Valley/Hailey/Ketchum, ID": 115,
        "Durango, CO": 105,
        "Christiansted, VI": 98,
        "Traverse City, MI": 95,
        "Bellingham, WA": 95,
        "Grand Forks, ND": 94,
        "Latrobe, PA": 93,
        "Sitka, AK": 92,
        "Bloomington/Normal, IL": 91,
        "Jacksonville/Camp Lejeune, NC": 90,
        "Gillette, WY": 88,
        "Newport News/Williamsburg, VA": 88,
        "Rhinelander, WI": 88,
        "Lawton/Fort Sill, OK": 87,
        "Brunswick, GA": 86,
        "Beaumont/Port Arthur, TX": 85,
        "Valdosta, GA": 84,
        "Meridian, MS": 83,
        "Columbus, MS": 83,
        "Hibbing, MN": 83,
        "Texarkana, AR": 83,
        "Columbus, GA": 81,
        "Bethel, AK": 81,
        "Deadhorse, AK": 80,
        "Barrow, AK": 80,
        "Albany, GA": 79,
        "Rochester, MN": 77,
        "Binghamton, NY": 76,
        "Lake Charles, LA": 75,
        "Jamestown, ND": 74,
        "Ponce, PR": 73,
        "Newburgh/Poughkeepsie, NY": 67,
        "Eau Claire, WI": 62,
        "Muskegon, MI": 62,
        "Petersburg, AK": 62,
        "Wrangell, AK": 62,
        "Hancock/Houghton, MI": 62,
        "Joplin, MO": 62,
        "Bemidji, MN": 62,
        "Aberdeen, SD": 62,
        "Paducah, KY": 62,
        "Kotzebue, AK": 61,
        "Nome, AK": 61,
        "Santa Maria, CA": 61,
        "Redding, CA": 61,
        "Worcester, MA": 60,
        "Yakutat, AK": 60,
        "Cordova, AK": 60,
        "Ithaca/Cortland, NY": 59,
        "State College, PA": 58,
        "Erie, PA": 58,
        "Sault Ste. Marie, MI": 58,
        "Butte, MT": 58,
        "Santa Fe, NM": 58,
        "Rock Springs, WY": 57,
        "Mosinee, WI": 57,
        "Iron Mountain/Kingsfd, MI": 57,
        "Pocatello, ID": 56,
        "New Bern/Morehead/Beaufort, NC": 55,
        "Lewiston, ID": 55,
        "Pellston, MI": 54,
        "International Falls, MN": 54,
        "Marquette, MI": 54,
        "College Station/Bryan, TX": 54,
        "Elko, NV": 53,
        "Brainerd, MN": 52,
        "Hays, KS": 52,
        "Escanaba, MI": 52,
        "Hattiesburg/Laurel, MS": 52,
        "Laramie, WY": 52,
        "Alpena, MI": 52,
        "Cedar City, UT": 51,
        "Hobbs, NM": 49,
        "La Crosse, WI": 49,
        "Devils Lake, ND": 48,
        "Gunnison, CO": 48,
        "Kodiak, AK": 43,
        "Cody, WY": 33,
        "Mammoth Lakes, CA": 32,
        "Guam, TT": 31,
        "Plattsburgh, NY": 31,
        "Niagara Falls, NY": 31,
        "North Bend/Coos Bay, OR": 17,
        "Pago Pago, TT": 10,
        "Adak Island, AK": 9,
        "Bangor, ME": 6,
        "Roswell, NM": 4,
        "St. Augustine, FL": 3
    },
    "nrows": 445827
}