{
    "column_id": "IMDB_IJS/movies_genres.csvmovies_genres.csv/movie_id",
    "dataset_name": "movies_genres.csv",
    "dataset_id": "IMDB_IJS/movies_genres.csv",
    "path": "/home/ubuntu/CatDB/Experiments/data/IMDB_IJS/movies_genres.csv",
    "table_name": "movies_genres.csv",
    "table_id": "IMDB_IJS/movies_genres.csvmovies_genres.csv",
    "column_name": "movie_id",
    "data_source": "IMDB_IJS",
    "data_type": "int",
    "total_values_count": 395119,
    "distinct_values_count": 251142,
    "missing_values_count": 0,
    "true_ratio": null,
    "min_value": 1.0,
    "max_value": 378614.0,
    "mean": 188593.9202518735,
    "median": 188264.0,
    "iqr": 189962.5,
    "category_values": null,
    "embedding": [
        -1.0,
        -1.0,
        -1.0,
        1.0,
        -1.0,
        1.0,
        -1.0,
        -1.0,
        -0.9999499917030334,
        -1.0,
        1.0,
        -1.0,
        -1.0,
        1.0,
        1.0,
        1.0,
        1.0,
        -1.0,
        1.0,
        -1.0,
        1.0,
        -1.0,
        1.0,
        -1.0,
        1.0,
        -1.0,
        -1.0,
        1.0,
        -1.0,
        -1.0,
        1.0,
        1.0,
        -1.0,
        -1.0,
        -1.0,
        1.0,
        -1.0,
        1.0,
        1.0,
        -1.0,
        -1.0,
        1.0,
        -1.0,
        -1.0,
        -1.0,
        -1.0,
        1.0,
        -1.0,
        -0.9999417662620544,
        -0.8022751808166504,
        -1.0,
        1.0,
        1.0,
        1.0,
        -1.0,
        1.0,
        1.0,
        1.0,
        -1.0,
        0.9939156770706177,
        -1.0,
        -1.0,
        1.0,
        -1.0,
        1.0,
        -1.0,
        1.0,
        -1.0,
        1.0,
        1.0,
        1.0,
        -1.0,
        -1.0,
        -1.0,
        -1.0,
        1.0,
        1.0,
        1.0,
        1.0,
        1.0,
        0.9999917149543762,
        1.0,
        1.0,
        -1.0,
        -1.0,
        1.0,
        -1.0,
        1.0,
        1.0,
        1.0,
        -0.9999995231628418,
        1.0,
        1.0,
        -1.0,
        1.0,
        -1.0,
        1.0,
        -1.0,
        -1.0,
        -1.0,
        -0.9916213154792786,
        -1.0,
        1.0,
        -1.0,
        -1.0,
        1.0,
        1.0,
        1.0,
        -1.0,
        -1.0,
        1.0,
        -1.0,
        -1.0,
        1.0,
        1.0,
        1.0,
        1.0,
        1.0,
        1.0,
        -1.0,
        -1.0,
        1.0,
        -1.0,
        -1.0,
        0.9999998211860657,
        -1.0,
        -1.0,
        -0.9999260306358337,
        -1.0,
        1.0,
        -1.0,
        1.0,
        -1.0,
        -1.0,
        1.0,
        -1.0,
        -1.0,
        1.0,
        1.0,
        -1.0,
        1.0,
        1.0,
        1.0,
        -1.0,
        1.0,
        -1.0,
        1.0,
        -1.0,
        -1.0,
        -1.0,
        0.9999456405639648,
        -1.0,
        1.0,
        -1.0,
        1.0,
        -1.0,
        1.0,
        -1.0,
        1.0,
        -1.0,
        -1.0,
        1.0,
        -1.0,
        -1.0,
        1.0,
        -1.0,
        1.0,
        -1.0,
        -1.0,
        -1.0,
        -1.0,
        -1.0,
        1.0,
        1.0,
        -1.0,
        -1.0,
        1.0,
        -1.0,
        -1.0,
        -1.0,
        1.0,
        -1.0,
        -1.0,
        -1.0,
        1.0,
        -1.0,
        1.0,
        -0.9999998807907104,
        -1.0,
        -1.0,
        1.0,
        1.0,
        1.0,
        1.0,
        -1.0,
        -1.0,
        1.0,
        -1.0,
        -1.0,
        1.0,
        -1.0,
        1.0,
        -1.0,
        -1.0,
        -1.0,
        -1.0,
        1.0,
        1.0,
        -1.0,
        -1.0,
        -1.0,
        1.0,
        -1.0,
        -1.0,
        -1.0,
        1.0,
        -1.0,
        1.0,
        -1.0,
        -1.0,
        1.0,
        -1.0,
        -1.0,
        1.0,
        -0.9999578595161438,
        -0.7996314764022827,
        1.0,
        -1.0,
        -1.0,
        -1.0,
        1.0,
        -1.0,
        1.0,
        -1.0,
        -1.0,
        1.0,
        -1.0,
        1.0,
        1.0,
        -0.9999039769172668,
        1.0,
        -0.7795408964157104,
        1.0,
        -1.0,
        1.0,
        1.0,
        -1.0,
        -1.0,
        -1.0,
        1.0,
        1.0,
        1.0,
        -1.0,
        -1.0,
        -1.0,
        1.0,
        1.0,
        -1.0,
        -1.0,
        -1.0,
        1.0,
        1.0,
        1.0,
        -1.0,
        1.0,
        -1.0,
        -1.0,
        -1.0,
        1.0,
        1.0,
        -0.9912891983985901,
        -1.0,
        -1.0,
        1.0,
        -1.0,
        1.0,
        1.0,
        1.0,
        1.0,
        1.0,
        1.0,
        -1.0,
        1.0,
        1.0,
        1.0,
        -1.0,
        -1.0,
        1.0,
        -1.0,
        -1.0,
        -1.0,
        1.0,
        -1.0,
        -1.0,
        -1.0,
        -1.0,
        -1.0,
        1.0,
        1.0,
        0.9999917149543762
    ],
    "embedding_scaling_factor": 47.452659606933594,
    "samples": [
        333925,
        222493,
        341233,
        131713,
        38708,
        281557,
        249436,
        371630,
        323074,
        202296,
        118558,
        194782,
        170005,
        141851,
        132757,
        308456,
        233351,
        109129,
        293773,
        331772,
        135524,
        111870,
        26623,
        112497,
        331438,
        357364,
        337822,
        31655,
        163905,
        27781,
        4961,
        36587,
        373700,
        200566,
        315663,
        235352,
        298642,
        112964,
        6770,
        48863,
        272436,
        314444,
        55047,
        219578,
        44353,
        155903,
        83585,
        110109,
        156313,
        140717,
        30791,
        83126,
        257185,
        333722,
        320472,
        37705,
        8618,
        164101,
        79064,
        153551,
        97827,
        313599,
        272289,
        7407,
        131891,
        89280,
        313305,
        207142,
        341905,
        159608,
        266061,
        68895,
        304066,
        146711,
        158947,
        299588,
        199947,
        359852,
        218965,
        297830,
        195178,
        192399,
        352300,
        216906,
        50323,
        46146,
        20353,
        79624,
        292070,
        227441,
        135016,
        97922,
        226556,
        254348,
        253771,
        54485,
        92894,
        161169,
        201468,
        308190
    ],
    "category_values_ratio": null,
    "nrows": 395119
}