{
    "column_id": "Airline/L_AIRPORT_SEQ_ID.csvL_AIRPORT_SEQ_ID.csv/Code",
    "dataset_name": "L_AIRPORT_SEQ_ID.csv",
    "dataset_id": "Airline/L_AIRPORT_SEQ_ID.csv",
    "path": "/home/ubuntu/CatDB/Experiments/data/Airline/L_AIRPORT_SEQ_ID.csv",
    "table_name": "L_AIRPORT_SEQ_ID.csv",
    "table_id": "Airline/L_AIRPORT_SEQ_ID.csvL_AIRPORT_SEQ_ID.csv",
    "column_name": "Code",
    "data_source": "Airline",
    "data_type": "int",
    "total_values_count": 13295,
    "distinct_values_count": 13295,
    "missing_values_count": 0,
    "true_ratio": null,
    "min_value": 1000101.0,
    "max_value": 9999901.0,
    "mean": 1324841.6340729597,
    "median": 1322102.0,
    "iqr": 327700.0,
    "category_values": null,
    "embedding": [
        -1.0,
        -1.0,
        -1.0,
        1.0,
        -1.0,
        1.0,
        -1.0,
        -1.0,
        -1.0,
        -1.0,
        1.0,
        -1.0,
        -1.0,
        1.0,
        1.0,
        1.0,
        1.0,
        -1.0,
        1.0,
        -1.0,
        1.0,
        -1.0,
        1.0,
        -1.0,
        1.0,
        -1.0,
        -1.0,
        1.0,
        -1.0,
        -1.0,
        1.0,
        1.0,
        -1.0,
        -1.0,
        -1.0,
        1.0,
        -1.0,
        1.0,
        1.0,
        -1.0,
        -1.0,
        1.0,
        -1.0,
        -1.0,
        -1.0,
        -1.0,
        1.0,
        -1.0,
        -1.0,
        -0.9864612221717834,
        -1.0,
        1.0,
        1.0,
        1.0,
        -1.0,
        1.0,
        1.0,
        1.0,
        -1.0,
        0.9992236495018005,
        -1.0,
        -1.0,
        1.0,
        -1.0,
        1.0,
        -1.0,
        1.0,
        -1.0,
        1.0,
        1.0,
        1.0,
        -1.0,
        -1.0,
        -1.0,
        -1.0,
        1.0,
        1.0,
        1.0,
        1.0,
        1.0,
        1.0,
        1.0,
        1.0,
        -1.0,
        -1.0,
        1.0,
        -1.0,
        1.0,
        1.0,
        1.0,
        -1.0,
        1.0,
        1.0,
        -1.0,
        1.0,
        -1.0,
        1.0,
        -1.0,
        -1.0,
        -1.0,
        -0.9964703321456909,
        -1.0,
        1.0,
        -1.0,
        -1.0,
        1.0,
        1.0,
        1.0,
        -1.0,
        -1.0,
        1.0,
        -1.0,
        -1.0,
        1.0,
        1.0,
        1.0,
        1.0,
        1.0,
        1.0,
        -1.0,
        -1.0,
        1.0,
        -1.0,
        -1.0,
        1.0,
        -1.0,
        -1.0,
        -1.0,
        -1.0,
        1.0,
        -1.0,
        1.0,
        -1.0,
        -1.0,
        1.0,
        -1.0,
        -1.0,
        1.0,
        1.0,
        -1.0,
        1.0,
        1.0,
        1.0,
        -1.0,
        1.0,
        -1.0,
        1.0,
        -1.0,
        -1.0,
        -1.0,
        1.0,
        -1.0,
        1.0,
        -1.0,
        1.0,
        -1.0,
        1.0,
        -1.0,
        1.0,
        -1.0,
        -1.0,
        1.0,
        -1.0,
        -1.0,
        1.0,
        -1.0,
        1.0,
        -1.0,
        -1.0,
        -1.0,
        -1.0,
        -1.0,
        1.0,
        1.0,
        -1.0,
        -1.0,
        1.0,
        -1.0,
        -1.0,
        -1.0,
        1.0,
        -1.0,
        -1.0,
        -1.0,
        1.0,
        -1.0,
        1.0,
        -1.0,
        -1.0,
        -1.0,
        1.0,
        1.0,
        1.0,
        1.0,
        -1.0,
        -1.0,
        1.0,
        -1.0,
        -1.0,
        1.0,
        -1.0,
        1.0,
        -1.0,
        -1.0,
        -1.0,
        -1.0,
        1.0,
        1.0,
        -1.0,
        -1.0,
        -1.0,
        1.0,
        -1.0,
        -1.0,
        -1.0,
        1.0,
        -1.0,
        1.0,
        -1.0,
        -1.0,
        1.0,
        -1.0,
        -1.0,
        1.0,
        -1.0,
        -0.9886167049407959,
        1.0,
        -1.0,
        -1.0,
        -1.0,
        1.0,
        -1.0,
        1.0,
        -1.0,
        -1.0,
        1.0,
        -1.0,
        1.0,
        1.0,
        -1.0,
        1.0,
        -0.9861183166503906,
        1.0,
        -1.0,
        1.0,
        1.0,
        -1.0,
        -1.0,
        -1.0,
        1.0,
        1.0,
        1.0,
        -1.0,
        -1.0,
        -1.0,
        1.0,
        1.0,
        -1.0,
        -1.0,
        -1.0,
        1.0,
        1.0,
        1.0,
        -1.0,
        1.0,
        -1.0,
        -1.0,
        -1.0,
        1.0,
        1.0,
        -0.9974926710128784,
        -1.0,
        -1.0,
        1.0,
        -1.0,
        1.0,
        1.0,
        1.0,
        1.0,
        1.0,
        1.0,
        -1.0,
        1.0,
        1.0,
        1.0,
        -1.0,
        -1.0,
        1.0,
        -1.0,
        -1.0,
        -1.0,
        1.0,
        -1.0,
        -1.0,
        -1.0,
        -1.0,
        -1.0,
        1.0,
        1.0,
        1.0
    ],
    "embedding_scaling_factor": 8.040989875793457,
    "samples": [
        1019501,
        1211602,
        1170501,
        1614501,
        1240802,
        1509902,
        1418601,
        1545401,
        1008501,
        1612301,
        1304702,
        1503502,
        1046001,
        1280101,
        1143702,
        1289803,
        1161203,
        1546103,
        1262702,
        1558801,
        1116502,
        1562901,
        1137203,
        1370101,
        1396101,
        1631201,
        1095901,
        1407303,
        1607501,
        1159401,
        1352501,
        1186502,
        1200902,
        1020502,
        1230701,
        1492102,
        1085103,
        1349501,
        1487501,
        1412602,
        1485101,
        1136901,
        1420503,
        1362902,
        1599701,
        1491301,
        1056201,
        1191801,
        1398001,
        1382002,
        1015501,
        1143601,
        1135103,
        1303903,
        1486103,
        1299402,
        1274002,
        1016303,
        1415401,
        1530402,
        1018201,
        1075703,
        1238801,
        1076802,
        1424401,
        1072303,
        1351801,
        1475501,
        1415001,
        1387001,
        1384401,
        1349801,
        1607801,
        1159702,
        1372201,
        1481601,
        1340903,
        1408002,
        1590002,
        1210501,
        1357903,
        1506203,
        1080102,
        1364402,
        1034502,
        1428303,
        1129503,
        1106303,
        1420202,
        1244402,
        1370401,
        1305501,
        1439901,
        1620201,
        1564002,
        1605502,
        1165602,
        1302003,
        1425701,
        1148002
    ],
    "category_values_ratio": null,
    "nrows": 13295
}