{
    "column_id": "Lahman-2014/salaries.csvsalaries.csv/salary",
    "dataset_name": "salaries.csv",
    "dataset_id": "Lahman-2014/salaries.csv",
    "path": "/home/ubuntu/CatDB/Experiments/data/Lahman-2014/salaries.csv",
    "table_name": "salaries.csv",
    "table_id": "Lahman-2014/salaries.csvsalaries.csv",
    "column_name": "salary",
    "data_source": "Lahman-2014",
    "data_type": "int",
    "total_values_count": 23111,
    "distinct_values_count": 2872,
    "missing_values_count": 0,
    "true_ratio": null,
    "min_value": 0.0,
    "max_value": 33000000.0,
    "mean": 1798584.972480637,
    "median": 500000.0,
    "iqr": 1760000.0,
    "category_values": null,
    "embedding": [
        -1.0,
        -1.0,
        -1.0,
        1.0,
        -1.0,
        1.0,
        -1.0,
        -1.0,
        -1.0,
        -1.0,
        1.0,
        -1.0,
        -1.0,
        1.0,
        1.0,
        1.0,
        1.0,
        -1.0,
        1.0,
        -1.0,
        1.0,
        -1.0,
        1.0,
        -1.0,
        1.0,
        -1.0,
        -1.0,
        1.0,
        -1.0,
        -1.0,
        1.0,
        1.0,
        -1.0,
        -1.0,
        -1.0,
        1.0,
        -1.0,
        1.0,
        1.0,
        -1.0,
        -1.0,
        1.0,
        -1.0,
        -1.0,
        -1.0,
        -1.0,
        1.0,
        -1.0,
        -1.0,
        -0.8542672395706177,
        -1.0,
        1.0,
        1.0,
        1.0,
        -1.0,
        1.0,
        1.0,
        1.0,
        -1.0,
        0.9967520236968994,
        -1.0,
        -1.0,
        1.0,
        -1.0,
        1.0,
        -1.0,
        1.0,
        -1.0,
        1.0,
        1.0,
        1.0,
        -1.0,
        -1.0,
        -1.0,
        -1.0,
        1.0,
        1.0,
        1.0,
        1.0,
        1.0,
        1.0,
        1.0,
        1.0,
        -1.0,
        -1.0,
        1.0,
        -1.0,
        1.0,
        1.0,
        1.0,
        -1.0,
        1.0,
        1.0,
        -1.0,
        1.0,
        -1.0,
        1.0,
        -1.0,
        -1.0,
        -1.0,
        -0.9877116084098816,
        -1.0,
        1.0,
        -1.0,
        -1.0,
        1.0,
        1.0,
        1.0,
        -1.0,
        -1.0,
        1.0,
        -1.0,
        -1.0,
        1.0,
        1.0,
        1.0,
        1.0,
        1.0,
        1.0,
        -1.0,
        -1.0,
        1.0,
        -1.0,
        -1.0,
        1.0,
        -1.0,
        -1.0,
        -1.0,
        -1.0,
        1.0,
        -1.0,
        1.0,
        -1.0,
        -1.0,
        1.0,
        -1.0,
        -1.0,
        1.0,
        1.0,
        -1.0,
        1.0,
        1.0,
        1.0,
        -1.0,
        1.0,
        -1.0,
        1.0,
        -1.0,
        -1.0,
        -1.0,
        1.0,
        -1.0,
        1.0,
        -1.0,
        1.0,
        -1.0,
        1.0,
        -1.0,
        1.0,
        -1.0,
        -1.0,
        1.0,
        -1.0,
        -1.0,
        1.0,
        -1.0,
        1.0,
        -1.0,
        -1.0,
        -1.0,
        -1.0,
        -1.0,
        1.0,
        1.0,
        -1.0,
        -1.0,
        1.0,
        -1.0,
        -1.0,
        -1.0,
        1.0,
        -1.0,
        -1.0,
        -1.0,
        1.0,
        -1.0,
        1.0,
        -1.0,
        -1.0,
        -1.0,
        1.0,
        1.0,
        1.0,
        1.0,
        -1.0,
        -1.0,
        1.0,
        -1.0,
        -1.0,
        1.0,
        -1.0,
        1.0,
        -1.0,
        -1.0,
        -1.0,
        -1.0,
        1.0,
        1.0,
        -1.0,
        -1.0,
        -1.0,
        1.0,
        -1.0,
        -1.0,
        -1.0,
        1.0,
        -1.0,
        1.0,
        -1.0,
        -1.0,
        1.0,
        -1.0,
        -1.0,
        1.0,
        -1.0,
        -0.8543230891227722,
        1.0,
        -1.0,
        -1.0,
        -1.0,
        1.0,
        -1.0,
        1.0,
        -1.0,
        -1.0,
        1.0,
        -1.0,
        1.0,
        1.0,
        -1.0,
        1.0,
        -0.8645342588424683,
        1.0,
        -1.0,
        1.0,
        1.0,
        -1.0,
        -1.0,
        -1.0,
        1.0,
        1.0,
        1.0,
        -1.0,
        -1.0,
        -1.0,
        1.0,
        1.0,
        -1.0,
        -1.0,
        -1.0,
        1.0,
        1.0,
        1.0,
        -1.0,
        1.0,
        -1.0,
        -1.0,
        -1.0,
        1.0,
        1.0,
        -0.9892740845680237,
        -1.0,
        -1.0,
        1.0,
        -1.0,
        1.0,
        1.0,
        1.0,
        1.0,
        1.0,
        1.0,
        -1.0,
        1.0,
        1.0,
        1.0,
        -1.0,
        -1.0,
        1.0,
        -1.0,
        -1.0,
        -1.0,
        1.0,
        -1.0,
        -1.0,
        -1.0,
        -1.0,
        -1.0,
        1.0,
        1.0,
        1.0
    ],
    "embedding_scaling_factor": 60.31840133666992,
    "samples": [
        337000,
        180000,
        285000,
        205000,
        355000,
        3750000,
        8000000,
        5312500,
        800000,
        350000,
        185000,
        2000000,
        62500,
        394000,
        856667,
        3750000,
        612500,
        310000,
        3700000,
        277500,
        1616667,
        2300000,
        6200000,
        14000000,
        492000,
        550000,
        420000,
        117500,
        3000000,
        316000,
        2100000,
        175000,
        207500,
        390000,
        7625000,
        3200000,
        142500,
        350000,
        109000,
        158000,
        316000,
        440000,
        950000,
        2250000,
        1275000,
        300500,
        200000,
        1000000,
        327000,
        405000,
        305000,
        287500,
        370000,
        2250000,
        200000,
        1225000,
        400000,
        712500,
        3250000,
        3650000,
        1600000,
        2266667,
        150000,
        109000,
        525000,
        550000,
        705000,
        417000,
        100000,
        410000,
        550000,
        16000000,
        275000,
        3900000,
        933333,
        300000,
        402300,
        232000,
        366667,
        2400000,
        122000,
        450000,
        900000,
        750000,
        6750000,
        4662500,
        900000,
        2000000,
        160000,
        4450000,
        302000,
        175000,
        8750000,
        3720000,
        1200000,
        360000,
        450000,
        2800000,
        320000,
        75000
    ],
    "category_values_ratio": null,
    "nrows": 23111
}