{
    "column_id": "Yelp/Yelp.csvYelp.csv/Thursday_18",
    "dataset_name": "Yelp.csv",
    "dataset_id": "Yelp/Yelp.csv",
    "path": "/home/ubuntu/CatDB/Experiments/data/Yelp/Yelp.csv",
    "table_name": "Yelp.csv",
    "table_id": "Yelp/Yelp.csvYelp.csv",
    "column_name": "Thursday_18",
    "data_source": "Yelp",
    "data_type": "int",
    "total_values_count": 229907,
    "distinct_values_count": 55,
    "missing_values_count": 16395,
    "true_ratio": null,
    "min_value": 0.0,
    "max_value": 305.0,
    "mean": 8.741372850237926,
    "median": 3.0,
    "iqr": 10.0,
    "category_values": [
        0,
        12,
        30,
        10,
        11,
        5,
        24,
        3,
        4,
        1,
        2,
        7,
        14,
        16,
        34,
        8,
        185,
        27,
        67,
        9,
        50,
        13,
        6,
        289,
        17,
        32,
        29,
        21,
        42,
        28,
        15,
        23,
        45,
        20,
        37,
        18,
        62,
        35,
        38,
        48,
        19,
        25,
        22,
        61,
        33,
        68,
        305,
        40,
        26,
        41,
        36,
        49,
        98,
        54,
        31
    ],
    "embedding": [
        -1.0,
        -1.0,
        -1.0,
        1.0,
        -1.0,
        1.0,
        -1.0,
        -1.0,
        -1.0,
        -1.0,
        1.0,
        -1.0,
        -1.0,
        1.0,
        1.0,
        1.0,
        1.0,
        -1.0,
        1.0,
        -1.0,
        1.0,
        -1.0,
        1.0,
        -1.0,
        1.0,
        -1.0,
        -1.0,
        1.0,
        -1.0,
        -1.0,
        1.0,
        1.0,
        -1.0,
        -1.0,
        -1.0,
        1.0,
        -1.0,
        1.0,
        1.0,
        -1.0,
        -1.0,
        1.0,
        -1.0,
        -1.0,
        -1.0,
        -1.0,
        1.0,
        -1.0,
        -1.0,
        -0.45867928862571716,
        -1.0,
        1.0,
        1.0,
        1.0,
        -1.0,
        1.0,
        1.0,
        1.0,
        -1.0,
        0.7719635963439941,
        -1.0,
        -1.0,
        1.0,
        -1.0,
        1.0,
        -1.0,
        1.0,
        -1.0,
        1.0,
        1.0,
        1.0,
        -1.0,
        -1.0,
        -1.0,
        -1.0,
        1.0,
        1.0,
        1.0,
        1.0,
        1.0,
        1.0,
        1.0,
        1.0,
        -1.0,
        -1.0,
        1.0,
        -1.0,
        1.0,
        1.0,
        1.0,
        -1.0,
        1.0,
        1.0,
        -1.0,
        1.0,
        -1.0,
        1.0,
        -1.0,
        -1.0,
        -1.0,
        -0.9382421374320984,
        -1.0,
        1.0,
        -1.0,
        -1.0,
        1.0,
        1.0,
        1.0,
        -1.0,
        -1.0,
        1.0,
        -1.0,
        -1.0,
        1.0,
        1.0,
        1.0,
        1.0,
        1.0,
        1.0,
        -1.0,
        -1.0,
        1.0,
        -1.0,
        -1.0,
        1.0,
        -1.0,
        -1.0,
        -1.0,
        -1.0,
        1.0,
        -1.0,
        1.0,
        -1.0,
        -1.0,
        1.0,
        -1.0,
        -1.0,
        1.0,
        1.0,
        -1.0,
        1.0,
        1.0,
        1.0,
        -1.0,
        1.0,
        -1.0,
        1.0,
        -1.0,
        -1.0,
        -1.0,
        1.0,
        -1.0,
        1.0,
        -1.0,
        1.0,
        -1.0,
        1.0,
        -1.0,
        1.0,
        -1.0,
        -1.0,
        1.0,
        -1.0,
        -1.0,
        1.0,
        -1.0,
        1.0,
        -1.0,
        -1.0,
        -1.0,
        -1.0,
        -1.0,
        1.0,
        1.0,
        -1.0,
        -1.0,
        1.0,
        -1.0,
        -1.0,
        -1.0,
        1.0,
        -1.0,
        -1.0,
        -1.0,
        1.0,
        -1.0,
        1.0,
        -1.0,
        -1.0,
        -1.0,
        1.0,
        1.0,
        1.0,
        1.0,
        -1.0,
        -1.0,
        1.0,
        -1.0,
        -1.0,
        1.0,
        -1.0,
        1.0,
        -1.0,
        -1.0,
        -1.0,
        -1.0,
        1.0,
        1.0,
        -1.0,
        -1.0,
        -1.0,
        1.0,
        -1.0,
        -1.0,
        -1.0,
        1.0,
        -1.0,
        1.0,
        -1.0,
        -1.0,
        1.0,
        -1.0,
        -1.0,
        1.0,
        -1.0,
        -0.45513421297073364,
        1.0,
        -1.0,
        -1.0,
        -1.0,
        1.0,
        -1.0,
        1.0,
        -1.0,
        -1.0,
        1.0,
        -1.0,
        1.0,
        1.0,
        -1.0,
        1.0,
        -0.4389150142669678,
        1.0,
        -1.0,
        1.0,
        1.0,
        -1.0,
        -1.0,
        -1.0,
        1.0,
        1.0,
        1.0,
        -1.0,
        -1.0,
        -1.0,
        1.0,
        1.0,
        -1.0,
        -1.0,
        -1.0,
        1.0,
        1.0,
        1.0,
        -1.0,
        1.0,
        -1.0,
        -1.0,
        -1.0,
        1.0,
        1.0,
        -0.9205877184867859,
        -1.0,
        -1.0,
        1.0,
        -1.0,
        1.0,
        1.0,
        1.0,
        1.0,
        1.0,
        1.0,
        -1.0,
        1.0,
        1.0,
        1.0,
        -1.0,
        -1.0,
        1.0,
        -1.0,
        -1.0,
        -1.0,
        1.0,
        -1.0,
        -1.0,
        -1.0,
        -1.0,
        -1.0,
        1.0,
        1.0,
        1.0
    ],
    "embedding_scaling_factor": 463.92291259765625,
    "samples": [
        18,
        7,
        11,
        8,
        1,
        0,
        18,
        3,
        0,
        9,
        4,
        1,
        0,
        6,
        16,
        4,
        3,
        8,
        0,
        6,
        1,
        7,
        2,
        0,
        1,
        5,
        20,
        10,
        9,
        5,
        23,
        0,
        3,
        1,
        8,
        2,
        0,
        0,
        10,
        0,
        2,
        1,
        1,
        13,
        7,
        3,
        1,
        0,
        3,
        3,
        0,
        0,
        0,
        5,
        17,
        0,
        8,
        0,
        5,
        13,
        62,
        3,
        11,
        0,
        17,
        0,
        5,
        2,
        1,
        4,
        6,
        5,
        3,
        17,
        1,
        3,
        7,
        2,
        0,
        1,
        0,
        17,
        4,
        27,
        0,
        2,
        8,
        1,
        34,
        18,
        0,
        11
    ],
    "category_values_ratio": {
        "0": 54342,
        "1": 23247,
        "2": 17089,
        "3": 13849,
        "5": 11190,
        "4": 10677,
        "6": 7629,
        "8": 7389,
        "11": 6791,
        "7": 5865,
        "10": 5798,
        "9": 4820,
        "12": 4429,
        "14": 3220,
        "21": 3010,
        "17": 2985,
        "19": 2687,
        "13": 2590,
        "15": 2393,
        "18": 2192,
        "16": 1859,
        "27": 1760,
        "23": 1489,
        "37": 1227,
        "34": 1168,
        "29": 1155,
        "30": 1126,
        "25": 1118,
        "20": 1095,
        "50": 845,
        "289": 844,
        "22": 758,
        "62": 731,
        "41": 662,
        "24": 580,
        "42": 540,
        "61": 484,
        "45": 484,
        "26": 479,
        "28": 387,
        "33": 339,
        "35": 288,
        "38": 279,
        "40": 240,
        "68": 223,
        "185": 216,
        "32": 196,
        "36": 177,
        "305": 130,
        "54": 117,
        "49": 93,
        "48": 89,
        "98": 68,
        "31": 39,
        "67": 35
    },
    "nrows": 229907
}