{
    "column_id": "Yelp/Yelp.csvYelp.csv/Thursday_19",
    "dataset_name": "Yelp.csv",
    "dataset_id": "Yelp/Yelp.csv",
    "path": "/home/ubuntu/CatDB/Experiments/data/Yelp/Yelp.csv",
    "table_name": "Yelp.csv",
    "table_id": "Yelp/Yelp.csvYelp.csv",
    "column_name": "Thursday_19",
    "data_source": "Yelp",
    "data_type": "int",
    "total_values_count": 229907,
    "distinct_values_count": 52,
    "missing_values_count": 16395,
    "true_ratio": null,
    "min_value": 0.0,
    "max_value": 234.0,
    "mean": 8.241419686012964,
    "median": 3.0,
    "iqr": 9.0,
    "category_values": [
        0,
        5,
        43,
        3,
        7,
        16,
        2,
        12,
        24,
        4,
        1,
        8,
        6,
        14,
        9,
        13,
        25,
        19,
        138,
        17,
        34,
        47,
        32,
        11,
        234,
        10,
        15,
        23,
        29,
        22,
        21,
        20,
        18,
        31,
        37,
        40,
        27,
        70,
        41,
        38,
        26,
        30,
        42,
        28,
        82,
        35,
        135,
        50,
        36,
        33,
        85,
        44
    ],
    "embedding": [
        -1.0,
        -1.0,
        -1.0,
        1.0,
        -1.0,
        1.0,
        -1.0,
        -1.0,
        -1.0,
        -1.0,
        1.0,
        -1.0,
        -1.0,
        1.0,
        1.0,
        1.0,
        1.0,
        -1.0,
        1.0,
        -1.0,
        1.0,
        -1.0,
        1.0,
        -1.0,
        1.0,
        -1.0,
        -1.0,
        1.0,
        -1.0,
        -1.0,
        1.0,
        1.0,
        -1.0,
        -1.0,
        -1.0,
        1.0,
        -1.0,
        1.0,
        1.0,
        -1.0,
        -1.0,
        1.0,
        -1.0,
        -1.0,
        -1.0,
        -1.0,
        1.0,
        -1.0,
        -1.0,
        -0.4449833631515503,
        -1.0,
        1.0,
        1.0,
        1.0,
        -1.0,
        1.0,
        1.0,
        1.0,
        -1.0,
        0.7707175016403198,
        -1.0,
        -1.0,
        1.0,
        -1.0,
        1.0,
        -1.0,
        1.0,
        -1.0,
        1.0,
        1.0,
        1.0,
        -1.0,
        -1.0,
        -1.0,
        -1.0,
        1.0,
        1.0,
        1.0,
        1.0,
        1.0,
        1.0,
        1.0,
        1.0,
        -1.0,
        -1.0,
        1.0,
        -1.0,
        1.0,
        1.0,
        1.0,
        -1.0,
        1.0,
        1.0,
        -1.0,
        1.0,
        -1.0,
        1.0,
        -1.0,
        -1.0,
        -1.0,
        -0.9364743828773499,
        -1.0,
        1.0,
        -1.0,
        -1.0,
        1.0,
        1.0,
        1.0,
        -1.0,
        -1.0,
        1.0,
        -1.0,
        -1.0,
        1.0,
        1.0,
        1.0,
        1.0,
        1.0,
        1.0,
        -1.0,
        -1.0,
        1.0,
        -1.0,
        -1.0,
        1.0,
        -1.0,
        -1.0,
        -1.0,
        -1.0,
        1.0,
        -1.0,
        1.0,
        -1.0,
        -1.0,
        1.0,
        -1.0,
        -1.0,
        1.0,
        1.0,
        -1.0,
        1.0,
        1.0,
        1.0,
        -1.0,
        1.0,
        -1.0,
        1.0,
        -1.0,
        -1.0,
        -1.0,
        1.0,
        -1.0,
        1.0,
        -1.0,
        1.0,
        -1.0,
        1.0,
        -1.0,
        1.0,
        -1.0,
        -1.0,
        1.0,
        -1.0,
        -1.0,
        1.0,
        -1.0,
        1.0,
        -1.0,
        -1.0,
        -1.0,
        -1.0,
        -1.0,
        1.0,
        1.0,
        -1.0,
        -1.0,
        1.0,
        -1.0,
        -1.0,
        -1.0,
        1.0,
        -1.0,
        -1.0,
        -1.0,
        1.0,
        -1.0,
        1.0,
        -1.0,
        -1.0,
        -1.0,
        1.0,
        1.0,
        1.0,
        1.0,
        -1.0,
        -1.0,
        1.0,
        -1.0,
        -1.0,
        1.0,
        -1.0,
        1.0,
        -1.0,
        -1.0,
        -1.0,
        -1.0,
        1.0,
        1.0,
        -1.0,
        -1.0,
        -1.0,
        1.0,
        -1.0,
        -1.0,
        -1.0,
        1.0,
        -1.0,
        1.0,
        -1.0,
        -1.0,
        1.0,
        -1.0,
        -1.0,
        1.0,
        -1.0,
        -0.4423811733722687,
        1.0,
        -1.0,
        -1.0,
        -1.0,
        1.0,
        -1.0,
        1.0,
        -1.0,
        -1.0,
        1.0,
        -1.0,
        1.0,
        1.0,
        -1.0,
        1.0,
        -0.42518875002861023,
        1.0,
        -1.0,
        1.0,
        1.0,
        -1.0,
        -1.0,
        -1.0,
        1.0,
        1.0,
        1.0,
        -1.0,
        -1.0,
        -1.0,
        1.0,
        1.0,
        -1.0,
        -1.0,
        -1.0,
        1.0,
        1.0,
        1.0,
        -1.0,
        1.0,
        -1.0,
        -1.0,
        -1.0,
        1.0,
        1.0,
        -0.918882429599762,
        -1.0,
        -1.0,
        1.0,
        -1.0,
        1.0,
        1.0,
        1.0,
        1.0,
        1.0,
        1.0,
        -1.0,
        1.0,
        1.0,
        1.0,
        -1.0,
        -1.0,
        1.0,
        -1.0,
        -1.0,
        -1.0,
        1.0,
        -1.0,
        -1.0,
        -1.0,
        -1.0,
        -1.0,
        1.0,
        1.0,
        1.0
    ],
    "embedding_scaling_factor": 453.06622314453125,
    "samples": [
        0,
        8,
        5,
        4,
        0,
        32,
        12,
        11,
        0,
        0,
        3,
        14,
        7,
        12,
        34,
        6,
        5,
        0,
        7,
        16,
        0,
        0,
        0,
        1,
        0,
        10,
        5,
        15,
        8,
        1,
        3,
        1,
        3,
        29,
        1,
        10,
        0,
        0,
        0,
        2,
        3,
        0,
        0,
        0,
        15,
        0,
        2,
        0,
        0,
        10,
        6,
        2,
        0,
        0,
        18,
        6,
        0,
        7,
        4,
        6,
        1,
        0,
        24,
        15,
        0,
        3,
        9,
        1,
        0,
        0,
        1,
        1,
        1,
        0,
        4,
        0,
        34,
        0,
        0,
        0,
        0,
        0,
        5,
        0,
        8,
        7,
        37,
        19,
        10,
        1,
        0,
        0,
        6,
        8,
        0,
        14
    ],
    "category_values_ratio": {
        "0": 58966,
        "1": 24279,
        "2": 16727,
        "3": 15048,
        "4": 9789,
        "6": 8436,
        "5": 8420,
        "8": 6723,
        "9": 6510,
        "7": 6492,
        "11": 4067,
        "10": 3776,
        "13": 3517,
        "12": 3172,
        "16": 3103,
        "15": 2928,
        "14": 2730,
        "29": 2230,
        "19": 2001,
        "17": 1750,
        "21": 1741,
        "31": 1527,
        "22": 1309,
        "18": 1288,
        "32": 1278,
        "23": 1263,
        "20": 1217,
        "28": 1155,
        "25": 1109,
        "34": 1001,
        "27": 979,
        "37": 904,
        "43": 863,
        "24": 859,
        "234": 844,
        "70": 731,
        "47": 682,
        "42": 575,
        "82": 484,
        "35": 477,
        "40": 473,
        "30": 313,
        "41": 312,
        "50": 240,
        "26": 230,
        "36": 227,
        "138": 216,
        "33": 177,
        "135": 130,
        "38": 89,
        "44": 87,
        "85": 68
    },
    "nrows": 229907
}