dataset,col_index,data_type,missing_values_count,total_values_count,distinct_values_count,number_rows
oml_dataset_20_rnc,1,str,0,1000000,3,1000000
oml_dataset_20_rnc,2,str,0,1000000,3,1000000
oml_dataset_20_rnc,3,str,0,1000000,3,1000000
oml_dataset_20_rnc,4,str,0,1000000,3,1000000
oml_dataset_20_rnc,5,str,0,1000000,3,1000000
oml_dataset_20_rnc,6,str,0,1000000,3,1000000
oml_dataset_20_rnc,7,str,0,1000000,3,1000000
oml_dataset_20_rnc,8,str,0,1000000,3,1000000
oml_dataset_20_rnc,9,str,0,1000000,3,1000000
oml_dataset_20_rnc,10,str,0,1000000,3,1000000
oml_dataset_20_rnc,11,str,0,1000000,3,1000000
oml_dataset_20_rnc,12,str,0,1000000,3,1000000
oml_dataset_20_rnc,13,str,0,1000000,3,1000000
oml_dataset_20_rnc,14,str,0,1000000,3,1000000
oml_dataset_20_rnc,15,str,0,1000000,3,1000000
oml_dataset_20_rnc,16,str,0,1000000,2,1000000
oml_dataset_20_rnc,17,str,0,1000000,3,1000000
oml_dataset_20_rnc,18,str,0,1000000,3,1000000
oml_dataset_20_rnc,19,str,0,1000000,1,1000000
oml_dataset_20_rnc,20,str,0,1000000,3,1000000
oml_dataset_20_rnc,21,str,0,1000000,3,1000000
oml_dataset_20_rnc,22,str,0,1000000,3,1000000
oml_dataset_20_rnc,23,str,0,1000000,3,1000000
oml_dataset_20_rnc,24,str,0,1000000,3,1000000
oml_dataset_20_rnc,25,str,0,1000000,3,1000000
oml_dataset_20_rnc,26,str,0,1000000,3,1000000
oml_dataset_20_rnc,27,str,0,1000000,3,1000000
oml_dataset_20_rnc,28,str,0,1000000,3,1000000
oml_dataset_20_rnc,29,str,0,1000000,3,1000000
oml_dataset_20_rnc,30,str,0,1000000,3,1000000
oml_dataset_20_rnc,31,str,0,1000000,3,1000000
oml_dataset_20_rnc,32,str,0,1000000,3,1000000
oml_dataset_20_rnc,33,str,0,1000000,3,1000000
oml_dataset_20_rnc,34,str,0,1000000,3,1000000
oml_dataset_20_rnc,35,str,0,1000000,3,1000000
