dataset,prompt_representation_type,prompt_example_type,prompt_number_example,number_tokens,number_bool,number_int,number_float,number_string
oml_dataset_20_rnc,S,Random,0,1112,0,0,0,35
oml_dataset_20_rnc,SDVC,Random,0,1307,0,0,0,35
oml_dataset_20_rnc,SMVF,Random,0,1443,0,0,0,35
oml_dataset_20_rnc,SSN,Random,0,1128,0,0,0,35
oml_dataset_20_rnc,SCV,Random,0,1408,0,0,0,35
oml_dataset_20_rnc,SDVCMVF,Random,0,1677,0,0,0,35
oml_dataset_20_rnc,SDVCSN,Random,0,1327,0,0,0,35
oml_dataset_20_rnc,SMVFSN,Random,0,1462,0,0,0,35
oml_dataset_20_rnc,SMVFCV,Random,0,1742,0,0,0,35
oml_dataset_20_rnc,SSNCV,Random,0,1428,0,0,0,35
oml_dataset_20_rnc,ALL,Random,0,1731,0,0,0,35
