{
    "column_id": "Financial/Financial.csvFinancial.csv/balance",
    "dataset_name": "Financial.csv",
    "dataset_id": "Financial/Financial.csv",
    "path": "/home/ubuntu/CatDB/Experiments/data/Financial/Financial.csv",
    "table_name": "Financial.csv",
    "table_id": "Financial/Financial.csvFinancial.csv",
    "column_name": "balance",
    "data_source": "Financial",
    "data_type": "int",
    "total_values_count": 552017,
    "distinct_values_count": 79919,
    "missing_values_count": 0,
    "true_ratio": null,
    "min_value": -19310.0,
    "max_value": 209637.0,
    "mean": 43733.75022146057,
    "median": 39222.0,
    "iqr": 30380.0,
    "category_values": null,
    "embedding": [
        -1.0,
        -1.0,
        -1.0,
        1.0,
        -1.0,
        1.0,
        -1.0,
        -1.0,
        -0.9993426203727722,
        -1.0,
        1.0,
        -1.0,
        -1.0,
        1.0,
        1.0,
        1.0,
        1.0,
        -1.0,
        1.0,
        -1.0,
        1.0,
        -1.0,
        1.0,
        -1.0,
        1.0,
        -1.0,
        -1.0,
        1.0,
        -1.0,
        -1.0,
        1.0,
        1.0,
        -1.0,
        -1.0,
        -1.0,
        1.0,
        -1.0,
        1.0,
        1.0,
        -1.0,
        -1.0,
        1.0,
        -1.0,
        -1.0,
        -1.0,
        -1.0,
        1.0,
        -1.0,
        -0.9993373155593872,
        -0.9950001835823059,
        -1.0,
        1.0,
        0.9999501705169678,
        1.0,
        -1.0,
        1.0,
        1.0,
        1.0,
        -1.0,
        0.9990572333335876,
        -1.0,
        -1.0,
        1.0,
        -1.0,
        1.0,
        -1.0,
        1.0,
        -1.0,
        1.0,
        1.0,
        1.0,
        -1.0,
        -1.0,
        -1.0,
        -1.0,
        1.0,
        1.0,
        1.0,
        1.0,
        1.0,
        0.9999350309371948,
        1.0,
        1.0,
        -1.0,
        -1.0,
        1.0,
        -1.0,
        1.0,
        1.0,
        1.0,
        -0.9999904036521912,
        1.0,
        1.0,
        -1.0,
        1.0,
        -1.0,
        1.0,
        -1.0,
        -1.0,
        -1.0,
        -0.9988887906074524,
        -1.0,
        1.0,
        -1.0,
        -1.0,
        1.0,
        1.0,
        1.0,
        -1.0,
        -1.0,
        1.0,
        -1.0,
        -1.0,
        1.0,
        1.0,
        1.0,
        1.0,
        1.0,
        1.0,
        -1.0,
        -1.0,
        1.0,
        -1.0,
        -1.0,
        0.999958872795105,
        -1.0,
        -1.0,
        -0.9992093443870544,
        -1.0,
        1.0,
        -1.0,
        1.0,
        -1.0,
        -1.0,
        1.0,
        -1.0,
        -1.0,
        1.0,
        1.0,
        -1.0,
        1.0,
        1.0,
        1.0,
        -0.9999629259109497,
        1.0,
        -1.0,
        1.0,
        -1.0,
        -1.0,
        -0.9999991655349731,
        0.9991441369056702,
        -1.0,
        1.0,
        -1.0,
        1.0,
        -1.0,
        1.0,
        -1.0,
        1.0,
        -1.0,
        -1.0,
        1.0,
        -1.0,
        -1.0,
        1.0,
        -1.0,
        1.0,
        -1.0,
        -1.0,
        -1.0,
        -1.0,
        -1.0,
        1.0,
        1.0,
        -1.0,
        -1.0,
        1.0,
        -1.0,
        -1.0,
        -1.0,
        1.0,
        -1.0,
        -1.0,
        -1.0,
        1.0,
        -1.0,
        1.0,
        -0.9999201893806458,
        -1.0,
        -1.0,
        1.0,
        1.0,
        1.0,
        1.0,
        -1.0,
        -1.0,
        1.0,
        -1.0,
        -1.0,
        1.0,
        -1.0,
        1.0,
        -1.0,
        -1.0,
        -1.0,
        -1.0,
        1.0,
        1.0,
        -1.0,
        -1.0,
        -1.0,
        1.0,
        -1.0,
        -1.0,
        -0.9999352097511292,
        1.0,
        -1.0,
        1.0,
        -1.0,
        -1.0,
        1.0,
        -1.0,
        -1.0,
        1.0,
        -0.9994969964027405,
        -0.9952013492584229,
        1.0,
        -1.0,
        -1.0,
        -1.0,
        1.0,
        -1.0,
        1.0,
        -1.0,
        -1.0,
        1.0,
        -1.0,
        1.0,
        1.0,
        -0.9994292259216309,
        1.0,
        -0.9928475022315979,
        1.0,
        -1.0,
        1.0,
        1.0,
        -1.0,
        -1.0,
        -1.0,
        1.0,
        1.0,
        1.0,
        -1.0,
        -1.0,
        -1.0,
        1.0,
        1.0,
        -1.0,
        -1.0,
        -1.0,
        1.0,
        1.0,
        1.0,
        -1.0,
        1.0,
        -1.0,
        -1.0,
        -0.9999482035636902,
        1.0,
        1.0,
        -0.9989387392997742,
        -1.0,
        -1.0,
        1.0,
        -1.0,
        1.0,
        1.0,
        1.0,
        1.0,
        1.0,
        1.0,
        -1.0,
        1.0,
        0.9999996423721313,
        1.0,
        -1.0,
        -1.0,
        1.0,
        -1.0,
        -1.0,
        -1.0,
        1.0,
        -1.0,
        -1.0,
        -1.0,
        -1.0,
        -1.0,
        1.0,
        1.0,
        0.9997369050979614
    ],
    "embedding_scaling_factor": 17.535823822021484,
    "samples": [
        70286,
        62381,
        20599,
        97304,
        47859,
        30812,
        38780,
        38604,
        47549,
        34181,
        22419,
        47760,
        43654,
        42018,
        60114,
        48743,
        49378,
        17544,
        69840,
        34968,
        20736,
        18536,
        28935,
        18386,
        28523,
        30597,
        41512,
        40599,
        35720,
        28528,
        31334,
        35329,
        52630,
        44002,
        27561,
        56034,
        51781,
        19274,
        78721,
        36724,
        20964,
        56435,
        53604,
        37345,
        40925,
        30125,
        21629,
        39411,
        76824,
        18592,
        27210,
        25908,
        55523,
        79810,
        67643,
        41739,
        25578,
        56848,
        40044,
        37372,
        151151,
        82025,
        46759,
        62055,
        31359,
        58748,
        73209,
        36998,
        41736,
        17144,
        71567,
        37085,
        75520,
        64036,
        33132,
        34960,
        51712,
        54902,
        38873,
        78432,
        76722,
        37253,
        50801,
        26776,
        63397,
        13498,
        20595,
        62498,
        28406,
        53052,
        52538,
        22167,
        48303,
        29477,
        54370,
        45233,
        68971,
        23662,
        41560,
        53163
    ],
    "category_values_ratio": null,
    "nrows": 552017
}