{
    "column_id": "Financial/Financial.csvFinancial.csv/account_to",
    "dataset_name": "Financial.csv",
    "dataset_id": "Financial/Financial.csv",
    "path": "/home/ubuntu/CatDB/Experiments/data/Financial/Financial.csv",
    "table_name": "Financial.csv",
    "table_id": "Financial/Financial.csvFinancial.csv",
    "column_name": "account_to",
    "data_source": "Financial",
    "data_type": "int",
    "total_values_count": 552017,
    "distinct_values_count": 1489,
    "missing_values_count": 0,
    "true_ratio": null,
    "min_value": 399.0,
    "max_value": 99994199.0,
    "mean": 50172711.33903847,
    "median": 51036828.0,
    "iqr": 48615074.0,
    "category_values": null,
    "embedding": [
        -1.0,
        -1.0,
        -1.0,
        1.0,
        -1.0,
        1.0,
        -1.0,
        -1.0,
        -1.0,
        -1.0,
        1.0,
        -1.0,
        -1.0,
        1.0,
        1.0,
        1.0,
        1.0,
        -1.0,
        1.0,
        -1.0,
        1.0,
        -1.0,
        1.0,
        -1.0,
        1.0,
        -1.0,
        -1.0,
        1.0,
        -1.0,
        -1.0,
        1.0,
        1.0,
        -1.0,
        -1.0,
        -1.0,
        1.0,
        -1.0,
        1.0,
        1.0,
        -1.0,
        -1.0,
        1.0,
        -1.0,
        -1.0,
        -1.0,
        -1.0,
        1.0,
        -1.0,
        -1.0,
        -0.9815325736999512,
        -1.0,
        1.0,
        1.0,
        1.0,
        -1.0,
        1.0,
        1.0,
        1.0,
        -1.0,
        0.998510479927063,
        -1.0,
        -1.0,
        1.0,
        -1.0,
        1.0,
        -1.0,
        1.0,
        -1.0,
        1.0,
        1.0,
        1.0,
        -1.0,
        -1.0,
        -1.0,
        -1.0,
        1.0,
        1.0,
        1.0,
        1.0,
        1.0,
        1.0,
        1.0,
        1.0,
        -1.0,
        -1.0,
        1.0,
        -1.0,
        1.0,
        1.0,
        1.0,
        -1.0,
        1.0,
        1.0,
        -1.0,
        1.0,
        -1.0,
        1.0,
        -1.0,
        -1.0,
        -1.0,
        -0.9990881085395813,
        -1.0,
        1.0,
        -1.0,
        -1.0,
        1.0,
        1.0,
        1.0,
        -1.0,
        -1.0,
        1.0,
        -1.0,
        -1.0,
        1.0,
        1.0,
        1.0,
        1.0,
        1.0,
        1.0,
        -1.0,
        -1.0,
        1.0,
        -1.0,
        -1.0,
        1.0,
        -1.0,
        -1.0,
        -1.0,
        -1.0,
        1.0,
        -1.0,
        1.0,
        -1.0,
        -1.0,
        1.0,
        -1.0,
        -1.0,
        1.0,
        1.0,
        -1.0,
        1.0,
        1.0,
        1.0,
        -1.0,
        1.0,
        -1.0,
        1.0,
        -1.0,
        -1.0,
        -1.0,
        1.0,
        -1.0,
        1.0,
        -1.0,
        1.0,
        -1.0,
        1.0,
        -1.0,
        1.0,
        -1.0,
        -1.0,
        1.0,
        -1.0,
        -1.0,
        1.0,
        -1.0,
        1.0,
        -1.0,
        -1.0,
        -1.0,
        -1.0,
        -1.0,
        1.0,
        1.0,
        -1.0,
        -1.0,
        1.0,
        -1.0,
        -1.0,
        -1.0,
        1.0,
        -1.0,
        -1.0,
        -1.0,
        1.0,
        -1.0,
        1.0,
        -1.0,
        -1.0,
        -1.0,
        1.0,
        1.0,
        1.0,
        1.0,
        -1.0,
        -1.0,
        1.0,
        -1.0,
        -1.0,
        1.0,
        -1.0,
        1.0,
        -1.0,
        -1.0,
        -1.0,
        -1.0,
        1.0,
        1.0,
        -1.0,
        -1.0,
        -1.0,
        1.0,
        -1.0,
        -1.0,
        -1.0,
        1.0,
        -1.0,
        1.0,
        -1.0,
        -1.0,
        1.0,
        -1.0,
        -1.0,
        1.0,
        -1.0,
        -0.9820653796195984,
        1.0,
        -1.0,
        -1.0,
        -1.0,
        1.0,
        -1.0,
        1.0,
        -1.0,
        -1.0,
        1.0,
        -1.0,
        1.0,
        1.0,
        -1.0,
        1.0,
        -0.9807204008102417,
        1.0,
        -1.0,
        1.0,
        1.0,
        -1.0,
        -1.0,
        -1.0,
        1.0,
        1.0,
        1.0,
        -1.0,
        -1.0,
        -1.0,
        1.0,
        1.0,
        -1.0,
        -1.0,
        -1.0,
        1.0,
        1.0,
        1.0,
        -1.0,
        1.0,
        -1.0,
        -1.0,
        -1.0,
        1.0,
        1.0,
        -0.9990527629852295,
        -1.0,
        -1.0,
        1.0,
        -1.0,
        1.0,
        1.0,
        1.0,
        1.0,
        1.0,
        1.0,
        -1.0,
        1.0,
        1.0,
        1.0,
        -1.0,
        -1.0,
        1.0,
        -1.0,
        -1.0,
        -1.0,
        1.0,
        -1.0,
        -1.0,
        -1.0,
        -1.0,
        -1.0,
        1.0,
        1.0,
        1.0
    ],
    "embedding_scaling_factor": 1.7520533800125122,
    "samples": [
        30920487,
        32435608,
        33192354,
        54977858,
        33301061,
        16853463,
        21391058,
        15263599,
        42013669,
        24150228,
        27695667,
        8759522,
        35698783,
        36217254,
        92149078,
        67233997,
        60554724,
        69415771,
        30955463,
        43664085,
        61638289,
        57328462,
        27366185,
        55045568,
        80542558,
        30920487,
        43162244,
        50065535,
        35819530,
        95617645,
        75713777,
        14110547,
        49417829,
        89597016,
        33228176,
        72944313,
        49671936,
        61203175,
        63132923,
        45261365,
        34254557,
        19594610,
        56325697,
        6366193,
        81744551,
        30821961,
        79491948,
        53805935,
        80617797,
        35577237,
        63655739,
        97449540,
        28738975,
        41846251,
        18397510,
        31748539,
        38727879,
        72628474,
        81744551,
        20694566,
        58417534,
        8817315,
        61133015,
        55347859,
        13272279,
        71167778,
        4957092,
        37369465,
        39872121,
        85124015,
        20661109,
        30643040,
        23606485,
        10118246,
        7974166,
        32006168,
        41643542,
        22182023,
        847703,
        15510481,
        92821448,
        98081868,
        62055730,
        28418004,
        6660080,
        64140730,
        56319099,
        88073575,
        17476857,
        14627766,
        76618009,
        99187093,
        27185577,
        40149122,
        81512897,
        50566107,
        42624378,
        77285653,
        51870715,
        93822401
    ],
    "category_values_ratio": null,
    "nrows": 552017
}