{
    "column_id": "Lahman-2014/teams.csvteams.csv/SO",
    "dataset_name": "teams.csv",
    "dataset_id": "Lahman-2014/teams.csv",
    "path": "/home/ubuntu/CatDB/Experiments/data/Lahman-2014/teams.csv",
    "table_name": "teams.csv",
    "table_id": "Lahman-2014/teams.csvteams.csv",
    "column_name": "SO",
    "data_source": "Lahman-2014",
    "data_type": "int",
    "total_values_count": 2715,
    "distinct_values_count": 981,
    "missing_values_count": 120,
    "true_ratio": null,
    "min_value": 0.0,
    "max_value": 1529.0,
    "mean": 720.5379576107899,
    "median": 739.0,
    "iqr": 449.0,
    "category_values": null,
    "embedding": [
        -1.0,
        -1.0,
        -1.0,
        1.0,
        -1.0,
        1.0,
        -1.0,
        -1.0,
        -0.9995615482330322,
        -1.0,
        1.0,
        -1.0,
        -1.0,
        1.0,
        1.0,
        1.0,
        1.0,
        -1.0,
        1.0,
        -1.0,
        1.0,
        -1.0,
        1.0,
        -1.0,
        1.0,
        -1.0,
        -1.0,
        1.0,
        -1.0,
        -1.0,
        1.0,
        1.0,
        -1.0,
        -1.0,
        -1.0,
        1.0,
        -1.0,
        1.0,
        1.0,
        -1.0,
        -1.0,
        1.0,
        -1.0,
        -1.0,
        -1.0,
        -1.0,
        1.0,
        -1.0,
        -0.9998072385787964,
        -0.9549403190612793,
        -1.0,
        1.0,
        1.0,
        1.0,
        -1.0,
        1.0,
        1.0,
        1.0,
        -1.0,
        0.9937765598297119,
        -1.0,
        -1.0,
        1.0,
        -1.0,
        1.0,
        -1.0,
        1.0,
        -1.0,
        1.0,
        1.0,
        1.0,
        -1.0,
        -1.0,
        -1.0,
        -1.0,
        1.0,
        1.0,
        1.0,
        1.0,
        1.0,
        1.0,
        1.0,
        1.0,
        -1.0,
        -1.0,
        1.0,
        -1.0,
        1.0,
        1.0,
        1.0,
        -1.0,
        1.0,
        1.0,
        -1.0,
        1.0,
        -1.0,
        1.0,
        -1.0,
        -1.0,
        -1.0,
        -0.9958733916282654,
        -1.0,
        1.0,
        -1.0,
        -1.0,
        1.0,
        1.0,
        1.0,
        -1.0,
        -1.0,
        1.0,
        -1.0,
        -1.0,
        1.0,
        1.0,
        1.0,
        1.0,
        1.0,
        1.0,
        -1.0,
        -1.0,
        1.0,
        -1.0,
        -1.0,
        1.0,
        -1.0,
        -1.0,
        -0.9980888962745667,
        -1.0,
        1.0,
        -1.0,
        1.0,
        -1.0,
        -1.0,
        1.0,
        -1.0,
        -1.0,
        1.0,
        1.0,
        -1.0,
        1.0,
        1.0,
        1.0,
        -1.0,
        1.0,
        -1.0,
        1.0,
        -1.0,
        -1.0,
        -1.0,
        0.9985265135765076,
        -1.0,
        1.0,
        -1.0,
        1.0,
        -1.0,
        1.0,
        -1.0,
        1.0,
        -1.0,
        -1.0,
        1.0,
        -1.0,
        -1.0,
        1.0,
        -1.0,
        1.0,
        -1.0,
        -1.0,
        -1.0,
        -1.0,
        -1.0,
        1.0,
        1.0,
        -1.0,
        -1.0,
        1.0,
        -1.0,
        -1.0,
        -1.0,
        1.0,
        -1.0,
        -1.0,
        -1.0,
        1.0,
        -1.0,
        1.0,
        -1.0,
        -1.0,
        -1.0,
        1.0,
        1.0,
        1.0,
        1.0,
        -1.0,
        -1.0,
        1.0,
        -1.0,
        -1.0,
        1.0,
        -1.0,
        1.0,
        -1.0,
        -1.0,
        -1.0,
        -1.0,
        1.0,
        1.0,
        -1.0,
        -1.0,
        -1.0,
        1.0,
        -1.0,
        -1.0,
        -1.0,
        1.0,
        -1.0,
        1.0,
        -1.0,
        -1.0,
        1.0,
        -1.0,
        -1.0,
        1.0,
        -0.9994975328445435,
        -0.9569754004478455,
        1.0,
        -1.0,
        -1.0,
        -1.0,
        1.0,
        -1.0,
        1.0,
        -1.0,
        -1.0,
        1.0,
        -1.0,
        1.0,
        1.0,
        -0.9998425245285034,
        1.0,
        -0.9460921883583069,
        1.0,
        -1.0,
        1.0,
        1.0,
        -1.0,
        -1.0,
        -1.0,
        1.0,
        1.0,
        1.0,
        -1.0,
        -1.0,
        -1.0,
        1.0,
        1.0,
        -1.0,
        -1.0,
        -1.0,
        1.0,
        1.0,
        1.0,
        -1.0,
        1.0,
        -1.0,
        -1.0,
        -1.0,
        1.0,
        1.0,
        -0.9958153963088989,
        -1.0,
        -1.0,
        1.0,
        -1.0,
        1.0,
        1.0,
        1.0,
        1.0,
        1.0,
        1.0,
        -1.0,
        1.0,
        1.0,
        1.0,
        -1.0,
        -1.0,
        1.0,
        -1.0,
        -1.0,
        -1.0,
        1.0,
        -1.0,
        -1.0,
        -1.0,
        -1.0,
        -1.0,
        1.0,
        1.0,
        0.9999995827674866
    ],
    "embedding_scaling_factor": 30.86089515686035,
    "samples": [
        663,
        240,
        994,
        855,
        605,
        1077,
        1365,
        602,
        556,
        518,
        916,
        905,
        284,
        730,
        1213,
        479,
        377,
        989,
        326,
        1183,
        635,
        719,
        687,
        723,
        1057,
        817,
        987,
        1077,
        0,
        867,
        295,
        909,
        114,
        683,
        363,
        157,
        499,
        921,
        1083,
        873,
        418,
        735,
        829,
        527,
        298,
        514,
        1371,
        1062,
        915,
        1224,
        335,
        463,
        513,
        1023,
        463,
        1325,
        1052,
        960,
        9,
        1097,
        456,
        581,
        518,
        1053,
        706,
        746,
        960,
        996,
        528,
        482,
        850,
        504,
        654,
        465,
        488,
        1025,
        479,
        532,
        553,
        1021,
        535,
        1128,
        915,
        547,
        916,
        764,
        1016,
        1026,
        600,
        1062,
        819,
        739,
        779
    ],
    "category_values_ratio": null,
    "nrows": 2715
}