{
    "column_id": "Lahman-2014/teams.csvteams.csv/HBP",
    "dataset_name": "teams.csv",
    "dataset_id": "Lahman-2014/teams.csv",
    "path": "/home/ubuntu/CatDB/Experiments/data/Lahman-2014/teams.csv",
    "table_name": "teams.csv",
    "table_id": "Lahman-2014/teams.csvteams.csv",
    "column_name": "HBP",
    "data_source": "Lahman-2014",
    "data_type": "int",
    "total_values_count": 2715,
    "distinct_values_count": 61,
    "missing_values_count": 2325,
    "true_ratio": null,
    "min_value": 28.0,
    "max_value": 103.0,
    "mean": 56.751282051282054,
    "median": 55.0,
    "iqr": 16.0,
    "category_values": [
        47,
        49,
        42,
        53,
        51,
        43,
        48,
        35,
        57,
        52,
        39,
        60,
        59,
        54,
        64,
        83,
        61,
        29,
        45,
        44,
        66,
        46,
        84,
        77,
        70,
        69,
        88,
        62,
        75,
        74,
        65,
        67,
        89,
        56,
        72,
        41,
        50,
        68,
        58,
        55,
        63,
        73,
        30,
        81,
        90,
        79,
        71,
        87,
        40,
        78,
        76,
        80,
        38,
        95,
        82,
        103,
        36,
        37,
        33,
        28,
        34
    ],
    "embedding": [
        -1.0,
        -1.0,
        -1.0,
        1.0,
        -1.0,
        1.0,
        -1.0,
        -1.0,
        -1.0,
        -1.0,
        1.0,
        -1.0,
        -1.0,
        1.0,
        1.0,
        1.0,
        1.0,
        -1.0,
        1.0,
        -1.0,
        1.0,
        -1.0,
        1.0,
        -1.0,
        1.0,
        -1.0,
        -1.0,
        1.0,
        -1.0,
        -1.0,
        1.0,
        1.0,
        -1.0,
        -1.0,
        -1.0,
        1.0,
        -1.0,
        1.0,
        1.0,
        -1.0,
        -1.0,
        1.0,
        -1.0,
        -1.0,
        -1.0,
        -1.0,
        1.0,
        -1.0,
        -1.0,
        -0.963698148727417,
        -1.0,
        1.0,
        1.0,
        1.0,
        -1.0,
        1.0,
        1.0,
        1.0,
        -1.0,
        0.9990279674530029,
        -1.0,
        -1.0,
        1.0,
        -1.0,
        1.0,
        -1.0,
        1.0,
        -1.0,
        1.0,
        1.0,
        1.0,
        -1.0,
        -1.0,
        -1.0,
        -1.0,
        1.0,
        1.0,
        1.0,
        1.0,
        1.0,
        1.0,
        1.0,
        1.0,
        -1.0,
        -1.0,
        1.0,
        -1.0,
        1.0,
        1.0,
        1.0,
        -1.0,
        1.0,
        1.0,
        -1.0,
        1.0,
        -1.0,
        1.0,
        -1.0,
        -1.0,
        -1.0,
        -0.9992117285728455,
        -1.0,
        1.0,
        -1.0,
        -1.0,
        1.0,
        1.0,
        1.0,
        -1.0,
        -1.0,
        1.0,
        -1.0,
        -1.0,
        1.0,
        1.0,
        1.0,
        1.0,
        1.0,
        1.0,
        -1.0,
        -1.0,
        1.0,
        -1.0,
        -1.0,
        1.0,
        -1.0,
        -1.0,
        -1.0,
        -1.0,
        1.0,
        -1.0,
        1.0,
        -1.0,
        -1.0,
        1.0,
        -1.0,
        -1.0,
        1.0,
        1.0,
        -1.0,
        1.0,
        1.0,
        1.0,
        -1.0,
        1.0,
        -1.0,
        1.0,
        -1.0,
        -1.0,
        -1.0,
        1.0,
        -1.0,
        1.0,
        -1.0,
        1.0,
        -1.0,
        1.0,
        -1.0,
        1.0,
        -1.0,
        -1.0,
        1.0,
        -1.0,
        -1.0,
        1.0,
        -1.0,
        1.0,
        -1.0,
        -1.0,
        -1.0,
        -1.0,
        -1.0,
        1.0,
        1.0,
        -1.0,
        -1.0,
        1.0,
        -1.0,
        -1.0,
        -1.0,
        1.0,
        -1.0,
        -1.0,
        -1.0,
        1.0,
        -1.0,
        1.0,
        -1.0,
        -1.0,
        -1.0,
        1.0,
        1.0,
        1.0,
        1.0,
        -1.0,
        -1.0,
        1.0,
        -1.0,
        -1.0,
        1.0,
        -1.0,
        1.0,
        -1.0,
        -1.0,
        -1.0,
        -1.0,
        1.0,
        1.0,
        -1.0,
        -1.0,
        -1.0,
        1.0,
        -1.0,
        -1.0,
        -1.0,
        1.0,
        -1.0,
        1.0,
        -1.0,
        -1.0,
        1.0,
        -1.0,
        -1.0,
        1.0,
        -1.0,
        -0.9667461514472961,
        1.0,
        -1.0,
        -1.0,
        -1.0,
        1.0,
        -1.0,
        1.0,
        -1.0,
        -1.0,
        1.0,
        -1.0,
        1.0,
        1.0,
        -1.0,
        1.0,
        -0.9766675233840942,
        1.0,
        -1.0,
        1.0,
        1.0,
        -1.0,
        -1.0,
        -1.0,
        1.0,
        1.0,
        1.0,
        -1.0,
        -1.0,
        -1.0,
        1.0,
        1.0,
        -1.0,
        -1.0,
        -1.0,
        1.0,
        1.0,
        1.0,
        -1.0,
        1.0,
        -1.0,
        -1.0,
        -1.0,
        1.0,
        1.0,
        -0.9993605613708496,
        -1.0,
        -1.0,
        1.0,
        -1.0,
        1.0,
        1.0,
        1.0,
        1.0,
        1.0,
        1.0,
        -1.0,
        1.0,
        1.0,
        1.0,
        -1.0,
        -1.0,
        1.0,
        -1.0,
        -1.0,
        -1.0,
        1.0,
        -1.0,
        -1.0,
        -1.0,
        -1.0,
        -1.0,
        1.0,
        1.0,
        1.0
    ],
    "embedding_scaling_factor": 21.067855834960938,
    "samples": [
        49,
        48,
        48,
        48,
        56,
        72,
        89,
        65,
        52,
        54
    ],
    "category_values_ratio": {
        "50": 19,
        "54": 15,
        "53": 14,
        "52": 14,
        "56": 13,
        "63": 13,
        "47": 12,
        "59": 12,
        "51": 12,
        "45": 12,
        "57": 12,
        "49": 11,
        "48": 11,
        "64": 10,
        "61": 10,
        "39": 10,
        "62": 10,
        "73": 9,
        "42": 9,
        "55": 9,
        "58": 8,
        "72": 8,
        "67": 8,
        "65": 7,
        "69": 6,
        "41": 6,
        "46": 6,
        "43": 6,
        "40": 5,
        "71": 5,
        "44": 5,
        "35": 5,
        "60": 5,
        "81": 5,
        "89": 5,
        "66": 5,
        "74": 4,
        "37": 4,
        "68": 4,
        "29": 3,
        "75": 3,
        "36": 3,
        "80": 3,
        "70": 3,
        "90": 3,
        "79": 3,
        "76": 2,
        "34": 2,
        "77": 2,
        "84": 2,
        "78": 2,
        "95": 2,
        "30": 2,
        "38": 2,
        "33": 2,
        "82": 2,
        "87": 1,
        "83": 1,
        "103": 1,
        "88": 1,
        "28": 1
    },
    "nrows": 2715
}