{
    "column_id": "Lahman-2014/teams.csvteams.csv/SV",
    "dataset_name": "teams.csv",
    "dataset_id": "Lahman-2014/teams.csv",
    "path": "/home/ubuntu/CatDB/Experiments/data/Lahman-2014/teams.csv",
    "table_name": "teams.csv",
    "table_id": "Lahman-2014/teams.csvteams.csv",
    "column_name": "SV",
    "data_source": "Lahman-2014",
    "data_type": "int",
    "total_values_count": 2715,
    "distinct_values_count": 65,
    "missing_values_count": 0,
    "true_ratio": null,
    "min_value": 0.0,
    "max_value": 68.0,
    "mean": 23.044935543278086,
    "median": 23.0,
    "iqr": 29.0,
    "category_values": [
        3,
        1,
        0,
        17,
        7,
        4,
        2,
        5,
        6,
        8,
        11,
        9,
        15,
        10,
        18,
        13,
        12,
        14,
        16,
        22,
        20,
        19,
        21,
        25,
        26,
        23,
        24,
        30,
        32,
        28,
        27,
        29,
        34,
        36,
        31,
        37,
        33,
        39,
        35,
        42,
        41,
        40,
        47,
        46,
        43,
        38,
        45,
        53,
        51,
        44,
        49,
        58,
        60,
        48,
        50,
        55,
        52,
        64,
        57,
        68,
        56,
        61,
        54,
        59,
        66
    ],
    "embedding": [
        -1.0,
        -1.0,
        -1.0,
        1.0,
        -1.0,
        1.0,
        -1.0,
        -1.0,
        -1.0,
        -1.0,
        1.0,
        -1.0,
        -1.0,
        1.0,
        1.0,
        1.0,
        1.0,
        -1.0,
        1.0,
        -1.0,
        1.0,
        -1.0,
        1.0,
        -1.0,
        1.0,
        -1.0,
        -1.0,
        1.0,
        -1.0,
        -1.0,
        1.0,
        1.0,
        -1.0,
        -1.0,
        -1.0,
        1.0,
        -1.0,
        1.0,
        1.0,
        -1.0,
        -1.0,
        1.0,
        -1.0,
        -1.0,
        -1.0,
        -1.0,
        1.0,
        -1.0,
        -1.0,
        -0.8137133121490479,
        -1.0,
        1.0,
        1.0,
        1.0,
        -1.0,
        1.0,
        1.0,
        1.0,
        -1.0,
        0.9191402792930603,
        -1.0,
        -1.0,
        1.0,
        -1.0,
        1.0,
        -1.0,
        1.0,
        -1.0,
        1.0,
        1.0,
        1.0,
        -1.0,
        -1.0,
        -1.0,
        -1.0,
        1.0,
        1.0,
        1.0,
        1.0,
        1.0,
        1.0,
        1.0,
        1.0,
        -1.0,
        -1.0,
        1.0,
        -1.0,
        1.0,
        1.0,
        1.0,
        -1.0,
        1.0,
        1.0,
        -1.0,
        1.0,
        -1.0,
        1.0,
        -1.0,
        -1.0,
        -1.0,
        -0.9785068035125732,
        -1.0,
        1.0,
        -1.0,
        -1.0,
        1.0,
        1.0,
        1.0,
        -1.0,
        -1.0,
        1.0,
        -1.0,
        -1.0,
        1.0,
        1.0,
        1.0,
        1.0,
        1.0,
        1.0,
        -1.0,
        -1.0,
        1.0,
        -1.0,
        -1.0,
        1.0,
        -1.0,
        -1.0,
        -1.0,
        -1.0,
        1.0,
        -1.0,
        1.0,
        -1.0,
        -1.0,
        1.0,
        -1.0,
        -1.0,
        1.0,
        1.0,
        -1.0,
        1.0,
        1.0,
        1.0,
        -1.0,
        1.0,
        -1.0,
        1.0,
        -1.0,
        -1.0,
        -1.0,
        1.0,
        -1.0,
        1.0,
        -1.0,
        1.0,
        -1.0,
        1.0,
        -1.0,
        1.0,
        -1.0,
        -1.0,
        1.0,
        -1.0,
        -1.0,
        1.0,
        -1.0,
        1.0,
        -1.0,
        -1.0,
        -1.0,
        -1.0,
        -1.0,
        1.0,
        1.0,
        -1.0,
        -1.0,
        1.0,
        -1.0,
        -1.0,
        -1.0,
        1.0,
        -1.0,
        -1.0,
        -1.0,
        1.0,
        -1.0,
        1.0,
        -1.0,
        -1.0,
        -1.0,
        1.0,
        1.0,
        1.0,
        1.0,
        -1.0,
        -1.0,
        1.0,
        -1.0,
        -1.0,
        1.0,
        -1.0,
        1.0,
        -1.0,
        -1.0,
        -1.0,
        -1.0,
        1.0,
        1.0,
        -1.0,
        -1.0,
        -1.0,
        1.0,
        -1.0,
        -1.0,
        -1.0,
        1.0,
        -1.0,
        1.0,
        -1.0,
        -1.0,
        1.0,
        -1.0,
        -1.0,
        1.0,
        -1.0,
        -0.8088859915733337,
        1.0,
        -1.0,
        -1.0,
        -1.0,
        1.0,
        -1.0,
        1.0,
        -1.0,
        -1.0,
        1.0,
        -1.0,
        1.0,
        1.0,
        -1.0,
        1.0,
        -0.7976185083389282,
        1.0,
        -1.0,
        1.0,
        1.0,
        -1.0,
        -1.0,
        -1.0,
        1.0,
        1.0,
        1.0,
        -1.0,
        -1.0,
        -1.0,
        1.0,
        1.0,
        -1.0,
        -1.0,
        -1.0,
        1.0,
        1.0,
        1.0,
        -1.0,
        1.0,
        -1.0,
        -1.0,
        -1.0,
        1.0,
        1.0,
        -0.9721826910972595,
        -1.0,
        -1.0,
        1.0,
        -1.0,
        1.0,
        1.0,
        1.0,
        1.0,
        1.0,
        1.0,
        -1.0,
        1.0,
        1.0,
        1.0,
        -1.0,
        -1.0,
        1.0,
        -1.0,
        -1.0,
        -1.0,
        1.0,
        -1.0,
        -1.0,
        -1.0,
        -1.0,
        -1.0,
        1.0,
        1.0,
        1.0
    ],
    "embedding_scaling_factor": 223.5540008544922,
    "samples": [
        27,
        28,
        1,
        18,
        8,
        44,
        38,
        14,
        1,
        44,
        22,
        36,
        51,
        24,
        12,
        37,
        1,
        3,
        45,
        38,
        16,
        40,
        43,
        35,
        43,
        0,
        31,
        3,
        10,
        33,
        39,
        1,
        6,
        35,
        15,
        0,
        2,
        28,
        44,
        2,
        8,
        32,
        21,
        12,
        5,
        7,
        28,
        50,
        32,
        55,
        23,
        11,
        39,
        2,
        0,
        38,
        53,
        12,
        23,
        13,
        0,
        26,
        8,
        35,
        37,
        28,
        0,
        25,
        39,
        36,
        5,
        5,
        5,
        27,
        18,
        36,
        49,
        42,
        6,
        3,
        52,
        41,
        48,
        13,
        54,
        52,
        34,
        0,
        45,
        42,
        15,
        15,
        25,
        13,
        12,
        0,
        2,
        48,
        26,
        15
    ],
    "category_values_ratio": {
        "0": 190,
        "1": 108,
        "2": 78,
        "39": 67,
        "13": 62,
        "33": 62,
        "42": 62,
        "35": 60,
        "9": 59,
        "12": 59,
        "15": 59,
        "3": 58,
        "43": 57,
        "38": 57,
        "36": 57,
        "10": 56,
        "11": 55,
        "34": 54,
        "44": 54,
        "32": 53,
        "41": 53,
        "5": 53,
        "25": 53,
        "8": 53,
        "7": 51,
        "29": 48,
        "16": 48,
        "4": 47,
        "31": 47,
        "6": 47,
        "30": 45,
        "37": 45,
        "23": 43,
        "40": 43,
        "27": 41,
        "20": 41,
        "24": 41,
        "14": 40,
        "21": 40,
        "45": 39,
        "46": 38,
        "18": 38,
        "17": 36,
        "26": 36,
        "28": 36,
        "22": 36,
        "47": 35,
        "48": 30,
        "19": 25,
        "50": 22,
        "51": 22,
        "49": 19,
        "52": 13,
        "53": 8,
        "55": 5,
        "58": 5,
        "57": 5,
        "56": 5,
        "54": 5,
        "60": 3,
        "59": 3,
        "64": 2,
        "68": 1,
        "61": 1,
        "66": 1
    },
    "nrows": 2715
}