{
    "column_id": "Lahman-2014/allstarfull.csvallstarfull.csv/yearID",
    "dataset_name": "allstarfull.csv",
    "dataset_id": "Lahman-2014/allstarfull.csv",
    "path": "/home/ubuntu/CatDB/Experiments/data/Lahman-2014/allstarfull.csv",
    "table_name": "allstarfull.csv",
    "table_id": "Lahman-2014/allstarfull.csvallstarfull.csv",
    "column_name": "yearID",
    "data_source": "Lahman-2014",
    "data_type": "int",
    "total_values_count": 4831,
    "distinct_values_count": 80,
    "missing_values_count": 0,
    "true_ratio": null,
    "min_value": 1933.0,
    "max_value": 2012.0,
    "mean": 1974.584972055475,
    "median": 1974.0,
    "iqr": 38.0,
    "category_values": [
        1955,
        1956,
        1957,
        1958,
        1959,
        1960,
        1961,
        1962,
        1963,
        1964,
        1965,
        1966,
        1967,
        1968,
        1969,
        1970,
        1971,
        1972,
        1973,
        1974,
        1975,
        1986,
        2004,
        2005,
        1943,
        1991,
        1992,
        1993,
        1988,
        2000,
        1938,
        1990,
        1994,
        1995,
        1996,
        1997,
        1998,
        1999,
        2001,
        2012,
        2002,
        2003,
        1944,
        2010,
        1977,
        1979,
        1984,
        1985,
        1954,
        1936,
        1939,
        1940,
        1941,
        1946,
        1947,
        1981,
        2006,
        1948,
        1951,
        1953,
        1952,
        1933,
        1934,
        1935,
        1937,
        2011,
        1942,
        2009,
        1987,
        1989,
        1982,
        1945,
        2007,
        1976,
        1980,
        1978,
        1983,
        2008,
        1949,
        1950
    ],
    "embedding": [
        -1.0,
        -1.0,
        -1.0,
        1.0,
        -1.0,
        1.0,
        -1.0,
        -1.0,
        -1.0,
        -1.0,
        1.0,
        -1.0,
        -1.0,
        1.0,
        1.0,
        1.0,
        1.0,
        -1.0,
        1.0,
        -1.0,
        1.0,
        -1.0,
        1.0,
        -1.0,
        1.0,
        -1.0,
        -1.0,
        1.0,
        -1.0,
        -1.0,
        1.0,
        1.0,
        -1.0,
        -1.0,
        -1.0,
        1.0,
        -1.0,
        1.0,
        1.0,
        -1.0,
        -1.0,
        1.0,
        -1.0,
        -1.0,
        -1.0,
        -1.0,
        1.0,
        -1.0,
        -1.0,
        -0.9905555844306946,
        -1.0,
        1.0,
        1.0,
        1.0,
        -1.0,
        1.0,
        1.0,
        1.0,
        -1.0,
        0.9999616146087646,
        -1.0,
        -1.0,
        1.0,
        -1.0,
        1.0,
        -1.0,
        1.0,
        -1.0,
        1.0,
        1.0,
        1.0,
        -1.0,
        -1.0,
        -1.0,
        -1.0,
        1.0,
        1.0,
        1.0,
        1.0,
        1.0,
        1.0,
        1.0,
        1.0,
        -1.0,
        -1.0,
        1.0,
        -1.0,
        1.0,
        1.0,
        1.0,
        -1.0,
        1.0,
        1.0,
        -1.0,
        1.0,
        -1.0,
        1.0,
        -1.0,
        -1.0,
        -1.0,
        -0.9997996687889099,
        -1.0,
        1.0,
        -1.0,
        -1.0,
        1.0,
        1.0,
        1.0,
        -1.0,
        -1.0,
        1.0,
        -1.0,
        -1.0,
        1.0,
        1.0,
        1.0,
        1.0,
        1.0,
        1.0,
        -1.0,
        -1.0,
        1.0,
        -1.0,
        -1.0,
        1.0,
        -1.0,
        -1.0,
        -1.0,
        -1.0,
        1.0,
        -1.0,
        1.0,
        -1.0,
        -1.0,
        1.0,
        -1.0,
        -1.0,
        1.0,
        1.0,
        -1.0,
        1.0,
        1.0,
        1.0,
        -1.0,
        1.0,
        -1.0,
        1.0,
        -1.0,
        -1.0,
        -1.0,
        1.0,
        -1.0,
        1.0,
        -1.0,
        1.0,
        -1.0,
        1.0,
        -1.0,
        1.0,
        -1.0,
        -1.0,
        1.0,
        -1.0,
        -1.0,
        1.0,
        -1.0,
        1.0,
        -1.0,
        -1.0,
        -1.0,
        -1.0,
        -1.0,
        1.0,
        1.0,
        -1.0,
        -1.0,
        1.0,
        -1.0,
        -1.0,
        -1.0,
        1.0,
        -1.0,
        -1.0,
        -1.0,
        1.0,
        -1.0,
        1.0,
        -1.0,
        -1.0,
        -1.0,
        1.0,
        1.0,
        1.0,
        1.0,
        -1.0,
        -1.0,
        1.0,
        -1.0,
        -1.0,
        1.0,
        -1.0,
        1.0,
        -1.0,
        -1.0,
        -1.0,
        -1.0,
        1.0,
        1.0,
        -1.0,
        -1.0,
        -1.0,
        1.0,
        -1.0,
        -1.0,
        -1.0,
        1.0,
        -1.0,
        1.0,
        -1.0,
        -1.0,
        1.0,
        -1.0,
        -1.0,
        1.0,
        -1.0,
        -0.9910361766815186,
        1.0,
        -1.0,
        -1.0,
        -1.0,
        1.0,
        -1.0,
        1.0,
        -1.0,
        -1.0,
        1.0,
        -1.0,
        1.0,
        1.0,
        -1.0,
        1.0,
        -0.980664074420929,
        1.0,
        -1.0,
        1.0,
        1.0,
        -1.0,
        -1.0,
        -1.0,
        1.0,
        1.0,
        1.0,
        -1.0,
        -1.0,
        -1.0,
        1.0,
        1.0,
        -1.0,
        -1.0,
        -1.0,
        1.0,
        1.0,
        1.0,
        -1.0,
        1.0,
        -1.0,
        -1.0,
        -1.0,
        1.0,
        1.0,
        -0.9998194575309753,
        -1.0,
        -1.0,
        1.0,
        -1.0,
        1.0,
        1.0,
        1.0,
        1.0,
        1.0,
        1.0,
        -1.0,
        1.0,
        1.0,
        1.0,
        -1.0,
        -1.0,
        1.0,
        -1.0,
        -1.0,
        -1.0,
        1.0,
        -1.0,
        -1.0,
        -1.0,
        -1.0,
        -1.0,
        1.0,
        1.0,
        1.0
    ],
    "embedding_scaling_factor": 2.3258385226654354e-06,
    "samples": [
        2004,
        2012,
        1991,
        1990,
        1939,
        1955,
        1968,
        1960,
        1999,
        1959,
        1987,
        1969,
        2000,
        1965,
        1950,
        1962,
        1995,
        2006,
        1946,
        1950,
        1976,
        1975,
        2007,
        1996,
        2000,
        2006,
        1986,
        1939,
        1943,
        1970,
        1962,
        1949,
        1987,
        1962,
        1970,
        1988,
        1941,
        1975,
        1945,
        2011,
        1945,
        2000,
        1956,
        1966,
        1984,
        2012,
        1992,
        1965,
        1960,
        1964,
        1949,
        1940,
        2004,
        1947,
        1953,
        1984,
        1964,
        1958,
        1942,
        1992,
        2004,
        1937,
        1997,
        2010,
        1988,
        1961,
        1960,
        2003,
        1997,
        1995,
        1960,
        1993,
        1988,
        1966,
        1933,
        1963,
        1947,
        1940,
        2005,
        1999,
        1995,
        1981,
        1975,
        1996,
        2012,
        1938,
        1942,
        1987,
        1959,
        1980,
        1935,
        1935,
        1978,
        1962,
        1955,
        1955,
        1970,
        1989,
        1939,
        2010
    ],
    "category_values_ratio": {
        "1960": 122,
        "1959": 114,
        "1962": 111,
        "1961": 107,
        "2011": 82,
        "2010": 82,
        "2012": 74,
        "2009": 71,
        "2006": 71,
        "2003": 70,
        "2000": 69,
        "2005": 68,
        "2004": 68,
        "2008": 67,
        "2007": 66,
        "1999": 64,
        "2002": 64,
        "2001": 63,
        "1998": 63,
        "1979": 62,
        "1977": 62,
        "1972": 62,
        "1978": 61,
        "1980": 61,
        "1981": 61,
        "1997": 61,
        "1995": 61,
        "1973": 61,
        "1971": 61,
        "1989": 60,
        "1983": 60,
        "1985": 60,
        "1994": 59,
        "1991": 59,
        "1996": 59,
        "1988": 59,
        "1974": 59,
        "1969": 59,
        "1990": 58,
        "1993": 58,
        "1984": 58,
        "1976": 58,
        "1987": 58,
        "1970": 58,
        "1992": 57,
        "1975": 57,
        "1986": 57,
        "1982": 57,
        "1954": 55,
        "1944": 54,
        "1947": 53,
        "1968": 53,
        "1967": 53,
        "1966": 53,
        "1940": 53,
        "1942": 53,
        "1965": 53,
        "1953": 53,
        "1952": 53,
        "1963": 53,
        "1948": 53,
        "1943": 53,
        "1964": 52,
        "1956": 52,
        "1946": 52,
        "1941": 52,
        "1955": 51,
        "1939": 51,
        "1949": 51,
        "1951": 50,
        "1958": 50,
        "1957": 50,
        "1950": 50,
        "1945": 49,
        "1937": 48,
        "1938": 48,
        "1936": 43,
        "1935": 41,
        "1934": 41,
        "1933": 36
    },
    "nrows": 4831
}