{
    "column_id": "IMDB/writers.csvwriters.csv/writerid",
    "dataset_name": "writers.csv",
    "dataset_id": "IMDB/writers.csv",
    "path": "/home/ubuntu/CatDB/Experiments/data/IMDB/writers.csv",
    "table_name": "writers.csv",
    "table_id": "IMDB/writers.csvwriters.csv",
    "column_name": "writerid",
    "data_source": "IMDB",
    "data_type": "int",
    "total_values_count": 5559,
    "distinct_values_count": 5559,
    "missing_values_count": 0,
    "true_ratio": null,
    "min_value": 70.0,
    "max_value": 407170.0,
    "mean": 202179.9627630869,
    "median": 200466.0,
    "iqr": 205738.5,
    "category_values": null,
    "embedding": [
        -1.0,
        -1.0,
        -1.0,
        1.0,
        -1.0,
        1.0,
        -1.0,
        -1.0,
        -0.9980529546737671,
        -1.0,
        1.0,
        -1.0,
        -1.0,
        1.0,
        1.0,
        1.0,
        1.0,
        -1.0,
        1.0,
        -1.0,
        1.0,
        -1.0,
        1.0,
        -1.0,
        1.0,
        -1.0,
        -1.0,
        1.0,
        -1.0,
        -1.0,
        1.0,
        1.0,
        -1.0,
        -1.0,
        -1.0,
        1.0,
        -1.0,
        1.0,
        1.0,
        -1.0,
        -1.0,
        1.0,
        -1.0,
        -1.0,
        -1.0,
        -1.0,
        1.0,
        -1.0,
        -0.9980039596557617,
        -0.8403582572937012,
        -1.0,
        1.0,
        1.0,
        1.0,
        -1.0,
        1.0,
        1.0,
        1.0,
        -1.0,
        0.9966781735420227,
        -1.0,
        -1.0,
        1.0,
        -1.0,
        1.0,
        -1.0,
        1.0,
        -1.0,
        1.0,
        1.0,
        1.0,
        -1.0,
        -1.0,
        -1.0,
        -1.0,
        1.0,
        1.0,
        1.0,
        1.0,
        1.0,
        1.0,
        1.0,
        1.0,
        -1.0,
        -1.0,
        1.0,
        -1.0,
        1.0,
        1.0,
        1.0,
        -1.0,
        1.0,
        1.0,
        -1.0,
        1.0,
        -1.0,
        1.0,
        -1.0,
        -1.0,
        -1.0,
        -0.9941906929016113,
        -1.0,
        1.0,
        -1.0,
        -1.0,
        1.0,
        1.0,
        1.0,
        -1.0,
        -1.0,
        1.0,
        -1.0,
        -1.0,
        1.0,
        1.0,
        1.0,
        1.0,
        1.0,
        1.0,
        -1.0,
        -1.0,
        1.0,
        -1.0,
        -1.0,
        1.0,
        -1.0,
        -1.0,
        -0.9980005025863647,
        -1.0,
        1.0,
        -1.0,
        1.0,
        -1.0,
        -1.0,
        1.0,
        -1.0,
        -1.0,
        1.0,
        1.0,
        -1.0,
        1.0,
        1.0,
        1.0,
        -1.0,
        1.0,
        -1.0,
        1.0,
        -1.0,
        -1.0,
        -1.0,
        0.9980002641677856,
        -1.0,
        1.0,
        -1.0,
        1.0,
        -1.0,
        1.0,
        -1.0,
        1.0,
        -1.0,
        -1.0,
        1.0,
        -1.0,
        -1.0,
        1.0,
        -1.0,
        1.0,
        -1.0,
        -1.0,
        -1.0,
        -1.0,
        -1.0,
        1.0,
        1.0,
        -1.0,
        -1.0,
        1.0,
        -1.0,
        -1.0,
        -1.0,
        1.0,
        -1.0,
        -1.0,
        -1.0,
        1.0,
        -1.0,
        1.0,
        -1.0,
        -1.0,
        -1.0,
        1.0,
        1.0,
        1.0,
        1.0,
        -1.0,
        -1.0,
        1.0,
        -1.0,
        -1.0,
        1.0,
        -1.0,
        1.0,
        -1.0,
        -1.0,
        -1.0,
        -1.0,
        1.0,
        1.0,
        -1.0,
        -1.0,
        -1.0,
        1.0,
        -1.0,
        -1.0,
        -1.0,
        1.0,
        -1.0,
        1.0,
        -1.0,
        -1.0,
        1.0,
        -1.0,
        -1.0,
        1.0,
        -0.9984580278396606,
        -0.8369688391685486,
        1.0,
        -1.0,
        -1.0,
        -1.0,
        1.0,
        -1.0,
        1.0,
        -1.0,
        -1.0,
        1.0,
        -1.0,
        1.0,
        1.0,
        -0.9981286525726318,
        1.0,
        -0.8137533068656921,
        1.0,
        -1.0,
        1.0,
        1.0,
        -1.0,
        -1.0,
        -1.0,
        1.0,
        1.0,
        1.0,
        -1.0,
        -1.0,
        -1.0,
        1.0,
        1.0,
        -1.0,
        -1.0,
        -1.0,
        1.0,
        1.0,
        1.0,
        -1.0,
        1.0,
        -1.0,
        -1.0,
        -1.0,
        1.0,
        1.0,
        -0.9942976236343384,
        -1.0,
        -1.0,
        1.0,
        -1.0,
        1.0,
        1.0,
        1.0,
        1.0,
        1.0,
        1.0,
        -1.0,
        1.0,
        1.0,
        1.0,
        -1.0,
        -1.0,
        1.0,
        -1.0,
        -1.0,
        -1.0,
        1.0,
        -1.0,
        -1.0,
        -1.0,
        -1.0,
        -1.0,
        1.0,
        1.0,
        0.9996705055236816
    ],
    "embedding_scaling_factor": 56.957942962646484,
    "samples": [
        121656,
        363205,
        211820,
        156276,
        238981,
        310864,
        149961,
        398878,
        349166,
        229729,
        355402,
        145332,
        239999,
        153403,
        80962,
        138577,
        163264,
        187056,
        183283,
        62928,
        156946,
        153682,
        167591,
        28122,
        216456,
        351632,
        230836,
        240634,
        281306,
        317884,
        30059,
        132043,
        367941,
        3403,
        162877,
        4671,
        128346,
        288794,
        138471,
        243868,
        35735,
        207562,
        366269,
        89369,
        149714,
        233049,
        269882,
        269440,
        50031,
        162134,
        189926,
        175419,
        332503,
        67686,
        360482,
        222161,
        261856,
        293166,
        310204,
        246841,
        239505,
        30480,
        403609,
        68628,
        229313,
        82790,
        6781,
        332908,
        111835,
        171489,
        55825,
        135870,
        149271,
        372100,
        340578,
        89998,
        323405,
        159596,
        111864,
        298167,
        49637,
        300360,
        327974,
        108140,
        101369,
        398813,
        120095,
        120695,
        148723,
        204777,
        2317,
        333674,
        212344,
        167138,
        75064,
        400799,
        303314,
        365687,
        46058,
        337398
    ],
    "category_values_ratio": null,
    "nrows": 5559
}