dataset,prompt_representation_type,prompt_example_type,prompt_number_example,number_tokens,number_bool,number_int,number_float,number_string
oml_dataset_8_rnc,S,Random,0,967,2,7,1,0
oml_dataset_8_rnc,SDVC,Random,0,1038,2,7,1,0
oml_dataset_8_rnc,SMVF,Random,0,1073,2,7,1,0
oml_dataset_8_rnc,SSN,Random,0,1191,2,7,1,0
oml_dataset_8_rnc,SCV,Random,0,1055,2,7,1,0
oml_dataset_8_rnc,SDVCMVF,Random,0,1158,2,7,1,0
oml_dataset_8_rnc,SDVCSN,Random,0,1266,2,7,1,0
oml_dataset_8_rnc,SMVFSN,Random,0,1300,2,7,1,0
oml_dataset_8_rnc,SMVFCV,Random,0,1164,2,7,1,0
oml_dataset_8_rnc,SSNCV,Random,0,1283,2,7,1,0
oml_dataset_8_rnc,ALL,Random,0,1367,2,7,1,0
