{
    "column_id": "oml_dataset_22_rnc/oml_dataset_22_rnc.csvoml_dataset_22_rnc.csv/c_12",
    "dataset_name": "oml_dataset_22_rnc.csv",
    "dataset_id": "oml_dataset_22_rnc/oml_dataset_22_rnc.csv",
    "path": "/home/ubuntu/CatDB/Experiments/data/oml_dataset_22_rnc/oml_dataset_22_rnc.csv",
    "table_name": "oml_dataset_22_rnc.csv",
    "table_id": "oml_dataset_22_rnc/oml_dataset_22_rnc.csvoml_dataset_22_rnc.csv",
    "column_name": "c_12",
    "data_source": "oml_dataset_22_rnc",
    "data_type": "int",
    "total_values_count": 17379,
    "distinct_values_count": 869,
    "missing_values_count": 0,
    "true_ratio": null,
    "min_value": 1.0,
    "max_value": 977.0,
    "mean": 189.46308763450142,
    "median": 142.0,
    "iqr": 241.0,
    "category_values": null,
    "embedding": [
        -1.0,
        -1.0,
        -1.0,
        1.0,
        -1.0,
        1.0,
        -1.0,
        -1.0,
        -0.9997350573539734,
        -1.0,
        1.0,
        -1.0,
        -1.0,
        1.0,
        1.0,
        1.0,
        1.0,
        -1.0,
        1.0,
        -1.0,
        1.0,
        -1.0,
        1.0,
        -1.0,
        1.0,
        -1.0,
        -1.0,
        1.0,
        -1.0,
        -1.0,
        1.0,
        1.0,
        -1.0,
        -1.0,
        -1.0,
        1.0,
        -1.0,
        1.0,
        1.0,
        -1.0,
        -1.0,
        1.0,
        -1.0,
        -1.0,
        -1.0,
        -1.0,
        1.0,
        -1.0,
        -0.9998672604560852,
        -0.9592432975769043,
        -1.0,
        1.0,
        1.0,
        1.0,
        -1.0,
        1.0,
        1.0,
        1.0,
        -1.0,
        0.9795054197311401,
        -1.0,
        -1.0,
        1.0,
        -1.0,
        1.0,
        -1.0,
        1.0,
        -1.0,
        1.0,
        1.0,
        1.0,
        -1.0,
        -1.0,
        -1.0,
        -1.0,
        1.0,
        1.0,
        1.0,
        1.0,
        1.0,
        1.0,
        1.0,
        1.0,
        -1.0,
        -1.0,
        1.0,
        -1.0,
        1.0,
        1.0,
        1.0,
        -1.0,
        1.0,
        1.0,
        -1.0,
        1.0,
        -1.0,
        1.0,
        -1.0,
        -1.0,
        -1.0,
        -0.9961706399917603,
        -1.0,
        1.0,
        -1.0,
        -1.0,
        1.0,
        1.0,
        1.0,
        -1.0,
        -1.0,
        1.0,
        -1.0,
        -1.0,
        1.0,
        1.0,
        1.0,
        1.0,
        1.0,
        1.0,
        -1.0,
        -1.0,
        1.0,
        -1.0,
        -1.0,
        1.0,
        -1.0,
        -1.0,
        -0.9987848997116089,
        -1.0,
        1.0,
        -1.0,
        1.0,
        -1.0,
        -1.0,
        1.0,
        -1.0,
        -1.0,
        1.0,
        1.0,
        -1.0,
        1.0,
        1.0,
        1.0,
        -1.0,
        1.0,
        -1.0,
        1.0,
        -1.0,
        -1.0,
        -1.0,
        0.998404860496521,
        -1.0,
        1.0,
        -1.0,
        1.0,
        -1.0,
        1.0,
        -1.0,
        1.0,
        -1.0,
        -1.0,
        1.0,
        -1.0,
        -1.0,
        1.0,
        -1.0,
        1.0,
        -1.0,
        -1.0,
        -1.0,
        -1.0,
        -1.0,
        1.0,
        1.0,
        -1.0,
        -1.0,
        1.0,
        -1.0,
        -1.0,
        -1.0,
        1.0,
        -1.0,
        -1.0,
        -1.0,
        1.0,
        -1.0,
        1.0,
        -1.0,
        -1.0,
        -1.0,
        1.0,
        1.0,
        1.0,
        1.0,
        -1.0,
        -1.0,
        1.0,
        -1.0,
        -1.0,
        1.0,
        -1.0,
        1.0,
        -1.0,
        -1.0,
        -1.0,
        -1.0,
        1.0,
        1.0,
        -1.0,
        -1.0,
        -1.0,
        1.0,
        -1.0,
        -1.0,
        -1.0,
        1.0,
        -1.0,
        1.0,
        -1.0,
        -1.0,
        1.0,
        -1.0,
        -1.0,
        1.0,
        -0.9997016191482544,
        -0.9571231007575989,
        1.0,
        -1.0,
        -1.0,
        -1.0,
        1.0,
        -1.0,
        1.0,
        -1.0,
        -1.0,
        1.0,
        -1.0,
        1.0,
        1.0,
        -0.9999076724052429,
        1.0,
        -0.955870509147644,
        1.0,
        -1.0,
        1.0,
        1.0,
        -1.0,
        -1.0,
        -1.0,
        1.0,
        1.0,
        1.0,
        -1.0,
        -1.0,
        -1.0,
        1.0,
        1.0,
        -1.0,
        -1.0,
        -1.0,
        1.0,
        1.0,
        1.0,
        -1.0,
        1.0,
        -1.0,
        -1.0,
        -1.0,
        1.0,
        1.0,
        -0.9943931698799133,
        -1.0,
        -1.0,
        1.0,
        -1.0,
        1.0,
        1.0,
        1.0,
        1.0,
        1.0,
        1.0,
        -1.0,
        1.0,
        1.0,
        1.0,
        -1.0,
        -1.0,
        1.0,
        -1.0,
        -1.0,
        -1.0,
        1.0,
        -1.0,
        -1.0,
        -1.0,
        -1.0,
        -1.0,
        1.0,
        1.0,
        0.9999997019767761
    ],
    "embedding_scaling_factor": 147.62542724609375,
    "samples": [
        77,
        159,
        153,
        237,
        45,
        73,
        7,
        17,
        16,
        118,
        369,
        566,
        10,
        38,
        4,
        29,
        16,
        559,
        128,
        4,
        29,
        55,
        275,
        148,
        152,
        14,
        85,
        36,
        78,
        389,
        3,
        361,
        148,
        260,
        172,
        812,
        63,
        108,
        69,
        198,
        360,
        135,
        409,
        5,
        68,
        137,
        7,
        179,
        93,
        179,
        259,
        12,
        126,
        568,
        6,
        169,
        193,
        94,
        6,
        26,
        46,
        4,
        223,
        6,
        151,
        409,
        535,
        141,
        33,
        27,
        71,
        759,
        1,
        9,
        580,
        212,
        89,
        385,
        326,
        205,
        72,
        174,
        62,
        104,
        287,
        233,
        247,
        36,
        52,
        144,
        562,
        235,
        196,
        600,
        10,
        92,
        152,
        87,
        104,
        514
    ],
    "category_values_ratio": null,
    "nrows": 17379
}