{
    "column_id": "Airline/On_Time_On_Time_Performance_2016_1.csvOn_Time_On_Time_Performance_2016_1.csv/DivActualElapsedTime",
    "dataset_name": "On_Time_On_Time_Performance_2016_1.csv",
    "dataset_id": "Airline/On_Time_On_Time_Performance_2016_1.csv",
    "path": "/home/ubuntu/CatDB/Experiments/data/Airline/On_Time_On_Time_Performance_2016_1.csv",
    "table_name": "On_Time_On_Time_Performance_2016_1.csv",
    "table_id": "Airline/On_Time_On_Time_Performance_2016_1.csvOn_Time_On_Time_Performance_2016_1.csv",
    "column_name": "DivActualElapsedTime",
    "data_source": "Airline",
    "data_type": "int",
    "total_values_count": 445827,
    "distinct_values_count": 347,
    "missing_values_count": 445205,
    "true_ratio": null,
    "min_value": 102.0,
    "max_value": 1481.0,
    "mean": 358.59003215434086,
    "median": 319.5,
    "iqr": 177.0,
    "category_values": [
        380,
        470,
        485,
        826,
        504,
        1481,
        1383,
        472,
        471,
        478,
        897,
        524,
        845,
        494,
        324,
        247,
        481,
        276,
        417,
        224,
        268,
        373,
        220,
        585,
        288,
        437,
        267,
        270,
        237,
        358,
        769,
        372,
        213,
        519,
        313,
        317,
        336,
        356,
        285,
        167,
        326,
        349,
        458,
        375,
        461,
        185,
        334,
        362,
        381,
        233,
        609,
        637,
        337,
        411,
        309,
        301,
        429,
        432,
        289,
        738,
        321,
        201,
        531,
        444,
        510,
        593,
        353,
        316,
        829,
        360,
        815,
        297,
        325,
        307,
        405,
        1078,
        512,
        299,
        611,
        265,
        866,
        347,
        499,
        433,
        318,
        261,
        294,
        295,
        541,
        361,
        350,
        293,
        496,
        226,
        263,
        102,
        210,
        368,
        545,
        406,
        434,
        141,
        273,
        302,
        495,
        335,
        443,
        130,
        530,
        532,
        571,
        387,
        278,
        340,
        490,
        591,
        553,
        508,
        561,
        463,
        284,
        386,
        529,
        216,
        400,
        320,
        248,
        594,
        543,
        477,
        438,
        453,
        605,
        729,
        412,
        539,
        292,
        448,
        528,
        314,
        462,
        502,
        376,
        298,
        675,
        500,
        568,
        515,
        345,
        584,
        132,
        392,
        128,
        183,
        122,
        420,
        327,
        223,
        204,
        423,
        197,
        198,
        306,
        275,
        191,
        205,
        266,
        330,
        264,
        246,
        243,
        241,
        254,
        262,
        296,
        215,
        341,
        238,
        221,
        346,
        214,
        311,
        355,
        232,
        624,
        287,
        323,
        322,
        186,
        445,
        701,
        332,
        357,
        250,
        378,
        235,
        181,
        200,
        304,
        165,
        212,
        251,
        257,
        259,
        633,
        240,
        187,
        290,
        305,
        272,
        255,
        724,
        219,
        234,
        274,
        281,
        492,
        228,
        365,
        397,
        195,
        127,
        252,
        469,
        514,
        659,
        312,
        282,
        479,
        319,
        752,
        344,
        329,
        389,
        540,
        348,
        459,
        537,
        286,
        1036,
        370,
        440,
        527,
        401,
        560,
        493,
        178,
        840,
        162,
        180,
        188,
        172,
        203,
        398,
        142,
        374,
        922,
        456,
        175,
        413,
        339,
        388,
        283,
        230,
        439,
        421,
        430,
        291,
        303,
        393,
        409,
        415,
        407,
        410,
        202,
        249,
        190,
        225,
        279,
        135,
        149,
        474,
        258,
        196,
        153,
        351,
        140,
        229,
        343,
        193,
        408,
        618,
        160,
        435,
        331,
        649,
        227,
        271,
        260,
        385,
        608,
        457,
        460,
        403,
        366,
        402,
        551,
        449,
        687,
        155,
        379,
        937,
        447,
        244,
        873,
        245,
        256,
        209,
        310,
        497,
        660,
        239,
        567,
        799,
        377,
        342,
        1012,
        211,
        208,
        199,
        277,
        300,
        217,
        416,
        150,
        138,
        189,
        136,
        441,
        394,
        166,
        505,
        218,
        222,
        184,
        159,
        1201
    ],
    "embedding": [
        -1.0,
        -1.0,
        -1.0,
        1.0,
        -1.0,
        1.0,
        -1.0,
        -1.0,
        -0.9984850883483887,
        -1.0,
        1.0,
        -1.0,
        -1.0,
        1.0,
        1.0,
        1.0,
        1.0,
        -1.0,
        1.0,
        -1.0,
        1.0,
        -1.0,
        1.0,
        -1.0,
        1.0,
        -1.0,
        -1.0,
        1.0,
        -1.0,
        -1.0,
        1.0,
        1.0,
        -1.0,
        -1.0,
        -1.0,
        1.0,
        -1.0,
        1.0,
        1.0,
        -1.0,
        -1.0,
        1.0,
        -1.0,
        -1.0,
        -1.0,
        -1.0,
        1.0,
        -1.0,
        -0.9992000460624695,
        -0.9918922185897827,
        -1.0,
        1.0,
        1.0,
        1.0,
        -1.0,
        1.0,
        1.0,
        1.0,
        -1.0,
        0.9994819760322571,
        -1.0,
        -1.0,
        1.0,
        -1.0,
        1.0,
        -1.0,
        1.0,
        -1.0,
        1.0,
        1.0,
        1.0,
        -1.0,
        -1.0,
        -1.0,
        -1.0,
        1.0,
        1.0,
        1.0,
        1.0,
        1.0,
        1.0,
        1.0,
        1.0,
        -1.0,
        -1.0,
        1.0,
        -1.0,
        1.0,
        1.0,
        1.0,
        -1.0,
        1.0,
        1.0,
        -1.0,
        1.0,
        -1.0,
        1.0,
        -1.0,
        -1.0,
        -1.0,
        -0.9995601773262024,
        -1.0,
        1.0,
        -1.0,
        -1.0,
        1.0,
        1.0,
        1.0,
        -1.0,
        -1.0,
        1.0,
        -1.0,
        -1.0,
        1.0,
        1.0,
        1.0,
        1.0,
        1.0,
        1.0,
        -1.0,
        -1.0,
        1.0,
        -1.0,
        -1.0,
        1.0,
        -1.0,
        -1.0,
        -0.992898166179657,
        -1.0,
        1.0,
        -1.0,
        1.0,
        -1.0,
        -1.0,
        1.0,
        -1.0,
        -1.0,
        1.0,
        1.0,
        -1.0,
        1.0,
        1.0,
        1.0,
        -1.0,
        1.0,
        -1.0,
        1.0,
        -1.0,
        -1.0,
        -1.0,
        0.9891942143440247,
        -1.0,
        1.0,
        -1.0,
        1.0,
        -1.0,
        1.0,
        -1.0,
        1.0,
        -1.0,
        -1.0,
        1.0,
        -1.0,
        -1.0,
        1.0,
        -1.0,
        1.0,
        -1.0,
        -1.0,
        -1.0,
        -1.0,
        -1.0,
        1.0,
        1.0,
        -1.0,
        -1.0,
        1.0,
        -1.0,
        -1.0,
        -1.0,
        1.0,
        -1.0,
        -1.0,
        -1.0,
        1.0,
        -1.0,
        1.0,
        -1.0,
        -1.0,
        -1.0,
        1.0,
        1.0,
        1.0,
        1.0,
        -1.0,
        -1.0,
        1.0,
        -1.0,
        -1.0,
        1.0,
        -1.0,
        1.0,
        -1.0,
        -1.0,
        -1.0,
        -1.0,
        1.0,
        1.0,
        -1.0,
        -1.0,
        -1.0,
        1.0,
        -1.0,
        -1.0,
        -1.0,
        1.0,
        -1.0,
        1.0,
        -1.0,
        -1.0,
        1.0,
        -1.0,
        -1.0,
        1.0,
        -0.9983083009719849,
        -0.9924776554107666,
        1.0,
        -1.0,
        -1.0,
        -1.0,
        1.0,
        -1.0,
        1.0,
        -1.0,
        -1.0,
        1.0,
        -1.0,
        1.0,
        1.0,
        -0.9994795322418213,
        1.0,
        -0.986964762210846,
        1.0,
        -1.0,
        1.0,
        1.0,
        -1.0,
        -1.0,
        -1.0,
        1.0,
        1.0,
        1.0,
        -1.0,
        -1.0,
        -1.0,
        1.0,
        1.0,
        -1.0,
        -1.0,
        -1.0,
        1.0,
        1.0,
        1.0,
        -1.0,
        1.0,
        -1.0,
        -1.0,
        -1.0,
        1.0,
        1.0,
        -0.9995686411857605,
        -1.0,
        -1.0,
        1.0,
        -1.0,
        1.0,
        1.0,
        1.0,
        1.0,
        1.0,
        1.0,
        -1.0,
        1.0,
        1.0,
        1.0,
        -1.0,
        -1.0,
        1.0,
        -1.0,
        -1.0,
        -1.0,
        1.0,
        -1.0,
        -1.0,
        -1.0,
        -1.0,
        -1.0,
        1.0,
        1.0,
        0.9999986290931702
    ],
    "embedding_scaling_factor": 66.087646484375,
    "samples": [],
    "category_values_ratio": {
        "318": 8,
        "327": 7,
        "297": 6,
        "429": 5,
        "461": 5,
        "285": 5,
        "251": 5,
        "226": 4,
        "314": 4,
        "324": 4,
        "284": 4,
        "302": 4,
        "292": 4,
        "301": 4,
        "278": 4,
        "322": 4,
        "349": 4,
        "375": 4,
        "316": 4,
        "255": 4,
        "221": 4,
        "267": 4,
        "213": 4,
        "313": 3,
        "288": 3,
        "270": 3,
        "358": 3,
        "372": 3,
        "234": 3,
        "283": 3,
        "409": 3,
        "337": 3,
        "262": 3,
        "220": 3,
        "401": 3,
        "233": 3,
        "373": 3,
        "268": 3,
        "225": 3,
        "271": 3,
        "845": 3,
        "339": 3,
        "438": 3,
        "381": 3,
        "334": 3,
        "344": 3,
        "362": 3,
        "311": 3,
        "368": 3,
        "237": 3,
        "293": 3,
        "512": 3,
        "287": 3,
        "183": 3,
        "462": 3,
        "257": 3,
        "254": 3,
        "307": 3,
        "216": 3,
        "453": 3,
        "444": 3,
        "274": 3,
        "248": 3,
        "240": 3,
        "259": 3,
        "405": 3,
        "266": 3,
        "323": 3,
        "243": 3,
        "282": 3,
        "294": 3,
        "332": 3,
        "250": 3,
        "378": 3,
        "223": 3,
        "265": 3,
        "545": 2,
        "504": 2,
        "406": 2,
        "210": 2,
        "524": 2,
        "263": 2,
        "437": 2,
        "340": 2,
        "490": 2,
        "350": 2,
        "527": 2,
        "508": 2,
        "299": 2,
        "380": 2,
        "149": 2,
        "252": 2,
        "346": 2,
        "195": 2,
        "335": 2,
        "232": 2,
        "289": 2,
        "494": 2,
        "738": 2,
        "499": 2,
        "624": 2,
        "481": 2,
        "519": 2,
        "317": 2,
        "561": 2,
        "295": 2,
        "510": 2,
        "185": 2,
        "247": 2,
        "273": 2,
        "167": 2,
        "400": 2,
        "325": 2,
        "356": 2,
        "353": 2,
        "553": 2,
        "541": 2,
        "321": 2,
        "365": 2,
        "190": 2,
        "228": 2,
        "208": 2,
        "239": 2,
        "660": 2,
        "209": 2,
        "298": 2,
        "345": 2,
        "392": 2,
        "193": 2,
        "420": 2,
        "244": 2,
        "551": 2,
        "204": 2,
        "275": 2,
        "191": 2,
        "205": 2,
        "385": 2,
        "264": 2,
        "246": 2,
        "493": 2,
        "514": 2,
        "377": 2,
        "245": 2,
        "412": 2,
        "212": 2,
        "199": 2,
        "357": 2,
        "421": 2,
        "187": 2,
        "235": 2,
        "230": 2,
        "304": 2,
        "165": 2,
        "200": 2,
        "281": 2,
        "241": 2,
        "370": 2,
        "348": 2,
        "238": 2,
        "222": 2,
        "343": 2,
        "388": 2,
        "477": 2,
        "539": 1,
        "675": 1,
        "529": 1,
        "448": 1,
        "528": 1,
        "386": 1,
        "463": 1,
        "376": 1,
        "387": 1,
        "701": 1,
        "500": 1,
        "568": 1,
        "515": 1,
        "584": 1,
        "132": 1,
        "128": 1,
        "591": 1,
        "122": 1,
        "261": 1,
        "605": 1,
        "729": 1,
        "330": 1,
        "320": 1,
        "341": 1,
        "130": 1,
        "443": 1,
        "459": 1,
        "495": 1,
        "141": 1,
        "434": 1,
        "470": 1,
        "296": 1,
        "215": 1,
        "214": 1,
        "502": 1,
        "102": 1,
        "355": 1,
        "496": 1,
        "361": 1,
        "186": 1,
        "445": 1,
        "197": 1,
        "423": 1,
        "571": 1,
        "433": 1,
        "312": 1,
        "411": 1,
        "181": 1,
        "611": 1,
        "1078": 1,
        "815": 1,
        "360": 1,
        "633": 1,
        "829": 1,
        "290": 1,
        "272": 1,
        "469": 1,
        "593": 1,
        "724": 1,
        "219": 1,
        "531": 1,
        "201": 1,
        "492": 1,
        "397": 1,
        "127": 1,
        "432": 1,
        "532": 1,
        "866": 1,
        "305": 1,
        "479": 1,
        "347": 1,
        "319": 1,
        "752": 1,
        "637": 1,
        "329": 1,
        "389": 1,
        "540": 1,
        "609": 1,
        "537": 1,
        "659": 1,
        "594": 1,
        "1036": 1,
        "440": 1,
        "458": 1,
        "326": 1,
        "560": 1,
        "178": 1,
        "840": 1,
        "162": 1,
        "309": 1,
        "530": 1,
        "543": 1,
        "306": 1,
        "435": 1,
        "291": 1,
        "303": 1,
        "393": 1,
        "415": 1,
        "407": 1,
        "410": 1,
        "202": 1,
        "249": 1,
        "585": 1,
        "279": 1,
        "198": 1,
        "135": 1,
        "224": 1,
        "457": 1,
        "331": 1,
        "567": 1,
        "1481": 1,
        "342": 1,
        "1012": 1,
        "211": 1,
        "430": 1,
        "769": 1,
        "439": 1,
        "336": 1,
        "140": 1,
        "276": 1,
        "153": 1,
        "408": 1,
        "229": 1,
        "196": 1,
        "258": 1,
        "618": 1,
        "160": 1,
        "351": 1,
        "474": 1,
        "417": 1,
        "398": 1,
        "142": 1,
        "374": 1,
        "922": 1,
        "456": 1,
        "175": 1,
        "413": 1,
        "826": 1,
        "277": 1,
        "300": 1,
        "460": 1,
        "366": 1,
        "402": 1,
        "449": 1,
        "687": 1,
        "155": 1,
        "379": 1,
        "937": 1,
        "447": 1,
        "897": 1,
        "873": 1,
        "478": 1,
        "256": 1,
        "471": 1,
        "310": 1,
        "497": 1,
        "203": 1,
        "286": 1,
        "188": 1,
        "180": 1,
        "403": 1,
        "172": 1,
        "217": 1,
        "608": 1,
        "416": 1,
        "150": 1,
        "138": 1,
        "189": 1,
        "136": 1,
        "441": 1,
        "394": 1,
        "166": 1,
        "505": 1,
        "218": 1,
        "485": 1,
        "184": 1,
        "159": 1,
        "799": 1,
        "1383": 1,
        "649": 1,
        "472": 1,
        "227": 1,
        "260": 1,
        "1201": 1
    },
    "nrows": 445827
}