{
    "column_id": "Airline/On_Time_On_Time_Performance_2016_1.csvOn_Time_On_Time_Performance_2016_1.csv/OriginStateFips",
    "dataset_name": "On_Time_On_Time_Performance_2016_1.csv",
    "dataset_id": "Airline/On_Time_On_Time_Performance_2016_1.csv",
    "path": "/home/ubuntu/CatDB/Experiments/data/Airline/On_Time_On_Time_Performance_2016_1.csv",
    "table_name": "On_Time_On_Time_Performance_2016_1.csv",
    "table_id": "Airline/On_Time_On_Time_Performance_2016_1.csvOn_Time_On_Time_Performance_2016_1.csv",
    "column_name": "OriginStateFips",
    "data_source": "Airline",
    "data_type": "int",
    "total_values_count": 445827,
    "distinct_values_count": 52,
    "missing_values_count": 0,
    "true_ratio": null,
    "min_value": 1.0,
    "max_value": 78.0,
    "mean": 25.72461291038901,
    "median": 24.0,
    "iqr": 28.0,
    "category_values": [
        48,
        26,
        53,
        36,
        6,
        17,
        4,
        29,
        12,
        8,
        15,
        32,
        49,
        78,
        25,
        40,
        37,
        42,
        34,
        51,
        13,
        47,
        56,
        72,
        35,
        22,
        18,
        41,
        24,
        27,
        55,
        19,
        31,
        21,
        39,
        16,
        9,
        2,
        44,
        20,
        23,
        45,
        1,
        50,
        38,
        28,
        30,
        5,
        46,
        54,
        75,
        33
    ],
    "embedding": [
        -1.0,
        -1.0,
        -1.0,
        1.0,
        -1.0,
        1.0,
        -1.0,
        -1.0,
        -1.0,
        -1.0,
        1.0,
        -1.0,
        -1.0,
        1.0,
        1.0,
        1.0,
        1.0,
        -1.0,
        1.0,
        -1.0,
        1.0,
        -1.0,
        1.0,
        -1.0,
        1.0,
        -1.0,
        -1.0,
        1.0,
        -1.0,
        -1.0,
        1.0,
        1.0,
        -1.0,
        -1.0,
        -1.0,
        1.0,
        -1.0,
        1.0,
        1.0,
        -1.0,
        -1.0,
        1.0,
        -1.0,
        -1.0,
        -1.0,
        -1.0,
        1.0,
        -1.0,
        -1.0,
        -0.9746714234352112,
        -1.0,
        1.0,
        1.0,
        1.0,
        -1.0,
        1.0,
        1.0,
        1.0,
        -1.0,
        0.988950252532959,
        -1.0,
        -1.0,
        1.0,
        -1.0,
        1.0,
        -1.0,
        1.0,
        -1.0,
        1.0,
        1.0,
        1.0,
        -1.0,
        -1.0,
        -1.0,
        -1.0,
        1.0,
        1.0,
        1.0,
        1.0,
        1.0,
        1.0,
        1.0,
        1.0,
        -1.0,
        -1.0,
        1.0,
        -1.0,
        1.0,
        1.0,
        1.0,
        -1.0,
        1.0,
        1.0,
        -1.0,
        1.0,
        -1.0,
        1.0,
        -1.0,
        -1.0,
        -1.0,
        -0.9978922009468079,
        -1.0,
        1.0,
        -1.0,
        -1.0,
        1.0,
        1.0,
        1.0,
        -1.0,
        -1.0,
        1.0,
        -1.0,
        -1.0,
        1.0,
        1.0,
        1.0,
        1.0,
        1.0,
        1.0,
        -1.0,
        -1.0,
        1.0,
        -1.0,
        -1.0,
        1.0,
        -1.0,
        -1.0,
        -1.0,
        -1.0,
        1.0,
        -1.0,
        1.0,
        -1.0,
        -1.0,
        1.0,
        -1.0,
        -1.0,
        1.0,
        1.0,
        -1.0,
        1.0,
        1.0,
        1.0,
        -1.0,
        1.0,
        -1.0,
        1.0,
        -1.0,
        -1.0,
        -1.0,
        1.0,
        -1.0,
        1.0,
        -1.0,
        1.0,
        -1.0,
        1.0,
        -1.0,
        1.0,
        -1.0,
        -1.0,
        1.0,
        -1.0,
        -1.0,
        1.0,
        -1.0,
        1.0,
        -1.0,
        -1.0,
        -1.0,
        -1.0,
        -1.0,
        1.0,
        1.0,
        -1.0,
        -1.0,
        1.0,
        -1.0,
        -1.0,
        -1.0,
        1.0,
        -1.0,
        -1.0,
        -1.0,
        1.0,
        -1.0,
        1.0,
        -1.0,
        -1.0,
        -1.0,
        1.0,
        1.0,
        1.0,
        1.0,
        -1.0,
        -1.0,
        1.0,
        -1.0,
        -1.0,
        1.0,
        -1.0,
        1.0,
        -1.0,
        -1.0,
        -1.0,
        -1.0,
        1.0,
        1.0,
        -1.0,
        -1.0,
        -1.0,
        1.0,
        -1.0,
        -1.0,
        -1.0,
        1.0,
        -1.0,
        1.0,
        -1.0,
        -1.0,
        1.0,
        -1.0,
        -1.0,
        1.0,
        -1.0,
        -0.9486835598945618,
        1.0,
        -1.0,
        -1.0,
        -1.0,
        1.0,
        -1.0,
        1.0,
        -1.0,
        -1.0,
        1.0,
        -1.0,
        1.0,
        1.0,
        -1.0,
        1.0,
        -0.9613487720489502,
        1.0,
        -1.0,
        1.0,
        1.0,
        -1.0,
        -1.0,
        -1.0,
        1.0,
        1.0,
        1.0,
        -1.0,
        -1.0,
        -1.0,
        1.0,
        1.0,
        -1.0,
        -1.0,
        -1.0,
        1.0,
        1.0,
        1.0,
        -1.0,
        1.0,
        -1.0,
        -1.0,
        -1.0,
        1.0,
        1.0,
        -0.9969941973686218,
        -1.0,
        -1.0,
        1.0,
        -1.0,
        1.0,
        1.0,
        1.0,
        1.0,
        1.0,
        1.0,
        -1.0,
        1.0,
        1.0,
        1.0,
        -1.0,
        -1.0,
        1.0,
        -1.0,
        -1.0,
        -1.0,
        1.0,
        -1.0,
        -1.0,
        -1.0,
        -1.0,
        -1.0,
        1.0,
        1.0,
        1.0
    ],
    "embedding_scaling_factor": 126.5720443725586,
    "samples": [
        42,
        49,
        38,
        31,
        12,
        8,
        29,
        48,
        49,
        48,
        4,
        72,
        8,
        15,
        6,
        17,
        12,
        6,
        51,
        26,
        31,
        12,
        6,
        4,
        4,
        12,
        48,
        16,
        48,
        12,
        29,
        48,
        6,
        4,
        37,
        12,
        12,
        27,
        26,
        34,
        13,
        6,
        34,
        12,
        8,
        31,
        42,
        4,
        48,
        26,
        6,
        53,
        48,
        17,
        53,
        48,
        6,
        29,
        12,
        36,
        25,
        35,
        47,
        12,
        6,
        6,
        8,
        48,
        4,
        6,
        6,
        42,
        12,
        13,
        6,
        21,
        12,
        48,
        17,
        34,
        25,
        32,
        48,
        37,
        48,
        34,
        32,
        48,
        37,
        37,
        12,
        48,
        8,
        12,
        12,
        32,
        6,
        27,
        49,
        29
    ],
    "category_values_ratio": {
        "6": 56245,
        "48": 48181,
        "12": 40042,
        "13": 30927,
        "17": 25987,
        "36": 20535,
        "8": 19742,
        "4": 14777,
        "32": 13300,
        "37": 12908,
        "26": 11728,
        "51": 11426,
        "53": 10999,
        "27": 10082,
        "25": 9148,
        "34": 9004,
        "49": 8888,
        "42": 8282,
        "15": 8266,
        "29": 7934,
        "24": 7181,
        "47": 6079,
        "39": 5519,
        "22": 5377,
        "41": 4862,
        "55": 4046,
        "18": 3133,
        "2": 2688,
        "72": 2653,
        "40": 2608,
        "21": 2426,
        "45": 2206,
        "1": 1865,
        "16": 1728,
        "31": 1640,
        "35": 1554,
        "9": 1520,
        "5": 1212,
        "30": 1198,
        "38": 1118,
        "44": 996,
        "28": 911,
        "19": 898,
        "56": 772,
        "20": 740,
        "46": 623,
        "78": 546,
        "33": 443,
        "23": 383,
        "50": 264,
        "54": 196,
        "75": 41
    },
    "nrows": 445827
}