{
    "column_id": "Airline/On_Time_On_Time_Performance_2016_1.csvOn_Time_On_Time_Performance_2016_1.csv/WeatherDelay",
    "dataset_name": "On_Time_On_Time_Performance_2016_1.csv",
    "dataset_id": "Airline/On_Time_On_Time_Performance_2016_1.csv",
    "path": "/home/ubuntu/CatDB/Experiments/data/Airline/On_Time_On_Time_Performance_2016_1.csv",
    "table_name": "On_Time_On_Time_Performance_2016_1.csv",
    "table_id": "Airline/On_Time_On_Time_Performance_2016_1.csvOn_Time_On_Time_Performance_2016_1.csv",
    "column_name": "WeatherDelay",
    "data_source": "Airline",
    "data_type": "int",
    "total_values_count": 445827,
    "distinct_values_count": 314,
    "missing_values_count": 374945,
    "true_ratio": null,
    "min_value": 0.0,
    "max_value": 1093.0,
    "mean": 2.836573460116814,
    "median": 0.0,
    "iqr": 0.0,
    "category_values": [
        0,
        21,
        12,
        61,
        26,
        11,
        5,
        18,
        13,
        45,
        16,
        14,
        3,
        1043,
        8,
        223,
        10,
        42,
        90,
        9,
        49,
        52,
        80,
        74,
        1,
        17,
        103,
        30,
        39,
        66,
        157,
        62,
        136,
        19,
        24,
        23,
        41,
        38,
        20,
        104,
        22,
        29,
        122,
        32,
        7,
        51,
        541,
        159,
        93,
        57,
        25,
        44,
        514,
        205,
        27,
        37,
        33,
        163,
        4,
        2,
        31,
        70,
        53,
        6,
        116,
        64,
        48,
        58,
        47,
        79,
        94,
        115,
        189,
        28,
        56,
        15,
        69,
        175,
        59,
        95,
        123,
        105,
        67,
        43,
        77,
        113,
        65,
        283,
        183,
        168,
        72,
        176,
        68,
        46,
        55,
        36,
        89,
        35,
        193,
        167,
        569,
        54,
        164,
        81,
        139,
        187,
        76,
        71,
        230,
        130,
        60,
        147,
        150,
        101,
        138,
        40,
        34,
        78,
        215,
        118,
        117,
        212,
        82,
        286,
        178,
        694,
        172,
        140,
        75,
        137,
        99,
        224,
        114,
        282,
        181,
        186,
        345,
        128,
        353,
        200,
        119,
        199,
        463,
        268,
        221,
        151,
        323,
        449,
        249,
        402,
        248,
        592,
        348,
        349,
        553,
        393,
        311,
        133,
        206,
        84,
        50,
        326,
        131,
        495,
        274,
        498,
        63,
        142,
        260,
        228,
        124,
        236,
        171,
        198,
        129,
        182,
        299,
        112,
        98,
        210,
        361,
        135,
        111,
        217,
        190,
        141,
        83,
        444,
        134,
        153,
        73,
        556,
        408,
        362,
        121,
        188,
        158,
        109,
        291,
        132,
        177,
        239,
        154,
        263,
        155,
        91,
        214,
        333,
        97,
        127,
        232,
        110,
        642,
        225,
        146,
        120,
        143,
        170,
        229,
        156,
        180,
        191,
        278,
        126,
        196,
        915,
        366,
        325,
        488,
        526,
        251,
        108,
        102,
        231,
        86,
        165,
        652,
        698,
        926,
        244,
        149,
        412,
        256,
        259,
        317,
        219,
        144,
        87,
        85,
        208,
        209,
        106,
        185,
        184,
        145,
        207,
        222,
        240,
        100,
        107,
        179,
        92,
        88,
        125,
        669,
        480,
        293,
        273,
        272,
        304,
        242,
        243,
        96,
        247,
        169,
        173,
        160,
        760,
        631,
        338,
        472,
        550,
        148,
        294,
        211,
        356,
        678,
        552,
        318,
        522,
        544,
        238,
        394,
        235,
        271,
        246,
        621,
        307,
        518,
        594,
        465,
        714,
        540,
        529,
        451,
        572,
        663,
        203,
        1093,
        152,
        619,
        220,
        734,
        898
    ],
    "embedding": [
        -1.0,
        -1.0,
        -1.0,
        1.0,
        -1.0,
        1.0,
        -1.0,
        -1.0,
        -1.0,
        -1.0,
        1.0,
        -1.0,
        -1.0,
        1.0,
        1.0,
        1.0,
        1.0,
        -1.0,
        1.0,
        -1.0,
        1.0,
        -1.0,
        1.0,
        -1.0,
        1.0,
        -1.0,
        -1.0,
        1.0,
        -1.0,
        -1.0,
        1.0,
        1.0,
        -1.0,
        -1.0,
        -1.0,
        1.0,
        -1.0,
        1.0,
        1.0,
        -1.0,
        -1.0,
        1.0,
        -1.0,
        -1.0,
        -1.0,
        -1.0,
        1.0,
        -1.0,
        -1.0,
        0.3515259921550751,
        -1.0,
        1.0,
        1.0,
        1.0,
        -1.0,
        1.0,
        1.0,
        1.0,
        -1.0,
        0.6547076106071472,
        -1.0,
        -1.0,
        1.0,
        -1.0,
        1.0,
        -1.0,
        1.0,
        -1.0,
        1.0,
        1.0,
        1.0,
        -1.0,
        -1.0,
        -1.0,
        -1.0,
        1.0,
        1.0,
        1.0,
        1.0,
        1.0,
        1.0,
        1.0,
        1.0,
        -1.0,
        -1.0,
        1.0,
        -1.0,
        1.0,
        1.0,
        1.0,
        -1.0,
        1.0,
        1.0,
        -1.0,
        1.0,
        -1.0,
        1.0,
        -1.0,
        -1.0,
        -1.0,
        -0.8440693020820618,
        -1.0,
        1.0,
        -1.0,
        -1.0,
        1.0,
        1.0,
        1.0,
        -1.0,
        -1.0,
        1.0,
        -1.0,
        -1.0,
        1.0,
        1.0,
        1.0,
        1.0,
        1.0,
        1.0,
        -1.0,
        -1.0,
        1.0,
        -1.0,
        -1.0,
        1.0,
        -1.0,
        -1.0,
        -1.0,
        -1.0,
        1.0,
        -1.0,
        1.0,
        -1.0,
        -1.0,
        1.0,
        -1.0,
        -1.0,
        1.0,
        1.0,
        -1.0,
        1.0,
        1.0,
        1.0,
        -1.0,
        1.0,
        -1.0,
        1.0,
        -1.0,
        -1.0,
        -1.0,
        1.0,
        -1.0,
        1.0,
        -1.0,
        1.0,
        -1.0,
        1.0,
        -1.0,
        1.0,
        -1.0,
        -1.0,
        1.0,
        -1.0,
        -1.0,
        1.0,
        -1.0,
        1.0,
        -1.0,
        -1.0,
        -1.0,
        -1.0,
        -1.0,
        1.0,
        1.0,
        -1.0,
        -1.0,
        1.0,
        -1.0,
        -1.0,
        -1.0,
        1.0,
        -1.0,
        -1.0,
        -1.0,
        1.0,
        -1.0,
        1.0,
        -1.0,
        -1.0,
        -1.0,
        1.0,
        1.0,
        1.0,
        1.0,
        -1.0,
        -1.0,
        1.0,
        -1.0,
        -1.0,
        1.0,
        -1.0,
        1.0,
        -1.0,
        -1.0,
        -1.0,
        -1.0,
        1.0,
        1.0,
        -1.0,
        -1.0,
        -1.0,
        1.0,
        -1.0,
        -1.0,
        -1.0,
        1.0,
        -1.0,
        1.0,
        -1.0,
        -1.0,
        1.0,
        -1.0,
        -1.0,
        1.0,
        -1.0,
        0.33976081013679504,
        1.0,
        -1.0,
        -1.0,
        -1.0,
        1.0,
        -1.0,
        1.0,
        -1.0,
        -1.0,
        1.0,
        -1.0,
        1.0,
        1.0,
        -1.0,
        1.0,
        0.38759881258010864,
        1.0,
        -1.0,
        1.0,
        1.0,
        -1.0,
        -1.0,
        -1.0,
        1.0,
        1.0,
        1.0,
        -1.0,
        -1.0,
        -1.0,
        1.0,
        1.0,
        -1.0,
        -1.0,
        -1.0,
        1.0,
        1.0,
        1.0,
        -1.0,
        1.0,
        -1.0,
        -1.0,
        -1.0,
        1.0,
        1.0,
        -0.8254185318946838,
        -1.0,
        -1.0,
        1.0,
        -1.0,
        1.0,
        1.0,
        1.0,
        1.0,
        1.0,
        1.0,
        -1.0,
        1.0,
        1.0,
        1.0,
        -1.0,
        -1.0,
        1.0,
        -1.0,
        -1.0,
        -1.0,
        1.0,
        -1.0,
        -1.0,
        -1.0,
        -1.0,
        -1.0,
        1.0,
        1.0,
        1.0
    ],
    "embedding_scaling_factor": 11.886536598205566,
    "samples": [
        0,
        0,
        0,
        0,
        0,
        0,
        0,
        0,
        0,
        0,
        0,
        0,
        0,
        0,
        0,
        0,
        0,
        0,
        0,
        0
    ],
    "category_values_ratio": {
        "0": 67071,
        "7": 104,
        "6": 101,
        "8": 98,
        "9": 94,
        "1": 93,
        "11": 90,
        "2": 89,
        "16": 87,
        "4": 86,
        "12": 86,
        "17": 83,
        "20": 83,
        "3": 82,
        "15": 81,
        "13": 81,
        "14": 76,
        "19": 75,
        "10": 75,
        "5": 72,
        "18": 65,
        "26": 60,
        "22": 59,
        "23": 56,
        "21": 55,
        "25": 54,
        "24": 52,
        "28": 45,
        "30": 45,
        "27": 44,
        "34": 39,
        "29": 38,
        "35": 36,
        "38": 36,
        "33": 34,
        "36": 30,
        "45": 30,
        "31": 29,
        "32": 27,
        "47": 26,
        "52": 25,
        "37": 25,
        "67": 24,
        "39": 24,
        "40": 23,
        "44": 23,
        "41": 21,
        "66": 21,
        "53": 21,
        "65": 20,
        "57": 20,
        "69": 20,
        "51": 20,
        "43": 19,
        "56": 19,
        "49": 18,
        "46": 17,
        "42": 16,
        "61": 16,
        "62": 15,
        "79": 15,
        "59": 15,
        "70": 14,
        "54": 14,
        "50": 14,
        "58": 14,
        "63": 13,
        "72": 13,
        "74": 13,
        "64": 12,
        "60": 12,
        "81": 12,
        "82": 12,
        "90": 11,
        "94": 11,
        "48": 11,
        "55": 11,
        "68": 11,
        "77": 11,
        "78": 10,
        "83": 10,
        "76": 10,
        "73": 10,
        "89": 9,
        "114": 9,
        "71": 9,
        "84": 9,
        "88": 9,
        "119": 9,
        "131": 8,
        "93": 8,
        "75": 8,
        "110": 8,
        "103": 8,
        "80": 8,
        "101": 8,
        "97": 8,
        "117": 7,
        "99": 7,
        "136": 7,
        "122": 7,
        "87": 7,
        "86": 7,
        "98": 6,
        "134": 6,
        "91": 6,
        "150": 6,
        "108": 6,
        "130": 6,
        "158": 6,
        "85": 5,
        "141": 5,
        "112": 5,
        "157": 5,
        "140": 5,
        "128": 5,
        "143": 5,
        "115": 5,
        "102": 5,
        "113": 5,
        "181": 5,
        "105": 5,
        "129": 5,
        "175": 5,
        "178": 4,
        "100": 4,
        "125": 4,
        "139": 4,
        "345": 4,
        "121": 4,
        "109": 4,
        "164": 4,
        "171": 4,
        "187": 4,
        "106": 4,
        "215": 4,
        "151": 4,
        "154": 4,
        "111": 4,
        "116": 4,
        "104": 4,
        "210": 4,
        "120": 4,
        "124": 4,
        "160": 4,
        "232": 4,
        "159": 4,
        "95": 3,
        "206": 3,
        "149": 3,
        "165": 3,
        "137": 3,
        "317": 3,
        "142": 3,
        "185": 3,
        "180": 3,
        "231": 3,
        "147": 3,
        "323": 3,
        "348": 3,
        "196": 3,
        "118": 3,
        "274": 3,
        "188": 3,
        "132": 3,
        "177": 3,
        "293": 3,
        "205": 3,
        "172": 3,
        "243": 3,
        "286": 3,
        "212": 3,
        "408": 3,
        "176": 3,
        "163": 3,
        "107": 3,
        "283": 2,
        "193": 2,
        "282": 2,
        "167": 2,
        "402": 2,
        "249": 2,
        "221": 2,
        "189": 2,
        "123": 2,
        "135": 2,
        "228": 2,
        "198": 2,
        "349": 2,
        "138": 2,
        "224": 2,
        "230": 2,
        "208": 2,
        "362": 2,
        "133": 2,
        "168": 2,
        "96": 2,
        "214": 2,
        "173": 2,
        "170": 2,
        "239": 2,
        "244": 2,
        "211": 2,
        "144": 2,
        "247": 2,
        "240": 2,
        "294": 2,
        "263": 2,
        "148": 2,
        "145": 2,
        "127": 2,
        "126": 2,
        "191": 2,
        "207": 2,
        "155": 2,
        "146": 2,
        "190": 1,
        "361": 1,
        "217": 1,
        "915": 1,
        "444": 1,
        "153": 1,
        "556": 1,
        "299": 1,
        "325": 1,
        "333": 1,
        "642": 1,
        "182": 1,
        "236": 1,
        "366": 1,
        "260": 1,
        "498": 1,
        "495": 1,
        "229": 1,
        "156": 1,
        "179": 1,
        "311": 1,
        "278": 1,
        "326": 1,
        "199": 1,
        "268": 1,
        "569": 1,
        "553": 1,
        "526": 1,
        "251": 1,
        "592": 1,
        "248": 1,
        "652": 1,
        "698": 1,
        "926": 1,
        "449": 1,
        "412": 1,
        "256": 1,
        "488": 1,
        "259": 1,
        "219": 1,
        "463": 1,
        "200": 1,
        "353": 1,
        "209": 1,
        "186": 1,
        "184": 1,
        "694": 1,
        "393": 1,
        "152": 1,
        "225": 1,
        "1093": 1,
        "220": 1,
        "734": 1,
        "465": 1,
        "1043": 1,
        "291": 1,
        "183": 1,
        "304": 1,
        "242": 1,
        "223": 1,
        "169": 1,
        "514": 1,
        "272": 1,
        "631": 1,
        "760": 1,
        "338": 1,
        "472": 1,
        "550": 1,
        "541": 1,
        "480": 1,
        "669": 1,
        "273": 1,
        "619": 1,
        "203": 1,
        "92": 1,
        "663": 1,
        "222": 1,
        "356": 1,
        "552": 1,
        "318": 1,
        "522": 1,
        "544": 1,
        "238": 1,
        "394": 1,
        "235": 1,
        "271": 1,
        "246": 1,
        "621": 1,
        "307": 1,
        "518": 1,
        "678": 1,
        "594": 1,
        "714": 1,
        "540": 1,
        "529": 1,
        "451": 1,
        "572": 1,
        "898": 1
    },
    "nrows": 445827
}