{
    "column_id": "Airline/On_Time_On_Time_Performance_2016_1.csvOn_Time_On_Time_Performance_2016_1.csv/Div1WheelsOff",
    "dataset_name": "On_Time_On_Time_Performance_2016_1.csv",
    "dataset_id": "Airline/On_Time_On_Time_Performance_2016_1.csv",
    "path": "/home/ubuntu/CatDB/Experiments/data/Airline/On_Time_On_Time_Performance_2016_1.csv",
    "table_name": "On_Time_On_Time_Performance_2016_1.csv",
    "table_id": "Airline/On_Time_On_Time_Performance_2016_1.csvOn_Time_On_Time_Performance_2016_1.csv",
    "column_name": "Div1WheelsOff",
    "data_source": "Airline",
    "data_type": "int",
    "total_values_count": 445827,
    "distinct_values_count": 471,
    "missing_values_count": 445199,
    "true_ratio": null,
    "min_value": 1.0,
    "max_value": 2355.0,
    "mean": 1488.3853503184714,
    "median": 1505.0,
    "iqr": 705.5,
    "category_values": [
        1802,
        1646,
        1819,
        1339,
        1832,
        642,
        738,
        911,
        1717,
        2004,
        1128,
        1755,
        1415,
        1746,
        847,
        1012,
        1307,
        1005,
        1821,
        1442,
        1800,
        1756,
        1302,
        1508,
        1008,
        1026,
        1426,
        947,
        1721,
        1001,
        2205,
        746,
        1520,
        1757,
        1211,
        1034,
        955,
        1044,
        1052,
        1827,
        1020,
        1916,
        1042,
        1436,
        1131,
        1502,
        1605,
        2110,
        1240,
        1411,
        908,
        1018,
        1709,
        1749,
        1724,
        1231,
        1456,
        1146,
        1412,
        717,
        1332,
        1027,
        2012,
        845,
        1314,
        1317,
        1937,
        1154,
        1144,
        1619,
        1142,
        1336,
        951,
        1250,
        1353,
        850,
        1822,
        1917,
        817,
        2207,
        45,
        1722,
        458,
        1640,
        1847,
        2246,
        1706,
        1550,
        1419,
        1932,
        1037,
        2352,
        2203,
        1929,
        1826,
        1118,
        1855,
        1206,
        2157,
        1011,
        1657,
        1134,
        1743,
        2326,
        1304,
        958,
        1126,
        1718,
        1356,
        1342,
        1227,
        2111,
        1136,
        1252,
        1418,
        1510,
        1318,
        2113,
        1223,
        2016,
        2148,
        1215,
        1205,
        1705,
        1125,
        33,
        1023,
        1513,
        50,
        2216,
        1840,
        747,
        1835,
        2229,
        933,
        928,
        29,
        1700,
        1226,
        1720,
        1437,
        1938,
        2055,
        2349,
        1945,
        1909,
        22,
        1548,
        2255,
        116,
        1812,
        1803,
        2228,
        1519,
        1447,
        1458,
        1255,
        2129,
        1102,
        1308,
        830,
        1913,
        2219,
        1422,
        2103,
        2018,
        1355,
        1848,
        1157,
        1813,
        1057,
        1521,
        1145,
        2212,
        1858,
        1617,
        2051,
        1438,
        1247,
        1806,
        849,
        2321,
        1627,
        1210,
        1801,
        2247,
        1910,
        939,
        1551,
        1207,
        1122,
        826,
        34,
        1119,
        1741,
        2029,
        2127,
        1130,
        1844,
        953,
        1740,
        1133,
        1838,
        2158,
        1108,
        1729,
        743,
        927,
        1601,
        1344,
        1429,
        851,
        1324,
        1446,
        2118,
        918,
        944,
        1310,
        31,
        1453,
        1556,
        1849,
        1147,
        19,
        1837,
        2244,
        1038,
        1406,
        20,
        936,
        1441,
        1634,
        1515,
        1637,
        1820,
        1152,
        1049,
        1024,
        1003,
        2220,
        1058,
        2250,
        1644,
        1538,
        1921,
        36,
        1138,
        2005,
        1915,
        2201,
        1428,
        2214,
        1427,
        1,
        1708,
        1736,
        2000,
        1009,
        2058,
        2142,
        1924,
        1714,
        6,
        1323,
        1334,
        1639,
        1232,
        2147,
        1248,
        2121,
        2057,
        1713,
        1702,
        2041,
        2102,
        2131,
        2227,
        2132,
        2125,
        1117,
        2050,
        1536,
        1116,
        1859,
        448,
        1642,
        2305,
        1728,
        2346,
        1425,
        2003,
        1327,
        1028,
        1105,
        1354,
        1549,
        1836,
        1135,
        1417,
        1532,
        1747,
        1554,
        2017,
        729,
        2243,
        912,
        1738,
        2104,
        2109,
        2042,
        2027,
        2044,
        2038,
        2036,
        2123,
        2002,
        1158,
        853,
        2048,
        1155,
        2141,
        2054,
        2322,
        1845,
        2233,
        1830,
        2145,
        2303,
        1643,
        1958,
        2115,
        2120,
        2339,
        17,
        1854,
        1525,
        2116,
        950,
        2254,
        1641,
        1201,
        1040,
        1243,
        1337,
        1622,
        1616,
        1326,
        2154,
        1246,
        2342,
        819,
        1523,
        1904,
        1047,
        1007,
        2241,
        1359,
        1315,
        1219,
        1609,
        1944,
        1831,
        1808,
        1703,
        1258,
        1943,
        1045,
        1440,
        750,
        1245,
        941,
        1911,
        2309,
        1534,
        1701,
        1638,
        2333,
        1727,
        1330,
        1733,
        233,
        2150,
        804,
        1457,
        2306,
        1959,
        2035,
        1139,
        1316,
        1825,
        1423,
        1257,
        1752,
        1153,
        1650,
        1431,
        1313,
        1829,
        1253,
        1539,
        1352,
        1106,
        1533,
        1408,
        1710,
        1303,
        1121,
        2053,
        1347,
        1739,
        1403,
        739,
        2316,
        1753,
        1810,
        631,
        1306,
        1834,
        1305,
        1237,
        1127,
        1645,
        722,
        815,
        2112,
        2149,
        112,
        113,
        141,
        1048,
        1345,
        1209,
        1754,
        2108,
        2151,
        1613,
        2130,
        848,
        1113,
        1101,
        1249,
        713,
        1301,
        932,
        1109,
        1111,
        2140,
        2314,
        1742,
        2355,
        1104,
        1254,
        938,
        842,
        2156,
        1737,
        2337,
        1535,
        1159,
        930,
        1039,
        48,
        2117,
        2030,
        1421,
        1335,
        1618,
        1626,
        1141,
        748,
        2106
    ],
    "embedding": [
        -1.0,
        -1.0,
        -1.0,
        1.0,
        -1.0,
        1.0,
        -1.0,
        -1.0,
        -1.0,
        -1.0,
        1.0,
        -1.0,
        -1.0,
        1.0,
        1.0,
        1.0,
        1.0,
        -1.0,
        1.0,
        -1.0,
        1.0,
        -1.0,
        1.0,
        -1.0,
        1.0,
        -1.0,
        -1.0,
        1.0,
        -1.0,
        -1.0,
        1.0,
        1.0,
        -1.0,
        -1.0,
        -1.0,
        1.0,
        -1.0,
        1.0,
        1.0,
        -1.0,
        -1.0,
        1.0,
        -1.0,
        -1.0,
        -1.0,
        -1.0,
        1.0,
        -1.0,
        -0.9999998807907104,
        -0.9934849739074707,
        -1.0,
        1.0,
        1.0,
        1.0,
        -1.0,
        1.0,
        1.0,
        1.0,
        -1.0,
        0.9977176785469055,
        -1.0,
        -1.0,
        1.0,
        -1.0,
        1.0,
        -1.0,
        1.0,
        -1.0,
        1.0,
        1.0,
        1.0,
        -1.0,
        -1.0,
        -1.0,
        -1.0,
        1.0,
        1.0,
        1.0,
        1.0,
        1.0,
        1.0,
        1.0,
        1.0,
        -1.0,
        -1.0,
        1.0,
        -1.0,
        1.0,
        1.0,
        1.0,
        -1.0,
        1.0,
        1.0,
        -1.0,
        1.0,
        -1.0,
        1.0,
        -1.0,
        -1.0,
        -1.0,
        -0.9985195994377136,
        -1.0,
        1.0,
        -1.0,
        -1.0,
        1.0,
        1.0,
        1.0,
        -1.0,
        -1.0,
        1.0,
        -1.0,
        -1.0,
        1.0,
        1.0,
        1.0,
        1.0,
        1.0,
        1.0,
        -1.0,
        -1.0,
        1.0,
        -1.0,
        -1.0,
        1.0,
        -1.0,
        -1.0,
        -0.9999998211860657,
        -1.0,
        1.0,
        -1.0,
        1.0,
        -1.0,
        -1.0,
        1.0,
        -1.0,
        -1.0,
        1.0,
        1.0,
        -1.0,
        1.0,
        1.0,
        1.0,
        -1.0,
        1.0,
        -1.0,
        1.0,
        -1.0,
        -1.0,
        -1.0,
        0.9999998807907104,
        -1.0,
        1.0,
        -1.0,
        1.0,
        -1.0,
        1.0,
        -1.0,
        1.0,
        -1.0,
        -1.0,
        1.0,
        -1.0,
        -1.0,
        1.0,
        -1.0,
        1.0,
        -1.0,
        -1.0,
        -1.0,
        -1.0,
        -1.0,
        1.0,
        1.0,
        -1.0,
        -1.0,
        1.0,
        -1.0,
        -1.0,
        -1.0,
        1.0,
        -1.0,
        -1.0,
        -1.0,
        1.0,
        -1.0,
        1.0,
        -1.0,
        -1.0,
        -1.0,
        1.0,
        1.0,
        1.0,
        1.0,
        -1.0,
        -1.0,
        1.0,
        -1.0,
        -1.0,
        1.0,
        -1.0,
        1.0,
        -1.0,
        -1.0,
        -1.0,
        -1.0,
        1.0,
        1.0,
        -1.0,
        -1.0,
        -1.0,
        1.0,
        -1.0,
        -1.0,
        -1.0,
        1.0,
        -1.0,
        1.0,
        -1.0,
        -1.0,
        1.0,
        -1.0,
        -1.0,
        1.0,
        -1.0,
        -0.993451714515686,
        1.0,
        -1.0,
        -1.0,
        -1.0,
        1.0,
        -1.0,
        1.0,
        -1.0,
        -1.0,
        1.0,
        -1.0,
        1.0,
        1.0,
        -0.9999998807907104,
        1.0,
        -0.9926056265830994,
        1.0,
        -1.0,
        1.0,
        1.0,
        -1.0,
        -1.0,
        -1.0,
        1.0,
        1.0,
        1.0,
        -1.0,
        -1.0,
        -1.0,
        1.0,
        1.0,
        -1.0,
        -1.0,
        -1.0,
        1.0,
        1.0,
        1.0,
        -1.0,
        1.0,
        -1.0,
        -1.0,
        -1.0,
        1.0,
        1.0,
        -0.9988409280776978,
        -1.0,
        -1.0,
        1.0,
        -1.0,
        1.0,
        1.0,
        1.0,
        1.0,
        1.0,
        1.0,
        -1.0,
        1.0,
        1.0,
        1.0,
        -1.0,
        -1.0,
        1.0,
        -1.0,
        -1.0,
        -1.0,
        1.0,
        -1.0,
        -1.0,
        -1.0,
        -1.0,
        -1.0,
        1.0,
        1.0,
        1.0
    ],
    "embedding_scaling_factor": 13.141111373901367,
    "samples": [],
    "category_values_ratio": {
        "1721": 4,
        "1741": 3,
        "1802": 3,
        "1359": 3,
        "1223": 3,
        "1023": 3,
        "1207": 3,
        "2057": 3,
        "1709": 3,
        "1705": 3,
        "1227": 3,
        "1125": 3,
        "1315": 3,
        "1803": 3,
        "2113": 3,
        "1005": 3,
        "1913": 3,
        "1144": 3,
        "1307": 3,
        "1052": 3,
        "2055": 3,
        "830": 3,
        "1211": 3,
        "2012": 3,
        "1008": 3,
        "1158": 3,
        "1302": 3,
        "1835": 3,
        "1640": 2,
        "1641": 2,
        "2246": 2,
        "1146": 2,
        "1037": 2,
        "1345": 2,
        "2349": 2,
        "1657": 2,
        "2233": 2,
        "2244": 2,
        "1453": 2,
        "1729": 2,
        "1040": 2,
        "1446": 2,
        "1324": 2,
        "1003": 2,
        "1243": 2,
        "1326": 2,
        "1838": 2,
        "1844": 2,
        "1130": 2,
        "1119": 2,
        "1012": 2,
        "1412": 2,
        "1044": 2,
        "1917": 2,
        "1822": 2,
        "1042": 2,
        "955": 2,
        "1819": 2,
        "1749": 2,
        "1339": 2,
        "1020": 2,
        "1810": 2,
        "1916": 2,
        "1724": 2,
        "1429": 2,
        "847": 2,
        "1415": 2,
        "1937": 2,
        "1314": 2,
        "1619": 2,
        "842": 2,
        "1508": 2,
        "1336": 2,
        "1800": 2,
        "951": 2,
        "1353": 2,
        "1206": 2,
        "850": 2,
        "2250": 2,
        "1718": 2,
        "933": 2,
        "2229": 2,
        "1752": 2,
        "1650": 2,
        "1513": 2,
        "33": 2,
        "1205": 2,
        "2016": 2,
        "1352": 2,
        "1136": 2,
        "1909": 2,
        "1210": 2,
        "2255": 2,
        "1226": 2,
        "1638": 2,
        "1438": 2,
        "2103": 2,
        "1806": 2,
        "1045": 2,
        "1519": 2,
        "1538": 2,
        "1255": 2,
        "1423": 2,
        "1157": 2,
        "1720": 2,
        "1714": 2,
        "1425": 2,
        "1316": 2,
        "1028": 2,
        "2125": 2,
        "1921": 2,
        "1135": 2,
        "2041": 2,
        "1713": 2,
        "1554": 2,
        "2017": 2,
        "1334": 2,
        "1354": 2,
        "1738": 2,
        "2005": 2,
        "1736": 2,
        "1801": 2,
        "826": 2,
        "1007": 2,
        "1915": 2,
        "2201": 2,
        "1708": 2,
        "1627": 2,
        "1442": 1,
        "1832": 1,
        "1142": 1,
        "1250": 1,
        "817": 1,
        "1436": 1,
        "2207": 1,
        "1827": 1,
        "1757": 1,
        "1717": 1,
        "642": 1,
        "738": 1,
        "911": 1,
        "2004": 1,
        "1128": 1,
        "1755": 1,
        "1746": 1,
        "1821": 1,
        "1154": 1,
        "1240": 1,
        "1317": 1,
        "1605": 1,
        "1427": 1,
        "1026": 1,
        "2000": 1,
        "2129": 1,
        "1458": 1,
        "1447": 1,
        "1131": 1,
        "1502": 1,
        "2110": 1,
        "845": 1,
        "1411": 1,
        "908": 1,
        "1018": 1,
        "1231": 1,
        "1456": 1,
        "717": 1,
        "1332": 1,
        "1027": 1,
        "1756": 1,
        "1945": 1,
        "1426": 1,
        "1342": 1,
        "22": 1,
        "1548": 1,
        "116": 1,
        "1812": 1,
        "2228": 1,
        "1418": 1,
        "1252": 1,
        "2111": 1,
        "1847": 1,
        "947": 1,
        "1706": 1,
        "1550": 1,
        "1419": 1,
        "1932": 1,
        "2352": 1,
        "2203": 1,
        "1929": 1,
        "1428": 1,
        "1938": 1,
        "1437": 1,
        "1700": 1,
        "29": 1,
        "1001": 1,
        "2205": 1,
        "746": 1,
        "1520": 1,
        "1034": 1,
        "45": 1,
        "1722": 1,
        "458": 1,
        "1510": 1,
        "1318": 1,
        "2148": 1,
        "1215": 1,
        "50": 1,
        "2216": 1,
        "1840": 1,
        "747": 1,
        "928": 1,
        "2214": 1,
        "1122": 1,
        "1138": 1,
        "1057": 1,
        "939": 1,
        "1308": 1,
        "2219": 1,
        "1422": 1,
        "2018": 1,
        "1355": 1,
        "1848": 1,
        "1813": 1,
        "1521": 1,
        "1147": 1,
        "1145": 1,
        "2212": 1,
        "1858": 1,
        "1617": 1,
        "2051": 1,
        "1247": 1,
        "849": 1,
        "2321": 1,
        "448": 1,
        "34": 1,
        "36": 1,
        "927": 1,
        "2029": 1,
        "2127": 1,
        "953": 1,
        "1740": 1,
        "1133": 1,
        "2158": 1,
        "1108": 1,
        "743": 1,
        "1601": 1,
        "1849": 1,
        "1344": 1,
        "851": 1,
        "2118": 1,
        "918": 1,
        "944": 1,
        "1310": 1,
        "31": 1,
        "1556": 1,
        "2247": 1,
        "1910": 1,
        "1551": 1,
        "1634": 1,
        "2058": 1,
        "1837": 1,
        "1009": 1,
        "1": 1,
        "1406": 1,
        "20": 1,
        "936": 1,
        "1441": 1,
        "1515": 1,
        "1102": 1,
        "1637": 1,
        "1820": 1,
        "1646": 1,
        "1049": 1,
        "1024": 1,
        "2220": 1,
        "1058": 1,
        "1644": 1,
        "1859": 1,
        "1116": 1,
        "1536": 1,
        "2050": 1,
        "19": 1,
        "1038": 1,
        "2142": 1,
        "1924": 1,
        "6": 1,
        "1323": 1,
        "1639": 1,
        "1232": 1,
        "2147": 1,
        "1248": 1,
        "2121": 1,
        "1702": 1,
        "2102": 1,
        "2131": 1,
        "2227": 1,
        "2132": 1,
        "1117": 1,
        "1826": 1,
        "1306": 1,
        "1118": 1,
        "2048": 1,
        "1159": 1,
        "2002": 1,
        "2342": 1,
        "1535": 1,
        "2337": 1,
        "853": 1,
        "1737": 1,
        "48": 1,
        "912": 1,
        "1626": 1,
        "729": 1,
        "2346": 1,
        "2003": 1,
        "1327": 1,
        "1105": 1,
        "748": 1,
        "1141": 1,
        "1549": 1,
        "930": 1,
        "2123": 1,
        "2036": 1,
        "2038": 1,
        "1153": 1,
        "2149": 1,
        "1431": 1,
        "2112": 1,
        "815": 1,
        "722": 1,
        "1645": 1,
        "113": 1,
        "819": 1,
        "713": 1,
        "2314": 1,
        "2104": 1,
        "2109": 1,
        "2042": 1,
        "2027": 1,
        "1039": 1,
        "2044": 1,
        "1836": 1,
        "1618": 1,
        "141": 1,
        "2054": 1,
        "1201": 1,
        "1254": 1,
        "950": 1,
        "1525": 1,
        "2115": 1,
        "1337": 1,
        "1616": 1,
        "1246": 1,
        "2322": 1,
        "1417": 1,
        "1845": 1,
        "1958": 1,
        "1830": 1,
        "2154": 1,
        "2145": 1,
        "2303": 1,
        "1643": 1,
        "1104": 1,
        "2355": 1,
        "2116": 1,
        "2156": 1,
        "1854": 1,
        "1335": 1,
        "1421": 1,
        "1532": 1,
        "1747": 1,
        "2030": 1,
        "2117": 1,
        "2243": 1,
        "1155": 1,
        "1753": 1,
        "2141": 1,
        "2254": 1,
        "2120": 1,
        "938": 1,
        "1742": 1,
        "2339": 1,
        "17": 1,
        "1622": 1,
        "112": 1,
        "804": 1,
        "2157": 1,
        "2130": 1,
        "1701": 1,
        "2108": 1,
        "1754": 1,
        "2333": 1,
        "1727": 1,
        "1330": 1,
        "1733": 1,
        "233": 1,
        "1943": 1,
        "2316": 1,
        "1258": 1,
        "1703": 1,
        "2140": 1,
        "1111": 1,
        "1904": 1,
        "1047": 1,
        "1109": 1,
        "932": 1,
        "2151": 1,
        "1534": 1,
        "2309": 1,
        "1911": 1,
        "1011": 1,
        "1134": 1,
        "1743": 1,
        "2326": 1,
        "1304": 1,
        "958": 1,
        "1126": 1,
        "1356": 1,
        "1855": 1,
        "1642": 1,
        "1152": 1,
        "1728": 1,
        "1440": 1,
        "750": 1,
        "1245": 1,
        "941": 1,
        "1613": 1,
        "1301": 1,
        "1209": 1,
        "1257": 1,
        "1127": 1,
        "1303": 1,
        "1121": 1,
        "2053": 1,
        "1347": 1,
        "1739": 1,
        "1403": 1,
        "739": 1,
        "1237": 1,
        "1829": 1,
        "2241": 1,
        "1313": 1,
        "2306": 1,
        "1959": 1,
        "2035": 1,
        "2305": 1,
        "1139": 1,
        "1048": 1,
        "1825": 1,
        "631": 1,
        "1710": 1,
        "1408": 1,
        "1533": 1,
        "1101": 1,
        "1219": 1,
        "1609": 1,
        "1113": 1,
        "848": 1,
        "1944": 1,
        "1831": 1,
        "1808": 1,
        "1249": 1,
        "1523": 1,
        "2150": 1,
        "1457": 1,
        "1253": 1,
        "1539": 1,
        "1305": 1,
        "1106": 1,
        "1834": 1,
        "2106": 1
    },
    "nrows": 445827
}