{
    "column_id": "Airline/On_Time_On_Time_Performance_2016_1.csvOn_Time_On_Time_Performance_2016_1.csv/DestAirportID",
    "dataset_name": "On_Time_On_Time_Performance_2016_1.csv",
    "dataset_id": "Airline/On_Time_On_Time_Performance_2016_1.csv",
    "path": "/home/ubuntu/CatDB/Experiments/data/Airline/On_Time_On_Time_Performance_2016_1.csv",
    "table_name": "On_Time_On_Time_Performance_2016_1.csv",
    "table_id": "Airline/On_Time_On_Time_Performance_2016_1.csvOn_Time_On_Time_Performance_2016_1.csv",
    "column_name": "DestAirportID",
    "data_source": "Airline",
    "data_type": "int",
    "total_values_count": 445827,
    "distinct_values_count": 294,
    "missing_values_count": 0,
    "true_ratio": null,
    "min_value": 10135.0,
    "max_value": 16218.0,
    "mean": 12681.70092434958,
    "median": 12889.0,
    "iqr": 2735.0,
    "category_values": [
        11433,
        11298,
        12478,
        14747,
        13930,
        14831,
        11278,
        14100,
        15016,
        15304,
        13303,
        11292,
        12892,
        12758,
        12266,
        10423,
        13204,
        12889,
        14869,
        15024,
        10721,
        11697,
        14771,
        12173,
        13830,
        15370,
        14908,
        12264,
        12953,
        11057,
        14492,
        11618,
        14524,
        14057,
        11540,
        14679,
        14683,
        13198,
        10693,
        14107,
        13891,
        15376,
        14893,
        13851,
        12982,
        13931,
        14635,
        10821,
        13487,
        12012,
        12339,
        10397,
        14843,
        14262,
        13495,
        11109,
        13342,
        12451,
        14122,
        14570,
        13256,
        14027,
        11503,
        11267,
        10140,
        12896,
        14730,
        15027,
        11423,
        13871,
        11042,
        10529,
        11638,
        11066,
        12441,
        13502,
        12094,
        13244,
        10713,
        12191,
        13796,
        11884,
        10299,
        10792,
        12278,
        14307,
        10257,
        15096,
        12323,
        14321,
        14576,
        10994,
        13230,
        11995,
        10599,
        10666,
        10551,
        10170,
        10754,
        14709,
        11630,
        12819,
        15991,
        10926,
        12523,
        14828,
        15841,
        14256,
        13873,
        13970,
        10800,
        10165,
        14254,
        12954,
        15070,
        12197,
        10732,
        14986,
        14685,
        10785,
        13933,
        11252,
        11193,
        11637,
        13485,
        11986,
        11612,
        10434,
        10620,
        10208,
        11259,
        15323,
        13232,
        11973,
        14098,
        13360,
        10849,
        10980,
        13486,
        10990,
        12945,
        11624,
        11481,
        15624,
        11996,
        10408,
        12951,
        14783,
        10874,
        11775,
        11641,
        14193,
        12992,
        14574,
        13296,
        12448,
        13577,
        12217,
        15412,
        11721,
        11003,
        15356,
        10627,
        15497,
        10431,
        10868,
        11146,
        12402,
        10158,
        12898,
        10135,
        15919,
        10685,
        14222,
        12265,
        12511,
        14814,
        15411,
        13377,
        11982,
        13158,
        10781,
        12891,
        14952,
        10155,
        10747,
        10185,
        12915,
        16218,
        11337,
        11823,
        11977,
        14696,
        12884,
        14689,
        11413,
        14457,
        10372,
        13433,
        11603,
        13388,
        13029,
        13264,
        11921,
        12003,
        14905,
        13367,
        13076,
        14252,
        11648,
        11695,
        12156,
        10157,
        13184,
        14108,
        14633,
        14025,
        10561,
        15041,
        12280,
        13476,
        11898,
        10279,
        11140,
        14698,
        12389,
        14794,
        15389,
        14150,
        11525,
        11122,
        12888,
        15380,
        10469,
        14489,
        11049,
        11076,
        11097,
        11471,
        12519,
        11447,
        14006,
        13459,
        13344,
        11865,
        10141,
        10333,
        12397,
        11013,
        10577,
        14520,
        12335,
        13127,
        12343,
        14113,
        12016,
        12129,
        11587,
        10631,
        10739,
        10779,
        10918,
        14543,
        12255,
        14487,
        13964,
        12206,
        12391,
        15249,
        13422,
        11953,
        14109,
        13241,
        11778,
        10728,
        14674,
        13061,
        15401,
        14588,
        12177,
        11203,
        11577,
        12007,
        11308,
        11537,
        14711,
        13795,
        15607,
        13277,
        10146,
        10731,
        11150,
        10581,
        11617
    ],
    "embedding": [
        -1.0,
        -1.0,
        -1.0,
        1.0,
        -1.0,
        1.0,
        -1.0,
        -1.0,
        -1.0,
        -1.0,
        1.0,
        -1.0,
        -1.0,
        1.0,
        1.0,
        1.0,
        1.0,
        -1.0,
        1.0,
        -1.0,
        1.0,
        -1.0,
        1.0,
        -1.0,
        1.0,
        -1.0,
        -1.0,
        1.0,
        -1.0,
        -1.0,
        1.0,
        1.0,
        -1.0,
        -1.0,
        -1.0,
        1.0,
        -1.0,
        1.0,
        1.0,
        -1.0,
        -1.0,
        1.0,
        -1.0,
        -1.0,
        -1.0,
        -1.0,
        1.0,
        -1.0,
        -1.0,
        -0.9982003569602966,
        -1.0,
        1.0,
        1.0,
        1.0,
        -1.0,
        1.0,
        1.0,
        1.0,
        -1.0,
        0.9996089339256287,
        -1.0,
        -1.0,
        1.0,
        -1.0,
        1.0,
        -1.0,
        1.0,
        -1.0,
        1.0,
        1.0,
        1.0,
        -1.0,
        -1.0,
        -1.0,
        -1.0,
        1.0,
        1.0,
        1.0,
        1.0,
        1.0,
        1.0,
        1.0,
        1.0,
        -1.0,
        -1.0,
        1.0,
        -1.0,
        1.0,
        1.0,
        1.0,
        -1.0,
        1.0,
        1.0,
        -1.0,
        1.0,
        -1.0,
        1.0,
        -1.0,
        -1.0,
        -1.0,
        -0.99888014793396,
        -1.0,
        1.0,
        -1.0,
        -1.0,
        1.0,
        1.0,
        1.0,
        -1.0,
        -1.0,
        1.0,
        -1.0,
        -1.0,
        1.0,
        1.0,
        1.0,
        1.0,
        1.0,
        1.0,
        -1.0,
        -1.0,
        1.0,
        -1.0,
        -1.0,
        1.0,
        -1.0,
        -1.0,
        -1.0,
        -1.0,
        1.0,
        -1.0,
        1.0,
        -1.0,
        -1.0,
        1.0,
        -1.0,
        -1.0,
        1.0,
        1.0,
        -1.0,
        1.0,
        1.0,
        1.0,
        -1.0,
        1.0,
        -1.0,
        1.0,
        -1.0,
        -1.0,
        -1.0,
        1.0,
        -1.0,
        1.0,
        -1.0,
        1.0,
        -1.0,
        1.0,
        -1.0,
        1.0,
        -1.0,
        -1.0,
        1.0,
        -1.0,
        -1.0,
        1.0,
        -1.0,
        1.0,
        -1.0,
        -1.0,
        -1.0,
        -1.0,
        -1.0,
        1.0,
        1.0,
        -1.0,
        -1.0,
        1.0,
        -1.0,
        -1.0,
        -1.0,
        1.0,
        -1.0,
        -1.0,
        -1.0,
        1.0,
        -1.0,
        1.0,
        -1.0,
        -1.0,
        -1.0,
        1.0,
        1.0,
        1.0,
        1.0,
        -1.0,
        -1.0,
        1.0,
        -1.0,
        -1.0,
        1.0,
        -1.0,
        1.0,
        -1.0,
        -1.0,
        -1.0,
        -1.0,
        1.0,
        1.0,
        -1.0,
        -1.0,
        -1.0,
        1.0,
        -1.0,
        -1.0,
        -1.0,
        1.0,
        -1.0,
        1.0,
        -1.0,
        -1.0,
        1.0,
        -1.0,
        -1.0,
        1.0,
        -1.0,
        -0.9987392425537109,
        1.0,
        -1.0,
        -1.0,
        -1.0,
        1.0,
        -1.0,
        1.0,
        -1.0,
        -1.0,
        1.0,
        -1.0,
        1.0,
        1.0,
        -1.0,
        1.0,
        -0.9919201135635376,
        1.0,
        -1.0,
        1.0,
        1.0,
        -1.0,
        -1.0,
        -1.0,
        1.0,
        1.0,
        1.0,
        -1.0,
        -1.0,
        -1.0,
        1.0,
        1.0,
        -1.0,
        -1.0,
        -1.0,
        1.0,
        1.0,
        1.0,
        -1.0,
        1.0,
        -1.0,
        -1.0,
        -1.0,
        1.0,
        1.0,
        -0.9987095594406128,
        -1.0,
        -1.0,
        1.0,
        -1.0,
        1.0,
        1.0,
        1.0,
        1.0,
        1.0,
        1.0,
        -1.0,
        1.0,
        1.0,
        1.0,
        -1.0,
        -1.0,
        1.0,
        -1.0,
        -1.0,
        -1.0,
        1.0,
        -1.0,
        -1.0,
        -1.0,
        -1.0,
        -1.0,
        1.0,
        1.0,
        1.0
    ],
    "embedding_scaling_factor": 72.81684112548828,
    "samples": [
        12889,
        13198,
        12892,
        12478,
        14524,
        13230,
        12889,
        14908,
        13930,
        10821,
        10821,
        13232,
        12953,
        12478,
        11298,
        11298,
        14100,
        13342,
        13204,
        10792,
        11259,
        11298,
        10423,
        10397,
        10397,
        13930,
        11618,
        14679,
        11953,
        15016,
        10141,
        11775,
        10397,
        13851,
        12191,
        11066,
        12889,
        10397,
        14771,
        11697,
        14262,
        13930,
        10397,
        11298,
        11298,
        14771,
        12953,
        11292,
        10721,
        12889,
        10721,
        12889,
        11618,
        14635,
        13232,
        12266,
        12478,
        11298,
        11433,
        14869,
        12266,
        10397,
        13930,
        14869,
        14524,
        13796,
        12173,
        12892,
        11193,
        12266,
        13796,
        12892,
        11298,
        12892,
        12953,
        13577,
        10397,
        12953,
        14107,
        11986,
        12478,
        11618,
        10397,
        13204,
        11618,
        15016,
        14869,
        14783,
        11259,
        13487,
        13198,
        10397,
        10599,
        11057,
        13930,
        10721,
        14100,
        12266,
        10721,
        12889
    ],
    "category_values_ratio": {
        "10397": 29854,
        "13930": 18605,
        "11292": 17527,
        "11298": 16572,
        "12892": 16406,
        "14771": 13206,
        "14107": 13035,
        "12889": 12245,
        "12266": 11642,
        "13204": 10730,
        "14747": 9739,
        "13487": 9585,
        "11433": 9463,
        "11057": 9224,
        "10721": 9100,
        "14869": 8699,
        "11618": 8536,
        "12953": 8035,
        "12478": 8014,
        "11697": 7665,
        "10821": 7174,
        "13232": 6676,
        "11278": 6455,
        "13303": 6088,
        "14679": 6016,
        "15304": 5996,
        "11259": 5795,
        "14100": 5671,
        "12191": 4546,
        "15016": 4320,
        "14057": 4143,
        "10693": 3903,
        "12173": 3878,
        "13796": 3652,
        "10423": 3581,
        "13495": 3501,
        "14908": 3463,
        "13198": 3325,
        "14635": 3288,
        "14831": 3217,
        "14893": 3154,
        "13342": 2706,
        "11042": 2688,
        "14492": 2571,
        "12264": 2533,
        "14027": 2430,
        "14843": 2395,
        "14683": 2340,
        "12339": 2207,
        "13830": 1906,
        "14122": 1888,
        "10800": 1783,
        "11066": 1778,
        "13891": 1598,
        "10529": 1520,
        "12451": 1499,
        "10140": 1445,
        "15376": 1419,
        "13871": 1414,
        "13851": 1324,
        "10792": 1314,
        "11193": 1252,
        "10299": 1230,
        "15370": 1200,
        "10713": 1172,
        "14524": 1156,
        "13244": 1154,
        "10994": 1015,
        "12982": 1005,
        "14570": 1001,
        "14307": 996,
        "12758": 985,
        "14262": 977,
        "10599": 892,
        "11540": 882,
        "11884": 859,
        "13931": 847,
        "10257": 759,
        "11986": 758,
        "12954": 755,
        "14730": 747,
        "12278": 688,
        "11423": 659,
        "11109": 629,
        "12992": 614,
        "10372": 607,
        "11638": 598,
        "10781": 589,
        "14576": 585,
        "13485": 577,
        "11267": 573,
        "12197": 545,
        "11996": 538,
        "14685": 531,
        "15412": 523,
        "14689": 500,
        "10874": 492,
        "12402": 492,
        "14814": 481,
        "13158": 472,
        "15096": 458,
        "15024": 446,
        "13296": 442,
        "14193": 441,
        "10868": 428,
        "12448": 428,
        "11995": 428,
        "12441": 403,
        "12896": 400,
        "14696": 396,
        "12391": 382,
        "14321": 379,
        "11637": 378,
        "12945": 367,
        "15919": 367,
        "15624": 359,
        "13422": 353,
        "11775": 347,
        "12523": 346,
        "10980": 344,
        "14986": 327,
        "11481": 324,
        "12217": 315,
        "10158": 310,
        "11823": 309,
        "11503": 308,
        "14252": 298,
        "11721": 297,
        "11603": 290,
        "10620": 281,
        "10408": 272,
        "12951": 270,
        "10849": 267,
        "11973": 264,
        "10785": 262,
        "12884": 251,
        "14108": 250,
        "11140": 247,
        "13377": 246,
        "10279": 246,
        "12206": 245,
        "11977": 243,
        "11003": 243,
        "13264": 235,
        "13029": 234,
        "14783": 232,
        "13577": 228,
        "11612": 221,
        "14698": 221,
        "13367": 219,
        "14457": 217,
        "11982": 216,
        "13476": 210,
        "10185": 209,
        "15249": 208,
        "10627": 208,
        "10469": 207,
        "12280": 207,
        "10431": 204,
        "12323": 197,
        "10208": 196,
        "11146": 196,
        "11953": 195,
        "13256": 194,
        "13277": 192,
        "13230": 190,
        "10747": 189,
        "13184": 189,
        "10561": 189,
        "11921": 188,
        "12819": 186,
        "12094": 184,
        "11624": 184,
        "14489": 183,
        "14574": 183,
        "10135": 181,
        "13486": 181,
        "11537": 180,
        "16218": 177,
        "11630": 174,
        "11337": 173,
        "15411": 172,
        "10732": 172,
        "10990": 171,
        "12389": 169,
        "15356": 167,
        "13061": 165,
        "15323": 162,
        "11695": 157,
        "10434": 155,
        "11641": 154,
        "14794": 153,
        "12003": 152,
        "13502": 152,
        "13433": 150,
        "11778": 149,
        "10155": 146,
        "11252": 146,
        "14952": 143,
        "11122": 139,
        "11648": 137,
        "10157": 125,
        "12156": 119,
        "15041": 118,
        "13360": 117,
        "11308": 116,
        "11413": 105,
        "15027": 98,
        "10666": 94,
        "15380": 94,
        "11898": 93,
        "12898": 93,
        "14828": 93,
        "10685": 91,
        "13795": 90,
        "11865": 88,
        "14098": 88,
        "14520": 88,
        "12891": 88,
        "10731": 86,
        "15389": 86,
        "10728": 85,
        "15401": 84,
        "15607": 84,
        "12007": 84,
        "12129": 83,
        "13241": 83,
        "10551": 81,
        "11150": 81,
        "10146": 80,
        "10754": 80,
        "14709": 80,
        "14633": 78,
        "10577": 76,
        "12915": 76,
        "12519": 74,
        "14254": 72,
        "11076": 63,
        "10141": 62,
        "15070": 62,
        "10631": 62,
        "12511": 62,
        "13933": 62,
        "13344": 62,
        "15841": 62,
        "14256": 62,
        "14905": 62,
        "11471": 62,
        "14006": 62,
        "13873": 61,
        "14487": 61,
        "13970": 61,
        "10926": 60,
        "15991": 60,
        "14711": 60,
        "12397": 59,
        "14674": 59,
        "11013": 58,
        "10779": 58,
        "11203": 58,
        "11577": 58,
        "12335": 57,
        "14543": 57,
        "14113": 56,
        "11617": 55,
        "13459": 55,
        "13127": 55,
        "11049": 55,
        "12343": 54,
        "14150": 54,
        "11525": 53,
        "12255": 52,
        "10739": 52,
        "11587": 52,
        "14109": 52,
        "10333": 52,
        "12888": 52,
        "10918": 51,
        "12177": 49,
        "13076": 49,
        "11447": 48,
        "12012": 48,
        "10170": 43,
        "11097": 33,
        "13388": 32,
        "12265": 31,
        "12016": 31,
        "14025": 31,
        "13964": 17,
        "14222": 10,
        "10165": 9,
        "14588": 4,
        "10581": 4,
        "15497": 3
    },
    "nrows": 445827
}