{
    "column_id": "Airline/On_Time_On_Time_Performance_2016_1.csvOn_Time_On_Time_Performance_2016_1.csv/DestStateFips",
    "dataset_name": "On_Time_On_Time_Performance_2016_1.csv",
    "dataset_id": "Airline/On_Time_On_Time_Performance_2016_1.csv",
    "path": "/home/ubuntu/CatDB/Experiments/data/Airline/On_Time_On_Time_Performance_2016_1.csv",
    "table_name": "On_Time_On_Time_Performance_2016_1.csv",
    "table_id": "Airline/On_Time_On_Time_Performance_2016_1.csvOn_Time_On_Time_Performance_2016_1.csv",
    "column_name": "DestStateFips",
    "data_source": "Airline",
    "data_type": "int",
    "total_values_count": 445827,
    "distinct_values_count": 52,
    "missing_values_count": 0,
    "true_ratio": null,
    "min_value": 1.0,
    "max_value": 78.0,
    "mean": 25.729273911180794,
    "median": 24.0,
    "iqr": 28.0,
    "category_values": [
        26,
        48,
        36,
        53,
        17,
        6,
        51,
        42,
        29,
        12,
        8,
        15,
        32,
        49,
        78,
        25,
        40,
        37,
        34,
        41,
        47,
        4,
        24,
        27,
        18,
        13,
        72,
        22,
        55,
        39,
        35,
        21,
        19,
        31,
        9,
        56,
        16,
        2,
        20,
        44,
        23,
        45,
        1,
        50,
        38,
        30,
        28,
        46,
        5,
        33,
        54,
        75
    ],
    "embedding": [
        -1.0,
        -1.0,
        -1.0,
        1.0,
        -1.0,
        1.0,
        -1.0,
        -1.0,
        -1.0,
        -1.0,
        1.0,
        -1.0,
        -1.0,
        1.0,
        1.0,
        1.0,
        1.0,
        -1.0,
        1.0,
        -1.0,
        1.0,
        -1.0,
        1.0,
        -1.0,
        1.0,
        -1.0,
        -1.0,
        1.0,
        -1.0,
        -1.0,
        1.0,
        1.0,
        -1.0,
        -1.0,
        -1.0,
        1.0,
        -1.0,
        1.0,
        1.0,
        -1.0,
        -1.0,
        1.0,
        -1.0,
        -1.0,
        -1.0,
        -1.0,
        1.0,
        -1.0,
        -1.0,
        -0.9752647876739502,
        -1.0,
        1.0,
        1.0,
        1.0,
        -1.0,
        1.0,
        1.0,
        1.0,
        -1.0,
        0.9890631437301636,
        -1.0,
        -1.0,
        1.0,
        -1.0,
        1.0,
        -1.0,
        1.0,
        -1.0,
        1.0,
        1.0,
        1.0,
        -1.0,
        -1.0,
        -1.0,
        -1.0,
        1.0,
        1.0,
        1.0,
        1.0,
        1.0,
        1.0,
        1.0,
        1.0,
        -1.0,
        -1.0,
        1.0,
        -1.0,
        1.0,
        1.0,
        1.0,
        -1.0,
        1.0,
        1.0,
        -1.0,
        1.0,
        -1.0,
        1.0,
        -1.0,
        -1.0,
        -1.0,
        -0.9978761076927185,
        -1.0,
        1.0,
        -1.0,
        -1.0,
        1.0,
        1.0,
        1.0,
        -1.0,
        -1.0,
        1.0,
        -1.0,
        -1.0,
        1.0,
        1.0,
        1.0,
        1.0,
        1.0,
        1.0,
        -1.0,
        -1.0,
        1.0,
        -1.0,
        -1.0,
        1.0,
        -1.0,
        -1.0,
        -1.0,
        -1.0,
        1.0,
        -1.0,
        1.0,
        -1.0,
        -1.0,
        1.0,
        -1.0,
        -1.0,
        1.0,
        1.0,
        -1.0,
        1.0,
        1.0,
        1.0,
        -1.0,
        1.0,
        -1.0,
        1.0,
        -1.0,
        -1.0,
        -1.0,
        1.0,
        -1.0,
        1.0,
        -1.0,
        1.0,
        -1.0,
        1.0,
        -1.0,
        1.0,
        -1.0,
        -1.0,
        1.0,
        -1.0,
        -1.0,
        1.0,
        -1.0,
        1.0,
        -1.0,
        -1.0,
        -1.0,
        -1.0,
        -1.0,
        1.0,
        1.0,
        -1.0,
        -1.0,
        1.0,
        -1.0,
        -1.0,
        -1.0,
        1.0,
        -1.0,
        -1.0,
        -1.0,
        1.0,
        -1.0,
        1.0,
        -1.0,
        -1.0,
        -1.0,
        1.0,
        1.0,
        1.0,
        1.0,
        -1.0,
        -1.0,
        1.0,
        -1.0,
        -1.0,
        1.0,
        -1.0,
        1.0,
        -1.0,
        -1.0,
        -1.0,
        -1.0,
        1.0,
        1.0,
        -1.0,
        -1.0,
        -1.0,
        1.0,
        -1.0,
        -1.0,
        -1.0,
        1.0,
        -1.0,
        1.0,
        -1.0,
        -1.0,
        1.0,
        -1.0,
        -1.0,
        1.0,
        -1.0,
        -0.9501851797103882,
        1.0,
        -1.0,
        -1.0,
        -1.0,
        1.0,
        -1.0,
        1.0,
        -1.0,
        -1.0,
        1.0,
        -1.0,
        1.0,
        1.0,
        -1.0,
        1.0,
        -0.962101936340332,
        1.0,
        -1.0,
        1.0,
        1.0,
        -1.0,
        -1.0,
        -1.0,
        1.0,
        1.0,
        1.0,
        -1.0,
        -1.0,
        -1.0,
        1.0,
        1.0,
        -1.0,
        -1.0,
        -1.0,
        1.0,
        1.0,
        1.0,
        -1.0,
        1.0,
        -1.0,
        -1.0,
        -1.0,
        1.0,
        1.0,
        -0.9969910383224487,
        -1.0,
        -1.0,
        1.0,
        -1.0,
        1.0,
        1.0,
        1.0,
        1.0,
        1.0,
        1.0,
        -1.0,
        1.0,
        1.0,
        1.0,
        -1.0,
        -1.0,
        1.0,
        -1.0,
        -1.0,
        -1.0,
        1.0,
        -1.0,
        -1.0,
        -1.0,
        -1.0,
        -1.0,
        1.0,
        1.0,
        1.0
    ],
    "embedding_scaling_factor": 126.18944549560547,
    "samples": [
        6,
        6,
        48,
        26,
        34,
        12,
        12,
        12,
        13,
        48,
        32,
        36,
        2,
        12,
        12,
        48,
        6,
        22,
        48,
        12,
        6,
        36,
        8,
        36,
        27,
        26,
        6,
        25,
        37,
        2,
        48,
        45,
        36,
        13,
        12,
        32,
        17,
        12,
        48,
        48,
        22,
        42,
        32,
        6,
        41,
        6,
        12,
        51,
        6,
        26,
        42,
        42,
        36,
        48,
        4,
        37,
        72,
        32,
        22,
        47,
        48,
        13,
        6,
        36,
        12,
        13,
        2,
        37,
        12,
        26,
        35,
        48,
        13,
        6,
        48,
        6,
        40,
        41,
        15,
        48,
        12,
        13,
        4,
        12,
        51,
        34,
        49,
        6,
        36,
        49,
        4,
        17,
        21,
        6,
        6,
        13,
        18,
        6,
        72,
        37
    ],
    "category_values_ratio": {
        "6": 56225,
        "48": 48190,
        "12": 40000,
        "13": 30912,
        "17": 25984,
        "36": 20531,
        "8": 19748,
        "4": 14788,
        "32": 13299,
        "37": 12923,
        "26": 11712,
        "51": 11433,
        "53": 10990,
        "27": 10087,
        "25": 9162,
        "34": 9013,
        "49": 8903,
        "42": 8296,
        "15": 8266,
        "29": 7939,
        "24": 7174,
        "47": 6086,
        "39": 5531,
        "22": 5372,
        "41": 4868,
        "55": 4055,
        "18": 3133,
        "2": 2688,
        "72": 2639,
        "40": 2612,
        "21": 2428,
        "45": 2209,
        "1": 1868,
        "16": 1694,
        "31": 1648,
        "35": 1557,
        "9": 1520,
        "5": 1214,
        "30": 1195,
        "38": 1120,
        "44": 996,
        "28": 911,
        "19": 902,
        "56": 772,
        "20": 740,
        "46": 626,
        "78": 544,
        "33": 442,
        "23": 383,
        "50": 262,
        "54": 196,
        "75": 41
    },
    "nrows": 445827
}