{
    "column_id": "Airline/On_Time_On_Time_Performance_2016_1.csvOn_Time_On_Time_Performance_2016_1.csv/ArrTime",
    "dataset_name": "On_Time_On_Time_Performance_2016_1.csv",
    "dataset_id": "Airline/On_Time_On_Time_Performance_2016_1.csv",
    "path": "/home/ubuntu/CatDB/Experiments/data/Airline/On_Time_On_Time_Performance_2016_1.csv",
    "table_name": "On_Time_On_Time_Performance_2016_1.csv",
    "table_id": "Airline/On_Time_On_Time_Performance_2016_1.csvOn_Time_On_Time_Performance_2016_1.csv",
    "column_name": "ArrTime",
    "data_source": "Airline",
    "data_type": "int",
    "total_values_count": 445827,
    "distinct_values_count": 1440,
    "missing_values_count": 11907,
    "true_ratio": null,
    "min_value": 1.0,
    "max_value": 2400.0,
    "mean": 1488.1014449668141,
    "median": 1522.0,
    "iqr": 811.0,
    "category_values": [
        1432,
        1426,
        1445,
        1433,
        1631,
        1435,
        1438,
        1431,
        1428,
        1434,
        1423,
        1436,
        1442,
        1459,
        1424,
        1419,
        1437,
        1453,
        1541,
        1756,
        1651,
        1703,
        1641,
        1708,
        1721,
        1705,
        1728,
        1716,
        1926,
        1714,
        1715,
        1653,
        1710,
        1712,
        1733,
        1744,
        1809,
        1700,
        1723,
        1720,
        1643,
        1731,
        1813,
        1736,
        1610,
        1613,
        1547,
        1551,
        1524,
        1518,
        1522,
        1527,
        1536,
        1611,
        1519,
        1452,
        1441,
        1537,
        1451,
        1532,
        1439,
        1447,
        2041,
        1503,
        1443,
        2125,
        2246,
        2227,
        2124,
        2117,
        2127,
        2106,
        2226,
        2325,
        2150,
        2252,
        2211,
        2206,
        2143,
        2258,
        2131,
        2152,
        2140,
        2142,
        2149,
        2200,
        2148,
        2147,
        2130,
        2029,
        2049,
        2007,
        2004,
        2032,
        2045,
        2043,
        2039,
        2025,
        2145,
        2058,
        2031,
        2216,
        2119,
        2046,
        2048,
        2102,
        2051,
        2208,
        2037,
        2035,
        2104,
        2026,
        2144,
        2055,
        2118,
        2110,
        1444,
        2346,
        1501,
        1507,
        1458,
        1449,
        2237,
        1448,
        1427,
        1430,
        1446,
        1450,
        1538,
        1457,
        1555,
        1545,
        1535,
        1557,
        1552,
        1550,
        1553,
        1542,
        1544,
        1543,
        1605,
        1559,
        1548,
        1603,
        1654,
        1600,
        1539,
        1816,
        1818,
        1950,
        1952,
        1939,
        2005,
        1946,
        1956,
        1944,
        1942,
        1955,
        1949,
        1959,
        1943,
        1958,
        1936,
        1945,
        1940,
        2217,
        2056,
        2134,
        2122,
        2115,
        2126,
        2057,
        2114,
        2059,
        2108,
        2101,
        2121,
        2139,
        2128,
        2113,
        2103,
        1848,
        1837,
        1843,
        1833,
        1830,
        1829,
        1810,
        1831,
        1855,
        1817,
        1844,
        1820,
        1828,
        1835,
        1812,
        1805,
        1834,
        1824,
        1827,
        1554,
        1900,
        1626,
        1531,
        1523,
        1533,
        1701,
        1530,
        1528,
        1757,
        1513,
        1549,
        1632,
        1614,
        1648,
        1634,
        1625,
        1658,
        1732,
        1628,
        1637,
        1627,
        1644,
        1640,
        1902,
        1655,
        1622,
        1619,
        1645,
        1617,
        1912,
        1659,
        2247,
        2359,
        2254,
        2351,
        2235,
        2322,
        2241,
        2243,
        2230,
        2259,
        2251,
        2309,
        2242,
        118,
        21,
        2308,
        2300,
        2311,
        2304,
        2335,
        2320,
        2306,
        2318,
        2303,
        2314,
        2116,
        2215,
        1917,
        2154,
        2245,
        2323,
        2155,
        2107,
        2137,
        204,
        2156,
        2201,
        2212,
        2210,
        209,
        2111,
        1245,
        1306,
        1305,
        1313,
        1329,
        1326,
        1257,
        1351,
        1254,
        1249,
        1325,
        1255,
        1303,
        1322,
        1253,
        1751,
        1251,
        1243,
        1301,
        1238,
        1311,
        1258,
        1344,
        1246,
        1318,
        125,
        8,
        59,
        46,
        30,
        112,
        44,
        5,
        13,
        32,
        16,
        23,
        6,
        37,
        35,
        2400,
        47,
        39,
        1,
        10,
        18,
        2358,
        2355,
        1505,
        1111,
        1117,
        1112,
        1113,
        1138,
        1106,
        1109,
        1115,
        1118,
        1108,
        1114,
        1204,
        1121,
        1056,
        1120,
        1126,
        1638,
        1636,
        2218,
        2203,
        2224,
        2330,
        2257,
        2213,
        2231,
        2220,
        2204,
        2345,
        2229,
        2233,
        2250,
        2255,
        2209,
        2219,
        2159,
        1540,
        1753,
        1604,
        1525,
        1652,
        1515,
        1806,
        1630,
        1546,
        1520,
        1521,
        1526,
        1859,
        1925,
        1857,
        1931,
        2010,
        2017,
        1918,
        1935,
        1954,
        1953,
        1920,
        1907,
        1924,
        1922,
        2136,
        2014,
        2000,
        1921,
        1915,
        1337,
        1405,
        1343,
        1355,
        1346,
        1347,
        1349,
        1327,
        1335,
        1406,
        1338,
        1330,
        1334,
        1401,
        1418,
        1354,
        1400,
        1416,
        1422,
        1332,
        2012,
        2008,
        2329,
        2015,
        2310,
        2053,
        2105,
        2013,
        2027,
        2021,
        2001,
        1804,
        1814,
        2002,
        1928,
        1913,
        1905,
        1821,
        1840,
        1822,
        1847,
        1836,
        1904,
        1910,
        1850,
        1832,
        1838,
        2339,
        2315,
        2332,
        2112,
        15,
        2340,
        2248,
        2352,
        2302,
        2319,
        2253,
        2327,
        2249,
        2240,
        2333,
        729,
        2317,
        1421,
        1410,
        1413,
        1411,
        1420,
        1415,
        1425,
        1407,
        1801,
        1752,
        1823,
        1802,
        1759,
        1745,
        1748,
        1747,
        1754,
        1201,
        1237,
        1224,
        1202,
        1307,
        1203,
        1223,
        1146,
        1200,
        1144,
        1149,
        1206,
        1152,
        1232,
        1212,
        1155,
        1159,
        1157,
        1154,
        1158,
        2034,
        2009,
        2003,
        1937,
        1951,
        2011,
        2042,
        1236,
        2109,
        7,
        17,
        2030,
        2036,
        1647,
        1706,
        1558,
        1606,
        1618,
        1633,
        1601,
        1635,
        1602,
        1919,
        1929,
        1941,
        1911,
        1901,
        1923,
        1957,
        1933,
        1916,
        1914,
        49,
        57,
        110,
        2232,
        31,
        42,
        9,
        217,
        33,
        22,
        26,
        19,
        3,
        2357,
        1514,
        1709,
        1738,
        1657,
        1711,
        2033,
        1051,
        1717,
        1938,
        1713,
        1729,
        1730,
        1758,
        1741,
        1718,
        1725,
        1800,
        1737,
        1734,
        1739,
        1455,
        1534,
        1506,
        1504,
        1511,
        1516,
        1454,
        1509,
        1502,
        1500,
        1512,
        1702,
        1726,
        1055,
        1054,
        1129,
        1133,
        1136,
        1137,
        1219,
        1135,
        1409,
        1140,
        1134,
        1216,
        1222,
        1130,
        1233,
        2138,
        2120,
        2132,
        2040,
        300,
        1456,
        1510,
        938,
        943,
        1017,
        920,
        1027,
        1049,
        1050,
        1053,
        1052,
        1044,
        1059,
        1101,
        1123,
        1048,
        1041,
        1045,
        1047,
        1037,
        1046,
        1247,
        1244,
        1250,
        1719,
        1333,
        1242,
        1248,
        1331,
        1309,
        1252,
        1316,
        1308,
        1302,
        1240,
        2020,
        2023,
        2222,
        2052,
        1508,
        1749,
        1742,
        1722,
        1852,
        2244,
        2238,
        2205,
        2228,
        2146,
        2141,
        2202,
        2158,
        2214,
        1649,
        1607,
        1629,
        1608,
        1621,
        1623,
        1612,
        1615,
        1934,
        1932,
        2018,
        411,
        2038,
        2019,
        2050,
        2024,
        2016,
        2044,
        332,
        27,
        721,
        709,
        744,
        720,
        808,
        718,
        735,
        757,
        716,
        824,
        739,
        732,
        1642,
        849,
        728,
        722,
        727,
        731,
        713,
        710,
        2123,
        2047,
        2100,
        559,
        621,
        607,
        615,
        558,
        641,
        543,
        552,
        554,
        602,
        609,
        613,
        549,
        548,
        546,
        530,
        544,
        611,
        547,
        601,
        539,
        610,
        555,
        603,
        606,
        551,
        534,
        538,
        1845,
        2006,
        1927,
        2326,
        41,
        34,
        1906,
        1903,
        1908,
        2234,
        2221,
        2153,
        2236,
        2151,
        2207,
        1205,
        1217,
        1221,
        1211,
        1208,
        1148,
        1234,
        1239,
        1229,
        1156,
        1227,
        1750,
        1930,
        1727,
        1735,
        1556,
        932,
        937,
        926,
        947,
        924,
        935,
        925,
        952,
        927,
        940,
        930,
        936,
        916,
        928,
        946,
        919,
        428,
        622,
        457,
        529,
        439,
        505,
        2337,
        442,
        431,
        455,
        501,
        436,
        445,
        440,
        426,
        444,
        437,
        448,
        435,
        434,
        456,
        518,
        421,
        410,
        420,
        1358,
        1408,
        1529,
        1342,
        1339,
        1404,
        1357,
        1323,
        1328,
        1348,
        527,
        523,
        507,
        509,
        541,
        600,
        536,
        528,
        633,
        639,
        545,
        516,
        511,
        1040,
        1028,
        1024,
        1004,
        1008,
        1001,
        1011,
        1007,
        1030,
        1119,
        1022,
        1058,
        1002,
        1023,
        1016,
        1013,
        537,
        816,
        619,
        803,
        618,
        519,
        531,
        553,
        526,
        508,
        644,
        714,
        645,
        605,
        604,
        130,
        1122,
        1151,
        1124,
        1132,
        1153,
        1312,
        1215,
        1228,
        1315,
        1139,
        1141,
        1131,
        14,
        2344,
        139,
        733,
        726,
        945,
        740,
        848,
        809,
        959,
        724,
        1350,
        1402,
        1353,
        1403,
        1352,
        133,
        136,
        2324,
        153,
        2343,
        2350,
        2356,
        2342,
        2321,
        45,
        2135,
        2341,
        2353,
        2336,
        2354,
        2338,
        122,
        1015,
        1656,
        1624,
        1646,
        1650,
        1704,
        640,
        653,
        652,
        650,
        734,
        853,
        647,
        707,
        651,
        646,
        631,
        659,
        746,
        847,
        1517,
        810,
        811,
        1226,
        1231,
        1207,
        1235,
        1142,
        1209,
        1210,
        1147,
        1150,
        1214,
        2256,
        106,
        2312,
        56,
        1107,
        1110,
        1116,
        1609,
        1620,
        1038,
        1025,
        1359,
        1345,
        1340,
        1341,
        20,
        2225,
        2028,
        1947,
        851,
        838,
        907,
        850,
        900,
        857,
        836,
        846,
        826,
        855,
        854,
        1019,
        957,
        1026,
        2054,
        614,
        617,
        620,
        616,
        550,
        542,
        701,
        623,
        151,
        104,
        218,
        126,
        156,
        152,
        339,
        117,
        52,
        107,
        54,
        131,
        116,
        1740,
        1746,
        1826,
        2133,
        1100,
        1057,
        1031,
        1012,
        955,
        1020,
        1018,
        1033,
        1036,
        1039,
        1014,
        1856,
        1807,
        1819,
        1803,
        1811,
        1839,
        1755,
        845,
        830,
        820,
        840,
        841,
        904,
        814,
        807,
        817,
        831,
        827,
        819,
        806,
        804,
        813,
        823,
        825,
        815,
        822,
        1356,
        1417,
        1336,
        915,
        950,
        933,
        923,
        909,
        949,
        929,
        958,
        910,
        914,
        1000,
        1849,
        1909,
        1858,
        759,
        802,
        834,
        858,
        843,
        903,
        852,
        839,
        844,
        911,
        842,
        832,
        942,
        1414,
        145,
        155,
        2157,
        51,
        143,
        134,
        113,
        205,
        48,
        50,
        58,
        128,
        55,
        109,
        114,
        53,
        36,
        2347,
        2328,
        821,
        755,
        756,
        1808,
        812,
        801,
        1846,
        28,
        2316,
        1230,
        1314,
        1317,
        1324,
        1320,
        1319,
        1310,
        2,
        105,
        2348,
        43,
        215,
        12,
        941,
        856,
        954,
        1005,
        1102,
        953,
        1003,
        948,
        956,
        939,
        951,
        1006,
        1010,
        1035,
        1639,
        1145,
        1743,
        612,
        626,
        1256,
        1241,
        1259,
        1440,
        1412,
        931,
        908,
        902,
        859,
        912,
        917,
        901,
        905,
        906,
        818,
        800,
        758,
        753,
        1143,
        1220,
        829,
        1104,
        1103,
        1127,
        921,
        918,
        922,
        1724,
        1225,
        828,
        1125,
        1009,
        913,
        934,
        751,
        752,
        750,
        805,
        833,
        835,
        1304,
        1300,
        704,
        725,
        2239,
        1128,
        837,
        736,
        1825,
        1853,
        1815,
        748,
        1321,
        2129,
        24,
        2313,
        2349,
        1841,
        1842,
        636,
        741,
        717,
        730,
        719,
        715,
        712,
        738,
        40,
        25,
        29,
        311,
        38,
        1429,
        1851,
        1213,
        743,
        2301,
        754,
        108,
        148,
        227,
        2305,
        2307,
        557,
        629,
        634,
        628,
        532,
        1707,
        2334,
        127,
        342,
        1218,
        747,
        510,
        535,
        515,
        540,
        503,
        512,
        2331,
        514,
        525,
        520,
        521,
        522,
        556,
        608,
        1029,
        1043,
        1034,
        1032,
        737,
        742,
        2223,
        1854,
        2022,
        632,
        1042,
        318,
        1948,
        123,
        11,
        4,
        138,
        319,
        103,
        111,
        147,
        358,
        149,
        157,
        142,
        101,
        115,
        1105,
        649,
        723,
        708,
        655,
        700,
        656,
        702,
        243,
        244,
        749,
        745,
        944,
        120,
        234,
        1021,
        635,
        711,
        630,
        643,
        638,
        533,
        524,
        235,
        245,
        320,
        141,
        648,
        703,
        658,
        150,
        1616,
        158,
        100,
        207,
        146,
        344,
        119,
        504,
        637,
        129,
        102,
        251,
        225,
        202,
        625,
        654,
        223,
        201,
        236,
        624,
        408,
        124,
        229,
        137,
        705,
        447,
        132,
        246,
        220,
        121,
        200,
        517,
        502,
        219,
        256,
        657,
        627,
        304,
        238,
        305,
        706,
        334,
        317,
        642,
        222,
        154,
        221,
        135,
        451,
        450,
        144,
        402,
        203,
        206,
        214,
        230,
        458,
        212,
        347,
        247,
        226,
        433,
        258,
        459,
        446,
        513,
        140,
        430,
        210,
        323,
        415,
        453,
        252,
        452,
        348,
        216,
        500,
        231,
        310,
        506,
        208,
        441,
        259,
        449,
        352,
        443,
        313,
        406,
        240,
        159,
        407,
        315,
        438,
        322,
        432,
        213,
        224,
        228,
        237,
        333,
        418,
        341,
        350,
        454,
        416,
        331,
        211,
        357,
        424,
        403,
        401,
        351,
        405,
        338,
        355,
        327,
        356,
        400,
        354,
        414,
        326,
        257,
        233,
        417,
        343,
        404,
        239,
        340,
        427,
        309,
        345,
        422,
        429,
        423,
        330,
        302,
        325,
        248,
        301,
        232,
        308,
        419,
        312,
        335,
        349,
        241,
        307,
        412,
        353,
        303,
        253,
        250,
        409,
        316,
        425,
        346,
        255,
        249,
        336,
        328,
        324,
        242,
        329,
        337,
        321,
        306,
        254,
        314,
        413,
        359
    ],
    "embedding": [
        -1.0,
        -1.0,
        -1.0,
        1.0,
        -1.0,
        1.0,
        -1.0,
        -1.0,
        -0.9999394416809082,
        -1.0,
        1.0,
        -1.0,
        -1.0,
        1.0,
        1.0,
        1.0,
        1.0,
        -1.0,
        1.0,
        -1.0,
        1.0,
        -1.0,
        1.0,
        -1.0,
        1.0,
        -1.0,
        -1.0,
        1.0,
        -1.0,
        -1.0,
        1.0,
        1.0,
        -1.0,
        -1.0,
        -1.0,
        1.0,
        -1.0,
        1.0,
        1.0,
        -1.0,
        -1.0,
        1.0,
        -1.0,
        -1.0,
        -1.0,
        -1.0,
        1.0,
        -1.0,
        -0.9999734163284302,
        -0.991716206073761,
        -1.0,
        1.0,
        1.0,
        1.0,
        -1.0,
        1.0,
        1.0,
        1.0,
        -1.0,
        0.9978770017623901,
        -1.0,
        -1.0,
        1.0,
        -1.0,
        1.0,
        -1.0,
        1.0,
        -1.0,
        1.0,
        1.0,
        1.0,
        -1.0,
        -1.0,
        -1.0,
        -1.0,
        1.0,
        1.0,
        1.0,
        1.0,
        1.0,
        1.0,
        1.0,
        1.0,
        -1.0,
        -1.0,
        1.0,
        -1.0,
        1.0,
        1.0,
        1.0,
        -1.0,
        1.0,
        1.0,
        -1.0,
        1.0,
        -1.0,
        1.0,
        -1.0,
        -1.0,
        -1.0,
        -0.9981876015663147,
        -1.0,
        1.0,
        -1.0,
        -1.0,
        1.0,
        1.0,
        1.0,
        -1.0,
        -1.0,
        1.0,
        -1.0,
        -1.0,
        1.0,
        1.0,
        1.0,
        1.0,
        1.0,
        1.0,
        -1.0,
        -1.0,
        1.0,
        -1.0,
        -1.0,
        1.0,
        -1.0,
        -1.0,
        -0.9997410178184509,
        -1.0,
        1.0,
        -1.0,
        1.0,
        -1.0,
        -1.0,
        1.0,
        -1.0,
        -1.0,
        1.0,
        1.0,
        -1.0,
        1.0,
        1.0,
        1.0,
        -1.0,
        1.0,
        -1.0,
        1.0,
        -1.0,
        -1.0,
        -1.0,
        0.9997963905334473,
        -1.0,
        1.0,
        -1.0,
        1.0,
        -1.0,
        1.0,
        -1.0,
        1.0,
        -1.0,
        -1.0,
        1.0,
        -1.0,
        -1.0,
        1.0,
        -1.0,
        1.0,
        -1.0,
        -1.0,
        -1.0,
        -1.0,
        -1.0,
        1.0,
        1.0,
        -1.0,
        -1.0,
        1.0,
        -1.0,
        -1.0,
        -1.0,
        1.0,
        -1.0,
        -1.0,
        -1.0,
        1.0,
        -1.0,
        1.0,
        -1.0,
        -1.0,
        -1.0,
        1.0,
        1.0,
        1.0,
        1.0,
        -1.0,
        -1.0,
        1.0,
        -1.0,
        -1.0,
        1.0,
        -1.0,
        1.0,
        -1.0,
        -1.0,
        -1.0,
        -1.0,
        1.0,
        1.0,
        -1.0,
        -1.0,
        -1.0,
        1.0,
        -1.0,
        -1.0,
        -1.0,
        1.0,
        -1.0,
        1.0,
        -1.0,
        -1.0,
        1.0,
        -1.0,
        -1.0,
        1.0,
        -0.9999306201934814,
        -0.9918022751808167,
        1.0,
        -1.0,
        -1.0,
        -1.0,
        1.0,
        -1.0,
        1.0,
        -1.0,
        -1.0,
        1.0,
        -1.0,
        1.0,
        1.0,
        -0.999978244304657,
        1.0,
        -0.9898504018783569,
        1.0,
        -1.0,
        1.0,
        1.0,
        -1.0,
        -1.0,
        -1.0,
        1.0,
        1.0,
        1.0,
        -1.0,
        -1.0,
        -1.0,
        1.0,
        1.0,
        -1.0,
        -1.0,
        -1.0,
        1.0,
        1.0,
        1.0,
        -1.0,
        1.0,
        -1.0,
        -1.0,
        -1.0,
        1.0,
        1.0,
        -0.9984924793243408,
        -1.0,
        -1.0,
        1.0,
        -1.0,
        1.0,
        1.0,
        1.0,
        1.0,
        1.0,
        1.0,
        -1.0,
        1.0,
        1.0,
        1.0,
        -1.0,
        -1.0,
        1.0,
        -1.0,
        -1.0,
        -1.0,
        1.0,
        -1.0,
        -1.0,
        -1.0,
        -1.0,
        -1.0,
        1.0,
        1.0,
        1.0
    ],
    "embedding_scaling_factor": 14.265023231506348,
    "samples": [
        1340,
        700,
        913,
        1827,
        1249,
        1209,
        1400,
        1032,
        2057,
        1126,
        1428,
        1912,
        2059,
        1744,
        1102,
        855,
        1723,
        957,
        2100,
        2000,
        1209,
        1644,
        1153,
        1324,
        911,
        1925,
        252,
        1915,
        1739,
        1039,
        2259,
        1535,
        2304,
        1918,
        1426,
        1700,
        1255,
        631,
        1901,
        2120,
        1527,
        1556,
        1732,
        1704,
        903,
        1841,
        1411,
        1004,
        1754,
        2231,
        1118,
        1042,
        2104,
        1602,
        1213,
        2240,
        741,
        1044,
        841,
        1907,
        2148,
        806,
        1855,
        2256,
        917,
        1302,
        1826,
        1814,
        1234,
        1504,
        745,
        1633,
        739,
        1437,
        1256,
        2246,
        1023,
        2220,
        2005,
        18,
        1006,
        1059,
        1425,
        937,
        839,
        1328,
        1718,
        1518,
        1639,
        1821,
        2319,
        1232,
        1801,
        2146,
        2316,
        1822,
        942,
        1828,
        2312,
        1431
    ],
    "category_values_ratio": {
        "1651": 552,
        "1635": 541,
        "1645": 541,
        "1632": 539,
        "1629": 534,
        "2052": 533,
        "1642": 531,
        "2100": 526,
        "1639": 524,
        "1904": 524,
        "1640": 524,
        "1626": 524,
        "1621": 522,
        "1902": 522,
        "1619": 521,
        "1646": 521,
        "1650": 520,
        "2054": 520,
        "2102": 520,
        "2107": 519,
        "1618": 519,
        "1649": 519,
        "1641": 517,
        "2045": 516,
        "1630": 515,
        "2058": 512,
        "1624": 512,
        "1653": 511,
        "1647": 511,
        "1634": 509,
        "1638": 507,
        "1655": 507,
        "1906": 506,
        "1637": 503,
        "2103": 503,
        "1656": 502,
        "1644": 502,
        "1628": 502,
        "2048": 500,
        "2053": 500,
        "1636": 500,
        "2046": 499,
        "1014": 499,
        "1615": 498,
        "1625": 497,
        "1627": 496,
        "1617": 496,
        "2049": 496,
        "1623": 495,
        "2112": 495,
        "1910": 494,
        "1648": 494,
        "1855": 494,
        "1657": 493,
        "2106": 493,
        "2111": 492,
        "1905": 492,
        "2055": 491,
        "1027": 491,
        "2059": 491,
        "2044": 490,
        "1633": 490,
        "2101": 490,
        "1008": 490,
        "2047": 490,
        "1643": 489,
        "1900": 489,
        "1724": 489,
        "2050": 488,
        "1749": 487,
        "1835": 487,
        "2036": 487,
        "1857": 486,
        "2043": 486,
        "1824": 485,
        "1703": 485,
        "1614": 485,
        "1559": 485,
        "2002": 485,
        "1610": 485,
        "1840": 485,
        "2110": 484,
        "1016": 483,
        "1018": 483,
        "1816": 482,
        "1907": 482,
        "1007": 482,
        "1407": 482,
        "1121": 482,
        "1838": 481,
        "1607": 481,
        "2115": 481,
        "2104": 481,
        "1024": 480,
        "1820": 480,
        "1652": 479,
        "2010": 478,
        "1901": 478,
        "1020": 478,
        "1026": 478,
        "1012": 477,
        "2109": 477,
        "1828": 476,
        "1015": 476,
        "1600": 476,
        "2033": 476,
        "1859": 476,
        "1815": 476,
        "1811": 476,
        "1852": 476,
        "2108": 475,
        "1620": 474,
        "2005": 474,
        "1022": 473,
        "1729": 473,
        "1858": 473,
        "1013": 472,
        "1305": 472,
        "1748": 472,
        "2016": 471,
        "1826": 471,
        "1903": 471,
        "1654": 471,
        "1612": 471,
        "1443": 470,
        "1805": 470,
        "1251": 470,
        "1822": 470,
        "2051": 470,
        "1819": 470,
        "2057": 469,
        "1832": 469,
        "1908": 469,
        "1430": 469,
        "1315": 469,
        "1438": 468,
        "1823": 468,
        "1702": 468,
        "1847": 468,
        "1023": 468,
        "2030": 468,
        "1622": 467,
        "1317": 467,
        "1548": 467,
        "1424": 466,
        "1331": 466,
        "1313": 466,
        "1736": 466,
        "1552": 466,
        "2116": 465,
        "2105": 465,
        "1452": 465,
        "1730": 465,
        "1115": 465,
        "1254": 464,
        "1255": 464,
        "1249": 464,
        "2009": 464,
        "1813": 464,
        "2041": 464,
        "1453": 464,
        "1738": 463,
        "1913": 463,
        "1246": 463,
        "1750": 463,
        "1553": 463,
        "1834": 463,
        "2042": 463,
        "2003": 463,
        "1800": 463,
        "1549": 462,
        "1420": 462,
        "1545": 462,
        "2007": 462,
        "1851": 462,
        "2056": 462,
        "1501": 462,
        "1441": 461,
        "2038": 461,
        "1735": 461,
        "2020": 461,
        "1631": 460,
        "2113": 460,
        "1540": 460,
        "1323": 460,
        "1613": 460,
        "1037": 459,
        "1830": 459,
        "2039": 459,
        "2022": 459,
        "2037": 459,
        "1742": 459,
        "1609": 459,
        "1807": 459,
        "1744": 459,
        "1417": 459,
        "1849": 459,
        "1808": 459,
        "2004": 458,
        "1427": 458,
        "1411": 458,
        "1343": 457,
        "1029": 457,
        "1522": 457,
        "1353": 457,
        "1349": 457,
        "1021": 457,
        "2124": 457,
        "1336": 456,
        "1829": 456,
        "1005": 456,
        "1300": 455,
        "1146": 455,
        "1732": 455,
        "1403": 455,
        "1333": 455,
        "1753": 455,
        "1817": 454,
        "1841": 454,
        "1818": 454,
        "1252": 454,
        "1844": 454,
        "1850": 454,
        "1234": 454,
        "1017": 454,
        "1351": 454,
        "1006": 454,
        "1719": 454,
        "1357": 453,
        "1356": 453,
        "1810": 453,
        "1437": 453,
        "1419": 453,
        "1449": 453,
        "1557": 453,
        "1355": 453,
        "1746": 452,
        "1741": 452,
        "1344": 452,
        "1408": 452,
        "1827": 452,
        "1334": 452,
        "1009": 452,
        "1405": 452,
        "1839": 452,
        "2040": 452,
        "1527": 451,
        "1723": 451,
        "1056": 451,
        "1958": 451,
        "1727": 451,
        "1149": 451,
        "1301": 451,
        "2035": 451,
        "1346": 451,
        "1106": 451,
        "1354": 451,
        "1444": 451,
        "1616": 450,
        "1831": 450,
        "1439": 450,
        "1431": 450,
        "1435": 450,
        "1432": 450,
        "1825": 450,
        "1726": 450,
        "1739": 450,
        "1737": 450,
        "1804": 450,
        "1243": 450,
        "1011": 450,
        "1846": 449,
        "1843": 449,
        "2031": 449,
        "2017": 449,
        "1025": 449,
        "2114": 449,
        "1442": 449,
        "1412": 448,
        "2029": 448,
        "1921": 448,
        "1448": 448,
        "1606": 448,
        "1003": 448,
        "1658": 448,
        "2119": 448,
        "1036": 448,
        "1516": 447,
        "1758": 447,
        "1917": 447,
        "1848": 447,
        "1555": 447,
        "1253": 447,
        "1809": 446,
        "1941": 446,
        "1856": 446,
        "1854": 446,
        "1611": 446,
        "1326": 446,
        "1040": 446,
        "2008": 446,
        "1119": 445,
        "1821": 445,
        "1853": 445,
        "1936": 445,
        "1740": 445,
        "1510": 445,
        "1539": 445,
        "1915": 444,
        "2034": 444,
        "1329": 444,
        "1209": 444,
        "1942": 444,
        "1421": 443,
        "1542": 443,
        "1111": 443,
        "2019": 443,
        "1940": 443,
        "1312": 443,
        "1347": 443,
        "2011": 442,
        "1955": 442,
        "1916": 442,
        "1759": 442,
        "1113": 442,
        "1708": 442,
        "2006": 442,
        "1418": 442,
        "1350": 442,
        "1543": 442,
        "2024": 442,
        "1434": 441,
        "1319": 441,
        "1447": 441,
        "1700": 441,
        "1747": 441,
        "1220": 441,
        "1402": 441,
        "1728": 441,
        "1521": 441,
        "1743": 441,
        "1004": 441,
        "1812": 440,
        "1104": 440,
        "1101": 440,
        "1158": 440,
        "1932": 440,
        "1920": 440,
        "1159": 439,
        "1413": 439,
        "1845": 439,
        "1718": 439,
        "1709": 438,
        "1535": 438,
        "1551": 438,
        "2027": 438,
        "1842": 438,
        "1608": 438,
        "1541": 438,
        "1345": 437,
        "1554": 437,
        "1322": 437,
        "1030": 437,
        "1216": 437,
        "1203": 437,
        "2132": 437,
        "2125": 437,
        "1230": 436,
        "2014": 436,
        "1440": 436,
        "1258": 436,
        "1513": 436,
        "1239": 436,
        "1601": 436,
        "1235": 436,
        "2032": 435,
        "1033": 435,
        "1814": 435,
        "1755": 435,
        "1045": 435,
        "2013": 435,
        "914": 435,
        "1337": 435,
        "1446": 435,
        "1241": 435,
        "1148": 434,
        "1911": 434,
        "1237": 434,
        "1415": 434,
        "1041": 434,
        "1130": 434,
        "1937": 434,
        "1125": 433,
        "1731": 433,
        "1137": 433,
        "1156": 433,
        "1425": 433,
        "1806": 432,
        "2025": 432,
        "907": 432,
        "1153": 432,
        "1245": 432,
        "1945": 432,
        "1504": 432,
        "1951": 432,
        "1928": 432,
        "1605": 432,
        "1659": 431,
        "1122": 431,
        "1919": 431,
        "1923": 431,
        "1039": 431,
        "1550": 431,
        "1912": 431,
        "1053": 431,
        "1715": 431,
        "1757": 431,
        "1547": 431,
        "1604": 430,
        "1705": 430,
        "1135": 430,
        "1248": 430,
        "1240": 430,
        "2123": 430,
        "1259": 430,
        "1519": 430,
        "1720": 430,
        "1409": 429,
        "1836": 429,
        "1057": 429,
        "1956": 429,
        "1602": 429,
        "1131": 429,
        "1733": 429,
        "2000": 429,
        "1704": 429,
        "2026": 428,
        "1450": 428,
        "1302": 428,
        "1701": 428,
        "1706": 428,
        "1717": 428,
        "1721": 428,
        "1117": 428,
        "1523": 428,
        "1352": 428,
        "1558": 427,
        "2117": 427,
        "1406": 427,
        "1257": 427,
        "1952": 427,
        "1946": 427,
        "1556": 427,
        "2120": 427,
        "1429": 427,
        "1428": 427,
        "1711": 427,
        "1321": 427,
        "1410": 427,
        "1332": 426,
        "1436": 426,
        "1358": 426,
        "1751": 426,
        "1530": 426,
        "1340": 426,
        "1833": 426,
        "1756": 426,
        "1603": 426,
        "1458": 426,
        "1400": 426,
        "1503": 425,
        "1537": 425,
        "2118": 425,
        "1455": 425,
        "1339": 425,
        "1324": 425,
        "2121": 425,
        "1948": 425,
        "1038": 425,
        "1924": 425,
        "1032": 425,
        "1309": 424,
        "1536": 424,
        "1140": 424,
        "1047": 424,
        "1019": 424,
        "1145": 424,
        "2012": 423,
        "1157": 423,
        "1318": 423,
        "1204": 423,
        "2126": 422,
        "2015": 422,
        "2128": 422,
        "1155": 422,
        "2001": 422,
        "1310": 422,
        "1414": 422,
        "1837": 422,
        "1518": 422,
        "1514": 422,
        "1247": 422,
        "1002": 422,
        "1426": 422,
        "1939": 422,
        "1348": 422,
        "1256": 421,
        "1144": 421,
        "1533": 421,
        "1219": 421,
        "1044": 421,
        "1456": 421,
        "1320": 421,
        "1215": 421,
        "1507": 421,
        "1520": 421,
        "2018": 421,
        "1725": 421,
        "1138": 421,
        "1335": 421,
        "1112": 421,
        "958": 421,
        "1534": 420,
        "1459": 420,
        "1139": 420,
        "903": 420,
        "1416": 419,
        "1935": 419,
        "2150": 419,
        "954": 419,
        "1528": 419,
        "1048": 419,
        "1801": 419,
        "1212": 419,
        "1250": 419,
        "1423": 419,
        "1244": 419,
        "1034": 418,
        "1224": 418,
        "2023": 418,
        "920": 418,
        "1225": 418,
        "1200": 418,
        "1205": 418,
        "1042": 418,
        "1054": 418,
        "1713": 418,
        "1722": 418,
        "1909": 417,
        "1802": 417,
        "1035": 417,
        "849": 417,
        "1031": 416,
        "1116": 416,
        "1451": 416,
        "957": 416,
        "1954": 416,
        "1454": 416,
        "854": 416,
        "1102": 416,
        "1327": 416,
        "1221": 416,
        "1529": 416,
        "1100": 415,
        "1803": 415,
        "1226": 415,
        "1308": 415,
        "1502": 415,
        "909": 415,
        "1238": 414,
        "2139": 414,
        "1206": 414,
        "919": 414,
        "848": 414,
        "959": 414,
        "1914": 414,
        "1526": 414,
        "851": 414,
        "1049": 413,
        "901": 413,
        "1338": 413,
        "1342": 413,
        "955": 412,
        "1124": 412,
        "950": 412,
        "2021": 412,
        "1959": 412,
        "1316": 411,
        "1515": 411,
        "2216": 411,
        "1325": 411,
        "1734": 411,
        "2127": 411,
        "1328": 411,
        "1108": 411,
        "1508": 411,
        "904": 411,
        "1208": 410,
        "1136": 410,
        "2212": 410,
        "1010": 410,
        "1422": 410,
        "1938": 410,
        "2144": 410,
        "1404": 410,
        "850": 410,
        "912": 409,
        "1957": 409,
        "928": 409,
        "1150": 409,
        "953": 409,
        "956": 409,
        "1046": 408,
        "1129": 408,
        "1943": 408,
        "1151": 408,
        "1710": 408,
        "855": 408,
        "1043": 408,
        "1307": 408,
        "1213": 407,
        "1107": 407,
        "853": 407,
        "2142": 407,
        "2153": 407,
        "1233": 407,
        "1401": 407,
        "1143": 407,
        "1120": 407,
        "948": 406,
        "1707": 406,
        "1754": 406,
        "1118": 406,
        "1505": 406,
        "905": 405,
        "1306": 405,
        "1934": 405,
        "1445": 405,
        "1052": 405,
        "1232": 405,
        "2122": 405,
        "1745": 405,
        "1531": 405,
        "1141": 404,
        "1311": 404,
        "1752": 404,
        "1142": 404,
        "1532": 404,
        "1930": 404,
        "2137": 404,
        "1109": 404,
        "941": 403,
        "1524": 403,
        "2134": 403,
        "1341": 403,
        "1947": 403,
        "1123": 403,
        "1058": 403,
        "917": 403,
        "1925": 403,
        "952": 402,
        "1132": 402,
        "1050": 402,
        "1105": 402,
        "1918": 402,
        "1714": 401,
        "1217": 401,
        "1231": 401,
        "1126": 401,
        "911": 401,
        "1218": 401,
        "1201": 401,
        "937": 400,
        "1055": 400,
        "858": 400,
        "1359": 400,
        "1716": 400,
        "1538": 400,
        "1525": 399,
        "926": 399,
        "1214": 399,
        "915": 399,
        "1000": 399,
        "1103": 399,
        "1512": 399,
        "1133": 398,
        "1546": 398,
        "900": 398,
        "1211": 398,
        "945": 398,
        "2130": 398,
        "847": 397,
        "1712": 397,
        "856": 397,
        "2220": 397,
        "913": 397,
        "2143": 397,
        "1127": 396,
        "1944": 396,
        "908": 396,
        "1154": 396,
        "852": 395,
        "2140": 395,
        "1927": 395,
        "1001": 394,
        "932": 394,
        "1304": 394,
        "2131": 394,
        "1517": 394,
        "1207": 393,
        "930": 393,
        "1922": 393,
        "1152": 393,
        "925": 392,
        "1202": 392,
        "845": 392,
        "1114": 392,
        "1949": 392,
        "1228": 391,
        "1210": 391,
        "1330": 391,
        "2204": 391,
        "2028": 391,
        "2202": 391,
        "1134": 390,
        "1506": 390,
        "1953": 390,
        "938": 390,
        "1511": 390,
        "1028": 389,
        "2217": 389,
        "1314": 389,
        "924": 389,
        "1509": 389,
        "2224": 389,
        "1929": 388,
        "1223": 388,
        "1433": 388,
        "1303": 388,
        "921": 388,
        "2129": 387,
        "1051": 387,
        "910": 387,
        "2141": 386,
        "2159": 386,
        "1544": 386,
        "2146": 386,
        "1926": 386,
        "1110": 385,
        "859": 384,
        "1931": 384,
        "951": 384,
        "922": 384,
        "2156": 384,
        "2157": 383,
        "857": 383,
        "1236": 383,
        "936": 383,
        "1059": 383,
        "2209": 383,
        "2135": 382,
        "1222": 382,
        "1242": 382,
        "1950": 381,
        "2138": 381,
        "931": 381,
        "902": 381,
        "846": 380,
        "935": 380,
        "1229": 380,
        "2214": 380,
        "2133": 380,
        "1128": 379,
        "2155": 379,
        "918": 379,
        "2200": 379,
        "1457": 378,
        "840": 377,
        "2145": 377,
        "2218": 377,
        "916": 377,
        "2246": 377,
        "923": 376,
        "842": 375,
        "2213": 375,
        "2215": 374,
        "1500": 374,
        "1227": 374,
        "2232": 372,
        "2221": 372,
        "2206": 371,
        "839": 371,
        "2239": 371,
        "1933": 371,
        "2225": 371,
        "2149": 370,
        "906": 370,
        "927": 369,
        "943": 369,
        "2227": 369,
        "844": 368,
        "2208": 368,
        "2148": 367,
        "2154": 367,
        "939": 367,
        "2234": 367,
        "934": 366,
        "2207": 365,
        "2210": 365,
        "2255": 365,
        "2222": 364,
        "2235": 364,
        "2211": 364,
        "2136": 364,
        "2219": 363,
        "2254": 362,
        "1147": 362,
        "832": 362,
        "2223": 361,
        "2201": 361,
        "810": 361,
        "2151": 359,
        "2233": 358,
        "947": 358,
        "2230": 357,
        "929": 357,
        "2152": 357,
        "2229": 357,
        "2238": 357,
        "946": 357,
        "2205": 357,
        "2300": 354,
        "2231": 354,
        "841": 354,
        "2247": 353,
        "2240": 353,
        "843": 352,
        "942": 348,
        "2250": 346,
        "2256": 346,
        "2241": 346,
        "2245": 345,
        "2237": 345,
        "837": 345,
        "836": 345,
        "2252": 344,
        "829": 344,
        "835": 343,
        "2158": 340,
        "2243": 340,
        "812": 340,
        "755": 340,
        "833": 340,
        "2242": 340,
        "940": 340,
        "2249": 339,
        "2248": 338,
        "825": 337,
        "2147": 337,
        "2310": 335,
        "815": 335,
        "949": 335,
        "830": 334,
        "808": 333,
        "806": 333,
        "757": 332,
        "2203": 332,
        "819": 332,
        "2251": 330,
        "2253": 330,
        "933": 330,
        "2320": 330,
        "809": 329,
        "2257": 328,
        "820": 328,
        "2226": 327,
        "800": 327,
        "2309": 326,
        "2258": 326,
        "2305": 324,
        "2303": 323,
        "2323": 323,
        "2308": 323,
        "2244": 323,
        "831": 322,
        "817": 321,
        "2236": 321,
        "805": 320,
        "802": 320,
        "758": 318,
        "801": 317,
        "944": 317,
        "834": 316,
        "2301": 316,
        "2321": 315,
        "2302": 315,
        "838": 314,
        "827": 314,
        "813": 311,
        "2312": 311,
        "2259": 311,
        "2329": 311,
        "2317": 310,
        "814": 309,
        "828": 309,
        "2304": 309,
        "822": 308,
        "743": 308,
        "818": 308,
        "752": 307,
        "2315": 307,
        "2324": 306,
        "2228": 303,
        "2306": 303,
        "2314": 302,
        "2332": 301,
        "807": 301,
        "746": 301,
        "803": 300,
        "2325": 300,
        "804": 300,
        "748": 300,
        "821": 296,
        "740": 296,
        "750": 295,
        "2338": 295,
        "2341": 294,
        "2316": 294,
        "744": 293,
        "2334": 292,
        "2328": 291,
        "2319": 289,
        "2313": 288,
        "2336": 288,
        "824": 287,
        "826": 287,
        "2333": 287,
        "756": 287,
        "2326": 286,
        "2311": 286,
        "745": 286,
        "742": 286,
        "2331": 285,
        "739": 285,
        "747": 284,
        "2327": 284,
        "754": 282,
        "2340": 282,
        "2339": 281,
        "751": 280,
        "816": 280,
        "823": 279,
        "2307": 279,
        "759": 278,
        "737": 278,
        "811": 278,
        "2337": 274,
        "749": 274,
        "2330": 272,
        "734": 271,
        "2318": 271,
        "738": 271,
        "736": 270,
        "2347": 269,
        "2350": 268,
        "2322": 266,
        "2345": 264,
        "2335": 262,
        "2344": 261,
        "741": 260,
        "733": 260,
        "753": 259,
        "2342": 259,
        "2343": 254,
        "2352": 248,
        "722": 247,
        "724": 246,
        "2346": 246,
        "2348": 245,
        "732": 244,
        "720": 244,
        "731": 241,
        "729": 240,
        "735": 238,
        "730": 237,
        "2351": 236,
        "725": 234,
        "2356": 233,
        "2": 230,
        "1": 229,
        "2355": 228,
        "723": 226,
        "726": 226,
        "714": 226,
        "728": 224,
        "2349": 224,
        "2357": 223,
        "2354": 223,
        "2359": 218,
        "5": 214,
        "727": 212,
        "719": 211,
        "3": 207,
        "717": 204,
        "2353": 202,
        "716": 202,
        "712": 201,
        "2358": 197,
        "718": 196,
        "710": 196,
        "715": 194,
        "709": 192,
        "721": 189,
        "6": 188,
        "7": 181,
        "706": 180,
        "708": 180,
        "703": 179,
        "713": 179,
        "700": 175,
        "10": 175,
        "705": 174,
        "711": 174,
        "704": 174,
        "13": 173,
        "2400": 172,
        "8": 170,
        "702": 169,
        "4": 166,
        "701": 165,
        "707": 160,
        "655": 156,
        "18": 152,
        "23": 151,
        "658": 148,
        "653": 147,
        "12": 146,
        "656": 145,
        "647": 142,
        "17": 142,
        "19": 140,
        "14": 139,
        "11": 138,
        "15": 138,
        "9": 136,
        "654": 134,
        "659": 133,
        "657": 133,
        "652": 132,
        "16": 132,
        "25": 130,
        "649": 129,
        "644": 127,
        "21": 125,
        "22": 124,
        "20": 123,
        "643": 123,
        "645": 123,
        "26": 122,
        "635": 120,
        "24": 119,
        "640": 118,
        "30": 117,
        "31": 117,
        "641": 117,
        "637": 116,
        "648": 114,
        "34": 114,
        "33": 112,
        "651": 111,
        "639": 110,
        "28": 106,
        "617": 106,
        "650": 106,
        "638": 105,
        "632": 104,
        "29": 103,
        "646": 103,
        "32": 102,
        "36": 101,
        "618": 101,
        "642": 100,
        "27": 98,
        "39": 97,
        "42": 97,
        "35": 96,
        "622": 96,
        "626": 95,
        "629": 95,
        "623": 95,
        "631": 94,
        "620": 93,
        "38": 93,
        "37": 92,
        "633": 91,
        "554": 91,
        "630": 90,
        "609": 89,
        "625": 88,
        "545": 85,
        "40": 85,
        "636": 84,
        "634": 84,
        "46": 83,
        "615": 83,
        "548": 82,
        "605": 82,
        "619": 82,
        "45": 82,
        "47": 82,
        "628": 81,
        "621": 81,
        "41": 81,
        "624": 80,
        "616": 80,
        "48": 80,
        "550": 78,
        "601": 78,
        "612": 78,
        "627": 77,
        "557": 77,
        "559": 76,
        "610": 76,
        "556": 75,
        "44": 75,
        "552": 75,
        "50": 74,
        "614": 74,
        "602": 73,
        "543": 73,
        "540": 72,
        "613": 71,
        "611": 71,
        "604": 70,
        "551": 70,
        "553": 70,
        "600": 69,
        "607": 69,
        "43": 68,
        "542": 68,
        "49": 68,
        "56": 66,
        "54": 66,
        "541": 66,
        "536": 66,
        "606": 66,
        "534": 65,
        "544": 65,
        "53": 65,
        "555": 65,
        "608": 64,
        "547": 63,
        "558": 63,
        "52": 62,
        "538": 62,
        "603": 62,
        "51": 61,
        "537": 61,
        "546": 58,
        "549": 58,
        "59": 56,
        "113": 55,
        "58": 54,
        "539": 54,
        "102": 52,
        "527": 51,
        "101": 50,
        "531": 50,
        "530": 50,
        "55": 50,
        "108": 48,
        "535": 48,
        "106": 47,
        "532": 47,
        "57": 47,
        "115": 46,
        "500": 46,
        "118": 46,
        "524": 46,
        "105": 46,
        "103": 45,
        "526": 45,
        "125": 45,
        "529": 44,
        "512": 44,
        "528": 44,
        "122": 44,
        "509": 43,
        "110": 43,
        "503": 42,
        "514": 42,
        "130": 42,
        "104": 42,
        "507": 42,
        "117": 41,
        "126": 40,
        "455": 40,
        "124": 39,
        "504": 39,
        "111": 39,
        "508": 38,
        "109": 38,
        "454": 38,
        "440": 38,
        "533": 38,
        "518": 38,
        "505": 37,
        "123": 37,
        "134": 37,
        "114": 36,
        "451": 36,
        "107": 36,
        "456": 35,
        "112": 35,
        "510": 35,
        "116": 35,
        "520": 35,
        "525": 35,
        "515": 34,
        "100": 34,
        "120": 34,
        "519": 33,
        "133": 33,
        "128": 33,
        "119": 32,
        "523": 32,
        "517": 32,
        "459": 32,
        "511": 32,
        "522": 31,
        "139": 31,
        "446": 31,
        "452": 31,
        "449": 31,
        "140": 30,
        "132": 30,
        "506": 30,
        "145": 30,
        "143": 29,
        "129": 29,
        "502": 29,
        "501": 29,
        "436": 29,
        "121": 28,
        "144": 28,
        "516": 28,
        "445": 28,
        "135": 28,
        "513": 27,
        "521": 27,
        "458": 27,
        "444": 27,
        "447": 26,
        "137": 26,
        "136": 26,
        "450": 26,
        "150": 26,
        "431": 25,
        "439": 25,
        "149": 25,
        "435": 24,
        "448": 24,
        "147": 24,
        "153": 24,
        "442": 24,
        "142": 23,
        "127": 23,
        "209": 23,
        "152": 23,
        "131": 23,
        "155": 23,
        "141": 22,
        "443": 22,
        "453": 21,
        "222": 21,
        "159": 21,
        "148": 21,
        "437": 21,
        "441": 21,
        "434": 20,
        "203": 20,
        "457": 20,
        "156": 19,
        "201": 19,
        "200": 19,
        "157": 19,
        "146": 19,
        "154": 19,
        "220": 19,
        "430": 18,
        "151": 18,
        "425": 18,
        "432": 18,
        "221": 18,
        "426": 18,
        "206": 18,
        "214": 17,
        "204": 17,
        "138": 17,
        "202": 17,
        "158": 17,
        "210": 16,
        "428": 16,
        "207": 15,
        "225": 15,
        "215": 15,
        "205": 15,
        "433": 15,
        "224": 15,
        "424": 15,
        "211": 15,
        "217": 14,
        "208": 14,
        "218": 14,
        "219": 13,
        "236": 13,
        "429": 13,
        "240": 13,
        "213": 13,
        "421": 13,
        "243": 12,
        "245": 12,
        "246": 12,
        "336": 12,
        "234": 11,
        "423": 11,
        "231": 11,
        "420": 11,
        "422": 11,
        "438": 11,
        "311": 11,
        "252": 10,
        "356": 10,
        "305": 10,
        "418": 10,
        "248": 10,
        "226": 10,
        "417": 10,
        "308": 10,
        "216": 10,
        "239": 9,
        "427": 9,
        "303": 9,
        "212": 9,
        "416": 9,
        "332": 9,
        "237": 9,
        "227": 9,
        "244": 8,
        "229": 8,
        "223": 8,
        "258": 8,
        "232": 8,
        "233": 8,
        "400": 8,
        "228": 8,
        "333": 8,
        "306": 8,
        "310": 8,
        "408": 7,
        "251": 7,
        "415": 7,
        "348": 7,
        "339": 7,
        "259": 7,
        "334": 7,
        "320": 7,
        "247": 7,
        "257": 7,
        "304": 7,
        "318": 7,
        "403": 7,
        "342": 7,
        "330": 7,
        "409": 7,
        "412": 6,
        "313": 6,
        "241": 6,
        "312": 6,
        "357": 6,
        "253": 6,
        "300": 6,
        "329": 6,
        "401": 6,
        "413": 6,
        "331": 6,
        "309": 6,
        "402": 6,
        "326": 6,
        "235": 6,
        "411": 6,
        "230": 6,
        "340": 6,
        "345": 5,
        "351": 5,
        "406": 5,
        "407": 5,
        "327": 5,
        "414": 5,
        "343": 5,
        "324": 5,
        "301": 5,
        "322": 5,
        "335": 5,
        "325": 5,
        "302": 5,
        "347": 5,
        "410": 5,
        "419": 5,
        "307": 4,
        "404": 4,
        "321": 4,
        "405": 4,
        "242": 4,
        "250": 4,
        "319": 4,
        "238": 4,
        "314": 4,
        "315": 4,
        "323": 3,
        "352": 3,
        "249": 3,
        "255": 3,
        "337": 3,
        "353": 3,
        "316": 3,
        "355": 3,
        "317": 3,
        "254": 3,
        "349": 3,
        "358": 2,
        "328": 2,
        "346": 2,
        "354": 2,
        "338": 2,
        "350": 2,
        "341": 2,
        "256": 2,
        "344": 1,
        "359": 1
    },
    "nrows": 445827
}