{
    "column_id": "Airline/On_Time_On_Time_Performance_2016_1.csvOn_Time_On_Time_Performance_2016_1.csv/CarrierDelay",
    "dataset_name": "On_Time_On_Time_Performance_2016_1.csv",
    "dataset_id": "Airline/On_Time_On_Time_Performance_2016_1.csv",
    "path": "/home/ubuntu/CatDB/Experiments/data/Airline/On_Time_On_Time_Performance_2016_1.csv",
    "table_name": "On_Time_On_Time_Performance_2016_1.csv",
    "table_id": "Airline/On_Time_On_Time_Performance_2016_1.csvOn_Time_On_Time_Performance_2016_1.csv",
    "column_name": "CarrierDelay",
    "data_source": "Airline",
    "data_type": "int",
    "total_values_count": 445827,
    "distinct_values_count": 579,
    "missing_values_count": 374945,
    "true_ratio": null,
    "min_value": 0.0,
    "max_value": 1659.0,
    "mean": 20.921912474252984,
    "median": 2.0,
    "iqr": 20.0,
    "category_values": [
        0,
        63,
        26,
        7,
        5,
        1,
        31,
        335,
        24,
        27,
        93,
        44,
        6,
        36,
        10,
        264,
        4,
        38,
        62,
        17,
        2,
        41,
        45,
        19,
        3,
        64,
        16,
        18,
        30,
        1272,
        8,
        48,
        12,
        288,
        83,
        14,
        22,
        25,
        229,
        15,
        258,
        67,
        91,
        13,
        49,
        37,
        28,
        34,
        130,
        151,
        56,
        23,
        113,
        11,
        52,
        32,
        71,
        180,
        101,
        21,
        302,
        155,
        33,
        40,
        29,
        102,
        47,
        9,
        99,
        81,
        66,
        141,
        132,
        98,
        470,
        204,
        104,
        114,
        106,
        136,
        65,
        105,
        121,
        58,
        323,
        59,
        55,
        75,
        1107,
        39,
        85,
        142,
        60,
        46,
        882,
        72,
        61,
        782,
        35,
        77,
        70,
        128,
        107,
        42,
        525,
        275,
        57,
        197,
        74,
        54,
        122,
        84,
        20,
        117,
        123,
        698,
        43,
        97,
        100,
        848,
        231,
        76,
        88,
        108,
        82,
        51,
        404,
        221,
        80,
        186,
        53,
        112,
        95,
        87,
        50,
        219,
        261,
        339,
        250,
        271,
        68,
        138,
        86,
        158,
        133,
        230,
        111,
        364,
        131,
        79,
        194,
        69,
        347,
        134,
        356,
        201,
        175,
        487,
        200,
        380,
        218,
        118,
        212,
        253,
        78,
        137,
        181,
        298,
        152,
        363,
        115,
        125,
        148,
        92,
        170,
        179,
        94,
        358,
        581,
        341,
        306,
        389,
        235,
        109,
        184,
        982,
        103,
        73,
        89,
        213,
        263,
        161,
        160,
        208,
        248,
        195,
        167,
        243,
        254,
        140,
        351,
        90,
        159,
        371,
        266,
        119,
        147,
        168,
        418,
        290,
        176,
        1303,
        96,
        403,
        116,
        157,
        144,
        1441,
        514,
        285,
        245,
        280,
        1659,
        207,
        222,
        391,
        166,
        259,
        244,
        163,
        191,
        594,
        262,
        564,
        414,
        1078,
        502,
        124,
        445,
        316,
        164,
        182,
        135,
        192,
        238,
        146,
        270,
        139,
        440,
        178,
        472,
        1302,
        449,
        172,
        756,
        1568,
        1260,
        177,
        1416,
        276,
        691,
        333,
        317,
        174,
        281,
        439,
        202,
        799,
        1069,
        289,
        187,
        110,
        604,
        129,
        127,
        234,
        474,
        220,
        650,
        627,
        199,
        120,
        353,
        600,
        966,
        193,
        143,
        183,
        153,
        247,
        215,
        291,
        257,
        150,
        241,
        304,
        126,
        171,
        154,
        426,
        203,
        209,
        1543,
        145,
        236,
        251,
        196,
        162,
        297,
        169,
        492,
        366,
        390,
        267,
        198,
        240,
        480,
        156,
        348,
        513,
        552,
        149,
        173,
        210,
        214,
        303,
        292,
        225,
        165,
        242,
        233,
        226,
        205,
        567,
        223,
        482,
        342,
        735,
        295,
        216,
        260,
        301,
        232,
        188,
        917,
        1079,
        696,
        296,
        463,
        444,
        279,
        326,
        370,
        273,
        311,
        294,
        868,
        507,
        432,
        287,
        357,
        949,
        255,
        277,
        378,
        206,
        488,
        228,
        795,
        602,
        670,
        749,
        509,
        344,
        797,
        265,
        239,
        397,
        804,
        332,
        313,
        299,
        237,
        350,
        274,
        385,
        227,
        429,
        476,
        343,
        1041,
        537,
        185,
        283,
        417,
        613,
        315,
        324,
        396,
        338,
        896,
        224,
        190,
        312,
        249,
        217,
        544,
        365,
        349,
        863,
        307,
        1313,
        246,
        1149,
        491,
        478,
        558,
        401,
        911,
        398,
        388,
        409,
        309,
        400,
        519,
        867,
        523,
        412,
        550,
        374,
        546,
        284,
        979,
        256,
        666,
        462,
        384,
        410,
        305,
        989,
        490,
        938,
        549,
        424,
        1072,
        447,
        555,
        421,
        1093,
        1332,
        632,
        622,
        367,
        300,
        686,
        189,
        386,
        562,
        278,
        369,
        269,
        345,
        318,
        479,
        574,
        457,
        811,
        431,
        623,
        451,
        352,
        639,
        617,
        321,
        381,
        327,
        524,
        907,
        325,
        336,
        252,
        268,
        314,
        640,
        503,
        465,
        346,
        399,
        211,
        481,
        506,
        282,
        420,
        320,
        678,
        803,
        520,
        606,
        766,
        924,
        411,
        466,
        565,
        379,
        682,
        329,
        881,
        619,
        939,
        361,
        1170,
        359,
        841,
        644,
        425,
        486,
        501,
        308,
        611,
        719,
        407,
        415,
        475,
        334,
        330,
        310,
        392,
        560,
        827,
        382,
        337,
        770,
        823,
        588,
        499,
        758,
        322,
        328,
        460,
        591,
        817,
        436,
        443,
        286,
        776,
        293,
        522,
        450,
        272,
        1145,
        556,
        592,
        454,
        720,
        838,
        925,
        535,
        1236,
        340,
        631,
        1008,
        437,
        1191,
        1222,
        647,
        331,
        904,
        1125,
        954,
        534,
        405,
        847,
        1108,
        724,
        717,
        642,
        978,
        516,
        630
    ],
    "embedding": [
        -1.0,
        -1.0,
        -1.0,
        1.0,
        -1.0,
        1.0,
        -1.0,
        -1.0,
        -1.0,
        -1.0,
        1.0,
        -1.0,
        -1.0,
        1.0,
        1.0,
        1.0,
        1.0,
        -1.0,
        1.0,
        -1.0,
        1.0,
        -1.0,
        1.0,
        -1.0,
        1.0,
        -1.0,
        -1.0,
        1.0,
        -1.0,
        -1.0,
        1.0,
        1.0,
        -1.0,
        -1.0,
        -1.0,
        1.0,
        -1.0,
        1.0,
        1.0,
        -1.0,
        -1.0,
        1.0,
        -1.0,
        -1.0,
        -1.0,
        -1.0,
        1.0,
        -1.0,
        -1.0,
        -0.28281649947166443,
        -1.0,
        1.0,
        1.0,
        1.0,
        -1.0,
        1.0,
        1.0,
        1.0,
        -1.0,
        0.7970880270004272,
        -1.0,
        -1.0,
        1.0,
        -1.0,
        1.0,
        -1.0,
        1.0,
        -1.0,
        1.0,
        1.0,
        1.0,
        -1.0,
        -1.0,
        -1.0,
        -1.0,
        1.0,
        1.0,
        1.0,
        1.0,
        1.0,
        1.0,
        1.0,
        1.0,
        -1.0,
        -1.0,
        1.0,
        -1.0,
        1.0,
        1.0,
        1.0,
        -1.0,
        1.0,
        1.0,
        -1.0,
        1.0,
        -1.0,
        1.0,
        -1.0,
        -1.0,
        -1.0,
        -0.9176293611526489,
        -1.0,
        1.0,
        -1.0,
        -1.0,
        1.0,
        1.0,
        1.0,
        -1.0,
        -1.0,
        1.0,
        -1.0,
        -1.0,
        1.0,
        1.0,
        1.0,
        1.0,
        1.0,
        1.0,
        -1.0,
        -1.0,
        1.0,
        -1.0,
        -1.0,
        1.0,
        -1.0,
        -1.0,
        -0.9999999403953552,
        -1.0,
        1.0,
        -1.0,
        1.0,
        -1.0,
        -1.0,
        1.0,
        -1.0,
        -1.0,
        1.0,
        1.0,
        -1.0,
        1.0,
        1.0,
        1.0,
        -1.0,
        1.0,
        -1.0,
        1.0,
        -1.0,
        -1.0,
        -1.0,
        0.9999982714653015,
        -1.0,
        1.0,
        -1.0,
        1.0,
        -1.0,
        1.0,
        -1.0,
        1.0,
        -1.0,
        -1.0,
        1.0,
        -1.0,
        -1.0,
        1.0,
        -1.0,
        1.0,
        -1.0,
        -1.0,
        -1.0,
        -1.0,
        -1.0,
        1.0,
        1.0,
        -1.0,
        -1.0,
        1.0,
        -1.0,
        -1.0,
        -1.0,
        1.0,
        -1.0,
        -1.0,
        -1.0,
        1.0,
        -1.0,
        1.0,
        -1.0,
        -1.0,
        -1.0,
        1.0,
        1.0,
        1.0,
        1.0,
        -1.0,
        -1.0,
        1.0,
        -1.0,
        -1.0,
        1.0,
        -1.0,
        1.0,
        -1.0,
        -1.0,
        -1.0,
        -1.0,
        1.0,
        1.0,
        -1.0,
        -1.0,
        -1.0,
        1.0,
        -1.0,
        -1.0,
        -1.0,
        1.0,
        -1.0,
        1.0,
        -1.0,
        -1.0,
        1.0,
        -1.0,
        -1.0,
        1.0,
        -1.0,
        -0.2848511338233948,
        1.0,
        -1.0,
        -1.0,
        -1.0,
        1.0,
        -1.0,
        1.0,
        -1.0,
        -1.0,
        1.0,
        -1.0,
        1.0,
        1.0,
        -1.0,
        1.0,
        -0.2603563666343689,
        1.0,
        -1.0,
        1.0,
        1.0,
        -1.0,
        -1.0,
        -1.0,
        1.0,
        1.0,
        1.0,
        -1.0,
        -1.0,
        -1.0,
        1.0,
        1.0,
        -1.0,
        -1.0,
        -1.0,
        1.0,
        1.0,
        1.0,
        -1.0,
        1.0,
        -1.0,
        -1.0,
        -1.0,
        1.0,
        1.0,
        -0.9054964780807495,
        -1.0,
        -1.0,
        1.0,
        -1.0,
        1.0,
        1.0,
        1.0,
        1.0,
        1.0,
        1.0,
        -1.0,
        1.0,
        1.0,
        1.0,
        -1.0,
        -1.0,
        1.0,
        -1.0,
        -1.0,
        -1.0,
        1.0,
        -1.0,
        -1.0,
        -1.0,
        -1.0,
        -1.0,
        1.0,
        1.0,
        1.0
    ],
    "embedding_scaling_factor": 147.40167236328125,
    "samples": [
        8,
        0,
        30,
        16,
        10,
        163,
        5,
        0,
        0,
        0,
        0,
        77,
        7,
        0,
        0
    ],
    "category_values_ratio": {
        "0": 32994,
        "1": 1304,
        "2": 1286,
        "4": 1248,
        "3": 1248,
        "5": 1218,
        "6": 1201,
        "7": 1160,
        "8": 1135,
        "15": 1121,
        "16": 1042,
        "10": 1023,
        "9": 987,
        "17": 979,
        "11": 939,
        "12": 935,
        "18": 842,
        "19": 811,
        "13": 804,
        "20": 745,
        "14": 716,
        "21": 673,
        "22": 620,
        "23": 559,
        "24": 525,
        "25": 492,
        "27": 442,
        "26": 441,
        "28": 400,
        "29": 396,
        "30": 358,
        "31": 323,
        "34": 311,
        "33": 307,
        "32": 304,
        "35": 269,
        "37": 261,
        "36": 256,
        "38": 232,
        "39": 226,
        "40": 220,
        "41": 211,
        "42": 209,
        "44": 203,
        "46": 198,
        "45": 191,
        "43": 185,
        "47": 181,
        "48": 179,
        "51": 173,
        "49": 166,
        "50": 162,
        "52": 157,
        "60": 140,
        "53": 139,
        "55": 139,
        "54": 136,
        "57": 134,
        "61": 125,
        "56": 123,
        "58": 118,
        "65": 115,
        "62": 112,
        "66": 106,
        "71": 102,
        "63": 102,
        "59": 100,
        "72": 99,
        "79": 96,
        "67": 96,
        "70": 95,
        "64": 94,
        "68": 92,
        "75": 88,
        "73": 87,
        "78": 86,
        "77": 85,
        "69": 79,
        "84": 79,
        "86": 78,
        "83": 77,
        "81": 76,
        "74": 76,
        "76": 75,
        "80": 71,
        "85": 68,
        "82": 65,
        "87": 64,
        "91": 64,
        "92": 58,
        "99": 58,
        "103": 56,
        "100": 55,
        "101": 54,
        "93": 54,
        "88": 53,
        "105": 52,
        "90": 51,
        "95": 51,
        "96": 50,
        "106": 49,
        "104": 47,
        "102": 47,
        "113": 47,
        "97": 46,
        "89": 45,
        "94": 44,
        "112": 43,
        "98": 42,
        "130": 42,
        "111": 40,
        "110": 40,
        "118": 39,
        "117": 37,
        "121": 36,
        "119": 36,
        "109": 36,
        "115": 36,
        "137": 35,
        "108": 35,
        "107": 33,
        "120": 33,
        "134": 33,
        "116": 33,
        "136": 32,
        "131": 32,
        "132": 31,
        "140": 30,
        "124": 30,
        "123": 30,
        "135": 29,
        "114": 28,
        "125": 27,
        "128": 26,
        "142": 26,
        "127": 25,
        "146": 24,
        "145": 24,
        "147": 23,
        "129": 23,
        "138": 23,
        "139": 22,
        "122": 22,
        "148": 22,
        "126": 21,
        "141": 21,
        "133": 20,
        "163": 20,
        "152": 20,
        "195": 19,
        "144": 19,
        "153": 19,
        "172": 18,
        "166": 18,
        "169": 18,
        "155": 18,
        "158": 18,
        "151": 17,
        "161": 17,
        "157": 17,
        "164": 17,
        "184": 17,
        "149": 17,
        "154": 17,
        "150": 17,
        "176": 16,
        "160": 16,
        "171": 16,
        "162": 15,
        "143": 15,
        "170": 15,
        "193": 14,
        "159": 14,
        "174": 14,
        "156": 14,
        "173": 14,
        "177": 14,
        "180": 13,
        "191": 13,
        "167": 13,
        "168": 13,
        "200": 12,
        "179": 12,
        "192": 12,
        "182": 12,
        "201": 11,
        "165": 11,
        "187": 11,
        "245": 11,
        "181": 11,
        "238": 10,
        "194": 10,
        "210": 10,
        "197": 10,
        "196": 10,
        "218": 10,
        "208": 10,
        "183": 10,
        "178": 10,
        "186": 10,
        "190": 10,
        "206": 10,
        "247": 9,
        "253": 9,
        "231": 9,
        "232": 8,
        "198": 8,
        "243": 8,
        "234": 8,
        "215": 8,
        "219": 8,
        "235": 8,
        "203": 8,
        "209": 7,
        "250": 7,
        "188": 7,
        "175": 7,
        "237": 7,
        "204": 7,
        "305": 7,
        "255": 7,
        "214": 7,
        "207": 7,
        "288": 7,
        "233": 7,
        "291": 7,
        "294": 6,
        "213": 6,
        "205": 6,
        "283": 6,
        "285": 6,
        "225": 6,
        "229": 6,
        "258": 6,
        "356": 6,
        "185": 6,
        "230": 6,
        "341": 6,
        "261": 6,
        "309": 6,
        "221": 6,
        "212": 6,
        "226": 6,
        "189": 5,
        "277": 5,
        "391": 5,
        "248": 5,
        "290": 5,
        "262": 5,
        "280": 5,
        "298": 5,
        "266": 5,
        "236": 5,
        "260": 5,
        "257": 5,
        "239": 5,
        "227": 5,
        "295": 5,
        "216": 5,
        "324": 5,
        "220": 5,
        "265": 5,
        "264": 5,
        "271": 5,
        "223": 4,
        "364": 4,
        "269": 4,
        "289": 4,
        "398": 4,
        "284": 4,
        "276": 4,
        "317": 4,
        "202": 4,
        "222": 4,
        "254": 4,
        "358": 4,
        "199": 4,
        "426": 4,
        "306": 4,
        "240": 4,
        "217": 4,
        "249": 4,
        "287": 4,
        "228": 4,
        "244": 4,
        "263": 4,
        "302": 4,
        "335": 3,
        "313": 3,
        "421": 3,
        "474": 3,
        "268": 3,
        "241": 3,
        "449": 3,
        "275": 3,
        "338": 3,
        "224": 3,
        "445": 3,
        "278": 3,
        "378": 3,
        "256": 3,
        "349": 3,
        "312": 3,
        "267": 3,
        "418": 3,
        "350": 3,
        "300": 3,
        "281": 3,
        "400": 3,
        "303": 3,
        "347": 3,
        "758": 3,
        "397": 3,
        "296": 3,
        "246": 3,
        "292": 3,
        "417": 3,
        "506": 3,
        "301": 3,
        "242": 3,
        "336": 3,
        "297": 2,
        "363": 2,
        "698": 2,
        "304": 2,
        "502": 2,
        "259": 2,
        "782": 2,
        "251": 2,
        "323": 2,
        "882": 2,
        "564": 2,
        "594": 2,
        "492": 2,
        "293": 2,
        "776": 2,
        "286": 2,
        "581": 2,
        "380": 2,
        "848": 2,
        "322": 2,
        "487": 2,
        "370": 2,
        "460": 2,
        "342": 2,
        "389": 2,
        "333": 2,
        "463": 2,
        "279": 2,
        "326": 2,
        "311": 2,
        "270": 2,
        "507": 2,
        "371": 2,
        "273": 2,
        "470": 2,
        "348": 2,
        "838": 2,
        "357": 2,
        "252": 2,
        "917": 2,
        "282": 2,
        "420": 2,
        "321": 2,
        "465": 2,
        "388": 2,
        "344": 2,
        "310": 2,
        "797": 2,
        "795": 2,
        "379": 2,
        "332": 2,
        "560": 2,
        "490": 2,
        "327": 2,
        "314": 2,
        "602": 2,
        "384": 2,
        "558": 2,
        "352": 2,
        "617": 2,
        "491": 2,
        "386": 2,
        "867": 2,
        "451": 2,
        "365": 2,
        "274": 2,
        "308": 2,
        "412": 2,
        "385": 2,
        "343": 2,
        "924": 2,
        "211": 2,
        "318": 2,
        "396": 2,
        "320": 2,
        "896": 2,
        "369": 2,
        "562": 2,
        "410": 2,
        "345": 2,
        "1416": 1,
        "1078": 1,
        "316": 1,
        "440": 1,
        "472": 1,
        "1302": 1,
        "756": 1,
        "1568": 1,
        "1260": 1,
        "938": 1,
        "691": 1,
        "439": 1,
        "799": 1,
        "1069": 1,
        "488": 1,
        "670": 1,
        "749": 1,
        "462": 1,
        "1659": 1,
        "414": 1,
        "567": 1,
        "514": 1,
        "1441": 1,
        "907": 1,
        "1272": 1,
        "424": 1,
        "482": 1,
        "735": 1,
        "1079": 1,
        "696": 1,
        "444": 1,
        "868": 1,
        "432": 1,
        "949": 1,
        "627": 1,
        "650": 1,
        "339": 1,
        "604": 1,
        "351": 1,
        "1303": 1,
        "403": 1,
        "982": 1,
        "549": 1,
        "989": 1,
        "1072": 1,
        "447": 1,
        "476": 1,
        "1041": 1,
        "613": 1,
        "315": 1,
        "544": 1,
        "863": 1,
        "307": 1,
        "1313": 1,
        "1149": 1,
        "478": 1,
        "401": 1,
        "911": 1,
        "409": 1,
        "519": 1,
        "523": 1,
        "550": 1,
        "374": 1,
        "546": 1,
        "480": 1,
        "429": 1,
        "299": 1,
        "804": 1,
        "574": 1,
        "555": 1,
        "1093": 1,
        "1332": 1,
        "632": 1,
        "622": 1,
        "367": 1,
        "686": 1,
        "479": 1,
        "457": 1,
        "979": 1,
        "811": 1,
        "431": 1,
        "623": 1,
        "639": 1,
        "381": 1,
        "524": 1,
        "666": 1,
        "509": 1,
        "552": 1,
        "330": 1,
        "390": 1,
        "436": 1,
        "847": 1,
        "399": 1,
        "717": 1,
        "724": 1,
        "503": 1,
        "954": 1,
        "640": 1,
        "534": 1,
        "405": 1,
        "481": 1,
        "770": 1,
        "631": 1,
        "329": 1,
        "450": 1,
        "522": 1,
        "407": 1,
        "415": 1,
        "475": 1,
        "334": 1,
        "642": 1,
        "978": 1,
        "1125": 1,
        "1222": 1,
        "682": 1,
        "411": 1,
        "520": 1,
        "346": 1,
        "606": 1,
        "516": 1,
        "766": 1,
        "647": 1,
        "466": 1,
        "1108": 1,
        "803": 1,
        "565": 1,
        "1191": 1,
        "437": 1,
        "1008": 1,
        "331": 1,
        "904": 1,
        "678": 1,
        "443": 1,
        "817": 1,
        "366": 1,
        "591": 1,
        "454": 1,
        "841": 1,
        "644": 1,
        "592": 1,
        "425": 1,
        "556": 1,
        "486": 1,
        "1145": 1,
        "720": 1,
        "537": 1,
        "325": 1,
        "513": 1,
        "353": 1,
        "600": 1,
        "966": 1,
        "404": 1,
        "525": 1,
        "1543": 1,
        "1107": 1,
        "501": 1,
        "359": 1,
        "1170": 1,
        "272": 1,
        "328": 1,
        "392": 1,
        "499": 1,
        "827": 1,
        "382": 1,
        "588": 1,
        "337": 1,
        "823": 1,
        "719": 1,
        "535": 1,
        "611": 1,
        "925": 1,
        "340": 1,
        "881": 1,
        "619": 1,
        "939": 1,
        "1236": 1,
        "361": 1,
        "630": 1
    },
    "nrows": 445827
}