{
    "column_id": "Airline/On_Time_On_Time_Performance_2016_1.csvOn_Time_On_Time_Performance_2016_1.csv/ActualElapsedTime",
    "dataset_name": "On_Time_On_Time_Performance_2016_1.csv",
    "dataset_id": "Airline/On_Time_On_Time_Performance_2016_1.csv",
    "path": "/home/ubuntu/CatDB/Experiments/data/Airline/On_Time_On_Time_Performance_2016_1.csv",
    "table_name": "On_Time_On_Time_Performance_2016_1.csv",
    "table_id": "Airline/On_Time_On_Time_Performance_2016_1.csvOn_Time_On_Time_Performance_2016_1.csv",
    "column_name": "ActualElapsedTime",
    "data_source": "Airline",
    "data_type": "int",
    "total_values_count": 445827,
    "distinct_values_count": 637,
    "missing_values_count": 12529,
    "true_ratio": null,
    "min_value": 15.0,
    "max_value": 721.0,
    "mean": 140.13520025479,
    "median": 122.0,
    "iqr": 88.0,
    "category_values": [
        155,
        150,
        170,
        151,
        171,
        148,
        159,
        156,
        158,
        147,
        162,
        161,
        168,
        145,
        143,
        173,
        157,
        152,
        197,
        169,
        180,
        166,
        187,
        174,
        183,
        164,
        178,
        167,
        191,
        201,
        203,
        181,
        176,
        193,
        329,
        336,
        304,
        314,
        316,
        315,
        318,
        326,
        333,
        360,
        310,
        302,
        300,
        312,
        298,
        309,
        306,
        308,
        299,
        366,
        377,
        410,
        376,
        358,
        355,
        357,
        344,
        356,
        353,
        388,
        408,
        404,
        396,
        387,
        373,
        389,
        380,
        365,
        386,
        382,
        378,
        362,
        246,
        270,
        248,
        261,
        260,
        271,
        254,
        262,
        267,
        258,
        290,
        275,
        274,
        273,
        285,
        284,
        281,
        264,
        253,
        255,
        266,
        277,
        286,
        136,
        133,
        129,
        128,
        139,
        127,
        146,
        137,
        125,
        142,
        131,
        141,
        134,
        149,
        140,
        153,
        111,
        91,
        97,
        110,
        106,
        105,
        108,
        98,
        101,
        120,
        93,
        116,
        102,
        114,
        115,
        96,
        99,
        92,
        86,
        100,
        95,
        109,
        89,
        88,
        87,
        80,
        90,
        317,
        292,
        282,
        288,
        293,
        291,
        289,
        272,
        144,
        154,
        177,
        184,
        165,
        172,
        160,
        179,
        186,
        175,
        190,
        213,
        227,
        207,
        233,
        232,
        225,
        251,
        242,
        236,
        224,
        221,
        208,
        219,
        247,
        226,
        217,
        235,
        228,
        279,
        243,
        268,
        269,
        283,
        276,
        280,
        294,
        263,
        278,
        322,
        372,
        354,
        325,
        287,
        313,
        319,
        307,
        321,
        348,
        363,
        393,
        359,
        367,
        384,
        351,
        350,
        352,
        364,
        361,
        189,
        194,
        211,
        200,
        196,
        198,
        204,
        185,
        138,
        210,
        188,
        192,
        182,
        212,
        163,
        223,
        195,
        216,
        202,
        218,
        199,
        231,
        206,
        209,
        222,
        234,
        238,
        245,
        239,
        327,
        334,
        301,
        335,
        323,
        311,
        420,
        331,
        324,
        345,
        342,
        347,
        338,
        349,
        340,
        64,
        78,
        75,
        67,
        85,
        77,
        65,
        81,
        69,
        74,
        70,
        62,
        72,
        71,
        68,
        79,
        126,
        73,
        82,
        76,
        84,
        63,
        83,
        66,
        240,
        130,
        135,
        117,
        123,
        256,
        241,
        297,
        118,
        121,
        119,
        122,
        54,
        94,
        214,
        205,
        259,
        339,
        320,
        330,
        343,
        103,
        419,
        229,
        215,
        303,
        305,
        107,
        112,
        296,
        295,
        332,
        341,
        374,
        368,
        379,
        265,
        369,
        250,
        257,
        252,
        249,
        244,
        57,
        56,
        61,
        104,
        415,
        381,
        392,
        370,
        416,
        371,
        402,
        390,
        407,
        398,
        391,
        337,
        383,
        400,
        328,
        529,
        537,
        525,
        550,
        548,
        526,
        514,
        528,
        552,
        532,
        534,
        544,
        531,
        560,
        509,
        500,
        488,
        510,
        511,
        535,
        60,
        51,
        53,
        397,
        375,
        425,
        421,
        403,
        394,
        405,
        414,
        406,
        424,
        449,
        413,
        512,
        530,
        562,
        522,
        501,
        546,
        549,
        517,
        503,
        516,
        543,
        524,
        527,
        576,
        557,
        518,
        481,
        490,
        508,
        411,
        434,
        431,
        442,
        448,
        426,
        432,
        429,
        418,
        451,
        445,
        460,
        433,
        401,
        423,
        399,
        385,
        417,
        412,
        422,
        409,
        395,
        230,
        220,
        346,
        237,
        461,
        113,
        132,
        58,
        124,
        430,
        59,
        435,
        52,
        49,
        55,
        443,
        444,
        436,
        439,
        441,
        440,
        50,
        542,
        555,
        591,
        554,
        504,
        523,
        541,
        545,
        575,
        521,
        44,
        45,
        48,
        46,
        47,
        427,
        428,
        43,
        41,
        493,
        456,
        42,
        459,
        455,
        468,
        454,
        472,
        467,
        477,
        458,
        453,
        484,
        487,
        39,
        457,
        450,
        438,
        38,
        437,
        446,
        466,
        40,
        33,
        36,
        37,
        22,
        30,
        19,
        447,
        479,
        35,
        26,
        20,
        32,
        34,
        15,
        23,
        31,
        18,
        24,
        21,
        17,
        29,
        28,
        25,
        27,
        464,
        608,
        665,
        485,
        601,
        685,
        547,
        539,
        587,
        568,
        559,
        572,
        638,
        515,
        669,
        652,
        565,
        519,
        677,
        495,
        571,
        578,
        645,
        536,
        497,
        593,
        664,
        476,
        569,
        659,
        489,
        592,
        496,
        563,
        662,
        480,
        558,
        469,
        507,
        473,
        465,
        656,
        567,
        502,
        595,
        538,
        683,
        701,
        680,
        686,
        684,
        655,
        692,
        661,
        706,
        717,
        720,
        700,
        679,
        721,
        698,
        716,
        691,
        697,
        702,
        695,
        649,
        678,
        671,
        707,
        689,
        474,
        463,
        709,
        570,
        675,
        564,
        670,
        520,
        573,
        470,
        486,
        478,
        574,
        696,
        475,
        693,
        551,
        648,
        624,
        492,
        673,
        657,
        556,
        471,
        585,
        491,
        640,
        628,
        582,
        553,
        639,
        647,
        625,
        561,
        589,
        650,
        641,
        632,
        584,
        483,
        482,
        600,
        566,
        622,
        618,
        583,
        627,
        690,
        626,
        581,
        637,
        505,
        621,
        617,
        616,
        612,
        598,
        494,
        579,
        499,
        603,
        596,
        586
    ],
    "embedding": [
        -1.0,
        -1.0,
        -1.0,
        1.0,
        -1.0,
        1.0,
        -1.0,
        -1.0,
        -0.9999657273292542,
        -1.0,
        1.0,
        -1.0,
        -1.0,
        1.0,
        1.0,
        1.0,
        1.0,
        -1.0,
        1.0,
        -1.0,
        1.0,
        -1.0,
        1.0,
        -1.0,
        1.0,
        -1.0,
        -1.0,
        1.0,
        -1.0,
        -1.0,
        1.0,
        1.0,
        -1.0,
        -1.0,
        -1.0,
        1.0,
        -1.0,
        1.0,
        1.0,
        -1.0,
        -1.0,
        1.0,
        -1.0,
        -1.0,
        -1.0,
        -1.0,
        1.0,
        -1.0,
        -0.9999540448188782,
        -0.9943912029266357,
        -1.0,
        1.0,
        1.0,
        1.0,
        -1.0,
        1.0,
        1.0,
        1.0,
        -1.0,
        0.9996404051780701,
        -1.0,
        -1.0,
        1.0,
        -1.0,
        1.0,
        -1.0,
        1.0,
        -1.0,
        1.0,
        1.0,
        1.0,
        -1.0,
        -1.0,
        -1.0,
        -1.0,
        1.0,
        1.0,
        1.0,
        1.0,
        1.0,
        1.0,
        1.0,
        1.0,
        -1.0,
        -1.0,
        1.0,
        -1.0,
        1.0,
        1.0,
        1.0,
        -1.0,
        1.0,
        1.0,
        -1.0,
        1.0,
        -1.0,
        1.0,
        -1.0,
        -1.0,
        -1.0,
        -0.999732255935669,
        -1.0,
        1.0,
        -1.0,
        -1.0,
        1.0,
        1.0,
        1.0,
        -1.0,
        -1.0,
        1.0,
        -1.0,
        -1.0,
        1.0,
        1.0,
        1.0,
        1.0,
        1.0,
        1.0,
        -1.0,
        -1.0,
        1.0,
        -1.0,
        -1.0,
        1.0,
        -1.0,
        -1.0,
        -0.9997271299362183,
        -1.0,
        1.0,
        -1.0,
        1.0,
        -1.0,
        -1.0,
        1.0,
        -1.0,
        -1.0,
        1.0,
        1.0,
        -1.0,
        1.0,
        1.0,
        1.0,
        -1.0,
        1.0,
        -1.0,
        1.0,
        -1.0,
        -1.0,
        -1.0,
        0.998561680316925,
        -1.0,
        1.0,
        -1.0,
        1.0,
        -1.0,
        1.0,
        -1.0,
        1.0,
        -1.0,
        -1.0,
        1.0,
        -1.0,
        -1.0,
        1.0,
        -1.0,
        1.0,
        -1.0,
        -1.0,
        -1.0,
        -1.0,
        -1.0,
        1.0,
        1.0,
        -1.0,
        -1.0,
        1.0,
        -1.0,
        -1.0,
        -1.0,
        1.0,
        -1.0,
        -1.0,
        -1.0,
        1.0,
        -1.0,
        1.0,
        -1.0,
        -1.0,
        -1.0,
        1.0,
        1.0,
        1.0,
        1.0,
        -1.0,
        -1.0,
        1.0,
        -1.0,
        -1.0,
        1.0,
        -1.0,
        1.0,
        -1.0,
        -1.0,
        -1.0,
        -1.0,
        1.0,
        1.0,
        -1.0,
        -1.0,
        -1.0,
        1.0,
        -1.0,
        -1.0,
        -1.0,
        1.0,
        -1.0,
        1.0,
        -1.0,
        -1.0,
        1.0,
        -1.0,
        -1.0,
        1.0,
        -0.9999708533287048,
        -0.9948640465736389,
        1.0,
        -1.0,
        -1.0,
        -1.0,
        1.0,
        -1.0,
        1.0,
        -1.0,
        -1.0,
        1.0,
        -1.0,
        1.0,
        1.0,
        -0.9999931454658508,
        1.0,
        -0.9961857795715332,
        1.0,
        -1.0,
        1.0,
        1.0,
        -1.0,
        -1.0,
        -1.0,
        1.0,
        1.0,
        1.0,
        -1.0,
        -1.0,
        -1.0,
        1.0,
        1.0,
        -1.0,
        -1.0,
        -1.0,
        1.0,
        1.0,
        1.0,
        -1.0,
        1.0,
        -1.0,
        -1.0,
        -1.0,
        1.0,
        1.0,
        -0.9997853636741638,
        -1.0,
        -1.0,
        1.0,
        -1.0,
        1.0,
        1.0,
        1.0,
        1.0,
        1.0,
        1.0,
        -1.0,
        1.0,
        1.0,
        1.0,
        -1.0,
        -1.0,
        1.0,
        -1.0,
        -1.0,
        -1.0,
        1.0,
        -1.0,
        -1.0,
        -1.0,
        -1.0,
        -1.0,
        1.0,
        1.0,
        1.0
    ],
    "embedding_scaling_factor": 75.2160873413086,
    "samples": [
        66,
        297,
        65,
        106,
        171,
        86,
        154,
        96,
        85,
        93,
        140,
        119,
        308,
        265,
        90,
        122,
        82,
        70,
        208,
        109,
        117,
        85,
        93,
        115,
        144,
        107,
        59,
        105,
        39,
        176,
        34,
        160,
        127,
        85,
        108,
        83,
        160,
        126,
        64,
        80,
        108,
        64,
        121,
        117,
        86,
        109,
        110,
        45,
        202,
        173,
        258,
        216,
        108,
        145,
        123,
        80,
        150,
        72,
        61,
        157,
        176,
        165,
        189,
        130,
        336,
        55,
        185,
        88,
        90,
        173,
        179,
        95,
        99,
        212,
        113,
        67,
        72,
        91,
        65,
        137,
        176,
        312,
        121,
        161,
        82,
        99,
        66,
        382,
        61,
        97,
        72,
        191,
        143,
        168,
        242,
        144,
        98
    ],
    "category_values_ratio": {
        "81": 3463,
        "80": 3396,
        "77": 3381,
        "79": 3373,
        "78": 3334,
        "76": 3329,
        "83": 3299,
        "74": 3232,
        "75": 3212,
        "82": 3207,
        "86": 3183,
        "72": 3141,
        "84": 3140,
        "85": 3130,
        "73": 3112,
        "87": 3111,
        "70": 3106,
        "71": 3100,
        "90": 3086,
        "88": 3063,
        "107": 3022,
        "106": 3012,
        "69": 2998,
        "103": 2993,
        "92": 2983,
        "89": 2975,
        "108": 2971,
        "109": 2971,
        "104": 2959,
        "101": 2953,
        "68": 2953,
        "93": 2952,
        "102": 2950,
        "111": 2939,
        "105": 2937,
        "100": 2937,
        "91": 2936,
        "99": 2935,
        "94": 2917,
        "95": 2884,
        "110": 2882,
        "97": 2881,
        "66": 2879,
        "96": 2861,
        "65": 2860,
        "98": 2831,
        "67": 2823,
        "113": 2812,
        "114": 2791,
        "112": 2775,
        "64": 2771,
        "62": 2713,
        "115": 2713,
        "63": 2695,
        "61": 2666,
        "116": 2633,
        "117": 2608,
        "118": 2580,
        "119": 2483,
        "122": 2475,
        "120": 2468,
        "60": 2466,
        "121": 2447,
        "124": 2437,
        "123": 2432,
        "59": 2373,
        "127": 2364,
        "132": 2357,
        "144": 2344,
        "148": 2325,
        "140": 2319,
        "134": 2308,
        "142": 2299,
        "143": 2294,
        "131": 2293,
        "125": 2288,
        "133": 2284,
        "138": 2284,
        "58": 2282,
        "126": 2273,
        "149": 2272,
        "135": 2269,
        "147": 2258,
        "130": 2252,
        "128": 2249,
        "150": 2245,
        "136": 2242,
        "151": 2239,
        "141": 2239,
        "129": 2236,
        "137": 2228,
        "139": 2227,
        "146": 2219,
        "152": 2208,
        "57": 2175,
        "154": 2175,
        "145": 2172,
        "153": 2139,
        "156": 2133,
        "160": 2095,
        "158": 2048,
        "157": 2041,
        "155": 2040,
        "56": 2037,
        "159": 2021,
        "162": 1969,
        "55": 1925,
        "161": 1917,
        "166": 1874,
        "164": 1867,
        "165": 1852,
        "54": 1847,
        "163": 1826,
        "167": 1743,
        "53": 1702,
        "168": 1685,
        "171": 1668,
        "169": 1666,
        "52": 1600,
        "170": 1596,
        "172": 1553,
        "173": 1543,
        "174": 1514,
        "51": 1454,
        "175": 1435,
        "177": 1424,
        "178": 1387,
        "176": 1377,
        "50": 1343,
        "179": 1332,
        "49": 1326,
        "180": 1307,
        "182": 1287,
        "185": 1251,
        "184": 1247,
        "181": 1225,
        "186": 1224,
        "189": 1203,
        "183": 1182,
        "48": 1173,
        "187": 1166,
        "190": 1147,
        "47": 1142,
        "188": 1121,
        "194": 1119,
        "192": 1111,
        "193": 1090,
        "46": 1079,
        "191": 1051,
        "195": 1043,
        "196": 1033,
        "45": 1018,
        "200": 1002,
        "198": 1000,
        "197": 998,
        "199": 977,
        "202": 932,
        "203": 907,
        "201": 888,
        "205": 866,
        "206": 863,
        "44": 856,
        "207": 850,
        "204": 840,
        "211": 832,
        "208": 832,
        "209": 815,
        "210": 807,
        "218": 806,
        "213": 805,
        "215": 803,
        "212": 782,
        "214": 778,
        "220": 771,
        "216": 770,
        "43": 763,
        "222": 761,
        "219": 757,
        "224": 749,
        "217": 740,
        "230": 735,
        "225": 733,
        "223": 725,
        "227": 715,
        "232": 711,
        "221": 708,
        "42": 697,
        "233": 693,
        "234": 693,
        "229": 690,
        "228": 683,
        "231": 680,
        "226": 677,
        "237": 674,
        "235": 656,
        "238": 651,
        "41": 641,
        "242": 636,
        "241": 631,
        "240": 611,
        "236": 597,
        "239": 595,
        "243": 593,
        "244": 591,
        "246": 590,
        "250": 585,
        "249": 565,
        "245": 564,
        "40": 555,
        "252": 549,
        "248": 541,
        "247": 535,
        "256": 532,
        "251": 530,
        "39": 526,
        "253": 511,
        "257": 508,
        "37": 497,
        "38": 492,
        "259": 481,
        "255": 481,
        "260": 481,
        "264": 481,
        "254": 478,
        "261": 474,
        "262": 468,
        "265": 461,
        "258": 456,
        "263": 425,
        "36": 421,
        "270": 406,
        "266": 397,
        "272": 382,
        "267": 381,
        "269": 379,
        "275": 373,
        "271": 369,
        "35": 363,
        "268": 358,
        "276": 357,
        "283": 352,
        "282": 350,
        "273": 350,
        "279": 348,
        "284": 346,
        "277": 342,
        "285": 340,
        "280": 338,
        "278": 336,
        "317": 335,
        "312": 334,
        "288": 333,
        "281": 326,
        "290": 325,
        "286": 325,
        "274": 324,
        "287": 324,
        "295": 321,
        "306": 320,
        "297": 319,
        "305": 319,
        "321": 316,
        "315": 314,
        "310": 314,
        "302": 312,
        "291": 311,
        "320": 311,
        "293": 310,
        "294": 309,
        "307": 307,
        "324": 306,
        "299": 303,
        "309": 302,
        "289": 301,
        "303": 300,
        "296": 297,
        "308": 295,
        "314": 294,
        "300": 290,
        "304": 290,
        "316": 285,
        "311": 281,
        "301": 280,
        "298": 278,
        "292": 278,
        "327": 277,
        "34": 277,
        "313": 271,
        "318": 270,
        "323": 269,
        "319": 268,
        "329": 265,
        "326": 259,
        "322": 256,
        "33": 256,
        "325": 248,
        "335": 246,
        "332": 241,
        "331": 238,
        "333": 237,
        "330": 237,
        "336": 232,
        "340": 228,
        "328": 225,
        "334": 225,
        "338": 215,
        "359": 211,
        "355": 202,
        "341": 202,
        "360": 196,
        "354": 195,
        "343": 194,
        "342": 193,
        "32": 193,
        "345": 193,
        "350": 192,
        "339": 190,
        "358": 189,
        "363": 188,
        "346": 187,
        "337": 187,
        "348": 187,
        "356": 184,
        "352": 182,
        "364": 181,
        "351": 180,
        "344": 180,
        "357": 178,
        "347": 177,
        "371": 171,
        "353": 171,
        "362": 170,
        "349": 170,
        "373": 169,
        "365": 161,
        "361": 159,
        "367": 157,
        "379": 154,
        "366": 150,
        "370": 149,
        "368": 147,
        "369": 144,
        "375": 143,
        "372": 141,
        "376": 139,
        "378": 138,
        "377": 133,
        "31": 131,
        "374": 131,
        "380": 117,
        "384": 111,
        "382": 109,
        "381": 103,
        "386": 103,
        "383": 101,
        "30": 101,
        "388": 97,
        "389": 97,
        "385": 96,
        "387": 89,
        "396": 85,
        "390": 79,
        "392": 79,
        "393": 75,
        "391": 72,
        "395": 69,
        "394": 64,
        "404": 58,
        "398": 55,
        "406": 53,
        "397": 53,
        "400": 52,
        "402": 46,
        "409": 44,
        "399": 43,
        "407": 43,
        "405": 40,
        "29": 40,
        "403": 40,
        "401": 39,
        "408": 36,
        "410": 35,
        "411": 32,
        "416": 31,
        "28": 30,
        "418": 28,
        "412": 28,
        "424": 26,
        "414": 25,
        "415": 24,
        "417": 24,
        "419": 23,
        "413": 21,
        "421": 20,
        "27": 20,
        "425": 19,
        "423": 18,
        "428": 17,
        "427": 15,
        "26": 15,
        "433": 15,
        "432": 15,
        "420": 15,
        "431": 15,
        "445": 13,
        "422": 13,
        "455": 12,
        "442": 12,
        "457": 11,
        "430": 11,
        "458": 11,
        "441": 10,
        "429": 10,
        "440": 10,
        "467": 10,
        "435": 10,
        "25": 10,
        "434": 10,
        "529": 9,
        "464": 9,
        "426": 9,
        "436": 9,
        "23": 8,
        "24": 8,
        "22": 8,
        "518": 8,
        "444": 8,
        "486": 7,
        "526": 7,
        "20": 7,
        "528": 7,
        "447": 7,
        "437": 6,
        "439": 6,
        "460": 6,
        "443": 6,
        "576": 6,
        "461": 6,
        "490": 6,
        "557": 6,
        "537": 6,
        "446": 6,
        "479": 6,
        "454": 6,
        "463": 6,
        "468": 6,
        "456": 6,
        "438": 6,
        "448": 6,
        "472": 6,
        "539": 6,
        "459": 5,
        "451": 5,
        "541": 5,
        "571": 5,
        "548": 5,
        "545": 5,
        "514": 5,
        "503": 5,
        "488": 5,
        "530": 5,
        "466": 5,
        "473": 5,
        "510": 5,
        "453": 5,
        "565": 4,
        "524": 4,
        "450": 4,
        "525": 4,
        "552": 4,
        "487": 4,
        "550": 4,
        "521": 4,
        "500": 4,
        "17": 4,
        "534": 4,
        "517": 4,
        "470": 4,
        "19": 4,
        "575": 4,
        "551": 4,
        "563": 4,
        "549": 4,
        "511": 4,
        "496": 4,
        "527": 4,
        "501": 4,
        "449": 4,
        "562": 4,
        "546": 3,
        "587": 3,
        "508": 3,
        "484": 3,
        "555": 3,
        "584": 3,
        "543": 3,
        "21": 3,
        "560": 3,
        "512": 3,
        "531": 3,
        "522": 3,
        "481": 3,
        "485": 3,
        "567": 3,
        "601": 3,
        "538": 3,
        "535": 3,
        "465": 3,
        "554": 3,
        "652": 3,
        "558": 3,
        "536": 3,
        "618": 3,
        "509": 3,
        "572": 3,
        "475": 3,
        "519": 3,
        "493": 3,
        "570": 3,
        "523": 3,
        "520": 3,
        "476": 3,
        "480": 3,
        "569": 3,
        "489": 2,
        "659": 2,
        "532": 2,
        "504": 2,
        "656": 2,
        "516": 2,
        "507": 2,
        "515": 2,
        "477": 2,
        "692": 2,
        "495": 2,
        "542": 2,
        "638": 2,
        "559": 2,
        "469": 2,
        "578": 2,
        "645": 2,
        "568": 2,
        "701": 2,
        "547": 2,
        "544": 2,
        "502": 2,
        "683": 2,
        "492": 2,
        "673": 2,
        "664": 2,
        "648": 2,
        "556": 2,
        "640": 2,
        "697": 2,
        "600": 2,
        "691": 2,
        "655": 2,
        "649": 2,
        "700": 2,
        "474": 2,
        "566": 2,
        "720": 2,
        "695": 2,
        "678": 2,
        "564": 2,
        "622": 2,
        "553": 2,
        "491": 2,
        "693": 2,
        "617": 2,
        "478": 2,
        "483": 2,
        "573": 2,
        "499": 2,
        "625": 2,
        "595": 1,
        "662": 1,
        "689": 1,
        "707": 1,
        "671": 1,
        "702": 1,
        "717": 1,
        "716": 1,
        "698": 1,
        "721": 1,
        "679": 1,
        "706": 1,
        "628": 1,
        "709": 1,
        "585": 1,
        "675": 1,
        "670": 1,
        "593": 1,
        "497": 1,
        "574": 1,
        "696": 1,
        "677": 1,
        "669": 1,
        "624": 1,
        "686": 1,
        "471": 1,
        "680": 1,
        "685": 1,
        "665": 1,
        "661": 1,
        "612": 1,
        "592": 1,
        "596": 1,
        "647": 1,
        "18": 1,
        "561": 1,
        "589": 1,
        "482": 1,
        "650": 1,
        "15": 1,
        "632": 1,
        "641": 1,
        "684": 1,
        "583": 1,
        "591": 1,
        "616": 1,
        "603": 1,
        "582": 1,
        "579": 1,
        "494": 1,
        "598": 1,
        "621": 1,
        "608": 1,
        "505": 1,
        "637": 1,
        "581": 1,
        "626": 1,
        "690": 1,
        "627": 1,
        "639": 1,
        "657": 1,
        "586": 1
    },
    "nrows": 445827
}