{
    "column_id": "Airline/On_Time_On_Time_Performance_2016_1.csvOn_Time_On_Time_Performance_2016_1.csv/CRSElapsedTime",
    "dataset_name": "On_Time_On_Time_Performance_2016_1.csv",
    "dataset_id": "Airline/On_Time_On_Time_Performance_2016_1.csv",
    "path": "/home/ubuntu/CatDB/Experiments/data/Airline/On_Time_On_Time_Performance_2016_1.csv",
    "table_name": "On_Time_On_Time_Performance_2016_1.csv",
    "table_id": "Airline/On_Time_On_Time_Performance_2016_1.csvOn_Time_On_Time_Performance_2016_1.csv",
    "column_name": "CRSElapsedTime",
    "data_source": "Airline",
    "data_type": "int",
    "total_values_count": 445827,
    "distinct_values_count": 448,
    "missing_values_count": 0,
    "true_ratio": null,
    "min_value": 21.0,
    "max_value": 705.0,
    "mean": 146.499142043887,
    "median": 128.0,
    "iqr": 90.0,
    "category_values": [
        158,
        191,
        187,
        317,
        321,
        385,
        382,
        258,
        284,
        280,
        148,
        149,
        81,
        120,
        170,
        114,
        97,
        99,
        295,
        159,
        153,
        183,
        185,
        236,
        234,
        271,
        281,
        311,
        312,
        358,
        363,
        165,
        163,
        196,
        201,
        205,
        202,
        142,
        178,
        180,
        182,
        171,
        175,
        166,
        204,
        212,
        211,
        215,
        216,
        262,
        264,
        268,
        294,
        291,
        297,
        357,
        266,
        177,
        77,
        75,
        78,
        76,
        186,
        181,
        155,
        156,
        168,
        129,
        132,
        241,
        189,
        130,
        380,
        199,
        194,
        323,
        206,
        200,
        327,
        98,
        402,
        184,
        167,
        169,
        203,
        328,
        318,
        84,
        88,
        93,
        359,
        313,
        267,
        89,
        244,
        240,
        68,
        208,
        176,
        316,
        408,
        410,
        219,
        209,
        394,
        330,
        329,
        378,
        384,
        516,
        524,
        66,
        69,
        427,
        430,
        509,
        514,
        443,
        439,
        446,
        403,
        395,
        309,
        314,
        337,
        335,
        307,
        303,
        400,
        405,
        332,
        106,
        399,
        197,
        230,
        375,
        326,
        393,
        389,
        390,
        336,
        239,
        238,
        190,
        188,
        364,
        373,
        319,
        324,
        416,
        147,
        65,
        237,
        192,
        119,
        279,
        278,
        277,
        242,
        233,
        261,
        356,
        361,
        325,
        70,
        274,
        397,
        334,
        179,
        401,
        381,
        113,
        109,
        249,
        91,
        92,
        74,
        83,
        388,
        222,
        150,
        231,
        341,
        345,
        387,
        207,
        198,
        162,
        140,
        136,
        252,
        391,
        226,
        254,
        193,
        107,
        126,
        354,
        67,
        210,
        365,
        260,
        64,
        73,
        131,
        128,
        108,
        94,
        100,
        101,
        157,
        105,
        58,
        221,
        144,
        110,
        161,
        133,
        248,
        250,
        90,
        121,
        298,
        287,
        283,
        263,
        355,
        308,
        352,
        228,
        63,
        62,
        145,
        102,
        195,
        235,
        232,
        290,
        293,
        164,
        143,
        218,
        257,
        383,
        273,
        174,
        173,
        141,
        160,
        223,
        225,
        247,
        377,
        217,
        448,
        82,
        275,
        72,
        265,
        61,
        433,
        432,
        396,
        331,
        507,
        511,
        122,
        151,
        518,
        527,
        224,
        366,
        374,
        370,
        172,
        137,
        320,
        362,
        135,
        87,
        289,
        288,
        86,
        125,
        152,
        124,
        85,
        116,
        118,
        214,
        286,
        127,
        134,
        117,
        146,
        95,
        103,
        104,
        112,
        213,
        71,
        220,
        154,
        96,
        372,
        368,
        315,
        253,
        348,
        123,
        56,
        139,
        259,
        245,
        255,
        251,
        256,
        338,
        340,
        229,
        79,
        138,
        344,
        111,
        276,
        304,
        301,
        80,
        369,
        272,
        246,
        285,
        351,
        60,
        115,
        227,
        59,
        57,
        342,
        243,
        269,
        322,
        333,
        270,
        339,
        386,
        302,
        418,
        300,
        343,
        282,
        55,
        414,
        299,
        404,
        306,
        305,
        347,
        310,
        349,
        350,
        421,
        411,
        412,
        52,
        49,
        48,
        54,
        367,
        292,
        50,
        51,
        371,
        409,
        53,
        44,
        415,
        353,
        296,
        346,
        426,
        376,
        425,
        360,
        379,
        45,
        47,
        25,
        46,
        32,
        39,
        21,
        40,
        42,
        419,
        30,
        24,
        36,
        41,
        43,
        398,
        37,
        34,
        392,
        413,
        611,
        473,
        585,
        705,
        406,
        517,
        616,
        544,
        575,
        615,
        424,
        35,
        38,
        33,
        482,
        407,
        578,
        683,
        646,
        475,
        493,
        570,
        456,
        521,
        466,
        555,
        562,
        480,
        417,
        460,
        685,
        477,
        435,
        520,
        450,
        423,
        471,
        542,
        420,
        548,
        584,
        515,
        610
    ],
    "embedding": [
        -1.0,
        -1.0,
        -1.0,
        1.0,
        -1.0,
        1.0,
        -1.0,
        -1.0,
        -0.9999794960021973,
        -1.0,
        1.0,
        -1.0,
        -1.0,
        1.0,
        1.0,
        1.0,
        1.0,
        -1.0,
        1.0,
        -1.0,
        1.0,
        -1.0,
        1.0,
        -1.0,
        1.0,
        -1.0,
        -1.0,
        1.0,
        -1.0,
        -1.0,
        1.0,
        1.0,
        -1.0,
        -1.0,
        -1.0,
        1.0,
        -1.0,
        1.0,
        1.0,
        -1.0,
        -1.0,
        1.0,
        -1.0,
        -1.0,
        -1.0,
        -1.0,
        1.0,
        -1.0,
        -0.9999644160270691,
        -0.9964636564254761,
        -1.0,
        1.0,
        1.0,
        1.0,
        -1.0,
        1.0,
        1.0,
        1.0,
        -1.0,
        0.9996877908706665,
        -1.0,
        -1.0,
        1.0,
        -1.0,
        1.0,
        -1.0,
        1.0,
        -1.0,
        1.0,
        1.0,
        1.0,
        -1.0,
        -1.0,
        -1.0,
        -1.0,
        1.0,
        1.0,
        1.0,
        1.0,
        1.0,
        1.0,
        1.0,
        1.0,
        -1.0,
        -1.0,
        1.0,
        -1.0,
        1.0,
        1.0,
        1.0,
        -1.0,
        1.0,
        1.0,
        -1.0,
        1.0,
        -1.0,
        1.0,
        -1.0,
        -1.0,
        -1.0,
        -0.9996891021728516,
        -1.0,
        1.0,
        -1.0,
        -1.0,
        1.0,
        1.0,
        1.0,
        -1.0,
        -1.0,
        1.0,
        -1.0,
        -1.0,
        1.0,
        1.0,
        1.0,
        1.0,
        1.0,
        1.0,
        -1.0,
        -1.0,
        1.0,
        -1.0,
        -1.0,
        1.0,
        -1.0,
        -1.0,
        -0.999783992767334,
        -1.0,
        1.0,
        -1.0,
        1.0,
        -1.0,
        -1.0,
        1.0,
        -1.0,
        -1.0,
        1.0,
        1.0,
        -1.0,
        1.0,
        1.0,
        1.0,
        -1.0,
        1.0,
        -1.0,
        1.0,
        -1.0,
        -1.0,
        -1.0,
        0.9988067150115967,
        -1.0,
        1.0,
        -1.0,
        1.0,
        -1.0,
        1.0,
        -1.0,
        1.0,
        -1.0,
        -1.0,
        1.0,
        -1.0,
        -1.0,
        1.0,
        -1.0,
        1.0,
        -1.0,
        -1.0,
        -1.0,
        -1.0,
        -1.0,
        1.0,
        1.0,
        -1.0,
        -1.0,
        1.0,
        -1.0,
        -1.0,
        -1.0,
        1.0,
        -1.0,
        -1.0,
        -1.0,
        1.0,
        -1.0,
        1.0,
        -1.0,
        -1.0,
        -1.0,
        1.0,
        1.0,
        1.0,
        1.0,
        -1.0,
        -1.0,
        1.0,
        -1.0,
        -1.0,
        1.0,
        -1.0,
        1.0,
        -1.0,
        -1.0,
        -1.0,
        -1.0,
        1.0,
        1.0,
        -1.0,
        -1.0,
        -1.0,
        1.0,
        -1.0,
        -1.0,
        -1.0,
        1.0,
        -1.0,
        1.0,
        -1.0,
        -1.0,
        1.0,
        -1.0,
        -1.0,
        1.0,
        -0.9999852180480957,
        -0.9968668222427368,
        1.0,
        -1.0,
        -1.0,
        -1.0,
        1.0,
        -1.0,
        1.0,
        -1.0,
        -1.0,
        1.0,
        -1.0,
        1.0,
        1.0,
        -0.9999971985816956,
        1.0,
        -0.9975503087043762,
        1.0,
        -1.0,
        1.0,
        1.0,
        -1.0,
        -1.0,
        -1.0,
        1.0,
        1.0,
        1.0,
        -1.0,
        -1.0,
        -1.0,
        1.0,
        1.0,
        -1.0,
        -1.0,
        -1.0,
        1.0,
        1.0,
        1.0,
        -1.0,
        1.0,
        -1.0,
        -1.0,
        -1.0,
        1.0,
        1.0,
        -0.9997513294219971,
        -1.0,
        -1.0,
        1.0,
        -1.0,
        1.0,
        1.0,
        1.0,
        1.0,
        1.0,
        1.0,
        -1.0,
        1.0,
        1.0,
        1.0,
        -1.0,
        -1.0,
        1.0,
        -1.0,
        -1.0,
        -1.0,
        1.0,
        -1.0,
        -1.0,
        -1.0,
        -1.0,
        -1.0,
        1.0,
        1.0,
        1.0
    ],
    "embedding_scaling_factor": 74.2782211303711,
    "samples": [
        102,
        184,
        177,
        156,
        126,
        320,
        188,
        158,
        170,
        130,
        182,
        187,
        108,
        102,
        106,
        85,
        317,
        63,
        181,
        75,
        196,
        136,
        60,
        107,
        102,
        309,
        85,
        80,
        220,
        109,
        93,
        121,
        75,
        195,
        165,
        141,
        72,
        331,
        149,
        146,
        100,
        100,
        133,
        138,
        172,
        58,
        70,
        185,
        68,
        103,
        118,
        75,
        127,
        145,
        81,
        119,
        145,
        62,
        95,
        115,
        150,
        105,
        61,
        82,
        165,
        47,
        151,
        86,
        106,
        166,
        95,
        77,
        175,
        188,
        270,
        172,
        286,
        100,
        129,
        175,
        212,
        88,
        125,
        103,
        72,
        220,
        167,
        326,
        205,
        180,
        135,
        105,
        32,
        150,
        72,
        230,
        100,
        268,
        119,
        145
    ],
    "category_values_ratio": {
        "80": 9506,
        "85": 8145,
        "90": 8027,
        "70": 7617,
        "75": 7386,
        "65": 6640,
        "95": 6299,
        "160": 5772,
        "120": 5744,
        "115": 5728,
        "110": 5548,
        "125": 5393,
        "100": 5360,
        "105": 5300,
        "155": 5046,
        "145": 5043,
        "140": 4909,
        "165": 4718,
        "60": 4709,
        "150": 4692,
        "135": 4643,
        "130": 4606,
        "175": 4183,
        "170": 4079,
        "180": 3568,
        "185": 3102,
        "103": 2772,
        "104": 2565,
        "55": 2443,
        "124": 2414,
        "101": 2345,
        "190": 2338,
        "205": 2336,
        "116": 2325,
        "78": 2313,
        "195": 2257,
        "76": 2251,
        "87": 2248,
        "119": 2246,
        "117": 2233,
        "97": 2222,
        "92": 2219,
        "123": 2201,
        "89": 2198,
        "83": 2195,
        "102": 2177,
        "94": 2164,
        "210": 2162,
        "82": 2158,
        "84": 2150,
        "106": 2126,
        "88": 2122,
        "73": 2113,
        "107": 2105,
        "114": 2097,
        "72": 2090,
        "121": 2089,
        "99": 2054,
        "77": 2053,
        "96": 2048,
        "200": 2046,
        "109": 2042,
        "68": 2026,
        "74": 2024,
        "112": 2024,
        "81": 1998,
        "98": 1978,
        "134": 1969,
        "122": 1963,
        "111": 1955,
        "93": 1946,
        "86": 1940,
        "91": 1932,
        "108": 1926,
        "69": 1919,
        "118": 1905,
        "129": 1890,
        "67": 1869,
        "127": 1859,
        "133": 1852,
        "113": 1843,
        "64": 1815,
        "163": 1796,
        "71": 1790,
        "159": 1780,
        "79": 1775,
        "152": 1765,
        "157": 1748,
        "132": 1747,
        "62": 1693,
        "66": 1632,
        "240": 1631,
        "128": 1625,
        "139": 1606,
        "154": 1603,
        "173": 1586,
        "179": 1565,
        "126": 1563,
        "149": 1556,
        "141": 1554,
        "137": 1540,
        "215": 1537,
        "164": 1535,
        "148": 1530,
        "131": 1519,
        "162": 1517,
        "147": 1514,
        "161": 1499,
        "230": 1492,
        "156": 1488,
        "182": 1473,
        "235": 1461,
        "225": 1430,
        "168": 1420,
        "167": 1416,
        "172": 1412,
        "174": 1407,
        "142": 1403,
        "169": 1398,
        "153": 1396,
        "151": 1386,
        "58": 1382,
        "146": 1373,
        "138": 1370,
        "143": 1344,
        "166": 1342,
        "52": 1330,
        "176": 1324,
        "181": 1321,
        "158": 1316,
        "144": 1313,
        "171": 1294,
        "177": 1291,
        "63": 1288,
        "255": 1264,
        "183": 1233,
        "136": 1217,
        "280": 1217,
        "61": 1184,
        "178": 1171,
        "245": 1167,
        "220": 1144,
        "56": 1141,
        "250": 1138,
        "59": 1126,
        "53": 1112,
        "47": 1096,
        "188": 1071,
        "184": 1069,
        "54": 1044,
        "57": 1029,
        "194": 994,
        "209": 991,
        "260": 990,
        "187": 962,
        "290": 950,
        "50": 947,
        "206": 946,
        "198": 942,
        "192": 927,
        "191": 926,
        "189": 920,
        "275": 906,
        "270": 879,
        "208": 820,
        "265": 813,
        "51": 803,
        "285": 802,
        "201": 790,
        "186": 762,
        "211": 749,
        "196": 743,
        "203": 739,
        "300": 735,
        "315": 716,
        "199": 714,
        "49": 707,
        "221": 696,
        "202": 689,
        "204": 684,
        "310": 684,
        "232": 670,
        "46": 669,
        "320": 659,
        "219": 640,
        "251": 634,
        "197": 633,
        "335": 632,
        "218": 632,
        "193": 622,
        "229": 616,
        "222": 607,
        "224": 602,
        "325": 579,
        "207": 576,
        "214": 567,
        "35": 566,
        "231": 558,
        "340": 537,
        "239": 536,
        "216": 534,
        "45": 533,
        "390": 532,
        "330": 529,
        "248": 516,
        "213": 510,
        "227": 497,
        "39": 492,
        "217": 490,
        "233": 481,
        "259": 480,
        "246": 478,
        "319": 471,
        "226": 470,
        "244": 469,
        "360": 462,
        "212": 455,
        "43": 447,
        "385": 446,
        "237": 438,
        "295": 432,
        "282": 425,
        "40": 420,
        "254": 419,
        "252": 417,
        "223": 417,
        "258": 414,
        "355": 413,
        "249": 411,
        "238": 405,
        "309": 405,
        "236": 405,
        "281": 404,
        "234": 404,
        "318": 400,
        "41": 400,
        "264": 398,
        "277": 397,
        "278": 395,
        "329": 390,
        "37": 387,
        "256": 387,
        "276": 377,
        "262": 374,
        "242": 370,
        "321": 370,
        "247": 369,
        "365": 369,
        "350": 364,
        "294": 363,
        "34": 360,
        "345": 354,
        "400": 354,
        "289": 351,
        "284": 350,
        "257": 338,
        "288": 335,
        "405": 334,
        "253": 333,
        "283": 331,
        "48": 327,
        "308": 327,
        "241": 326,
        "292": 323,
        "44": 319,
        "243": 319,
        "380": 318,
        "266": 316,
        "305": 315,
        "332": 306,
        "228": 306,
        "323": 305,
        "261": 303,
        "279": 301,
        "263": 300,
        "271": 296,
        "314": 292,
        "298": 290,
        "324": 285,
        "375": 281,
        "273": 278,
        "317": 277,
        "269": 272,
        "299": 270,
        "352": 266,
        "395": 265,
        "328": 265,
        "311": 262,
        "302": 261,
        "42": 258,
        "306": 250,
        "272": 242,
        "377": 234,
        "268": 227,
        "379": 225,
        "370": 221,
        "274": 220,
        "286": 219,
        "297": 217,
        "322": 217,
        "326": 216,
        "341": 215,
        "344": 214,
        "267": 205,
        "303": 205,
        "301": 203,
        "291": 201,
        "383": 196,
        "339": 191,
        "293": 191,
        "386": 190,
        "359": 188,
        "382": 187,
        "384": 183,
        "316": 179,
        "313": 179,
        "358": 178,
        "331": 178,
        "327": 170,
        "397": 166,
        "334": 165,
        "351": 163,
        "356": 161,
        "363": 160,
        "337": 160,
        "381": 160,
        "354": 158,
        "338": 158,
        "287": 154,
        "348": 153,
        "32": 151,
        "333": 151,
        "296": 148,
        "312": 146,
        "371": 146,
        "342": 142,
        "364": 142,
        "307": 137,
        "343": 137,
        "373": 132,
        "362": 132,
        "353": 131,
        "38": 128,
        "304": 123,
        "389": 120,
        "336": 119,
        "410": 119,
        "366": 117,
        "393": 116,
        "387": 111,
        "349": 110,
        "346": 107,
        "374": 106,
        "372": 104,
        "33": 103,
        "357": 100,
        "394": 94,
        "403": 91,
        "388": 91,
        "36": 89,
        "392": 88,
        "378": 88,
        "396": 87,
        "391": 85,
        "369": 82,
        "347": 78,
        "368": 78,
        "361": 76,
        "399": 74,
        "413": 74,
        "376": 71,
        "398": 59,
        "412": 58,
        "411": 57,
        "407": 45,
        "24": 44,
        "418": 42,
        "480": 40,
        "409": 38,
        "401": 38,
        "367": 34,
        "416": 32,
        "402": 32,
        "570": 31,
        "456": 31,
        "475": 31,
        "493": 31,
        "427": 31,
        "683": 30,
        "578": 30,
        "430": 30,
        "575": 29,
        "685": 29,
        "414": 28,
        "514": 28,
        "415": 28,
        "448": 28,
        "521": 27,
        "527": 27,
        "518": 26,
        "524": 24,
        "439": 23,
        "425": 23,
        "615": 22,
        "30": 22,
        "424": 22,
        "466": 20,
        "548": 19,
        "482": 19,
        "404": 19,
        "477": 11,
        "406": 10,
        "705": 10,
        "646": 9,
        "25": 9,
        "555": 9,
        "419": 9,
        "21": 9,
        "417": 8,
        "544": 8,
        "420": 8,
        "585": 8,
        "562": 8,
        "408": 6,
        "515": 5,
        "610": 5,
        "450": 4,
        "421": 4,
        "432": 4,
        "516": 4,
        "460": 4,
        "509": 4,
        "433": 4,
        "520": 4,
        "423": 4,
        "471": 4,
        "446": 4,
        "511": 4,
        "507": 4,
        "443": 4,
        "435": 4,
        "517": 3,
        "616": 3,
        "584": 2,
        "542": 1,
        "426": 1,
        "611": 1,
        "473": 1
    },
    "nrows": 445827
}