{
    "column_id": "Airline/On_Time_On_Time_Performance_2016_1.csvOn_Time_On_Time_Performance_2016_1.csv/Div1LongestGTime",
    "dataset_name": "On_Time_On_Time_Performance_2016_1.csv",
    "dataset_id": "Airline/On_Time_On_Time_Performance_2016_1.csv",
    "path": "/home/ubuntu/CatDB/Experiments/data/Airline/On_Time_On_Time_Performance_2016_1.csv",
    "table_name": "On_Time_On_Time_Performance_2016_1.csv",
    "table_id": "Airline/On_Time_On_Time_Performance_2016_1.csvOn_Time_On_Time_Performance_2016_1.csv",
    "column_name": "Div1LongestGTime",
    "data_source": "Airline",
    "data_type": "int",
    "total_values_count": 445827,
    "distinct_values_count": 99,
    "missing_values_count": 444898,
    "true_ratio": null,
    "min_value": 2.0,
    "max_value": 173.0,
    "mean": 21.470398277717976,
    "median": 13.0,
    "iqr": 18.0,
    "category_values": [
        88,
        78,
        90,
        14,
        6,
        93,
        16,
        34,
        39,
        53,
        95,
        22,
        13,
        87,
        97,
        81,
        21,
        63,
        99,
        77,
        69,
        10,
        152,
        64,
        19,
        85,
        70,
        62,
        17,
        92,
        114,
        100,
        60,
        7,
        105,
        58,
        149,
        12,
        101,
        4,
        45,
        20,
        61,
        67,
        164,
        26,
        65,
        49,
        29,
        173,
        35,
        84,
        82,
        31,
        43,
        150,
        24,
        3,
        8,
        15,
        32,
        5,
        11,
        9,
        28,
        30,
        79,
        18,
        50,
        52,
        23,
        25,
        71,
        27,
        57,
        36,
        129,
        76,
        59,
        147,
        54,
        128,
        47,
        33,
        48,
        2,
        37,
        44,
        41,
        68,
        124,
        46,
        40,
        38,
        51,
        83,
        42,
        75,
        74
    ],
    "embedding": [
        -1.0,
        -1.0,
        -1.0,
        1.0,
        -1.0,
        1.0,
        -1.0,
        -1.0,
        -1.0,
        -1.0,
        1.0,
        -1.0,
        -1.0,
        1.0,
        1.0,
        1.0,
        1.0,
        -1.0,
        1.0,
        -1.0,
        1.0,
        -1.0,
        1.0,
        -1.0,
        1.0,
        -1.0,
        -1.0,
        1.0,
        -1.0,
        -1.0,
        1.0,
        1.0,
        -1.0,
        -1.0,
        -1.0,
        1.0,
        -1.0,
        1.0,
        1.0,
        -1.0,
        -1.0,
        1.0,
        -1.0,
        -1.0,
        -1.0,
        -1.0,
        1.0,
        -1.0,
        -1.0,
        -0.9688887596130371,
        -1.0,
        1.0,
        1.0,
        1.0,
        -1.0,
        1.0,
        1.0,
        1.0,
        -1.0,
        0.9886797666549683,
        -1.0,
        -1.0,
        1.0,
        -1.0,
        1.0,
        -1.0,
        1.0,
        -1.0,
        1.0,
        1.0,
        1.0,
        -1.0,
        -1.0,
        -1.0,
        -1.0,
        1.0,
        1.0,
        1.0,
        1.0,
        1.0,
        1.0,
        1.0,
        1.0,
        -1.0,
        -1.0,
        1.0,
        -1.0,
        1.0,
        1.0,
        1.0,
        -1.0,
        1.0,
        1.0,
        -1.0,
        1.0,
        -1.0,
        1.0,
        -1.0,
        -1.0,
        -1.0,
        -0.997492253780365,
        -1.0,
        1.0,
        -1.0,
        -1.0,
        1.0,
        1.0,
        1.0,
        -1.0,
        -1.0,
        1.0,
        -1.0,
        -1.0,
        1.0,
        1.0,
        1.0,
        1.0,
        1.0,
        1.0,
        -1.0,
        -1.0,
        1.0,
        -1.0,
        -1.0,
        1.0,
        -1.0,
        -1.0,
        -1.0,
        -1.0,
        1.0,
        -1.0,
        1.0,
        -1.0,
        -1.0,
        1.0,
        -1.0,
        -1.0,
        1.0,
        1.0,
        -1.0,
        1.0,
        1.0,
        1.0,
        -1.0,
        1.0,
        -1.0,
        1.0,
        -1.0,
        -1.0,
        -1.0,
        1.0,
        -1.0,
        1.0,
        -1.0,
        1.0,
        -1.0,
        1.0,
        -1.0,
        1.0,
        -1.0,
        -1.0,
        1.0,
        -1.0,
        -1.0,
        1.0,
        -1.0,
        1.0,
        -1.0,
        -1.0,
        -1.0,
        -1.0,
        -1.0,
        1.0,
        1.0,
        -1.0,
        -1.0,
        1.0,
        -1.0,
        -1.0,
        -1.0,
        1.0,
        -1.0,
        -1.0,
        -1.0,
        1.0,
        -1.0,
        1.0,
        -1.0,
        -1.0,
        -1.0,
        1.0,
        1.0,
        1.0,
        1.0,
        -1.0,
        -1.0,
        1.0,
        -1.0,
        -1.0,
        1.0,
        -1.0,
        1.0,
        -1.0,
        -1.0,
        -1.0,
        -1.0,
        1.0,
        1.0,
        -1.0,
        -1.0,
        -1.0,
        1.0,
        -1.0,
        -1.0,
        -1.0,
        1.0,
        -1.0,
        1.0,
        -1.0,
        -1.0,
        1.0,
        -1.0,
        -1.0,
        1.0,
        -1.0,
        -0.9560399055480957,
        1.0,
        -1.0,
        -1.0,
        -1.0,
        1.0,
        -1.0,
        1.0,
        -1.0,
        -1.0,
        1.0,
        -1.0,
        1.0,
        1.0,
        -1.0,
        1.0,
        -0.9543500542640686,
        1.0,
        -1.0,
        1.0,
        1.0,
        -1.0,
        -1.0,
        -1.0,
        1.0,
        1.0,
        1.0,
        -1.0,
        -1.0,
        -1.0,
        1.0,
        1.0,
        -1.0,
        -1.0,
        -1.0,
        1.0,
        1.0,
        1.0,
        -1.0,
        1.0,
        -1.0,
        -1.0,
        -1.0,
        1.0,
        1.0,
        -0.9966621398925781,
        -1.0,
        -1.0,
        1.0,
        -1.0,
        1.0,
        1.0,
        1.0,
        1.0,
        1.0,
        1.0,
        -1.0,
        1.0,
        1.0,
        1.0,
        -1.0,
        -1.0,
        1.0,
        -1.0,
        -1.0,
        -1.0,
        1.0,
        -1.0,
        -1.0,
        -1.0,
        -1.0,
        -1.0,
        1.0,
        1.0,
        1.0
    ],
    "embedding_scaling_factor": 223.65951538085938,
    "samples": [],
    "category_values_ratio": {
        "4": 56,
        "9": 55,
        "7": 48,
        "5": 47,
        "8": 45,
        "10": 44,
        "3": 41,
        "12": 38,
        "11": 37,
        "15": 37,
        "16": 36,
        "6": 35,
        "13": 34,
        "14": 23,
        "17": 22,
        "22": 18,
        "19": 17,
        "27": 16,
        "21": 15,
        "20": 13,
        "18": 13,
        "30": 10,
        "23": 9,
        "26": 9,
        "34": 9,
        "25": 9,
        "31": 8,
        "29": 8,
        "32": 8,
        "39": 7,
        "28": 7,
        "2": 6,
        "53": 6,
        "33": 6,
        "47": 6,
        "24": 6,
        "63": 5,
        "62": 4,
        "36": 4,
        "57": 4,
        "41": 4,
        "81": 4,
        "43": 4,
        "45": 3,
        "52": 3,
        "49": 3,
        "97": 3,
        "64": 3,
        "37": 3,
        "54": 3,
        "58": 3,
        "90": 3,
        "114": 2,
        "68": 2,
        "78": 2,
        "85": 2,
        "51": 2,
        "82": 2,
        "69": 2,
        "77": 2,
        "70": 2,
        "88": 2,
        "92": 2,
        "87": 2,
        "67": 2,
        "95": 2,
        "100": 2,
        "93": 2,
        "76": 2,
        "59": 2,
        "105": 2,
        "65": 2,
        "35": 2,
        "44": 2,
        "61": 1,
        "79": 1,
        "150": 1,
        "84": 1,
        "164": 1,
        "99": 1,
        "101": 1,
        "149": 1,
        "60": 1,
        "152": 1,
        "71": 1,
        "50": 1,
        "46": 1,
        "129": 1,
        "147": 1,
        "128": 1,
        "173": 1,
        "42": 1,
        "40": 1,
        "124": 1,
        "83": 1,
        "75": 1,
        "48": 1,
        "38": 1,
        "74": 1
    },
    "nrows": 445827
}