{
    "column_id": "Airline/On_Time_On_Time_Performance_2016_1.csvOn_Time_On_Time_Performance_2016_1.csv/WheelsOff",
    "dataset_name": "On_Time_On_Time_Performance_2016_1.csv",
    "dataset_id": "Airline/On_Time_On_Time_Performance_2016_1.csv",
    "path": "/home/ubuntu/CatDB/Experiments/data/Airline/On_Time_On_Time_Performance_2016_1.csv",
    "table_name": "On_Time_On_Time_Performance_2016_1.csv",
    "table_id": "Airline/On_Time_On_Time_Performance_2016_1.csvOn_Time_On_Time_Performance_2016_1.csv",
    "column_name": "WheelsOff",
    "data_source": "Airline",
    "data_type": "int",
    "total_values_count": 445827,
    "distinct_values_count": 1426,
    "missing_values_count": 11600,
    "true_ratio": null,
    "min_value": 1.0,
    "max_value": 2400.0,
    "mean": 1356.5540650397143,
    "median": 1344.0,
    "iqr": 811.0,
    "category_values": [
        1112,
        1110,
        1116,
        1115,
        1300,
        1118,
        1113,
        1107,
        1114,
        1117,
        1109,
        1128,
        1146,
        1104,
        1119,
        1111,
        1222,
        1621,
        1521,
        1534,
        1522,
        1538,
        1541,
        1535,
        1545,
        1531,
        1757,
        1542,
        1540,
        1532,
        1530,
        1527,
        1553,
        1557,
        1620,
        1536,
        1529,
        1608,
        1642,
        809,
        804,
        802,
        752,
        723,
        720,
        733,
        726,
        727,
        657,
        653,
        756,
        659,
        744,
        700,
        654,
        651,
        1244,
        708,
        1851,
        1954,
        1928,
        1951,
        1844,
        1841,
        1854,
        1847,
        2003,
        2056,
        1849,
        1921,
        1850,
        1856,
        2016,
        1838,
        1859,
        1840,
        1904,
        1833,
        1900,
        1842,
        1846,
        1438,
        1429,
        1434,
        1759,
        1756,
        1834,
        1828,
        1839,
        1826,
        1932,
        2005,
        1912,
        1825,
        1821,
        1824,
        1832,
        1910,
        1823,
        1837,
        1942,
        1908,
        1936,
        1132,
        1147,
        1150,
        1141,
        2054,
        1138,
        1159,
        1201,
        1139,
        1213,
        1155,
        1157,
        1148,
        1945,
        1142,
        1134,
        1204,
        1144,
        1135,
        1145,
        1149,
        1234,
        1153,
        1419,
        1424,
        1408,
        1414,
        1417,
        1418,
        1415,
        1410,
        1411,
        1426,
        1425,
        1412,
        1427,
        1421,
        1516,
        1416,
        1655,
        1659,
        1829,
        1835,
        1919,
        1819,
        1831,
        1853,
        1500,
        1334,
        1333,
        1340,
        1350,
        1345,
        1338,
        1359,
        1329,
        1327,
        1328,
        1342,
        1325,
        1407,
        1326,
        1323,
        1339,
        1332,
        1351,
        1519,
        1526,
        1505,
        1455,
        1511,
        1513,
        1502,
        1503,
        1525,
        1507,
        1458,
        1501,
        1517,
        1523,
        1518,
        1509,
        1504,
        1405,
        1705,
        1406,
        1358,
        1404,
        1349,
        1413,
        1355,
        1533,
        1354,
        1356,
        1617,
        1352,
        1347,
        1401,
        1353,
        1052,
        1059,
        1055,
        1053,
        1205,
        1056,
        1103,
        1058,
        1140,
        1125,
        1057,
        1054,
        1100,
        1343,
        1143,
        2028,
        2158,
        2038,
        2200,
        2128,
        2043,
        2116,
        2033,
        2031,
        2047,
        2032,
        2055,
        2037,
        2307,
        2210,
        2058,
        2050,
        2059,
        2053,
        2130,
        2111,
        2046,
        2110,
        2102,
        2112,
        2035,
        2100,
        1437,
        1515,
        1236,
        1520,
        1450,
        1453,
        1442,
        1439,
        1451,
        1445,
        1459,
        1449,
        1508,
        1446,
        1431,
        1444,
        1440,
        1457,
        910,
        922,
        927,
        924,
        925,
        926,
        1010,
        913,
        914,
        932,
        912,
        916,
        933,
        918,
        938,
        920,
        1009,
        2217,
        2144,
        2125,
        2115,
        2207,
        2118,
        2051,
        2041,
        2122,
        2121,
        2048,
        2113,
        2119,
        2101,
        2045,
        2104,
        1318,
        929,
        915,
        908,
        931,
        1357,
        911,
        909,
        919,
        907,
        1038,
        1337,
        2013,
        2145,
        2027,
        2120,
        2049,
        2021,
        2057,
        2154,
        2103,
        2106,
        2034,
        2107,
        2018,
        2015,
        1322,
        1330,
        1524,
        1344,
        1321,
        1314,
        1310,
        1319,
        1309,
        1303,
        1549,
        1420,
        1335,
        1315,
        1306,
        1304,
        1302,
        1305,
        1312,
        1316,
        1652,
        1622,
        1623,
        1626,
        1625,
        1733,
        1640,
        1710,
        1641,
        1628,
        1634,
        1643,
        1629,
        1855,
        1635,
        1616,
        953,
        939,
        936,
        928,
        935,
        1013,
        943,
        1018,
        1724,
        1743,
        1718,
        1717,
        1715,
        1746,
        2036,
        1722,
        1734,
        1730,
        1752,
        1802,
        1740,
        1803,
        1723,
        1738,
        1731,
        1741,
        1726,
        1728,
        1102,
        1224,
        1208,
        1105,
        1049,
        1045,
        1046,
        1043,
        1036,
        1040,
        1044,
        1048,
        2147,
        1820,
        2029,
        2020,
        2026,
        2022,
        2024,
        2019,
        2039,
        15,
        2109,
        2014,
        958,
        952,
        956,
        957,
        1032,
        1019,
        1006,
        1004,
        1007,
        1003,
        1005,
        955,
        1002,
        1001,
        1000,
        1727,
        1657,
        1754,
        1725,
        1735,
        1720,
        1918,
        1714,
        1736,
        1926,
        1716,
        1806,
        1744,
        1133,
        1120,
        1108,
        1106,
        1907,
        1956,
        1948,
        1944,
        1931,
        1902,
        1915,
        1858,
        1848,
        1906,
        2017,
        1909,
        1901,
        1852,
        2233,
        1937,
        1911,
        1905,
        1924,
        954,
        959,
        946,
        1939,
        1810,
        1813,
        2132,
        2127,
        1818,
        1809,
        1817,
        1827,
        1903,
        1812,
        1816,
        1822,
        1814,
        1815,
        1808,
        1807,
        1402,
        1403,
        1423,
        1428,
        1644,
        1613,
        1559,
        1603,
        1600,
        1615,
        1610,
        1711,
        1607,
        1636,
        1602,
        1604,
        1552,
        1639,
        1605,
        2327,
        2249,
        2346,
        2241,
        2237,
        2247,
        2236,
        2246,
        2238,
        39,
        16,
        2258,
        2304,
        2256,
        2251,
        2240,
        2248,
        2253,
        1227,
        1228,
        1225,
        1245,
        1249,
        1235,
        1237,
        1243,
        1239,
        1242,
        1226,
        823,
        1409,
        1452,
        808,
        1742,
        1748,
        1556,
        1737,
        1614,
        1558,
        1606,
        1601,
        1619,
        1609,
        1704,
        1200,
        1221,
        1214,
        1203,
        1219,
        1158,
        1210,
        1217,
        1216,
        1156,
        1231,
        1154,
        1202,
        1207,
        1400,
        1611,
        1627,
        1638,
        811,
        816,
        851,
        842,
        843,
        821,
        813,
        855,
        835,
        829,
        840,
        1122,
        837,
        844,
        839,
        819,
        846,
        836,
        930,
        1308,
        1336,
        1346,
        1317,
        1324,
        1307,
        1301,
        1320,
        1259,
        1313,
        2344,
        1331,
        638,
        637,
        631,
        634,
        902,
        906,
        856,
        903,
        901,
        947,
        904,
        858,
        921,
        905,
        923,
        900,
        934,
        949,
        1943,
        1857,
        2211,
        1947,
        1934,
        2149,
        1845,
        1830,
        641,
        607,
        645,
        642,
        649,
        704,
        703,
        712,
        652,
        656,
        738,
        658,
        740,
        655,
        950,
        646,
        648,
        1448,
        1732,
        1630,
        1805,
        1631,
        1702,
        1719,
        2126,
        2221,
        2040,
        2042,
        2105,
        831,
        847,
        832,
        833,
        848,
        838,
        1025,
        830,
        834,
        1739,
        2030,
        1721,
        1749,
        1253,
        1254,
        1248,
        1252,
        1250,
        1251,
        1257,
        1247,
        1713,
        21,
        36,
        11,
        18,
        100,
        14,
        7,
        102,
        17,
        30,
        23,
        20,
        13,
        10,
        31,
        19,
        1929,
        1923,
        1946,
        1938,
        2006,
        1953,
        2000,
        1940,
        2131,
        1941,
        1930,
        1952,
        45,
        26,
        41,
        108,
        25,
        12,
        9,
        28,
        2,
        24,
        1,
        1755,
        1751,
        1914,
        1925,
        1922,
        2230,
        2044,
        1441,
        1435,
        1433,
        1624,
        1432,
        1436,
        1430,
        1927,
        2007,
        1916,
        2202,
        1917,
        1546,
        1537,
        1547,
        917,
        951,
        940,
        941,
        944,
        948,
        1240,
        1246,
        1238,
        1241,
        1256,
        1454,
        1229,
        1311,
        1220,
        1218,
        1129,
        854,
        859,
        845,
        849,
        841,
        1959,
        1800,
        1801,
        1804,
        1021,
        1017,
        942,
        937,
        1014,
        1935,
        1949,
        716,
        729,
        718,
        710,
        714,
        748,
        736,
        735,
        722,
        715,
        717,
        2151,
        2311,
        2155,
        2150,
        2146,
        2140,
        2226,
        2143,
        2137,
        2142,
        2136,
        2139,
        2141,
        1137,
        1151,
        35,
        2341,
        2329,
        8,
        2323,
        2322,
        2302,
        2325,
        2356,
        850,
        853,
        826,
        1015,
        1008,
        1255,
        1258,
        1341,
        1633,
        1649,
        1712,
        2310,
        143,
        2351,
        256,
        51,
        2318,
        150,
        2317,
        1121,
        1127,
        1555,
        2153,
        1933,
        1920,
        1843,
        1700,
        1544,
        1554,
        1539,
        1548,
        2231,
        728,
        711,
        732,
        742,
        739,
        2228,
        1758,
        2133,
        2245,
        2257,
        2331,
        2300,
        103,
        2348,
        2250,
        2242,
        2313,
        2243,
        2306,
        1230,
        1232,
        2340,
        2400,
        825,
        1152,
        807,
        824,
        822,
        812,
        820,
        818,
        810,
        814,
        815,
        1658,
        1447,
        1701,
        1456,
        1443,
        1020,
        806,
        805,
        817,
        749,
        828,
        2010,
        1913,
        1950,
        2009,
        1745,
        1051,
        1050,
        1101,
        721,
        724,
        713,
        719,
        1011,
        1750,
        1747,
        1348,
        2252,
        2254,
        2239,
        2315,
        2232,
        2234,
        2235,
        2309,
        2308,
        2227,
        2206,
        2204,
        2214,
        2222,
        2203,
        2108,
        750,
        734,
        709,
        731,
        741,
        1514,
        2008,
        1958,
        743,
        706,
        707,
        702,
        701,
        705,
        1233,
        650,
        628,
        625,
        627,
        629,
        758,
        623,
        630,
        626,
        639,
        1047,
        553,
        557,
        551,
        548,
        1028,
        1035,
        1029,
        1031,
        1039,
        1037,
        1034,
        29,
        2244,
        2216,
        1836,
        2123,
        1123,
        1042,
        1223,
        1651,
        1653,
        1707,
        1656,
        1650,
        1654,
        1811,
        1753,
        730,
        725,
        745,
        754,
        1024,
        1016,
        1023,
        1703,
        1706,
        1708,
        1709,
        2223,
        1645,
        1648,
        2224,
        2129,
        1646,
        827,
        2255,
        1422,
        1637,
        2338,
        2358,
        2347,
        2354,
        633,
        644,
        635,
        640,
        636,
        1550,
        852,
        857,
        803,
        800,
        759,
        1033,
        1647,
        945,
        1030,
        647,
        1027,
        1041,
        1026,
        1211,
        1206,
        1022,
        1012,
        747,
        753,
        746,
        1729,
        2138,
        2025,
        737,
        751,
        621,
        622,
        624,
        618,
        1506,
        801,
        755,
        757,
        33,
        46,
        1618,
        1209,
        1528,
        1126,
        53,
        44,
        48,
        206,
        52,
        147,
        56,
        59,
        49,
        40,
        55,
        57,
        47,
        511,
        513,
        507,
        518,
        2001,
        2152,
        508,
        2225,
        2134,
        2135,
        520,
        519,
        530,
        522,
        516,
        515,
        537,
        517,
        523,
        616,
        525,
        526,
        2220,
        2229,
        116,
        2212,
        2218,
        2215,
        2303,
        331,
        58,
        104,
        1612,
        1510,
        2124,
        2117,
        2213,
        2052,
        2114,
        2159,
        2314,
        1543,
        613,
        547,
        550,
        556,
        546,
        549,
        552,
        544,
        555,
        540,
        620,
        2259,
        2337,
        643,
        2321,
        2326,
        2343,
        2339,
        2320,
        2004,
        1130,
        1512,
        610,
        604,
        615,
        614,
        609,
        619,
        612,
        605,
        2011,
        1551,
        603,
        2301,
        2316,
        2330,
        2205,
        2157,
        2208,
        2156,
        2201,
        1957,
        141,
        114,
        111,
        118,
        112,
        129,
        212,
        110,
        101,
        107,
        109,
        119,
        113,
        144,
        115,
        117,
        105,
        133,
        2148,
        1212,
        1632,
        617,
        606,
        608,
        611,
        558,
        600,
        601,
        602,
        2002,
        54,
        210,
        126,
        2209,
        2012,
        2334,
        2353,
        2336,
        632,
        535,
        509,
        514,
        502,
        538,
        524,
        543,
        504,
        510,
        506,
        2219,
        2350,
        2355,
        156,
        50,
        106,
        542,
        541,
        554,
        539,
        1215,
        158,
        1955,
        37,
        255,
        43,
        42,
        216,
        122,
        148,
        121,
        536,
        459,
        529,
        1131,
        1124,
        2023,
        1136,
        132,
        128,
        130,
        512,
        501,
        500,
        505,
        458,
        534,
        521,
        528,
        527,
        533,
        559,
        131,
        124,
        123,
        32,
        5,
        2332,
        2349,
        2328,
        2342,
        2324,
        2312,
        6,
        2357,
        22,
        27,
        3,
        142,
        2335,
        2305,
        545,
        2319,
        532,
        2352,
        503,
        531,
        135,
        2359,
        120,
        205,
        134,
        201,
        4,
        145,
        136,
        241,
        200,
        140,
        207,
        157,
        438,
        2345,
        239,
        218,
        209,
        202,
        208,
        219,
        214,
        203,
        149,
        235,
        34,
        38,
        2333,
        213,
        226,
        257,
        221,
        311,
        215,
        247,
        309,
        125,
        152,
        137,
        227,
        338,
        151,
        233,
        138,
        146,
        211,
        244,
        229,
        153,
        127,
        139,
        347,
        323,
        154,
        223,
        155,
        345,
        243,
        330,
        300,
        228,
        248,
        457,
        336,
        234,
        159,
        322,
        304,
        217,
        251,
        252,
        249,
        308,
        433,
        406,
        443,
        407,
        320,
        445,
        238,
        240,
        430,
        325,
        344,
        353,
        316,
        420,
        307,
        319,
        425,
        428,
        310,
        447,
        441,
        424,
        258,
        404,
        349,
        312,
        318,
        449,
        321,
        303,
        448,
        224,
        431,
        329,
        408,
        432,
        352,
        236,
        250,
        452,
        454,
        435,
        314,
        302,
        317,
        414,
        423,
        341,
        254,
        315,
        436,
        426,
        306,
        358,
        417,
        416,
        348,
        453,
        301,
        419,
        456,
        412,
        230,
        313,
        326,
        237,
        346,
        415,
        334,
        444,
        333,
        450,
        259,
        413,
        440,
        335,
        332,
        427,
        422,
        357,
        305,
        328,
        455,
        242,
        220,
        204,
        222,
        225,
        340,
        351,
        402,
        451,
        437,
        409,
        434,
        411,
        231,
        253,
        246,
        232,
        343,
        354,
        400,
        401,
        410,
        342,
        403,
        356,
        327
    ],
    "embedding": [
        -1.0,
        -1.0,
        -1.0,
        1.0,
        -1.0,
        1.0,
        -1.0,
        -1.0,
        -0.9999495148658752,
        -1.0,
        1.0,
        -1.0,
        -1.0,
        1.0,
        1.0,
        1.0,
        1.0,
        -1.0,
        1.0,
        -1.0,
        1.0,
        -1.0,
        1.0,
        -1.0,
        1.0,
        -1.0,
        -1.0,
        1.0,
        -1.0,
        -1.0,
        1.0,
        1.0,
        -1.0,
        -1.0,
        -1.0,
        1.0,
        -1.0,
        1.0,
        1.0,
        -1.0,
        -1.0,
        1.0,
        -1.0,
        -1.0,
        -1.0,
        -1.0,
        1.0,
        -1.0,
        -0.9999777674674988,
        -0.9869737029075623,
        -1.0,
        1.0,
        1.0,
        1.0,
        -1.0,
        1.0,
        1.0,
        1.0,
        -1.0,
        0.9984048008918762,
        -1.0,
        -1.0,
        1.0,
        -1.0,
        1.0,
        -1.0,
        1.0,
        -1.0,
        1.0,
        1.0,
        1.0,
        -1.0,
        -1.0,
        -1.0,
        -1.0,
        1.0,
        1.0,
        1.0,
        1.0,
        1.0,
        1.0,
        1.0,
        1.0,
        -1.0,
        -1.0,
        1.0,
        -1.0,
        1.0,
        1.0,
        1.0,
        -1.0,
        1.0,
        1.0,
        -1.0,
        1.0,
        -1.0,
        1.0,
        -1.0,
        -1.0,
        -1.0,
        -0.9981689453125,
        -1.0,
        1.0,
        -1.0,
        -1.0,
        1.0,
        1.0,
        1.0,
        -1.0,
        -1.0,
        1.0,
        -1.0,
        -1.0,
        1.0,
        1.0,
        1.0,
        1.0,
        1.0,
        1.0,
        -1.0,
        -1.0,
        1.0,
        -1.0,
        -1.0,
        1.0,
        -1.0,
        -1.0,
        -0.9997843503952026,
        -1.0,
        1.0,
        -1.0,
        1.0,
        -1.0,
        -1.0,
        1.0,
        -1.0,
        -1.0,
        1.0,
        1.0,
        -1.0,
        1.0,
        1.0,
        1.0,
        -1.0,
        1.0,
        -1.0,
        1.0,
        -1.0,
        -1.0,
        -1.0,
        0.9998307228088379,
        -1.0,
        1.0,
        -1.0,
        1.0,
        -1.0,
        1.0,
        -1.0,
        1.0,
        -1.0,
        -1.0,
        1.0,
        -1.0,
        -1.0,
        1.0,
        -1.0,
        1.0,
        -1.0,
        -1.0,
        -1.0,
        -1.0,
        -1.0,
        1.0,
        1.0,
        -1.0,
        -1.0,
        1.0,
        -1.0,
        -1.0,
        -1.0,
        1.0,
        -1.0,
        -1.0,
        -1.0,
        1.0,
        -1.0,
        1.0,
        -1.0,
        -1.0,
        -1.0,
        1.0,
        1.0,
        1.0,
        1.0,
        -1.0,
        -1.0,
        1.0,
        -1.0,
        -1.0,
        1.0,
        -1.0,
        1.0,
        -1.0,
        -1.0,
        -1.0,
        -1.0,
        1.0,
        1.0,
        -1.0,
        -1.0,
        -1.0,
        1.0,
        -1.0,
        -1.0,
        -1.0,
        1.0,
        -1.0,
        1.0,
        -1.0,
        -1.0,
        1.0,
        -1.0,
        -1.0,
        1.0,
        -0.9999421834945679,
        -0.9874116778373718,
        1.0,
        -1.0,
        -1.0,
        -1.0,
        1.0,
        -1.0,
        1.0,
        -1.0,
        -1.0,
        1.0,
        -1.0,
        1.0,
        1.0,
        -0.9999818205833435,
        1.0,
        -0.9839816093444824,
        1.0,
        -1.0,
        1.0,
        1.0,
        -1.0,
        -1.0,
        -1.0,
        1.0,
        1.0,
        1.0,
        -1.0,
        -1.0,
        -1.0,
        1.0,
        1.0,
        -1.0,
        -1.0,
        -1.0,
        1.0,
        1.0,
        1.0,
        -1.0,
        1.0,
        -1.0,
        -1.0,
        -1.0,
        1.0,
        1.0,
        -0.9985029101371765,
        -1.0,
        -1.0,
        1.0,
        -1.0,
        1.0,
        1.0,
        1.0,
        1.0,
        1.0,
        1.0,
        -1.0,
        1.0,
        1.0,
        1.0,
        -1.0,
        -1.0,
        1.0,
        -1.0,
        -1.0,
        -1.0,
        1.0,
        -1.0,
        -1.0,
        -1.0,
        -1.0,
        -1.0,
        1.0,
        1.0,
        0.9999998807907104
    ],
    "embedding_scaling_factor": 11.319806098937988,
    "samples": [
        611,
        1157,
        2341,
        526,
        1104,
        1613,
        1629,
        1709,
        1933,
        813,
        2110,
        841,
        1401,
        1232,
        818,
        1954,
        1046,
        1138,
        806,
        1706,
        1430,
        1312,
        725,
        717,
        651,
        1117,
        944,
        1410,
        2025,
        2137,
        1832,
        1252,
        1607,
        2003,
        1518,
        1905,
        1829,
        917,
        1223,
        1336,
        1554,
        1154,
        1622,
        1641,
        1153,
        1608,
        903,
        1846,
        1852,
        1846,
        1319,
        822,
        1648,
        753,
        2121,
        711,
        837,
        2005,
        1943,
        1325,
        1536,
        1844,
        1214,
        752,
        2023,
        1419,
        1025,
        1951,
        934,
        1149,
        936,
        1957,
        1939,
        1130,
        812,
        1115,
        1243,
        943,
        632,
        1223,
        623,
        839,
        1523,
        1808,
        1438,
        2307,
        1840,
        2150,
        1253,
        1916,
        1921,
        904,
        1609,
        1355,
        1750,
        1435,
        1359,
        1846,
        2040
    ],
    "category_values_ratio": {
        "611": 623,
        "712": 622,
        "709": 613,
        "710": 612,
        "714": 598,
        "610": 589,
        "708": 578,
        "609": 576,
        "711": 574,
        "713": 572,
        "612": 572,
        "613": 559,
        "608": 559,
        "715": 546,
        "706": 540,
        "615": 535,
        "1140": 531,
        "707": 531,
        "1408": 530,
        "607": 524,
        "705": 523,
        "912": 515,
        "619": 515,
        "1015": 514,
        "806": 513,
        "1812": 512,
        "1128": 512,
        "717": 512,
        "716": 511,
        "718": 510,
        "1748": 509,
        "1749": 509,
        "606": 506,
        "1407": 504,
        "1023": 503,
        "1013": 503,
        "910": 503,
        "1025": 502,
        "1030": 502,
        "719": 501,
        "1409": 501,
        "1813": 501,
        "1011": 501,
        "1412": 500,
        "1806": 499,
        "720": 499,
        "1753": 499,
        "1134": 498,
        "1752": 497,
        "906": 497,
        "1803": 497,
        "614": 497,
        "1751": 496,
        "929": 496,
        "1027": 496,
        "1747": 496,
        "1238": 496,
        "1804": 495,
        "1021": 495,
        "1143": 495,
        "1215": 495,
        "1801": 494,
        "1120": 494,
        "1008": 493,
        "721": 493,
        "1144": 492,
        "1807": 491,
        "808": 491,
        "723": 491,
        "1802": 490,
        "1016": 490,
        "1207": 489,
        "1745": 489,
        "722": 489,
        "1214": 489,
        "1035": 488,
        "1808": 487,
        "1755": 487,
        "725": 487,
        "1800": 486,
        "1754": 486,
        "807": 486,
        "1136": 485,
        "1137": 485,
        "1309": 485,
        "1833": 485,
        "1744": 484,
        "1031": 484,
        "1411": 484,
        "1212": 484,
        "1036": 484,
        "1038": 483,
        "1012": 483,
        "1759": 483,
        "1746": 483,
        "1022": 483,
        "810": 482,
        "1010": 482,
        "1310": 482,
        "1135": 482,
        "1814": 481,
        "1130": 481,
        "1039": 481,
        "1026": 480,
        "1805": 480,
        "1538": 480,
        "1037": 480,
        "1229": 480,
        "1757": 479,
        "923": 479,
        "1118": 479,
        "922": 479,
        "1819": 479,
        "623": 479,
        "1009": 479,
        "1548": 478,
        "1815": 478,
        "1225": 478,
        "835": 478,
        "1742": 477,
        "1415": 477,
        "1141": 477,
        "1223": 477,
        "1604": 477,
        "1119": 477,
        "616": 476,
        "739": 476,
        "1532": 476,
        "1739": 476,
        "1740": 476,
        "1133": 476,
        "1014": 475,
        "1816": 475,
        "1750": 475,
        "1355": 475,
        "1553": 475,
        "1534": 475,
        "1204": 474,
        "1639": 474,
        "856": 473,
        "1516": 473,
        "1609": 473,
        "735": 473,
        "925": 473,
        "928": 473,
        "1711": 473,
        "1404": 473,
        "1823": 473,
        "1420": 473,
        "1209": 472,
        "1712": 472,
        "1020": 472,
        "1834": 472,
        "1809": 472,
        "1219": 472,
        "1224": 471,
        "1509": 471,
        "909": 471,
        "1541": 471,
        "1603": 471,
        "1145": 471,
        "1435": 471,
        "1528": 471,
        "743": 470,
        "1743": 470,
        "1142": 470,
        "1205": 470,
        "849": 470,
        "1029": 470,
        "617": 470,
        "1213": 470,
        "809": 470,
        "737": 470,
        "1152": 470,
        "1525": 469,
        "1019": 469,
        "1416": 469,
        "1018": 469,
        "1139": 469,
        "1406": 469,
        "904": 469,
        "831": 469,
        "1707": 469,
        "1024": 469,
        "1716": 469,
        "1531": 468,
        "1124": 468,
        "1811": 468,
        "1311": 468,
        "1125": 468,
        "1403": 468,
        "1440": 468,
        "1017": 468,
        "1405": 467,
        "1818": 467,
        "926": 467,
        "1138": 467,
        "1810": 466,
        "1419": 466,
        "1033": 466,
        "1706": 466,
        "1122": 465,
        "1129": 465,
        "740": 465,
        "1211": 465,
        "1523": 464,
        "1146": 464,
        "1738": 464,
        "1131": 464,
        "703": 464,
        "1559": 464,
        "1544": 464,
        "913": 464,
        "1758": 464,
        "1756": 464,
        "2011": 464,
        "1832": 463,
        "1150": 463,
        "1829": 463,
        "1513": 463,
        "1032": 463,
        "734": 463,
        "1539": 463,
        "1822": 463,
        "915": 463,
        "1524": 463,
        "1608": 463,
        "1611": 463,
        "914": 463,
        "850": 462,
        "911": 462,
        "1220": 462,
        "1613": 462,
        "620": 462,
        "1315": 462,
        "1252": 462,
        "1132": 462,
        "1359": 462,
        "1338": 461,
        "1240": 461,
        "1312": 461,
        "1222": 461,
        "1413": 461,
        "1319": 461,
        "934": 460,
        "1115": 460,
        "1831": 460,
        "1304": 460,
        "1007": 460,
        "1210": 460,
        "813": 459,
        "1521": 459,
        "1518": 459,
        "919": 459,
        "851": 459,
        "1511": 459,
        "1108": 459,
        "1514": 459,
        "1536": 459,
        "1820": 459,
        "1825": 459,
        "618": 458,
        "1216": 458,
        "1226": 458,
        "704": 458,
        "1445": 458,
        "1357": 458,
        "1710": 457,
        "1600": 457,
        "1157": 457,
        "724": 457,
        "819": 457,
        "1606": 457,
        "924": 457,
        "1721": 456,
        "727": 456,
        "1601": 456,
        "1314": 456,
        "1307": 456,
        "1614": 456,
        "1640": 455,
        "1034": 455,
        "1117": 454,
        "1242": 454,
        "1402": 454,
        "951": 454,
        "814": 454,
        "1702": 454,
        "1715": 454,
        "1542": 454,
        "1208": 453,
        "823": 453,
        "836": 453,
        "1410": 453,
        "733": 453,
        "1717": 453,
        "1126": 453,
        "853": 453,
        "811": 453,
        "1316": 452,
        "1830": 452,
        "1444": 452,
        "1004": 452,
        "1436": 452,
        "1722": 452,
        "1517": 452,
        "1552": 452,
        "1713": 452,
        "1127": 452,
        "1522": 451,
        "1417": 451,
        "1709": 451,
        "1826": 451,
        "1422": 451,
        "1221": 451,
        "741": 451,
        "1737": 450,
        "846": 450,
        "1512": 450,
        "1554": 450,
        "1718": 450,
        "1057": 450,
        "1218": 450,
        "636": 450,
        "1151": 450,
        "1708": 449,
        "635": 449,
        "1515": 449,
        "1239": 449,
        "1414": 449,
        "1817": 449,
        "908": 449,
        "2018": 449,
        "927": 449,
        "1401": 449,
        "1741": 449,
        "1358": 449,
        "1530": 448,
        "1350": 448,
        "631": 448,
        "1615": 448,
        "1421": 448,
        "1040": 448,
        "1827": 448,
        "1123": 448,
        "1110": 447,
        "702": 447,
        "1005": 447,
        "1519": 447,
        "842": 447,
        "958": 447,
        "1617": 447,
        "1448": 447,
        "805": 446,
        "622": 446,
        "1555": 446,
        "1510": 446,
        "1308": 446,
        "1201": 446,
        "605": 446,
        "1000": 446,
        "1333": 446,
        "1041": 445,
        "918": 445,
        "848": 445,
        "1616": 445,
        "2012": 445,
        "1303": 445,
        "1323": 445,
        "834": 445,
        "633": 445,
        "1550": 445,
        "1529": 445,
        "1148": 445,
        "858": 445,
        "854": 444,
        "1705": 444,
        "1450": 444,
        "1533": 444,
        "1632": 444,
        "803": 444,
        "1612": 444,
        "1723": 443,
        "1206": 443,
        "1400": 443,
        "1149": 443,
        "1607": 443,
        "1931": 443,
        "639": 443,
        "1121": 443,
        "1230": 443,
        "907": 443,
        "1217": 442,
        "843": 442,
        "1858": 442,
        "1556": 442,
        "1729": 442,
        "1356": 442,
        "1244": 442,
        "1549": 441,
        "1113": 441,
        "901": 441,
        "916": 441,
        "852": 441,
        "1328": 441,
        "1835": 441,
        "820": 441,
        "1836": 441,
        "1520": 441,
        "1228": 441,
        "1317": 441,
        "839": 441,
        "2008": 440,
        "1714": 440,
        "1006": 440,
        "1637": 440,
        "1602": 440,
        "1243": 440,
        "845": 440,
        "1227": 439,
        "1339": 439,
        "1320": 439,
        "1658": 439,
        "1028": 439,
        "1540": 439,
        "1331": 439,
        "821": 438,
        "931": 438,
        "1241": 438,
        "1619": 438,
        "1429": 438,
        "957": 437,
        "732": 437,
        "1042": 437,
        "1104": 437,
        "1441": 437,
        "1431": 437,
        "649": 437,
        "953": 437,
        "1313": 437,
        "641": 437,
        "920": 436,
        "1535": 436,
        "930": 436,
        "933": 436,
        "802": 436,
        "1321": 436,
        "1638": 436,
        "1235": 436,
        "1724": 436,
        "1821": 436,
        "632": 436,
        "1324": 436,
        "1947": 436,
        "1730": 436,
        "1725": 436,
        "1351": 436,
        "2017": 436,
        "950": 436,
        "1418": 435,
        "1102": 435,
        "745": 435,
        "1649": 435,
        "1231": 435,
        "1443": 435,
        "738": 435,
        "1245": 435,
        "1354": 435,
        "917": 435,
        "1237": 434,
        "1547": 434,
        "624": 434,
        "1116": 434,
        "1155": 434,
        "1703": 434,
        "1648": 434,
        "1353": 433,
        "1828": 433,
        "840": 433,
        "1838": 433,
        "621": 433,
        "1551": 433,
        "1254": 433,
        "2010": 433,
        "824": 433,
        "1159": 432,
        "744": 432,
        "1733": 432,
        "1500": 432,
        "1641": 432,
        "1050": 432,
        "1002": 432,
        "728": 432,
        "1644": 432,
        "1728": 431,
        "1735": 431,
        "1736": 431,
        "2014": 431,
        "645": 431,
        "1302": 431,
        "1236": 431,
        "952": 431,
        "1621": 431,
        "625": 431,
        "838": 430,
        "1449": 430,
        "1439": 430,
        "1734": 430,
        "1246": 429,
        "1426": 429,
        "2005": 429,
        "1642": 429,
        "730": 429,
        "921": 429,
        "1650": 429,
        "1643": 428,
        "1910": 428,
        "2013": 428,
        "1720": 428,
        "1325": 428,
        "1731": 428,
        "1112": 428,
        "1203": 428,
        "1452": 427,
        "747": 427,
        "857": 427,
        "637": 427,
        "1605": 426,
        "833": 426,
        "1451": 426,
        "1352": 426,
        "1327": 426,
        "830": 426,
        "859": 426,
        "1527": 426,
        "1824": 426,
        "827": 426,
        "731": 425,
        "818": 425,
        "804": 425,
        "841": 425,
        "1631": 425,
        "855": 425,
        "949": 425,
        "2019": 424,
        "1442": 424,
        "1342": 424,
        "634": 424,
        "642": 424,
        "2002": 424,
        "1234": 424,
        "643": 424,
        "1505": 424,
        "2015": 424,
        "1305": 423,
        "1504": 423,
        "1423": 423,
        "2022": 423,
        "1508": 423,
        "1907": 423,
        "1546": 422,
        "1158": 422,
        "650": 422,
        "1618": 422,
        "817": 422,
        "1915": 422,
        "2016": 422,
        "746": 422,
        "1502": 422,
        "1456": 421,
        "1335": 421,
        "1345": 421,
        "1537": 421,
        "1446": 421,
        "750": 421,
        "1624": 420,
        "1447": 420,
        "1526": 420,
        "742": 420,
        "956": 420,
        "948": 420,
        "1438": 420,
        "749": 420,
        "653": 419,
        "640": 419,
        "1610": 419,
        "1336": 419,
        "837": 419,
        "1306": 419,
        "822": 419,
        "903": 419,
        "832": 419,
        "1233": 419,
        "1114": 418,
        "1249": 418,
        "1623": 418,
        "1100": 418,
        "1700": 418,
        "1657": 418,
        "825": 418,
        "1911": 418,
        "1232": 418,
        "816": 418,
        "652": 418,
        "2004": 418,
        "1253": 417,
        "1247": 417,
        "604": 417,
        "1719": 417,
        "937": 417,
        "1326": 417,
        "1732": 417,
        "627": 417,
        "1629": 417,
        "1901": 417,
        "1837": 417,
        "1106": 416,
        "1003": 416,
        "1942": 416,
        "1329": 416,
        "1153": 416,
        "936": 416,
        "935": 416,
        "1202": 416,
        "1653": 415,
        "1633": 415,
        "1543": 415,
        "1343": 415,
        "1437": 415,
        "1433": 415,
        "1341": 415,
        "1839": 415,
        "1630": 414,
        "1557": 414,
        "1634": 414,
        "1200": 414,
        "2001": 414,
        "826": 414,
        "1659": 414,
        "1111": 414,
        "902": 414,
        "1346": 414,
        "1427": 414,
        "1434": 413,
        "1259": 413,
        "647": 413,
        "812": 413,
        "651": 413,
        "847": 413,
        "1654": 413,
        "1340": 413,
        "941": 412,
        "1432": 412,
        "1428": 412,
        "1558": 412,
        "943": 412,
        "1636": 411,
        "1645": 411,
        "2006": 411,
        "1257": 411,
        "1905": 411,
        "1626": 411,
        "1507": 411,
        "1727": 411,
        "1058": 411,
        "1953": 410,
        "1622": 410,
        "1651": 410,
        "1933": 410,
        "2003": 410,
        "1652": 410,
        "940": 409,
        "657": 409,
        "1628": 409,
        "1103": 409,
        "1056": 409,
        "1939": 409,
        "1912": 408,
        "630": 408,
        "726": 408,
        "1248": 408,
        "638": 408,
        "801": 408,
        "736": 408,
        "1936": 408,
        "1908": 408,
        "815": 408,
        "1916": 408,
        "1109": 407,
        "1924": 407,
        "1726": 407,
        "844": 407,
        "1701": 407,
        "1950": 407,
        "1147": 407,
        "1503": 406,
        "1349": 406,
        "644": 406,
        "1055": 406,
        "1424": 406,
        "1101": 406,
        "1107": 406,
        "959": 405,
        "1704": 405,
        "1043": 405,
        "900": 405,
        "939": 405,
        "1001": 405,
        "1105": 405,
        "1045": 404,
        "1322": 404,
        "1430": 404,
        "1059": 403,
        "1956": 403,
        "2007": 403,
        "2027": 402,
        "1620": 402,
        "752": 402,
        "2021": 402,
        "1949": 402,
        "629": 402,
        "1655": 402,
        "1156": 402,
        "1334": 402,
        "1902": 401,
        "1656": 401,
        "700": 401,
        "1900": 400,
        "1455": 400,
        "1841": 400,
        "1906": 400,
        "1913": 400,
        "1917": 399,
        "1945": 399,
        "1250": 399,
        "755": 399,
        "1506": 399,
        "1545": 399,
        "2028": 399,
        "748": 399,
        "1337": 399,
        "1318": 398,
        "1925": 398,
        "1904": 398,
        "626": 398,
        "1048": 398,
        "1635": 398,
        "2020": 398,
        "1453": 398,
        "1425": 397,
        "955": 397,
        "1154": 397,
        "947": 397,
        "1347": 397,
        "648": 397,
        "1627": 396,
        "1918": 396,
        "1046": 396,
        "938": 396,
        "1954": 396,
        "945": 396,
        "1300": 396,
        "1840": 396,
        "1903": 396,
        "946": 396,
        "800": 395,
        "2030": 395,
        "654": 395,
        "932": 395,
        "1647": 395,
        "1934": 394,
        "1938": 394,
        "1255": 394,
        "1958": 394,
        "1344": 393,
        "1646": 393,
        "942": 393,
        "2000": 393,
        "1256": 393,
        "2025": 393,
        "1937": 393,
        "754": 393,
        "1909": 392,
        "944": 392,
        "954": 391,
        "659": 391,
        "751": 391,
        "1844": 391,
        "1053": 391,
        "1853": 391,
        "1348": 391,
        "828": 391,
        "1501": 391,
        "1941": 391,
        "2009": 390,
        "1454": 390,
        "1846": 390,
        "1330": 390,
        "1051": 389,
        "1859": 388,
        "1935": 388,
        "1842": 388,
        "1044": 388,
        "1926": 388,
        "2023": 388,
        "729": 388,
        "1943": 387,
        "1959": 387,
        "1258": 387,
        "1850": 387,
        "1952": 387,
        "646": 386,
        "628": 386,
        "1049": 385,
        "2032": 385,
        "1929": 385,
        "1458": 384,
        "1457": 384,
        "655": 384,
        "2026": 383,
        "757": 383,
        "603": 383,
        "1922": 383,
        "1459": 382,
        "1845": 381,
        "1852": 381,
        "1957": 381,
        "1914": 380,
        "2029": 380,
        "829": 380,
        "1951": 380,
        "1946": 380,
        "1625": 379,
        "2031": 378,
        "1928": 378,
        "1940": 378,
        "1930": 378,
        "701": 377,
        "1855": 377,
        "1849": 377,
        "2033": 376,
        "1047": 375,
        "905": 375,
        "1948": 374,
        "1054": 374,
        "1955": 374,
        "1856": 374,
        "1301": 373,
        "2035": 373,
        "1848": 372,
        "1847": 372,
        "1920": 372,
        "1944": 371,
        "1932": 371,
        "1843": 371,
        "1857": 370,
        "1921": 369,
        "1851": 369,
        "1251": 368,
        "1927": 367,
        "759": 367,
        "656": 366,
        "1854": 365,
        "1919": 363,
        "756": 363,
        "758": 363,
        "753": 362,
        "1332": 362,
        "1052": 361,
        "2024": 359,
        "2036": 358,
        "2037": 354,
        "2038": 352,
        "2040": 346,
        "2034": 345,
        "1923": 345,
        "2042": 345,
        "658": 341,
        "2039": 338,
        "2041": 325,
        "2106": 319,
        "2102": 318,
        "2107": 318,
        "2104": 317,
        "2051": 316,
        "2043": 316,
        "2044": 307,
        "2100": 307,
        "2101": 307,
        "2105": 305,
        "2045": 305,
        "2058": 303,
        "2109": 303,
        "2209": 298,
        "2048": 295,
        "2057": 293,
        "2056": 292,
        "602": 291,
        "2108": 290,
        "2110": 289,
        "2050": 287,
        "2124": 286,
        "2111": 286,
        "2053": 285,
        "2052": 285,
        "2046": 284,
        "2116": 284,
        "2047": 284,
        "2122": 282,
        "2112": 282,
        "2049": 281,
        "2055": 280,
        "2120": 276,
        "2115": 274,
        "2114": 273,
        "2059": 272,
        "2113": 271,
        "2121": 270,
        "2103": 268,
        "2207": 265,
        "2204": 264,
        "2213": 263,
        "2054": 263,
        "2210": 263,
        "2208": 262,
        "2131": 261,
        "2128": 261,
        "2127": 260,
        "2216": 260,
        "2137": 255,
        "2220": 255,
        "2222": 254,
        "2218": 253,
        "2211": 253,
        "601": 251,
        "2206": 251,
        "2125": 250,
        "2117": 250,
        "2157": 249,
        "2123": 249,
        "2202": 247,
        "2118": 247,
        "2214": 246,
        "600": 246,
        "2132": 243,
        "2126": 242,
        "2201": 242,
        "2119": 241,
        "2136": 241,
        "2156": 240,
        "2130": 240,
        "2223": 238,
        "559": 235,
        "2215": 234,
        "2212": 232,
        "2205": 231,
        "2138": 230,
        "2129": 230,
        "2219": 229,
        "2140": 227,
        "2227": 226,
        "2200": 226,
        "2135": 226,
        "2203": 226,
        "2139": 225,
        "557": 225,
        "2154": 225,
        "553": 223,
        "2230": 223,
        "2217": 222,
        "2226": 221,
        "2134": 220,
        "2147": 220,
        "2155": 220,
        "2133": 220,
        "2234": 220,
        "2142": 219,
        "2229": 218,
        "555": 218,
        "558": 218,
        "2159": 218,
        "2225": 218,
        "2141": 216,
        "2221": 213,
        "2151": 213,
        "552": 212,
        "2232": 210,
        "554": 210,
        "2237": 207,
        "2231": 207,
        "2158": 207,
        "2143": 205,
        "2144": 204,
        "2228": 204,
        "2148": 202,
        "2146": 202,
        "2239": 202,
        "2149": 201,
        "550": 200,
        "2233": 199,
        "2240": 197,
        "2235": 197,
        "556": 197,
        "2145": 196,
        "2243": 195,
        "2238": 195,
        "2241": 193,
        "2224": 192,
        "2152": 190,
        "551": 190,
        "2153": 189,
        "2236": 188,
        "2150": 184,
        "2242": 180,
        "2247": 179,
        "2246": 179,
        "547": 178,
        "548": 177,
        "546": 174,
        "544": 173,
        "2245": 168,
        "2244": 165,
        "543": 161,
        "542": 159,
        "545": 158,
        "2249": 156,
        "549": 154,
        "2252": 154,
        "2248": 149,
        "539": 147,
        "2250": 145,
        "2251": 138,
        "540": 132,
        "537": 129,
        "2253": 129,
        "541": 128,
        "2304": 125,
        "538": 125,
        "536": 124,
        "534": 123,
        "2258": 122,
        "2255": 121,
        "2254": 117,
        "2256": 115,
        "2257": 114,
        "535": 114,
        "2259": 112,
        "2311": 108,
        "2300": 106,
        "2302": 104,
        "2325": 103,
        "2308": 100,
        "2321": 99,
        "2301": 98,
        "533": 97,
        "2313": 96,
        "2309": 96,
        "2314": 95,
        "2305": 95,
        "2307": 94,
        "2310": 94,
        "2326": 92,
        "2318": 92,
        "2323": 91,
        "2333": 91,
        "2306": 90,
        "2322": 90,
        "2324": 89,
        "2303": 89,
        "2328": 89,
        "2315": 89,
        "2327": 88,
        "2320": 86,
        "2330": 85,
        "2312": 84,
        "532": 84,
        "2329": 84,
        "2334": 83,
        "2335": 83,
        "2316": 83,
        "2348": 82,
        "2331": 79,
        "2337": 79,
        "530": 78,
        "2317": 77,
        "10": 77,
        "514": 77,
        "2319": 77,
        "511": 77,
        "2332": 75,
        "2339": 74,
        "515": 74,
        "507": 73,
        "522": 72,
        "509": 72,
        "518": 72,
        "2338": 72,
        "2340": 71,
        "519": 71,
        "2336": 70,
        "523": 69,
        "2342": 68,
        "2341": 68,
        "528": 67,
        "12": 67,
        "531": 67,
        "517": 67,
        "6": 66,
        "510": 65,
        "512": 64,
        "8": 64,
        "2": 63,
        "2344": 63,
        "4": 63,
        "527": 63,
        "524": 63,
        "3": 62,
        "13": 62,
        "11": 62,
        "2346": 62,
        "5": 61,
        "2343": 61,
        "2353": 61,
        "2345": 60,
        "508": 60,
        "516": 60,
        "529": 60,
        "520": 60,
        "18": 59,
        "2356": 58,
        "2350": 58,
        "7": 58,
        "526": 58,
        "2358": 57,
        "2351": 57,
        "15": 57,
        "513": 57,
        "16": 56,
        "2354": 56,
        "9": 56,
        "24": 56,
        "521": 55,
        "2359": 55,
        "2352": 55,
        "2349": 54,
        "525": 54,
        "14": 54,
        "37": 53,
        "506": 53,
        "1": 53,
        "505": 53,
        "2347": 51,
        "19": 50,
        "2355": 49,
        "20": 48,
        "2400": 47,
        "46": 46,
        "36": 46,
        "21": 46,
        "23": 45,
        "35": 45,
        "17": 45,
        "2357": 42,
        "40": 42,
        "504": 42,
        "22": 41,
        "29": 40,
        "31": 40,
        "28": 39,
        "30": 39,
        "54": 38,
        "33": 37,
        "52": 36,
        "106": 36,
        "39": 35,
        "27": 35,
        "25": 34,
        "34": 34,
        "59": 34,
        "103": 33,
        "26": 33,
        "41": 33,
        "45": 32,
        "38": 32,
        "49": 32,
        "108": 32,
        "44": 31,
        "47": 31,
        "56": 30,
        "58": 30,
        "109": 29,
        "32": 28,
        "101": 28,
        "53": 28,
        "503": 28,
        "50": 28,
        "42": 27,
        "48": 27,
        "51": 27,
        "104": 26,
        "55": 25,
        "57": 25,
        "107": 25,
        "43": 24,
        "111": 24,
        "105": 23,
        "120": 23,
        "102": 23,
        "112": 22,
        "110": 22,
        "150": 21,
        "100": 21,
        "123": 21,
        "118": 20,
        "119": 19,
        "155": 19,
        "114": 18,
        "142": 18,
        "115": 17,
        "121": 17,
        "113": 17,
        "502": 16,
        "138": 16,
        "148": 16,
        "154": 16,
        "117": 16,
        "124": 16,
        "134": 15,
        "125": 15,
        "140": 15,
        "157": 15,
        "158": 15,
        "130": 14,
        "126": 14,
        "127": 14,
        "144": 14,
        "143": 14,
        "132": 14,
        "149": 13,
        "137": 13,
        "200": 13,
        "151": 13,
        "501": 13,
        "147": 13,
        "152": 13,
        "153": 13,
        "122": 12,
        "500": 12,
        "128": 12,
        "136": 12,
        "146": 12,
        "203": 12,
        "116": 11,
        "215": 11,
        "139": 11,
        "145": 11,
        "201": 11,
        "135": 11,
        "141": 10,
        "133": 10,
        "156": 10,
        "204": 10,
        "213": 9,
        "202": 9,
        "206": 9,
        "205": 8,
        "129": 8,
        "208": 8,
        "300": 8,
        "131": 8,
        "214": 8,
        "219": 8,
        "459": 7,
        "226": 7,
        "218": 7,
        "207": 7,
        "209": 7,
        "251": 7,
        "159": 7,
        "227": 7,
        "244": 7,
        "210": 7,
        "306": 6,
        "233": 6,
        "331": 6,
        "319": 6,
        "322": 6,
        "256": 6,
        "352": 6,
        "255": 6,
        "212": 6,
        "216": 5,
        "457": 5,
        "241": 5,
        "423": 5,
        "308": 5,
        "257": 5,
        "458": 5,
        "318": 5,
        "325": 5,
        "302": 5,
        "230": 5,
        "353": 5,
        "454": 5,
        "335": 4,
        "211": 4,
        "235": 4,
        "221": 4,
        "309": 4,
        "313": 4,
        "252": 4,
        "412": 4,
        "249": 4,
        "246": 4,
        "234": 4,
        "340": 4,
        "301": 4,
        "344": 4,
        "254": 4,
        "310": 4,
        "343": 4,
        "250": 4,
        "316": 4,
        "408": 4,
        "258": 4,
        "323": 4,
        "349": 4,
        "428": 4,
        "320": 4,
        "443": 3,
        "407": 3,
        "311": 3,
        "338": 3,
        "406": 3,
        "433": 3,
        "238": 3,
        "307": 3,
        "420": 3,
        "445": 3,
        "228": 3,
        "401": 3,
        "404": 3,
        "312": 3,
        "239": 3,
        "304": 3,
        "329": 3,
        "220": 3,
        "314": 3,
        "419": 3,
        "453": 3,
        "416": 3,
        "435": 3,
        "413": 3,
        "452": 3,
        "351": 3,
        "317": 3,
        "426": 3,
        "224": 3,
        "222": 3,
        "303": 3,
        "430": 3,
        "232": 2,
        "354": 2,
        "424": 2,
        "447": 2,
        "425": 2,
        "236": 2,
        "240": 2,
        "248": 2,
        "348": 2,
        "436": 2,
        "217": 2,
        "410": 2,
        "417": 2,
        "315": 2,
        "448": 2,
        "400": 2,
        "341": 2,
        "333": 2,
        "409": 2,
        "456": 2,
        "223": 2,
        "347": 2,
        "231": 2,
        "422": 2,
        "326": 2,
        "259": 2,
        "455": 2,
        "328": 2,
        "243": 2,
        "225": 2,
        "438": 2,
        "449": 2,
        "415": 1,
        "431": 1,
        "432": 1,
        "414": 1,
        "237": 1,
        "305": 1,
        "346": 1,
        "357": 1,
        "334": 1,
        "444": 1,
        "450": 1,
        "440": 1,
        "332": 1,
        "427": 1,
        "441": 1,
        "321": 1,
        "342": 1,
        "336": 1,
        "330": 1,
        "229": 1,
        "247": 1,
        "358": 1,
        "242": 1,
        "345": 1,
        "403": 1,
        "253": 1,
        "411": 1,
        "402": 1,
        "356": 1,
        "451": 1,
        "434": 1,
        "437": 1,
        "327": 1
    },
    "nrows": 445827
}