{
    "column_id": "Airline/On_Time_On_Time_Performance_2016_1.csvOn_Time_On_Time_Performance_2016_1.csv/Distance",
    "dataset_name": "On_Time_On_Time_Performance_2016_1.csv",
    "dataset_id": "Airline/On_Time_On_Time_Performance_2016_1.csv",
    "path": "/home/ubuntu/CatDB/Experiments/data/Airline/On_Time_On_Time_Performance_2016_1.csv",
    "table_name": "On_Time_On_Time_Performance_2016_1.csv",
    "table_id": "Airline/On_Time_On_Time_Performance_2016_1.csvOn_Time_On_Time_Performance_2016_1.csv",
    "column_name": "Distance",
    "data_source": "Airline",
    "data_type": "int",
    "total_values_count": 445827,
    "distinct_values_count": 1246,
    "missing_values_count": 0,
    "true_ratio": null,
    "min_value": 31.0,
    "max_value": 4983.0,
    "mean": 844.2338799579209,
    "median": 679.0,
    "iqr": 695.0,
    "category_values": [
        986,
        2422,
        1829,
        868,
        214,
        550,
        992,
        2311,
        1012,
        1005,
        1709,
        2504,
        1121,
        964,
        1089,
        1521,
        2342,
        944,
        2174,
        1055,
        236,
        989,
        813,
        1623,
        867,
        2475,
        187,
        2611,
        1119,
        985,
        2585,
        337,
        2248,
        2486,
        1744,
        204,
        1391,
        1205,
        1514,
        3784,
        175,
        3711,
        2586,
        541,
        1168,
        1660,
        1303,
        921,
        1258,
        2556,
        2724,
        950,
        1464,
        449,
        1721,
        1846,
        192,
        2218,
        646,
        1061,
        1372,
        1192,
        1242,
        1172,
        1158,
        740,
        1616,
        1389,
        529,
        594,
        1438,
        1235,
        1562,
        282,
        650,
        551,
        268,
        678,
        96,
        612,
        1723,
        641,
        247,
        1251,
        1068,
        631,
        399,
        1188,
        1047,
        2446,
        1739,
        1096,
        802,
        1431,
        213,
        184,
        1726,
        733,
        1972,
        2615,
        1045,
        569,
        1212,
        1797,
        237,
        1182,
        1145,
        1017,
        946,
        918,
        1197,
        675,
        919,
        731,
        334,
        224,
        258,
        460,
        761,
        1085,
        1107,
        700,
        1171,
        1651,
        852,
        190,
        888,
        1013,
        936,
        1440,
        1262,
        1217,
        592,
        719,
        447,
        853,
        2072,
        1437,
        977,
        1598,
        1067,
        1120,
        1345,
        624,
        2267,
        403,
        469,
        1126,
        583,
        721,
        1102,
        255,
        861,
        1007,
        1475,
        1592,
        599,
        1103,
        1947,
        929,
        1313,
        1139,
        304,
        2153,
        585,
        1021,
        1194,
        926,
        993,
        951,
        722,
        1009,
        769,
        2165,
        1020,
        1671,
        1849,
        748,
        735,
        606,
        912,
        1471,
        1501,
        2288,
        784,
        1144,
        1788,
        601,
        325,
        621,
        602,
        1162,
        2088,
        2917,
        2296,
        1587,
        431,
        2133,
        1222,
        1250,
        1150,
        1520,
        1143,
        235,
        1810,
        872,
        2176,
        1032,
        2845,
        1488,
        651,
        2521,
        2075,
        1979,
        1044,
        338,
        632,
        1737,
        1037,
        1337,
        1916,
        2300,
        1670,
        1773,
        507,
        1276,
        647,
        290,
        1999,
        1727,
        370,
        2370,
        1814,
        1558,
        2077,
        226,
        1460,
        2244,
        1995,
        899,
        600,
        2378,
        728,
        468,
        2279,
        2402,
        2552,
        2089,
        2860,
        2125,
        361,
        280,
        920,
        2979,
        544,
        331,
        814,
        930,
        2136,
        1576,
        575,
        511,
        2239,
        427,
        1325,
        366,
        546,
        130,
        328,
        644,
        257,
        808,
        1605,
        2158,
        603,
        666,
        430,
        1927,
        590,
        857,
        500,
        1035,
        759,
        634,
        742,
        493,
        335,
        119,
        1746,
        2282,
        683,
        1095,
        185,
        573,
        980,
        588,
        949,
        196,
        168,
        83,
        892,
        90,
        969,
        313,
        413,
        496,
        843,
        453,
        1455,
        350,
        2631,
        2562,
        2404,
        605,
        2607,
        2541,
        2417,
        2640,
        2701,
        2603,
        2349,
        2688,
        2466,
        2677,
        2676,
        2797,
        2777,
        2874,
        2614,
        2715,
        2329,
        2554,
        2496,
        1399,
        2537,
        2717,
        253,
        725,
        627,
        261,
        503,
        234,
        680,
        198,
        160,
        909,
        571,
        95,
        183,
        31,
        123,
        82,
        1448,
        1533,
        1542,
        2846,
        2345,
        539,
        548,
        697,
        978,
        679,
        1050,
        933,
        421,
        672,
        689,
        129,
        954,
        834,
        93,
        956,
        987,
        873,
        937,
        859,
        763,
        1216,
        1774,
        1024,
        1770,
        630,
        626,
        2306,
        1874,
        1978,
        2182,
        1489,
        2354,
        2415,
        2149,
        2350,
        2335,
        2588,
        2520,
        1180,
        2086,
        2355,
        2681,
        2409,
        2384,
        2457,
        2304,
        1179,
        414,
        1189,
        2411,
        353,
        1028,
        1173,
        1674,
        1249,
        1237,
        2689,
        1072,
        828,
        264,
        1754,
        1065,
        1105,
        2465,
        395,
        1111,
        2704,
        1118,
        1023,
        997,
        2584,
        1428,
        925,
        1069,
        965,
        369,
        563,
        1053,
        1062,
        2569,
        1076,
        1185,
        2343,
        1129,
        354,
        1220,
        1617,
        2381,
        1931,
        1693,
        68,
        1097,
        718,
        444,
        1046,
        231,
        1074,
        1609,
        972,
        319,
        1698,
        474,
        1010,
        846,
        470,
        1133,
        805,
        1056,
        667,
        2454,
        228,
        787,
        636,
        1608,
        1554,
        1226,
        209,
        1011,
        1127,
        266,
        1080,
        818,
        1091,
        301,
        994,
        1211,
        1666,
        1166,
        200,
        273,
        2173,
        901,
        1826,
        1990,
        1204,
        1626,
        1073,
        1041,
        2576,
        387,
        94,
        1368,
        2602,
        891,
        407,
        170,
        1077,
        1522,
        1175,
        762,
        757,
        425,
        1282,
        981,
        1124,
        1535,
        386,
        1195,
        409,
        1851,
        1956,
        516,
        4502,
        164,
        545,
        2079,
        1481,
        1298,
        223,
        515,
        547,
        1599,
        577,
        1678,
        1620,
        640,
        907,
        1416,
        393,
        645,
        317,
        404,
        134,
        1547,
        821,
        692,
        528,
        341,
        406,
        1532,
        1174,
        1142,
        760,
        1084,
        669,
        714,
        1310,
        1953,
        270,
        526,
        1426,
        991,
        356,
        271,
        1749,
        143,
        153,
        1747,
        2139,
        532,
        2172,
        534,
        158,
        931,
        488,
        227,
        484,
        765,
        591,
        903,
        1589,
        1919,
        1184,
        749,
        874,
        368,
        746,
        120,
        373,
        352,
        508,
        3972,
        332,
        1590,
        321,
        1450,
        983,
        442,
        4983,
        1640,
        1029,
        1269,
        581,
        502,
        1306,
        1008,
        2092,
        1199,
        1892,
        306,
        1312,
        2105,
        696,
        106,
        549,
        1027,
        712,
        436,
        405,
        481,
        457,
        957,
        432,
        311,
        782,
        1900,
        620,
        240,
        357,
        509,
        250,
        554,
        589,
        1865,
        292,
        259,
        448,
        726,
        1352,
        1086,
        1039,
        629,
        1299,
        1930,
        1894,
        794,
        408,
        2519,
        1638,
        1405,
        1156,
        879,
        1546,
        151,
        1183,
        1517,
        1087,
        1969,
        783,
        347,
        501,
        377,
        1541,
        456,
        297,
        558,
        391,
        932,
        1619,
        205,
        1572,
        1123,
        241,
        952,
        1487,
        829,
        773,
        2994,
        674,
        152,
        2116,
        2398,
        1679,
        693,
        896,
        701,
        862,
        1635,
        628,
        2039,
        1524,
        1506,
        464,
        967,
        1607,
        1476,
        869,
        1014,
        1824,
        895,
        854,
        1371,
        979,
        882,
        775,
        1090,
        758,
        770,
        524,
        812,
        1436,
        533,
        1201,
        927,
        1370,
        826,
        801,
        1025,
        472,
        1026,
        1066,
        945,
        2762,
        2462,
        2338,
        584,
        302,
        109,
        1454,
        363,
        738,
        296,
        308,
        121,
        422,
        615,
        1340,
        102,
        100,
        163,
        216,
        84,
        201,
        622,
        866,
        2052,
        1075,
        743,
        707,
        440,
        288,
        752,
        1379,
        197,
        2599,
        982,
        466,
        1457,
        1176,
        913,
        1703,
        305,
        177,
        2106,
        966,
        1363,
        327,
        922,
        89,
        293,
        771,
        309,
        383,
        140,
        475,
        396,
        482,
        285,
        695,
        316,
        127,
        643,
        419,
        744,
        166,
        837,
        110,
        105,
        67,
        438,
        840,
        144,
        596,
        252,
        1042,
        566,
        157,
        220,
        455,
        1304,
        229,
        911,
        191,
        141,
        616,
        657,
        125,
        1482,
        137,
        451,
        948,
        780,
        737,
        73,
        495,
        791,
        848,
        522,
        751,
        188,
        397,
        174,
        824,
        1836,
        531,
        359,
        845,
        212,
        562,
        1154,
        871,
        1034,
        649,
        916,
        420,
        607,
        792,
        776,
        326,
        300,
        574,
        274,
        74,
        521,
        1500,
        230,
        284,
        887,
        128,
        402,
        155,
        1550,
        781,
        491,
        374,
        462,
        598,
        375,
        98,
        489,
        1404,
        639,
        1117,
        483,
        850,
        565,
        76,
        222,
        849,
        984,
        1334,
        1254,
        342,
        1187,
        238,
        77,
        86,
        314,
        344,
        193,
        172,
        604,
        463,
        349,
        1735,
        299,
        262,
        1031,
        587,
        1149,
        260,
        360,
        517,
        844,
        429,
        552,
        243,
        637,
        557,
        372,
        536,
        1015,
        458,
        618,
        543,
        286,
        576,
        1694,
        1519,
        113,
        423,
        1504,
        426,
        819,
        1715,
        908,
        817,
        232,
        955,
        416,
        329,
        108,
        807,
        1499,
        1083,
        1384,
        207,
        664,
        898,
        318,
        774,
        836,
        902,
        838,
        1708,
        411,
        133,
        642,
        287,
        694,
        389,
        542,
        525,
        116,
        788,
        173,
        179,
        199,
        351,
        809,
        1214,
        723,
        1672,
        996,
        717,
        269,
        638,
        118,
        156,
        804,
        864,
        1385,
        323,
        833,
        343,
        1530,
        298,
        851,
        97,
        677,
        320,
        410,
        272,
        378,
        461,
        114,
        150,
        1346,
        4962,
        2565,
        4817,
        3801,
        1190,
        4243,
        2253,
        2227,
        1911,
        3904,
        1491,
        2419,
        1943,
        811,
        1452,
        1571,
        2065,
        1290,
        1597,
        1400,
        1795,
        1585,
        2442,
        2434,
        2405,
        2447,
        2007,
        2425,
        1825,
        2367,
        1208,
        3302,
        1634,
        2400,
        2161,
        1167,
        1725,
        934,
        1186,
        4184,
        1582,
        1882,
        358,
        221,
        1781,
        1839,
        1728,
        2449,
        3414,
        1606,
        3329,
        1265,
        3365,
        412,
        1381,
        189,
        894,
        283,
        346,
        365,
        519,
        239,
        990,
        1411,
        345,
        248,
        1569,
        148,
        2254,
        1362,
        1297,
        2327,
        2358,
        886,
        2018,
        1750,
        1092,
        793,
        1081,
        1246,
        580,
        486,
        889,
        289,
        2237,
        1130,
        2130,
        756,
        1342,
        1315,
        1497,
        1164,
        1209,
        928,
        2297,
        777,
        682,
        570,
        1618,
        479,
        459,
        942,
        439,
        623,
        401,
        670,
        764,
        281,
        452,
        663,
        611,
        998,
        159,
        883,
        210,
        277,
        2295,
        1407,
        1565,
        842,
        745,
        307,
        973,
        1771,
        2110,
        1108,
        333,
        755,
        1468,
        181,
        1295,
        1060,
        1052,
        999,
        1442,
        917,
        1218,
        1447,
        715,
        711,
        1243,
        1057,
        1733,
        1036,
        806,
        382,
        816,
        1390,
        441,
        1642,
        1131,
        1357,
        687,
        660,
        971,
        1986,
        1294,
        795,
        1099,
        1910,
        2026,
        1624,
        1984,
        446,
        417,
        480,
        822,
        494,
        786,
        727,
        1855,
        1845,
        1838,
        1259,
        1790,
        390,
        1731,
        371,
        251,
        1048,
        655,
        1136,
        1079,
        935,
        1756,
        1256,
        684,
        1033,
        825,
        1844,
        691,
        1706,
        704,
        1751,
        668,
        1444,
        860,
        471,
        1903,
        1300,
        1959,
        512,
        362,
        1449,
        1912,
        1891,
        1138,
        1147,
        1997,
        559,
        1557,
        779,
        437,
        162,
        1200,
        1022,
        1965,
        2036,
        610,
        69,
        485,
        1134,
        310,
        595,
        435,
        767,
        1157,
        295,
        376,
        820,
        122,
        139,
        510,
        398,
        708,
        900,
        246,
        953,
        878,
        115,
        572,
        445,
        195,
        169,
        803,
        487,
        799,
        147,
        975,
        633,
        961,
        208,
        145,
        970,
        831,
        841,
        617,
        579,
        476,
        505,
        659,
        433,
        705,
        789,
        537,
        254,
        750,
        1148,
        963,
        778,
        1330
    ],
    "embedding": [
        -1.0,
        -1.0,
        -1.0,
        1.0,
        -1.0,
        1.0,
        -1.0,
        -1.0,
        -0.9995156526565552,
        -1.0,
        1.0,
        -1.0,
        -1.0,
        1.0,
        1.0,
        1.0,
        1.0,
        -1.0,
        1.0,
        -1.0,
        1.0,
        -1.0,
        1.0,
        -1.0,
        1.0,
        -1.0,
        -1.0,
        1.0,
        -1.0,
        -1.0,
        1.0,
        1.0,
        -1.0,
        -1.0,
        -1.0,
        1.0,
        -1.0,
        1.0,
        1.0,
        -1.0,
        -1.0,
        1.0,
        -1.0,
        -1.0,
        -1.0,
        -1.0,
        1.0,
        -1.0,
        -0.9997842907905579,
        -0.9781837463378906,
        -1.0,
        1.0,
        1.0,
        1.0,
        -1.0,
        1.0,
        1.0,
        1.0,
        -1.0,
        0.9988518953323364,
        -1.0,
        -1.0,
        1.0,
        -1.0,
        1.0,
        -1.0,
        1.0,
        -1.0,
        1.0,
        1.0,
        1.0,
        -1.0,
        -1.0,
        -1.0,
        -1.0,
        1.0,
        1.0,
        1.0,
        1.0,
        1.0,
        1.0,
        1.0,
        1.0,
        -1.0,
        -1.0,
        1.0,
        -1.0,
        1.0,
        1.0,
        1.0,
        -1.0,
        1.0,
        1.0,
        -1.0,
        1.0,
        -1.0,
        1.0,
        -1.0,
        -1.0,
        -1.0,
        -0.9979587197303772,
        -1.0,
        1.0,
        -1.0,
        -1.0,
        1.0,
        1.0,
        1.0,
        -1.0,
        -1.0,
        1.0,
        -1.0,
        -1.0,
        1.0,
        1.0,
        1.0,
        1.0,
        1.0,
        1.0,
        -1.0,
        -1.0,
        1.0,
        -1.0,
        -1.0,
        1.0,
        -1.0,
        -1.0,
        -0.9979193806648254,
        -1.0,
        1.0,
        -1.0,
        1.0,
        -1.0,
        -1.0,
        1.0,
        -1.0,
        -1.0,
        1.0,
        1.0,
        -1.0,
        1.0,
        1.0,
        1.0,
        -1.0,
        1.0,
        -1.0,
        1.0,
        -1.0,
        -1.0,
        -1.0,
        0.9982374310493469,
        -1.0,
        1.0,
        -1.0,
        1.0,
        -1.0,
        1.0,
        -1.0,
        1.0,
        -1.0,
        -1.0,
        1.0,
        -1.0,
        -1.0,
        1.0,
        -1.0,
        1.0,
        -1.0,
        -1.0,
        -1.0,
        -1.0,
        -1.0,
        1.0,
        1.0,
        -1.0,
        -1.0,
        1.0,
        -1.0,
        -1.0,
        -1.0,
        1.0,
        -1.0,
        -1.0,
        -1.0,
        1.0,
        -1.0,
        1.0,
        -1.0,
        -1.0,
        -1.0,
        1.0,
        1.0,
        1.0,
        1.0,
        -1.0,
        -1.0,
        1.0,
        -1.0,
        -1.0,
        1.0,
        -1.0,
        1.0,
        -1.0,
        -1.0,
        -1.0,
        -1.0,
        1.0,
        1.0,
        -1.0,
        -1.0,
        -1.0,
        1.0,
        -1.0,
        -1.0,
        -1.0,
        1.0,
        -1.0,
        1.0,
        -1.0,
        -1.0,
        1.0,
        -1.0,
        -1.0,
        1.0,
        -0.9994459748268127,
        -0.9785968661308289,
        1.0,
        -1.0,
        -1.0,
        -1.0,
        1.0,
        -1.0,
        1.0,
        -1.0,
        -1.0,
        1.0,
        -1.0,
        1.0,
        1.0,
        -0.9998266100883484,
        1.0,
        -0.9689190983772278,
        1.0,
        -1.0,
        1.0,
        1.0,
        -1.0,
        -1.0,
        -1.0,
        1.0,
        1.0,
        1.0,
        -1.0,
        -1.0,
        -1.0,
        1.0,
        1.0,
        -1.0,
        -1.0,
        -1.0,
        1.0,
        1.0,
        1.0,
        -1.0,
        1.0,
        -1.0,
        -1.0,
        -1.0,
        1.0,
        1.0,
        -0.9984568357467651,
        -1.0,
        -1.0,
        1.0,
        -1.0,
        1.0,
        1.0,
        1.0,
        1.0,
        1.0,
        1.0,
        -1.0,
        1.0,
        1.0,
        1.0,
        -1.0,
        -1.0,
        1.0,
        -1.0,
        -1.0,
        -1.0,
        1.0,
        -1.0,
        -1.0,
        -1.0,
        -1.0,
        -1.0,
        1.0,
        1.0,
        0.999999463558197
    ],
    "embedding_scaling_factor": 36.57933807373047,
    "samples": [
        912,
        547,
        515,
        391,
        1192,
        1733,
        813,
        919,
        453,
        2717,
        2088,
        1956,
        347,
        371,
        994,
        148,
        879,
        610,
        599,
        787,
        306,
        1204,
        1533,
        372,
        102,
        200,
        377,
        1121,
        95,
        626,
        1399,
        1990,
        550,
        692,
        1437,
        1005,
        255,
        867,
        814,
        868,
        1262,
        760,
        689,
        1670,
        361,
        950,
        1671,
        192,
        2419,
        238,
        811,
        1476,
        545,
        794,
        770,
        550,
        852,
        1390,
        596,
        996,
        1184,
        1085,
        93,
        874,
        925,
        480,
        331,
        759,
        541,
        846,
        862,
        310,
        861,
        2176,
        2125,
        590,
        214,
        500,
        130,
        853,
        647,
        1258,
        594,
        1050,
        224,
        188,
        842,
        862,
        130,
        562,
        1558,
        204,
        1671,
        1123,
        2704,
        1590,
        1589,
        1237,
        601,
        370
    ],
    "category_values_ratio": {
        "337": 4217,
        "447": 2344,
        "404": 2215,
        "399": 2178,
        "236": 2105,
        "594": 2048,
        "2475": 1943,
        "862": 1854,
        "214": 1789,
        "925": 1764,
        "802": 1749,
        "192": 1737,
        "867": 1732,
        "190": 1683,
        "651": 1658,
        "1235": 1622,
        "588": 1614,
        "406": 1607,
        "733": 1598,
        "391": 1545,
        "641": 1543,
        "954": 1532,
        "100": 1531,
        "1005": 1520,
        "414": 1507,
        "226": 1502,
        "861": 1462,
        "507": 1461,
        "689": 1448,
        "370": 1440,
        "528": 1421,
        "1121": 1413,
        "628": 1409,
        "1107": 1392,
        "255": 1381,
        "581": 1372,
        "937": 1365,
        "102": 1349,
        "666": 1349,
        "602": 1344,
        "612": 1334,
        "224": 1327,
        "304": 1325,
        "1744": 1324,
        "1069": 1322,
        "328": 1320,
        "2586": 1303,
        "632": 1294,
        "223": 1288,
        "762": 1278,
        "258": 1273,
        "599": 1271,
        "646": 1267,
        "425": 1249,
        "373": 1229,
        "184": 1227,
        "680": 1224,
        "590": 1224,
        "1846": 1216,
        "679": 1214,
        "577": 1212,
        "1197": 1156,
        "888": 1153,
        "237": 1153,
        "946": 1153,
        "448": 1153,
        "500": 1133,
        "550": 1133,
        "547": 1130,
        "731": 1129,
        "163": 1127,
        "187": 1124,
        "239": 1122,
        "853": 1109,
        "325": 1108,
        "787": 1095,
        "1096": 1084,
        "334": 1078,
        "936": 1072,
        "216": 1061,
        "1947": 1051,
        "1076": 1048,
        "270": 1045,
        "296": 1042,
        "369": 1033,
        "967": 1028,
        "606": 1015,
        "1050": 1013,
        "813": 1011,
        "1024": 1008,
        "1009": 1001,
        "308": 999,
        "569": 986,
        "957": 980,
        "247": 966,
        "1440": 958,
        "67": 952,
        "302": 948,
        "834": 945,
        "1303": 944,
        "451": 943,
        "991": 942,
        "1448": 941,
        "468": 939,
        "944": 932,
        "541": 931,
        "601": 930,
        "331": 930,
        "1182": 925,
        "919": 921,
        "551": 920,
        "201": 914,
        "692": 897,
        "2556": 894,
        "545": 893,
        "356": 893,
        "546": 892,
        "432": 883,
        "280": 879,
        "563": 877,
        "2454": 873,
        "453": 873,
        "759": 868,
        "363": 865,
        "228": 856,
        "349": 856,
        "1199": 852,
        "746": 845,
        "1464": 838,
        "719": 834,
        "562": 823,
        "1389": 818,
        "1013": 813,
        "2565": 811,
        "460": 811,
        "872": 810,
        "368": 805,
        "386": 803,
        "907": 798,
        "332": 796,
        "160": 793,
        "342": 792,
        "985": 784,
        "1276": 781,
        "591": 781,
        "721": 778,
        "1587": 776,
        "1514": 773,
        "1598": 773,
        "1020": 767,
        "409": 766,
        "950": 761,
        "1747": 760,
        "678": 756,
        "405": 755,
        "1379": 755,
        "338": 754,
        "977": 747,
        "484": 744,
        "372": 744,
        "134": 742,
        "544": 742,
        "395": 740,
        "868": 735,
        "449": 732,
        "516": 730,
        "436": 728,
        "1055": 727,
        "964": 727,
        "895": 726,
        "986": 724,
        "846": 722,
        "534": 720,
        "488": 708,
        "1521": 703,
        "529": 702,
        "1065": 698,
        "852": 695,
        "515": 690,
        "1416": 689,
        "1089": 688,
        "250": 684,
        "589": 680,
        "197": 677,
        "284": 672,
        "200": 672,
        "533": 672,
        "587": 670,
        "306": 669,
        "366": 666,
        "761": 666,
        "859": 664,
        "316": 663,
        "605": 663,
        "130": 656,
        "763": 656,
        "1670": 655,
        "397": 654,
        "1246": 653,
        "481": 648,
        "2248": 648,
        "728": 646,
        "1237": 640,
        "2704": 637,
        "1085": 636,
        "283": 634,
        "738": 632,
        "748": 631,
        "697": 620,
        "696": 616,
        "909": 614,
        "1035": 614,
        "1192": 613,
        "1546": 611,
        "480": 607,
        "419": 605,
        "1171": 605,
        "407": 604,
        "725": 604,
        "277": 604,
        "502": 602,
        "1476": 598,
        "377": 597,
        "2611": 597,
        "997": 597,
        "1067": 595,
        "2288": 593,
        "446": 592,
        "621": 592,
        "920": 591,
        "196": 590,
        "814": 590,
        "854": 589,
        "282": 588,
        "1189": 586,
        "266": 583,
        "1222": 583,
        "271": 582,
        "978": 582,
        "874": 581,
        "989": 581,
        "647": 579,
        "462": 579,
        "1023": 577,
        "235": 576,
        "1721": 574,
        "626": 572,
        "672": 572,
        "305": 568,
        "1590": 566,
        "992": 566,
        "345": 566,
        "427": 564,
        "248": 564,
        "2419": 562,
        "2342": 562,
        "1605": 561,
        "1072": 561,
        "669": 560,
        "630": 560,
        "383": 559,
        "2402": 559,
        "1119": 559,
        "361": 557,
        "264": 557,
        "456": 554,
        "189": 554,
        "1400": 553,
        "1660": 553,
        "526": 553,
        "290": 552,
        "489": 551,
        "417": 550,
        "896": 548,
        "1620": 547,
        "650": 545,
        "584": 544,
        "1452": 544,
        "1127": 542,
        "883": 540,
        "259": 540,
        "667": 540,
        "1979": 538,
        "1084": 538,
        "1535": 538,
        "760": 537,
        "300": 537,
        "423": 537,
        "444": 537,
        "89": 535,
        "983": 532,
        "1046": 529,
        "674": 529,
        "926": 527,
        "1749": 525,
        "771": 524,
        "495": 523,
        "319": 521,
        "1635": 521,
        "508": 520,
        "199": 520,
        "842": 519,
        "371": 516,
        "1671": 514,
        "240": 513,
        "474": 513,
        "429": 513,
        "1120": 511,
        "899": 510,
        "272": 509,
        "227": 509,
        "775": 507,
        "140": 507,
        "631": 506,
        "1028": 503,
        "455": 502,
        "358": 502,
        "323": 501,
        "1242": 500,
        "1205": 500,
        "175": 499,
        "327": 499,
        "301": 497,
        "1773": 495,
        "793": 491,
        "106": 489,
        "262": 488,
        "930": 486,
        "1012": 482,
        "1123": 482,
        "421": 482,
        "479": 478,
        "966": 476,
        "326": 475,
        "1562": 475,
        "2218": 475,
        "472": 475,
        "1399": 473,
        "1504": 473,
        "321": 469,
        "912": 469,
        "1188": 467,
        "980": 467,
        "1250": 463,
        "416": 459,
        "143": 458,
        "1184": 458,
        "293": 457,
        "1045": 456,
        "566": 456,
        "554": 454,
        "204": 453,
        "1723": 448,
        "1299": 447,
        "253": 446,
        "2182": 446,
        "1506": 444,
        "1381": 442,
        "125": 442,
        "2075": 441,
        "119": 441,
        "990": 441,
        "1249": 440,
        "341": 438,
        "829": 437,
        "153": 437,
        "1258": 434,
        "1068": 433,
        "668": 431,
        "1062": 431,
        "413": 431,
        "2153": 430,
        "351": 429,
        "257": 429,
        "438": 427,
        "353": 427,
        "849": 426,
        "879": 425,
        "2446": 424,
        "1075": 424,
        "929": 423,
        "1927": 423,
        "151": 422,
        "622": 421,
        "347": 416,
        "2139": 415,
        "2486": 415,
        "442": 414,
        "837": 413,
        "1337": 413,
        "1139": 412,
        "73": 411,
        "583": 411,
        "677": 406,
        "2133": 405,
        "157": 404,
        "1010": 402,
        "402": 400,
        "501": 399,
        "770": 397,
        "362": 395,
        "781": 395,
        "2398": 394,
        "1576": 391,
        "109": 390,
        "1105": 390,
        "1589": 386,
        "84": 385,
        "147": 383,
        "794": 383,
        "297": 382,
        "1195": 382,
        "251": 380,
        "585": 378,
        "1754": 378,
        "86": 376,
        "1310": 376,
        "1444": 373,
        "2422": 372,
        "1558": 370,
        "649": 370,
        "1874": 369,
        "390": 367,
        "972": 365,
        "2176": 364,
        "2329": 362,
        "758": 362,
        "177": 360,
        "2521": 359,
        "1892": 356,
        "1044": 356,
        "948": 355,
        "458": 354,
        "261": 352,
        "1262": 350,
        "2125": 350,
        "600": 350,
        "1491": 350,
        "604": 350,
        "2343": 349,
        "2677": 348,
        "493": 348,
        "333": 346,
        "639": 344,
        "1990": 344,
        "1014": 343,
        "491": 343,
        "1814": 343,
        "164": 342,
        "611": 341,
        "1709": 340,
        "108": 338,
        "522": 338,
        "1608": 334,
        "181": 334,
        "408": 333,
        "503": 330,
        "2227": 328,
        "83": 327,
        "191": 326,
        "645": 326,
        "231": 324,
        "640": 324,
        "2338": 322,
        "1011": 322,
        "627": 321,
        "222": 320,
        "1703": 320,
        "209": 319,
        "711": 319,
        "1372": 318,
        "1091": 316,
        "575": 316,
        "1124": 316,
        "496": 315,
        "1750": 315,
        "314": 314,
        "1211": 313,
        "994": 313,
        "1034": 312,
        "951": 312,
        "717": 311,
        "2174": 310,
        "882": 310,
        "129": 309,
        "74": 309,
        "616": 308,
        "844": 307,
        "1047": 305,
        "1972": 305,
        "387": 305,
        "933": 304,
        "642": 304,
        "2106": 303,
        "543": 301,
        "152": 301,
        "1061": 301,
        "2584": 301,
        "571": 299,
        "1609": 297,
        "95": 296,
        "148": 295,
        "2296": 294,
        "1216": 294,
        "580": 293,
        "931": 293,
        "634": 293,
        "1201": 293,
        "850": 292,
        "1145": 292,
        "292": 291,
        "1428": 291,
        "1209": 290,
        "945": 290,
        "644": 290,
        "174": 289,
        "1066": 288,
        "624": 287,
        "1438": 286,
        "281": 286,
        "1167": 285,
        "393": 285,
        "695": 285,
        "1726": 284,
        "213": 284,
        "313": 283,
        "1390": 283,
        "1797": 283,
        "531": 282,
        "220": 280,
        "1306": 280,
        "817": 280,
        "307": 279,
        "1916": 279,
        "723": 278,
        "808": 277,
        "1041": 277,
        "532": 276,
        "821": 274,
        "1074": 272,
        "238": 271,
        "1346": 270,
        "574": 270,
        "737": 269,
        "838": 268,
        "700": 268,
        "1547": 267,
        "1739": 266,
        "1325": 264,
        "780": 263,
        "120": 262,
        "113": 260,
        "993": 260,
        "1592": 259,
        "2615": 258,
        "357": 258,
        "1437": 258,
        "440": 258,
        "1999": 257,
        "629": 257,
        "431": 257,
        "1032": 257,
        "110": 256,
        "1616": 256,
        "1180": 254,
        "1185": 254,
        "596": 254,
        "1597": 253,
        "1849": 253,
        "973": 252,
        "166": 252,
        "475": 251,
        "1017": 251,
        "452": 251,
        "1037": 251,
        "483": 251,
        "317": 250,
        "1824": 249,
        "712": 249,
        "289": 249,
        "1056": 248,
        "2640": 248,
        "374": 247,
        "156": 247,
        "2039": 247,
        "2300": 247,
        "740": 246,
        "913": 246,
        "1371": 246,
        "620": 245,
        "1481": 245,
        "1626": 244,
        "241": 244,
        "1183": 244,
        "1524": 240,
        "1090": 240,
        "1431": 240,
        "1460": 240,
        "1488": 240,
        "273": 240,
        "1313": 238,
        "1073": 238,
        "1129": 238,
        "749": 238,
        "987": 237,
        "1021": 237,
        "329": 236,
        "486": 236,
        "352": 234,
        "1217": 234,
        "463": 234,
        "1269": 233,
        "1218": 233,
        "170": 233,
        "188": 233,
        "299": 232,
        "722": 232,
        "843": 232,
        "310": 232,
        "1172": 231,
        "173": 230,
        "1674": 230,
        "836": 230,
        "311": 230,
        "675": 228,
        "159": 227,
        "1142": 226,
        "833": 225,
        "820": 225,
        "657": 224,
        "1533": 224,
        "2585": 224,
        "1363": 223,
        "670": 223,
        "655": 220,
        "570": 220,
        "683": 220,
        "517": 219,
        "403": 219,
        "230": 219,
        "471": 218,
        "687": 218,
        "1931": 215,
        "819": 215,
        "549": 214,
        "1190": 211,
        "2072": 210,
        "2504": 210,
        "343": 210,
        "694": 209,
        "764": 208,
        "2378": 208,
        "2496": 206,
        "1111": 204,
        "636": 202,
        "1204": 202,
        "1173": 202,
        "857": 201,
        "1599": 201,
        "956": 201,
        "1436": 201,
        "365": 199,
        "873": 199,
        "466": 198,
        "1482": 196,
        "979": 196,
        "426": 195,
        "1102": 194,
        "1728": 194,
        "1166": 194,
        "776": 192,
        "557": 191,
        "869": 191,
        "866": 191,
        "1475": 190,
        "1052": 190,
        "1053": 189,
        "573": 188,
        "828": 187,
        "592": 187,
        "735": 186,
        "524": 186,
        "2311": 186,
        "1126": 186,
        "1086": 186,
        "804": 186,
        "1136": 186,
        "918": 186,
        "1500": 186,
        "354": 185,
        "482": 185,
        "1450": 185,
        "1487": 184,
        "2917": 184,
        "718": 184,
        "2173": 184,
        "2381": 184,
        "268": 182,
        "971": 182,
        "751": 181,
        "430": 181,
        "663": 181,
        "1426": 180,
        "2306": 180,
        "1733": 178,
        "172": 178,
        "927": 178,
        "396": 177,
        "922": 177,
        "411": 176,
        "198": 176,
        "576": 176,
        "1919": 176,
        "2065": 175,
        "2253": 175,
        "1735": 175,
        "623": 175,
        "350": 175,
        "469": 175,
        "818": 174,
        "782": 174,
        "205": 174,
        "422": 174,
        "2434": 173,
        "911": 172,
        "1342": 172,
        "1108": 172,
        "618": 172,
        "210": 172,
        "521": 172,
        "558": 172,
        "1290": 171,
        "457": 171,
        "1025": 170,
        "441": 170,
        "2425": 170,
        "287": 170,
        "2688": 170,
        "984": 170,
        "376": 170,
        "2079": 170,
        "643": 169,
        "903": 168,
        "1751": 168,
        "783": 168,
        "208": 168,
        "1411": 168,
        "1036": 167,
        "461": 167,
        "811": 167,
        "542": 167,
        "707": 167,
        "615": 167,
        "565": 166,
        "1501": 166,
        "122": 166,
        "298": 166,
        "607": 165,
        "382": 165,
        "845": 164,
        "96": 164,
        "128": 164,
        "949": 164,
        "2588": 164,
        "757": 163,
        "93": 163,
        "1956": 162,
        "2465": 162,
        "2172": 162,
        "744": 162,
        "98": 161,
        "637": 161,
        "982": 160,
        "144": 160,
        "1468": 160,
        "908": 159,
        "743": 159,
        "145": 159,
        "158": 158,
        "445": 158,
        "179": 158,
        "784": 156,
        "378": 156,
        "1522": 156,
        "195": 156,
        "603": 154,
        "1865": 154,
        "1532": 154,
        "2762": 152,
        "127": 151,
        "633": 150,
        "595": 150,
        "809": 149,
        "137": 149,
        "1144": 148,
        "295": 147,
        "610": 147,
        "1092": 146,
        "212": 144,
        "1542": 143,
        "68": 142,
        "1154": 142,
        "420": 142,
        "1208": 139,
        "969": 139,
        "139": 139,
        "752": 138,
        "1788": 138,
        "269": 137,
        "1097": 137,
        "660": 135,
        "998": 134,
        "2603": 134,
        "2165": 134,
        "2447": 134,
        "1565": 132,
        "2052": 132,
        "2007": 131,
        "2370": 131,
        "1607": 131,
        "1259": 131,
        "777": 131,
        "1345": 130,
        "320": 128,
        "871": 128,
        "572": 128,
        "916": 128,
        "246": 127,
        "917": 126,
        "825": 126,
        "2367": 126,
        "1844": 126,
        "1334": 126,
        "773": 125,
        "1825": 125,
        "252": 125,
        "1057": 125,
        "512": 125,
        "118": 124,
        "2701": 124,
        "185": 124,
        "519": 124,
        "1368": 124,
        "121": 124,
        "965": 124,
        "2442": 124,
        "1489": 124,
        "1449": 124,
        "767": 124,
        "921": 124,
        "2335": 124,
        "360": 124,
        "2295": 124,
        "806": 124,
        "2562": 124,
        "1554": 124,
        "1737": 123,
        "1099": 122,
        "77": 122,
        "2077": 122,
        "1117": 121,
        "2158": 121,
        "1158": 121,
        "539": 120,
        "1282": 120,
        "1855": 119,
        "3784": 118,
        "935": 118,
        "1156": 118,
        "1164": 118,
        "2554": 118,
        "1175": 118,
        "1391": 117,
        "996": 117,
        "1678": 117,
        "1698": 116,
        "1150": 116,
        "1770": 116,
        "598": 116,
        "704": 116,
        "2614": 116,
        "1694": 116,
        "459": 116,
        "756": 116,
        "1995": 116,
        "398": 116,
        "1642": 116,
        "786": 115,
        "511": 114,
        "1851": 114,
        "1727": 114,
        "889": 114,
        "955": 114,
        "401": 114,
        "1471": 114,
        "260": 114,
        "150": 113,
        "2239": 113,
        "579": 112,
        "715": 112,
        "1134": 112,
        "525": 112,
        "1015": 111,
        "1984": 110,
        "433": 110,
        "2279": 110,
        "822": 108,
        "2149": 108,
        "1212": 108,
        "942": 108,
        "243": 108,
        "2355": 108,
        "1651": 108,
        "826": 106,
        "1256": 106,
        "1080": 106,
        "1541": 105,
        "552": 104,
        "114": 104,
        "860": 103,
        "2845": 102,
        "232": 102,
        "693": 102,
        "221": 102,
        "76": 101,
        "2349": 100,
        "1095": 100,
        "848": 100,
        "1666": 99,
        "2417": 98,
        "168": 98,
        "1623": 96,
        "1810": 96,
        "162": 96,
        "1407": 96,
        "1029": 95,
        "803": 95,
        "1042": 95,
        "183": 92,
        "548": 92,
        "1162": 90,
        "1008": 90,
        "1133": 89,
        "2552": 89,
        "900": 89,
        "2409": 88,
        "286": 88,
        "891": 86,
        "2092": 86,
        "69": 83,
        "1179": 83,
        "485": 83,
        "2404": 82,
        "892": 82,
        "505": 82,
        "487": 80,
        "769": 80,
        "898": 79,
        "1087": 78,
        "4983": 78,
        "155": 78,
        "3711": 78,
        "1520": 77,
        "864": 76,
        "1118": 76,
        "1829": 75,
        "1157": 75,
        "981": 75,
        "509": 75,
        "928": 74,
        "727": 74,
        "851": 73,
        "2541": 72,
        "1771": 72,
        "536": 72,
        "708": 72,
        "1569": 71,
        "2105": 71,
        "2161": 70,
        "1243": 70,
        "1781": 70,
        "2267": 70,
        "2724": 70,
        "1130": 70,
        "1300": 70,
        "2860": 70,
        "1499": 70,
        "1226": 69,
        "2405": 69,
        "94": 69,
        "2116": 68,
        "840": 68,
        "1634": 68,
        "1910": 67,
        "795": 67,
        "1404": 66,
        "684": 66,
        "1900": 66,
        "816": 66,
        "745": 66,
        "1131": 66,
        "2519": 66,
        "1048": 66,
        "617": 65,
        "1571": 65,
        "2979": 64,
        "439": 64,
        "765": 64,
        "410": 62,
        "1357": 62,
        "1033": 62,
        "901": 62,
        "1986": 62,
        "3801": 62,
        "1294": 62,
        "894": 62,
        "952": 62,
        "2345": 62,
        "309": 62,
        "1585": 62,
        "1774": 62,
        "3365": 62,
        "31": 62,
        "82": 62,
        "1194": 62,
        "1624": 62,
        "934": 62,
        "1447": 62,
        "1617": 62,
        "2607": 62,
        "4243": 62,
        "285": 62,
        "1220": 62,
        "2026": 62,
        "234": 62,
        "2994": 62,
        "805": 62,
        "193": 62,
        "1725": 62,
        "755": 62,
        "1978": 62,
        "3904": 62,
        "1746": 62,
        "2717": 62,
        "1442": 62,
        "999": 62,
        "123": 62,
        "389": 62,
        "2354": 62,
        "1706": 62,
        "2350": 62,
        "1836": 62,
        "2462": 62,
        "2520": 62,
        "1457": 62,
        "824": 62,
        "2237": 62,
        "2130": 62,
        "2537": 62,
        "4502": 62,
        "1903": 62,
        "1315": 62,
        "1295": 62,
        "1304": 62,
        "494": 62,
        "774": 62,
        "1079": 62,
        "682": 62,
        "1060": 62,
        "1708": 62,
        "691": 62,
        "1618": 62,
        "1384": 62,
        "1911": 62,
        "1312": 62,
        "1790": 62,
        "1731": 62,
        "1838": 62,
        "1039": 62,
        "1715": 62,
        "1959": 62,
        "2777": 62,
        "1679": 62,
        "1176": 62,
        "1519": 62,
        "344": 62,
        "2110": 62,
        "2086": 62,
        "1912": 62,
        "2089": 61,
        "1083": 61,
        "841": 61,
        "742": 61,
        "470": 61,
        "2400": 60,
        "664": 60,
        "4962": 60,
        "1454": 60,
        "788": 59,
        "1517": 58,
        "1007": 58,
        "726": 57,
        "812": 56,
        "1550": 56,
        "1026": 56,
        "3972": 56,
        "359": 55,
        "799": 54,
        "778": 54,
        "714": 54,
        "1497": 54,
        "831": 54,
        "1147": 54,
        "1340": 54,
        "1756": 54,
        "1845": 54,
        "878": 54,
        "1969": 54,
        "1943": 54,
        "970": 54,
        "1187": 54,
        "887": 53,
        "1027": 53,
        "1254": 53,
        "1693": 52,
        "975": 52,
        "932": 52,
        "789": 52,
        "705": 51,
        "1174": 50,
        "318": 50,
        "254": 48,
        "274": 47,
        "2282": 46,
        "1251": 46,
        "1148": 46,
        "1143": 45,
        "1103": 45,
        "229": 45,
        "437": 44,
        "2569": 42,
        "1826": 42,
        "2088": 41,
        "2576": 40,
        "3302": 40,
        "1619": 38,
        "1298": 38,
        "2136": 38,
        "2411": 38,
        "2415": 36,
        "1330": 36,
        "2631": 36,
        "2466": 36,
        "2797": 35,
        "2681": 35,
        "2602": 34,
        "2457": 34,
        "2449": 34,
        "412": 34,
        "1640": 32,
        "141": 31,
        "476": 31,
        "2036": 30,
        "2715": 30,
        "2304": 28,
        "1186": 27,
        "2676": 26,
        "1352": 26,
        "2384": 26,
        "638": 22,
        "791": 20,
        "2874": 20,
        "169": 20,
        "1930": 20,
        "2599": 20,
        "659": 19,
        "4817": 18,
        "1606": 18,
        "116": 18,
        "1638": 18,
        "1265": 16,
        "1022": 16,
        "3329": 16,
        "4184": 16,
        "3414": 16,
        "1572": 16,
        "792": 14,
        "1882": 14,
        "1385": 14,
        "2846": 13,
        "346": 13,
        "1582": 12,
        "559": 12,
        "1839": 12,
        "207": 11,
        "1891": 10,
        "1997": 10,
        "1138": 10,
        "2297": 10,
        "1168": 10,
        "1149": 10,
        "537": 9,
        "2018": 9,
        "807": 8,
        "2244": 8,
        "1795": 8,
        "701": 8,
        "902": 8,
        "2689": 8,
        "1200": 8,
        "435": 8,
        "375": 8,
        "464": 8,
        "886": 8,
        "2358": 8,
        "2327": 8,
        "1953": 8,
        "961": 8,
        "1214": 7,
        "1297": 7,
        "750": 7,
        "801": 6,
        "1965": 6,
        "2254": 6,
        "1370": 6,
        "335": 5,
        "1405": 4,
        "1031": 4,
        "1557": 4,
        "510": 4,
        "133": 4,
        "1455": 3,
        "1362": 3,
        "288": 2,
        "779": 2,
        "1081": 2,
        "1894": 2,
        "1530": 2,
        "1077": 1,
        "105": 1,
        "97": 1,
        "90": 1,
        "115": 1,
        "953": 1,
        "963": 1,
        "1672": 1
    },
    "nrows": 445827
}