{
    "column_id": "Airline/On_Time_On_Time_Performance_2016_1.csvOn_Time_On_Time_Performance_2016_1.csv/FirstDepTime",
    "dataset_name": "On_Time_On_Time_Performance_2016_1.csv",
    "dataset_id": "Airline/On_Time_On_Time_Performance_2016_1.csv",
    "path": "/home/ubuntu/CatDB/Experiments/data/Airline/On_Time_On_Time_Performance_2016_1.csv",
    "table_name": "On_Time_On_Time_Performance_2016_1.csv",
    "table_id": "Airline/On_Time_On_Time_Performance_2016_1.csvOn_Time_On_Time_Performance_2016_1.csv",
    "column_name": "FirstDepTime",
    "data_source": "Airline",
    "data_type": "int",
    "total_values_count": 445827,
    "distinct_values_count": 976,
    "missing_values_count": 443275,
    "true_ratio": null,
    "min_value": 6.0,
    "max_value": 2354.0,
    "mean": 1236.0223354231975,
    "median": 1149.0,
    "iqr": 852.0,
    "category_values": [
        642,
        1336,
        1053,
        1511,
        859,
        2026,
        900,
        1338,
        1556,
        912,
        916,
        1840,
        2354,
        1838,
        2022,
        1224,
        1810,
        1130,
        25,
        814,
        1743,
        2251,
        2301,
        1544,
        1218,
        801,
        1422,
        757,
        827,
        2015,
        1837,
        706,
        741,
        658,
        803,
        1852,
        1211,
        1402,
        626,
        800,
        618,
        839,
        1648,
        1657,
        1038,
        1704,
        1453,
        1735,
        926,
        2102,
        2154,
        1414,
        1359,
        1357,
        1149,
        1747,
        1835,
        1423,
        54,
        1442,
        734,
        836,
        36,
        1637,
        946,
        958,
        611,
        1127,
        1221,
        1321,
        2028,
        601,
        901,
        1246,
        1356,
        1644,
        628,
        1836,
        1917,
        755,
        951,
        1539,
        1527,
        625,
        2045,
        2009,
        1315,
        834,
        948,
        515,
        927,
        1407,
        1536,
        703,
        1659,
        1756,
        1728,
        1752,
        1302,
        857,
        1939,
        2059,
        700,
        1831,
        1714,
        1710,
        820,
        1103,
        716,
        845,
        1135,
        1353,
        1328,
        1317,
        647,
        2011,
        1335,
        1742,
        1715,
        1801,
        554,
        1732,
        1400,
        1537,
        1307,
        708,
        609,
        719,
        709,
        656,
        1340,
        2148,
        717,
        1517,
        557,
        1746,
        1424,
        1910,
        807,
        1955,
        524,
        552,
        749,
        1554,
        929,
        725,
        650,
        1713,
        906,
        555,
        1139,
        1223,
        1229,
        637,
        1600,
        724,
        854,
        715,
        2048,
        812,
        651,
        1344,
        2138,
        619,
        2234,
        655,
        2213,
        1017,
        913,
        847,
        657,
        1006,
        1813,
        2237,
        739,
        1609,
        1950,
        1941,
        1203,
        118,
        1113,
        556,
        1933,
        1550,
        711,
        1545,
        635,
        1823,
        454,
        1348,
        907,
        2040,
        659,
        1842,
        1151,
        2111,
        1506,
        612,
        1041,
        737,
        752,
        2046,
        1040,
        1531,
        1650,
        1611,
        1711,
        1231,
        2032,
        942,
        1811,
        1326,
        1736,
        1434,
        841,
        1522,
        1121,
        1435,
        116,
        738,
        701,
        714,
        720,
        1107,
        1345,
        1559,
        1935,
        600,
        1655,
        826,
        2004,
        921,
        751,
        828,
        646,
        1901,
        1653,
        1722,
        1737,
        1709,
        455,
        1146,
        1913,
        1832,
        1628,
        918,
        1110,
        1624,
        740,
        206,
        633,
        756,
        55,
        2221,
        504,
        1958,
        1429,
        1248,
        2315,
        1857,
        1806,
        1308,
        1948,
        748,
        1754,
        1726,
        1008,
        2145,
        1154,
        2001,
        935,
        2106,
        1111,
        1451,
        758,
        1745,
        1523,
        1733,
        1142,
        830,
        1126,
        2225,
        937,
        1455,
        1131,
        1019,
        2014,
        728,
        831,
        539,
        1000,
        2346,
        2153,
        732,
        1803,
        1605,
        1543,
        2240,
        944,
        1630,
        713,
        1951,
        810,
        2035,
        613,
        644,
        1921,
        129,
        1408,
        2200,
        744,
        508,
        525,
        2113,
        1313,
        805,
        1120,
        2037,
        1532,
        2118,
        1602,
        753,
        1805,
        938,
        1212,
        632,
        816,
        1613,
        1824,
        1005,
        939,
        957,
        1905,
        1930,
        1843,
        2224,
        641,
        930,
        954,
        754,
        1601,
        1350,
        1136,
        654,
        2204,
        1616,
        1450,
        50,
        747,
        956,
        1802,
        1759,
        903,
        1253,
        1908,
        2013,
        1940,
        959,
        1800,
        2307,
        2005,
        1014,
        1907,
        1002,
        2100,
        825,
        1729,
        639,
        1615,
        1942,
        2238,
        2023,
        1744,
        932,
        1101,
        949,
        653,
        1418,
        911,
        934,
        1826,
        1300,
        750,
        1825,
        823,
        528,
        1617,
        649,
        1853,
        2108,
        1428,
        1858,
        2006,
        652,
        1708,
        1322,
        631,
        553,
        1504,
        1634,
        643,
        2025,
        905,
        1232,
        610,
        1343,
        1436,
        1702,
        1426,
        57,
        140,
        1652,
        1750,
        1320,
        1201,
        1427,
        1123,
        1924,
        1706,
        1210,
        2146,
        546,
        1250,
        811,
        2320,
        1339,
        2053,
        1342,
        955,
        729,
        1741,
        940,
        1656,
        1252,
        917,
        630,
        733,
        451,
        1503,
        1521,
        1051,
        1911,
        910,
        1124,
        2134,
        923,
        920,
        1855,
        1614,
        1114,
        2300,
        1258,
        614,
        928,
        1007,
        1716,
        1944,
        945,
        1314,
        2247,
        559,
        1854,
        1505,
        1425,
        2236,
        1841,
        1202,
        1731,
        237,
        710,
        1207,
        1909,
        1109,
        1821,
        1520,
        1720,
        727,
        1043,
        723,
        6,
        1306,
        2321,
        1112,
        2219,
        1519,
        1243,
        1236,
        1039,
        1334,
        712,
        2244,
        1015,
        802,
        1036,
        1535,
        1638,
        541,
        1723,
        1834,
        851,
        1954,
        2252,
        2248,
        1305,
        1758,
        2259,
        721,
        1552,
        620,
        1705,
        1651,
        1227,
        2055,
        835,
        705,
        1914,
        1148,
        931,
        1606,
        1530,
        1222,
        1217,
        2010,
        1026,
        107,
        808,
        126,
        1028,
        704,
        545,
        742,
        1403,
        2054,
        1938,
        634,
        1627,
        616,
        943,
        1410,
        1247,
        629,
        1024,
        2231,
        1354,
        1814,
        2039,
        1009,
        627,
        936,
        1612,
        2311,
        1607,
        1129,
        707,
        2034,
        15,
        856,
        2222,
        1254,
        38,
        1725,
        1846,
        1432,
        1542,
        1500,
        606,
        1140,
        853,
        2333,
        2256,
        1057,
        1533,
        1012,
        1049,
        2052,
        1226,
        551,
        1159,
        1220,
        1235,
        1237,
        848,
        1341,
        1001,
        743,
        745,
        2008,
        2027,
        2220,
        722,
        2056,
        2124,
        1623,
        1604,
        1501,
        1153,
        1031,
        1440,
        1739,
        822,
        1118,
        1643,
        2135,
        522,
        1234,
        1515,
        550,
        1214,
        527,
        1859,
        1411,
        1631,
        1047,
        1902,
        1433,
        1748,
        1233,
        1303,
        2149,
        2017,
        1239,
        1757,
        1751,
        548,
        1931,
        1845,
        2043,
        608,
        1457,
        1529,
        1844,
        19,
        1830,
        1808,
        1013,
        1454,
        1355,
        1647,
        1804,
        902,
        1430,
        2208,
        824,
        1510,
        837,
        746,
        2016,
        1549,
        702,
        1156,
        818,
        813,
        602,
        530,
        1421,
        1701,
        1512,
        1815,
        1635,
        2041,
        1518,
        1721,
        17,
        1240,
        1419,
        1548,
        1018,
        2104,
        2107,
        815,
        2206,
        1514,
        2125,
        1200,
        615,
        1358,
        1839,
        1925,
        1753,
        1540,
        1822,
        833,
        2031,
        1833,
        2110,
        2044,
        1847,
        855,
        730,
        2147,
        2203,
        2227,
        1128,
        2241,
        2322,
        1228,
        1324,
        1619,
        1525,
        1138,
        1918,
        2036,
        2122,
        735,
        953,
        453,
        731,
        1117,
        2159,
        852,
        1912,
        1052,
        2000,
        1352,
        850,
        2058,
        540,
        1122,
        933,
        838,
        1946,
        1035,
        449,
        1309,
        1304,
        1829,
        1727,
        846,
        558,
        2152,
        2007,
        904,
        2257,
        804,
        1936,
        1022,
        1608,
        941,
        1431,
        1251,
        1349,
        829,
        1934,
        1610,
        1621,
        1446,
        1820,
        2233,
        736,
        2329,
        1740,
        1625,
        1259,
        1116,
        1257,
        638,
        1319,
        915,
        1025,
        29,
        1412,
        532,
        1416,
        1817,
        1155,
        2214,
        844,
        821,
        2139,
        2228,
        2230,
        1953,
        2217,
        1205,
        1730,
        1102,
        1447,
        648,
        919,
        2325,
        1558,
        511,
        1718,
        607,
        624,
        537,
        535,
        531,
        1415,
        2150,
        1409,
        623,
        622,
        817,
        1949,
        2012,
        1301,
        1555,
        1700,
        1310,
        1438,
        1719,
        1055,
        1316,
        1818,
        1809,
        1351,
        617,
        542,
        640,
        33,
        1144,
        603,
        1900,
        759,
        1528,
        947,
        1405,
        1050,
        1045,
        1516,
        543,
        1629,
        1104,
        1932,
        1125,
        2003,
        1816,
        1916,
        843,
        1011,
        621,
        1919,
        1137,
        1242,
        842,
        1903,
        1206,
        1603,
        533,
        1119,
        1507,
        1021,
        1633,
        909,
        526,
        1150,
        1848,
        1749,
        1249,
        1033,
        1437,
        1443,
        840,
        1538,
        1458,
        547,
        925,
        1105,
        1325,
        1106,
        1213,
        2249,
        2350,
        1945,
        2158,
        2156,
        1030,
        1216,
        1459,
        136,
        1959,
        2226,
        1100,
        2205,
        914,
        1204,
        1209,
        1417,
        1755,
        1654,
        1225,
        159,
        1929,
        1734,
        1937,
        2210,
        1439,
        1016,
        952,
        1449,
        1502,
        1333,
        1927,
        2050,
        1256,
        2235,
        549,
        1331,
        1115,
        458,
        2115,
        1626,
        1004,
        1957,
        1636,
        1330,
        1849,
        1952,
        1238,
        1134,
        849,
        1347,
        1509,
        139,
        35,
        2218,
        1332,
        1534,
        809,
        1926,
        119,
        950,
        1023,
        1032,
        1420,
        516,
        121,
        8,
        138,
        2254,
        112,
        154,
        2116,
        1044,
        1059,
        1147,
        1152,
        1812,
        1158,
        806,
        2308,
        14,
        1230,
        1003,
        2326,
        858,
        819,
        1915,
        59,
        1141,
        1703,
        1819,
        1928,
        1922,
        2212,
        1807,
        1046,
        500,
        718,
        2157,
        1641,
        1020,
        2101,
        1724,
        448,
        1618,
        2002,
        1448,
        2114,
        2141,
        1646,
        1133,
        2047,
        1717,
        2057
    ],
    "embedding": [
        -1.0,
        -1.0,
        -1.0,
        1.0,
        -1.0,
        1.0,
        -1.0,
        -1.0,
        -0.9995616674423218,
        -1.0,
        1.0,
        -1.0,
        -1.0,
        1.0,
        1.0,
        1.0,
        1.0,
        -1.0,
        1.0,
        -1.0,
        1.0,
        -1.0,
        1.0,
        -1.0,
        1.0,
        -1.0,
        -1.0,
        1.0,
        -1.0,
        -1.0,
        1.0,
        1.0,
        -1.0,
        -1.0,
        -1.0,
        1.0,
        -1.0,
        1.0,
        1.0,
        -1.0,
        -1.0,
        1.0,
        -1.0,
        -1.0,
        -1.0,
        -1.0,
        1.0,
        -1.0,
        -0.999807596206665,
        -0.9779199361801147,
        -1.0,
        1.0,
        1.0,
        1.0,
        -1.0,
        1.0,
        1.0,
        1.0,
        -1.0,
        0.9973849058151245,
        -1.0,
        -1.0,
        1.0,
        -1.0,
        1.0,
        -1.0,
        1.0,
        -1.0,
        1.0,
        1.0,
        1.0,
        -1.0,
        -1.0,
        -1.0,
        -1.0,
        1.0,
        1.0,
        1.0,
        1.0,
        1.0,
        1.0,
        1.0,
        1.0,
        -1.0,
        -1.0,
        1.0,
        -1.0,
        1.0,
        1.0,
        1.0,
        -1.0,
        1.0,
        1.0,
        -1.0,
        1.0,
        -1.0,
        1.0,
        -1.0,
        -1.0,
        -1.0,
        -0.9977632164955139,
        -1.0,
        1.0,
        -1.0,
        -1.0,
        1.0,
        1.0,
        1.0,
        -1.0,
        -1.0,
        1.0,
        -1.0,
        -1.0,
        1.0,
        1.0,
        1.0,
        1.0,
        1.0,
        1.0,
        -1.0,
        -1.0,
        1.0,
        -1.0,
        -1.0,
        1.0,
        -1.0,
        -1.0,
        -0.9981276392936707,
        -1.0,
        1.0,
        -1.0,
        1.0,
        -1.0,
        -1.0,
        1.0,
        -1.0,
        -1.0,
        1.0,
        1.0,
        -1.0,
        1.0,
        1.0,
        1.0,
        -1.0,
        1.0,
        -1.0,
        1.0,
        -1.0,
        -1.0,
        -1.0,
        0.9985300302505493,
        -1.0,
        1.0,
        -1.0,
        1.0,
        -1.0,
        1.0,
        -1.0,
        1.0,
        -1.0,
        -1.0,
        1.0,
        -1.0,
        -1.0,
        1.0,
        -1.0,
        1.0,
        -1.0,
        -1.0,
        -1.0,
        -1.0,
        -1.0,
        1.0,
        1.0,
        -1.0,
        -1.0,
        1.0,
        -1.0,
        -1.0,
        -1.0,
        1.0,
        -1.0,
        -1.0,
        -1.0,
        1.0,
        -1.0,
        1.0,
        -1.0,
        -1.0,
        -1.0,
        1.0,
        1.0,
        1.0,
        1.0,
        -1.0,
        -1.0,
        1.0,
        -1.0,
        -1.0,
        1.0,
        -1.0,
        1.0,
        -1.0,
        -1.0,
        -1.0,
        -1.0,
        1.0,
        1.0,
        -1.0,
        -1.0,
        -1.0,
        1.0,
        -1.0,
        -1.0,
        -1.0,
        1.0,
        -1.0,
        1.0,
        -1.0,
        -1.0,
        1.0,
        -1.0,
        -1.0,
        1.0,
        -0.9994975328445435,
        -0.979379415512085,
        1.0,
        -1.0,
        -1.0,
        -1.0,
        1.0,
        -1.0,
        1.0,
        -1.0,
        -1.0,
        1.0,
        -1.0,
        1.0,
        1.0,
        -0.9998425245285034,
        1.0,
        -0.9717303514480591,
        1.0,
        -1.0,
        1.0,
        1.0,
        -1.0,
        -1.0,
        -1.0,
        1.0,
        1.0,
        1.0,
        -1.0,
        -1.0,
        -1.0,
        1.0,
        1.0,
        -1.0,
        -1.0,
        -1.0,
        1.0,
        1.0,
        1.0,
        -1.0,
        1.0,
        -1.0,
        -1.0,
        -1.0,
        1.0,
        1.0,
        -0.9983377456665039,
        -1.0,
        -1.0,
        1.0,
        -1.0,
        1.0,
        1.0,
        1.0,
        1.0,
        1.0,
        1.0,
        -1.0,
        1.0,
        1.0,
        1.0,
        -1.0,
        -1.0,
        1.0,
        -1.0,
        -1.0,
        -1.0,
        1.0,
        -1.0,
        -1.0,
        -1.0,
        -1.0,
        -1.0,
        1.0,
        1.0,
        0.9999995827674866
    ],
    "embedding_scaling_factor": 20.071598052978516,
    "samples": [],
    "category_values_ratio": {
        "659": 11,
        "701": 11,
        "625": 10,
        "557": 10,
        "700": 10,
        "1001": 9,
        "639": 9,
        "845": 9,
        "754": 8,
        "556": 8,
        "758": 8,
        "1038": 8,
        "658": 8,
        "655": 8,
        "755": 7,
        "830": 7,
        "847": 7,
        "1750": 7,
        "1806": 7,
        "854": 7,
        "555": 7,
        "756": 7,
        "559": 7,
        "728": 7,
        "1521": 7,
        "1126": 7,
        "653": 7,
        "826": 7,
        "757": 7,
        "800": 7,
        "1754": 6,
        "609": 6,
        "1307": 6,
        "600": 6,
        "606": 6,
        "820": 6,
        "751": 6,
        "944": 6,
        "711": 6,
        "1704": 6,
        "833": 6,
        "725": 6,
        "859": 6,
        "1733": 6,
        "831": 6,
        "749": 6,
        "719": 6,
        "1711": 6,
        "734": 6,
        "752": 6,
        "1958": 6,
        "2009": 6,
        "1110": 6,
        "703": 6,
        "958": 6,
        "1637": 6,
        "628": 6,
        "805": 6,
        "828": 6,
        "739": 6,
        "1348": 6,
        "1634": 6,
        "904": 6,
        "857": 6,
        "956": 5,
        "1136": 5,
        "1315": 5,
        "856": 5,
        "948": 5,
        "918": 5,
        "1628": 5,
        "705": 5,
        "827": 5,
        "1103": 5,
        "554": 5,
        "906": 5,
        "939": 5,
        "1223": 5,
        "1531": 5,
        "1745": 5,
        "1014": 5,
        "748": 5,
        "1729": 5,
        "1756": 5,
        "1120": 5,
        "741": 5,
        "626": 5,
        "707": 5,
        "921": 5,
        "803": 5,
        "1913": 5,
        "1356": 5,
        "610": 5,
        "946": 5,
        "853": 5,
        "601": 5,
        "1429": 5,
        "1414": 5,
        "1421": 5,
        "753": 5,
        "812": 5,
        "1353": 5,
        "1457": 5,
        "1537": 5,
        "942": 5,
        "641": 5,
        "750": 5,
        "656": 5,
        "1130": 5,
        "1746": 5,
        "823": 5,
        "955": 5,
        "1757": 5,
        "649": 5,
        "733": 5,
        "1350": 5,
        "1458": 5,
        "954": 5,
        "640": 5,
        "727": 5,
        "1950": 5,
        "1556": 5,
        "708": 5,
        "907": 5,
        "840": 5,
        "1829": 5,
        "1532": 5,
        "657": 5,
        "635": 5,
        "932": 5,
        "1047": 5,
        "1053": 5,
        "1055": 5,
        "810": 5,
        "1214": 5,
        "1735": 4,
        "1453": 4,
        "1043": 4,
        "1519": 4,
        "1747": 4,
        "1039": 4,
        "839": 4,
        "1025": 4,
        "611": 4,
        "1221": 4,
        "1859": 4,
        "710": 4,
        "1359": 4,
        "1710": 4,
        "1801": 4,
        "1539": 4,
        "1220": 4,
        "1810": 4,
        "1135": 4,
        "716": 4,
        "1714": 4,
        "629": 4,
        "1939": 4,
        "848": 4,
        "1659": 4,
        "1852": 4,
        "1057": 4,
        "2213": 4,
        "1129": 4,
        "603": 4,
        "1638": 4,
        "1600": 4,
        "1741": 4,
        "1017": 4,
        "1515": 4,
        "709": 4,
        "1609": 4,
        "917": 4,
        "1203": 4,
        "1252": 4,
        "1339": 4,
        "524": 4,
        "630": 4,
        "1022": 4,
        "811": 4,
        "2138": 4,
        "1344": 4,
        "900": 4,
        "1139": 4,
        "912": 4,
        "724": 4,
        "1517": 4,
        "1732": 4,
        "648": 4,
        "1544": 4,
        "1146": 4,
        "614": 4,
        "1522": 4,
        "1624": 4,
        "1931": 4,
        "1111": 4,
        "959": 4,
        "1726": 4,
        "1948": 4,
        "2145": 4,
        "2025": 4,
        "654": 4,
        "643": 4,
        "903": 4,
        "2013": 4,
        "735": 4,
        "1613": 4,
        "1857": 4,
        "935": 4,
        "744": 4,
        "1212": 4,
        "1540": 4,
        "815": 4,
        "2000": 4,
        "612": 4,
        "911": 4,
        "730": 4,
        "1237": 4,
        "1121": 4,
        "2040": 4,
        "841": 4,
        "714": 4,
        "1625": 4,
        "2110": 4,
        "1235": 4,
        "1612": 4,
        "2048": 4,
        "1858": 4,
        "1802": 4,
        "1040": 4,
        "633": 4,
        "720": 4,
        "852": 4,
        "642": 4,
        "1744": 4,
        "1303": 4,
        "740": 4,
        "1013": 4,
        "702": 4,
        "937": 4,
        "1736": 4,
        "1052": 4,
        "1930": 4,
        "1848": 4,
        "1605": 4,
        "829": 3,
        "1934": 3,
        "1340": 3,
        "1257": 3,
        "836": 3,
        "1644": 3,
        "1742": 3,
        "1251": 3,
        "1400": 3,
        "901": 3,
        "2148": 3,
        "717": 3,
        "941": 3,
        "1910": 3,
        "1955": 3,
        "804": 3,
        "1127": 3,
        "951": 3,
        "1313": 3,
        "1917": 3,
        "927": 3,
        "1527": 3,
        "1728": 3,
        "1650": 3,
        "1229": 3,
        "2102": 3,
        "1657": 3,
        "1648": 3,
        "618": 3,
        "731": 3,
        "1326": 3,
        "821": 3,
        "1435": 3,
        "1211": 3,
        "706": 3,
        "738": 3,
        "2237": 3,
        "913": 3,
        "1345": 3,
        "1423": 3,
        "1713": 3,
        "1008": 3,
        "637": 3,
        "1709": 3,
        "623": 3,
        "1358": 3,
        "1838": 3,
        "1901": 3,
        "1324": 3,
        "1138": 3,
        "1737": 3,
        "1338": 3,
        "1205": 3,
        "1107": 3,
        "801": 3,
        "2015": 3,
        "1518": 3,
        "2004": 3,
        "624": 3,
        "2241": 3,
        "1655": 3,
        "1041": 3,
        "732": 3,
        "2346": 3,
        "1630": 3,
        "1558": 3,
        "1434": 3,
        "1536": 3,
        "1131": 3,
        "1840": 3,
        "817": 3,
        "2001": 3,
        "1451": 3,
        "2125": 3,
        "1523": 3,
        "1200": 3,
        "843": 3,
        "1455": 3,
        "2035": 3,
        "1548": 3,
        "1951": 3,
        "1019": 3,
        "713": 3,
        "1912": 3,
        "704": 3,
        "2154": 3,
        "2008": 3,
        "627": 3,
        "530": 3,
        "602": 3,
        "816": 3,
        "1459": 3,
        "1411": 3,
        "1216": 3,
        "1706": 3,
        "1051": 3,
        "1118": 3,
        "1844": 3,
        "1503": 3,
        "1656": 3,
        "729": 3,
        "1501": 3,
        "546": 3,
        "652": 3,
        "1101": 3,
        "835": 3,
        "1814": 3,
        "851": 3,
        "1651": 3,
        "1222": 3,
        "1151": 3,
        "1602": 3,
        "1119": 3,
        "1217": 3,
        "1336": 3,
        "747": 3,
        "1450": 3,
        "837": 3,
        "1606": 3,
        "802": 3,
        "1028": 3,
        "620": 3,
        "1552": 3,
        "1112": 3,
        "957": 3,
        "1734": 3,
        "822": 3,
        "818": 3,
        "1748": 3,
        "808": 3,
        "945": 3,
        "1355": 3,
        "1258": 3,
        "809": 3,
        "825": 3,
        "1341": 3,
        "1505": 3,
        "855": 3,
        "1006": 3,
        "2005": 3,
        "1528": 3,
        "1155": 3,
        "838": 3,
        "1545": 3,
        "1357": 3,
        "1322": 3,
        "1842": 3,
        "540": 3,
        "1425": 3,
        "1304": 3,
        "1855": 3,
        "723": 3,
        "1504": 3,
        "1538": 3,
        "1430": 3,
        "553": 3,
        "550": 3,
        "1124": 3,
        "909": 3,
        "1012": 3,
        "2134": 3,
        "1253": 3,
        "1202": 3,
        "824": 3,
        "1140": 3,
        "1533": 3,
        "1909": 3,
        "1940": 3,
        "2045": 2,
        "1743": 2,
        "2251": 2,
        "2032": 2,
        "1218": 2,
        "1402": 2,
        "1246": 2,
        "1149": 2,
        "1835": 2,
        "2028": 2,
        "1836": 2,
        "25": 2,
        "814": 2,
        "1831": 2,
        "1224": 2,
        "2022": 2,
        "916": 2,
        "1511": 2,
        "1752": 2,
        "1302": 2,
        "1328": 2,
        "1231": 2,
        "1611": 2,
        "2046": 2,
        "737": 2,
        "1422": 2,
        "1141": 2,
        "1823": 2,
        "1407": 2,
        "1617": 2,
        "1849": 2,
        "1811": 2,
        "1154": 2,
        "1113": 2,
        "1308": 2,
        "1158": 2,
        "1248": 2,
        "1915": 2,
        "2010": 2,
        "632": 2,
        "1005": 2,
        "1905": 2,
        "1347": 2,
        "1428": 2,
        "1300": 2,
        "1826": 2,
        "934": 2,
        "949": 2,
        "2023": 2,
        "1942": 2,
        "1615": 2,
        "2307": 2,
        "1800": 2,
        "1908": 2,
        "1759": 2,
        "1616": 2,
        "2204": 2,
        "516": 2,
        "1935": 2,
        "1933": 2,
        "1306": 2,
        "1813": 2,
        "1148": 2,
        "923": 2,
        "1614": 2,
        "1114": 2,
        "1250": 2,
        "2115": 2,
        "1705": 2,
        "1320": 2,
        "6": 2,
        "1530": 2,
        "1426": 2,
        "1720": 2,
        "1520": 2,
        "931": 2,
        "1914": 2,
        "619": 2,
        "2055": 2,
        "1929": 2,
        "1821": 2,
        "1109": 2,
        "1652": 2,
        "1449": 2,
        "721": 2,
        "1427": 2,
        "1210": 2,
        "1207": 2,
        "1201": 2,
        "1957": 2,
        "1142": 2,
        "1015": 2,
        "1036": 2,
        "1007": 2,
        "1535": 2,
        "651": 2,
        "715": 2,
        "929": 2,
        "1715": 2,
        "2011": 2,
        "647": 2,
        "1317": 2,
        "1436": 2,
        "531": 2,
        "1723": 2,
        "1502": 2,
        "2300": 2,
        "1243": 2,
        "2053": 2,
        "458": 2,
        "940": 2,
        "1236": 2,
        "1911": 2,
        "2248": 2,
        "1731": 2,
        "1841": 2,
        "712": 2,
        "2247": 2,
        "910": 2,
        "541": 2,
        "1944": 2,
        "1716": 2,
        "2106": 2,
        "1516": 2,
        "2225": 2,
        "902": 2,
        "919": 2,
        "1100": 2,
        "622": 2,
        "1412": 2,
        "634": 2,
        "2054": 2,
        "915": 2,
        "1500": 2,
        "2041": 2,
        "1809": 2,
        "1525": 2,
        "1816": 2,
        "1128": 2,
        "2322": 2,
        "1603": 2,
        "1228": 2,
        "1804": 2,
        "1454": 2,
        "1916": 2,
        "1104": 2,
        "1808": 2,
        "543": 2,
        "19": 2,
        "953": 2,
        "1529": 2,
        "1026": 2,
        "2044": 2,
        "2329": 2,
        "2158": 2,
        "1719": 2,
        "1627": 2,
        "1432": 2,
        "1559": 2,
        "1116": 2,
        "1259": 2,
        "607": 2,
        "742": 2,
        "638": 2,
        "1159": 2,
        "535": 2,
        "551": 2,
        "2052": 2,
        "545": 2,
        "1049": 2,
        "1319": 2,
        "1700": 2,
        "1945": 2,
        "1403": 2,
        "1607": 2,
        "2012": 2,
        "1204": 2,
        "1209": 2,
        "844": 2,
        "1949": 2,
        "2231": 2,
        "1102": 2,
        "1030": 2,
        "1247": 2,
        "943": 2,
        "615": 2,
        "1024": 2,
        "1240": 2,
        "2257": 2,
        "2007": 2,
        "558": 2,
        "522": 2,
        "759": 2,
        "947": 2,
        "1631": 2,
        "1902": 2,
        "933": 2,
        "2058": 2,
        "1433": 2,
        "1233": 2,
        "2159": 2,
        "1117": 2,
        "2149": 2,
        "1708": 2,
        "938": 2,
        "1812": 2,
        "508": 2,
        "1147": 2,
        "644": 2,
        "613": 2,
        "2240": 2,
        "1803": 2,
        "2153": 2,
        "1000": 2,
        "1507": 2,
        "2014": 2,
        "1739": 2,
        "1031": 2,
        "925": 2,
        "1106": 2,
        "1512": 2,
        "1701": 2,
        "736": 2,
        "1242": 2,
        "813": 2,
        "1633": 2,
        "1925": 2,
        "1753": 2,
        "1822": 2,
        "1011": 2,
        "2016": 2,
        "608": 2,
        "1751": 2,
        "1549": 2,
        "1936": 2,
        "1351": 2,
        "745": 2,
        "1446": 2,
        "743": 2,
        "1239": 2,
        "1610": 2,
        "1621": 2,
        "1349": 2,
        "1325": 2,
        "2056": 2,
        "2124": 2,
        "1623": 2,
        "455": 1,
        "1832": 1,
        "206": 1,
        "55": 1,
        "2221": 1,
        "504": 1,
        "2315": 1,
        "1408": 1,
        "539": 1,
        "1543": 1,
        "1921": 1,
        "129": 1,
        "2111": 1,
        "2200": 1,
        "525": 1,
        "454": 1,
        "1653": 1,
        "1722": 1,
        "850": 1,
        "646": 1,
        "116": 1,
        "1619": 1,
        "118": 1,
        "2036": 1,
        "2122": 1,
        "453": 1,
        "1352": 1,
        "1122": 1,
        "1946": 1,
        "1035": 1,
        "449": 1,
        "1918": 1,
        "1718": 1,
        "107": 1,
        "2259": 1,
        "1506": 1,
        "1550": 1,
        "920": 1,
        "2026": 1,
        "928": 1,
        "2037": 1,
        "1805": 1,
        "1924": 1,
        "2146": 1,
        "2320": 1,
        "1342": 1,
        "451": 1,
        "1314": 1,
        "515": 1,
        "1854": 1,
        "2236": 1,
        "237": 1,
        "2321": 1,
        "2219": 1,
        "2244": 1,
        "2227": 1,
        "1227": 1,
        "1941": 1,
        "2354": 1,
        "2113": 1,
        "2301": 1,
        "1837": 1,
        "926": 1,
        "54": 1,
        "1442": 1,
        "36": 1,
        "1321": 1,
        "834": 1,
        "2234": 1,
        "2059": 1,
        "1335": 1,
        "1424": 1,
        "807": 1,
        "552": 1,
        "1554": 1,
        "650": 1,
        "2104": 1,
        "1721": 1,
        "2203": 1,
        "2039": 1,
        "1604": 1,
        "722": 1,
        "2220": 1,
        "1938": 1,
        "616": 1,
        "1410": 1,
        "1354": 1,
        "1009": 1,
        "17": 1,
        "936": 1,
        "2311": 1,
        "2034": 1,
        "1419": 1,
        "15": 1,
        "1254": 1,
        "38": 1,
        "1153": 1,
        "1954": 1,
        "1846": 1,
        "1845": 1,
        "1440": 1,
        "1643": 1,
        "2135": 1,
        "1234": 1,
        "527": 1,
        "2017": 1,
        "548": 1,
        "2043": 1,
        "1635": 1,
        "1830": 1,
        "1647": 1,
        "2208": 1,
        "1510": 1,
        "746": 1,
        "1156": 1,
        "1815": 1,
        "1725": 1,
        "1542": 1,
        "2147": 1,
        "846": 1,
        "1953": 1,
        "2217": 1,
        "1730": 1,
        "1447": 1,
        "2325": 1,
        "511": 1,
        "2152": 1,
        "1727": 1,
        "2228": 1,
        "1309": 1,
        "2206": 1,
        "1514": 1,
        "1839": 1,
        "2031": 1,
        "1833": 1,
        "1847": 1,
        "2230": 1,
        "2139": 1,
        "2333": 1,
        "1608": 1,
        "2256": 1,
        "1226": 1,
        "2027": 1,
        "2222": 1,
        "126": 1,
        "1018": 1,
        "2107": 1,
        "1431": 1,
        "2214": 1,
        "1820": 1,
        "2233": 1,
        "1740": 1,
        "29": 1,
        "532": 1,
        "1416": 1,
        "1817": 1,
        "1834": 1,
        "2308": 1,
        "2252": 1,
        "1439": 1,
        "1050": 1,
        "858": 1,
        "1819": 1,
        "1818": 1,
        "2002": 1,
        "1618": 1,
        "2210": 1,
        "1016": 1,
        "1150": 1,
        "1448": 1,
        "448": 1,
        "952": 1,
        "1703": 1,
        "2101": 1,
        "617": 1,
        "914": 1,
        "2254": 1,
        "119": 1,
        "1724": 1,
        "1115": 1,
        "1437": 1,
        "1534": 1,
        "1004": 1,
        "1926": 1,
        "8": 1,
        "1213": 1,
        "121": 1,
        "1420": 1,
        "547": 1,
        "1021": 1,
        "1032": 1,
        "1023": 1,
        "1105": 1,
        "950": 1,
        "526": 1,
        "1626": 1,
        "2205": 1,
        "1316": 1,
        "1305": 1,
        "1807": 1,
        "136": 1,
        "2226": 1,
        "500": 1,
        "33": 1,
        "718": 1,
        "1959": 1,
        "1144": 1,
        "2157": 1,
        "1443": 1,
        "2212": 1,
        "1900": 1,
        "1641": 1,
        "1405": 1,
        "1922": 1,
        "1333": 1,
        "1046": 1,
        "1928": 1,
        "542": 1,
        "2114": 1,
        "1133": 1,
        "1417": 1,
        "1225": 1,
        "2150": 1,
        "1717": 1,
        "1409": 1,
        "2047": 1,
        "1654": 1,
        "1301": 1,
        "1020": 1,
        "1555": 1,
        "1646": 1,
        "1310": 1,
        "1755": 1,
        "2141": 1,
        "1438": 1,
        "1937": 1,
        "1238": 1,
        "1134": 1,
        "849": 1,
        "1334": 1,
        "2006": 1,
        "631": 1,
        "905": 1,
        "1232": 1,
        "1343": 1,
        "1418": 1,
        "537": 1,
        "159": 1,
        "1853": 1,
        "2235": 1,
        "549": 1,
        "1152": 1,
        "621": 1,
        "1331": 1,
        "1919": 1,
        "2249": 1,
        "2108": 1,
        "528": 1,
        "1415": 1,
        "2224": 1,
        "1758": 1,
        "1123": 1,
        "140": 1,
        "57": 1,
        "1702": 1,
        "1824": 1,
        "1843": 1,
        "930": 1,
        "1825": 1,
        "1601": 1,
        "50": 1,
        "1907": 1,
        "1002": 1,
        "2100": 1,
        "2118": 1,
        "2238": 1,
        "1137": 1,
        "1044": 1,
        "842": 1,
        "1249": 1,
        "806": 1,
        "1125": 1,
        "533": 1,
        "1045": 1,
        "112": 1,
        "138": 1,
        "1749": 1,
        "2218": 1,
        "1903": 1,
        "1033": 1,
        "35": 1,
        "1636": 1,
        "1332": 1,
        "139": 1,
        "1509": 1,
        "1330": 1,
        "14": 1,
        "1230": 1,
        "1003": 1,
        "1932": 1,
        "2116": 1,
        "1206": 1,
        "154": 1,
        "1059": 1,
        "1256": 1,
        "2050": 1,
        "2003": 1,
        "2156": 1,
        "59": 1,
        "1927": 1,
        "2350": 1,
        "1629": 1,
        "819": 1,
        "1952": 1,
        "2326": 1,
        "2057": 1
    },
    "nrows": 445827
}