{
    "column_id": "Airline/On_Time_On_Time_Performance_2016_1.csvOn_Time_On_Time_Performance_2016_1.csv/TotalAddGTime",
    "dataset_name": "On_Time_On_Time_Performance_2016_1.csv",
    "dataset_id": "Airline/On_Time_On_Time_Performance_2016_1.csv",
    "path": "/home/ubuntu/CatDB/Experiments/data/Airline/On_Time_On_Time_Performance_2016_1.csv",
    "table_name": "On_Time_On_Time_Performance_2016_1.csv",
    "table_id": "Airline/On_Time_On_Time_Performance_2016_1.csvOn_Time_On_Time_Performance_2016_1.csv",
    "column_name": "TotalAddGTime",
    "data_source": "Airline",
    "data_type": "int",
    "total_values_count": 445827,
    "distinct_values_count": 149,
    "missing_values_count": 443275,
    "true_ratio": null,
    "min_value": 1.0,
    "max_value": 176.0,
    "mean": 32.05407523510972,
    "median": 25.0,
    "iqr": 24.0,
    "category_values": [
        11,
        19,
        12,
        22,
        33,
        9,
        17,
        13,
        53,
        15,
        28,
        27,
        7,
        38,
        21,
        45,
        10,
        43,
        51,
        16,
        35,
        18,
        23,
        75,
        8,
        49,
        24,
        31,
        41,
        20,
        25,
        39,
        30,
        29,
        62,
        140,
        80,
        14,
        37,
        59,
        66,
        32,
        6,
        47,
        52,
        40,
        105,
        72,
        159,
        61,
        36,
        118,
        92,
        46,
        55,
        34,
        114,
        122,
        26,
        71,
        42,
        93,
        86,
        67,
        91,
        44,
        81,
        96,
        56,
        101,
        4,
        100,
        54,
        79,
        63,
        102,
        65,
        5,
        78,
        3,
        50,
        74,
        57,
        119,
        64,
        142,
        83,
        99,
        60,
        58,
        97,
        48,
        2,
        87,
        69,
        68,
        146,
        139,
        73,
        1,
        77,
        76,
        104,
        88,
        98,
        94,
        95,
        127,
        103,
        70,
        115,
        107,
        111,
        117,
        84,
        158,
        134,
        90,
        174,
        85,
        133,
        116,
        155,
        124,
        160,
        148,
        173,
        132,
        176,
        164,
        149,
        123,
        82,
        138,
        143,
        128,
        125,
        106,
        121,
        154,
        126,
        131,
        120,
        136,
        162,
        145,
        89,
        129,
        108
    ],
    "embedding": [
        -1.0,
        -1.0,
        -1.0,
        1.0,
        -1.0,
        1.0,
        -1.0,
        -1.0,
        -1.0,
        -1.0,
        1.0,
        -1.0,
        -1.0,
        1.0,
        1.0,
        1.0,
        1.0,
        -1.0,
        1.0,
        -1.0,
        1.0,
        -1.0,
        1.0,
        -1.0,
        1.0,
        -1.0,
        -1.0,
        1.0,
        -1.0,
        -1.0,
        1.0,
        1.0,
        -1.0,
        -1.0,
        -1.0,
        1.0,
        -1.0,
        1.0,
        1.0,
        -1.0,
        -1.0,
        1.0,
        -1.0,
        -1.0,
        -1.0,
        -1.0,
        1.0,
        -1.0,
        -1.0,
        -0.9772789478302002,
        -1.0,
        1.0,
        1.0,
        1.0,
        -1.0,
        1.0,
        1.0,
        1.0,
        -1.0,
        0.9923917055130005,
        -1.0,
        -1.0,
        1.0,
        -1.0,
        1.0,
        -1.0,
        1.0,
        -1.0,
        1.0,
        1.0,
        1.0,
        -1.0,
        -1.0,
        -1.0,
        -1.0,
        1.0,
        1.0,
        1.0,
        1.0,
        1.0,
        1.0,
        1.0,
        1.0,
        -1.0,
        -1.0,
        1.0,
        -1.0,
        1.0,
        1.0,
        1.0,
        -1.0,
        1.0,
        1.0,
        -1.0,
        1.0,
        -1.0,
        1.0,
        -1.0,
        -1.0,
        -1.0,
        -0.9978466629981995,
        -1.0,
        1.0,
        -1.0,
        -1.0,
        1.0,
        1.0,
        1.0,
        -1.0,
        -1.0,
        1.0,
        -1.0,
        -1.0,
        1.0,
        1.0,
        1.0,
        1.0,
        1.0,
        1.0,
        -1.0,
        -1.0,
        1.0,
        -1.0,
        -1.0,
        1.0,
        -1.0,
        -1.0,
        -1.0,
        -1.0,
        1.0,
        -1.0,
        1.0,
        -1.0,
        -1.0,
        1.0,
        -1.0,
        -1.0,
        1.0,
        1.0,
        -1.0,
        1.0,
        1.0,
        1.0,
        -1.0,
        1.0,
        -1.0,
        1.0,
        -1.0,
        -1.0,
        -1.0,
        1.0,
        -1.0,
        1.0,
        -1.0,
        1.0,
        -1.0,
        1.0,
        -1.0,
        1.0,
        -1.0,
        -1.0,
        1.0,
        -1.0,
        -1.0,
        1.0,
        -1.0,
        1.0,
        -1.0,
        -1.0,
        -1.0,
        -1.0,
        -1.0,
        1.0,
        1.0,
        -1.0,
        -1.0,
        1.0,
        -1.0,
        -1.0,
        -1.0,
        1.0,
        -1.0,
        -1.0,
        -1.0,
        1.0,
        -1.0,
        1.0,
        -1.0,
        -1.0,
        -1.0,
        1.0,
        1.0,
        1.0,
        1.0,
        -1.0,
        -1.0,
        1.0,
        -1.0,
        -1.0,
        1.0,
        -1.0,
        1.0,
        -1.0,
        -1.0,
        -1.0,
        -1.0,
        1.0,
        1.0,
        -1.0,
        -1.0,
        -1.0,
        1.0,
        -1.0,
        -1.0,
        -1.0,
        1.0,
        -1.0,
        1.0,
        -1.0,
        -1.0,
        1.0,
        -1.0,
        -1.0,
        1.0,
        -1.0,
        -0.9695369601249695,
        1.0,
        -1.0,
        -1.0,
        -1.0,
        1.0,
        -1.0,
        1.0,
        -1.0,
        -1.0,
        1.0,
        -1.0,
        1.0,
        1.0,
        -1.0,
        1.0,
        -0.967503011226654,
        1.0,
        -1.0,
        1.0,
        1.0,
        -1.0,
        -1.0,
        -1.0,
        1.0,
        1.0,
        1.0,
        -1.0,
        -1.0,
        -1.0,
        1.0,
        1.0,
        -1.0,
        -1.0,
        -1.0,
        1.0,
        1.0,
        1.0,
        -1.0,
        1.0,
        -1.0,
        -1.0,
        -1.0,
        1.0,
        1.0,
        -0.9973773956298828,
        -1.0,
        -1.0,
        1.0,
        -1.0,
        1.0,
        1.0,
        1.0,
        1.0,
        1.0,
        1.0,
        -1.0,
        1.0,
        1.0,
        1.0,
        -1.0,
        -1.0,
        1.0,
        -1.0,
        -1.0,
        -1.0,
        1.0,
        -1.0,
        -1.0,
        -1.0,
        -1.0,
        -1.0,
        1.0,
        1.0,
        1.0
    ],
    "embedding_scaling_factor": 111.88622283935547,
    "samples": [
        54
    ],
    "category_values_ratio": {
        "19": 84,
        "16": 74,
        "12": 71,
        "14": 71,
        "21": 71,
        "25": 69,
        "10": 67,
        "15": 66,
        "20": 66,
        "18": 65,
        "13": 64,
        "26": 62,
        "30": 61,
        "11": 61,
        "22": 60,
        "24": 56,
        "23": 54,
        "17": 53,
        "28": 52,
        "31": 51,
        "27": 50,
        "29": 48,
        "34": 45,
        "33": 44,
        "32": 44,
        "8": 43,
        "35": 42,
        "7": 41,
        "36": 41,
        "39": 38,
        "9": 38,
        "40": 35,
        "6": 33,
        "38": 31,
        "43": 30,
        "41": 28,
        "5": 28,
        "42": 26,
        "37": 26,
        "51": 25,
        "46": 23,
        "45": 21,
        "4": 19,
        "47": 17,
        "49": 16,
        "44": 16,
        "50": 15,
        "52": 15,
        "3": 15,
        "53": 14,
        "71": 14,
        "62": 13,
        "61": 12,
        "55": 12,
        "2": 11,
        "58": 11,
        "1": 11,
        "65": 11,
        "54": 10,
        "57": 9,
        "68": 9,
        "64": 8,
        "48": 8,
        "56": 8,
        "59": 7,
        "75": 7,
        "67": 7,
        "60": 7,
        "97": 6,
        "69": 6,
        "63": 6,
        "92": 5,
        "66": 5,
        "80": 5,
        "73": 5,
        "140": 5,
        "111": 5,
        "77": 5,
        "78": 5,
        "83": 4,
        "84": 4,
        "91": 4,
        "99": 4,
        "81": 4,
        "88": 4,
        "98": 4,
        "139": 4,
        "74": 4,
        "72": 4,
        "95": 3,
        "124": 3,
        "85": 3,
        "101": 3,
        "76": 3,
        "159": 3,
        "118": 3,
        "116": 3,
        "115": 2,
        "122": 2,
        "86": 2,
        "87": 2,
        "96": 2,
        "79": 2,
        "104": 2,
        "164": 2,
        "102": 2,
        "70": 2,
        "90": 2,
        "134": 2,
        "125": 2,
        "117": 2,
        "106": 2,
        "132": 2,
        "148": 2,
        "174": 2,
        "127": 1,
        "119": 1,
        "114": 1,
        "142": 1,
        "105": 1,
        "146": 1,
        "94": 1,
        "133": 1,
        "103": 1,
        "107": 1,
        "158": 1,
        "176": 1,
        "155": 1,
        "160": 1,
        "173": 1,
        "93": 1,
        "121": 1,
        "149": 1,
        "154": 1,
        "129": 1,
        "82": 1,
        "138": 1,
        "143": 1,
        "128": 1,
        "126": 1,
        "145": 1,
        "100": 1,
        "162": 1,
        "136": 1,
        "120": 1,
        "123": 1,
        "131": 1,
        "89": 1,
        "108": 1
    },
    "nrows": 445827
}