{
    "column_id": "Airline/L_AIRPORT_ID.csvL_AIRPORT_ID.csv/Code",
    "dataset_name": "L_AIRPORT_ID.csv",
    "dataset_id": "Airline/L_AIRPORT_ID.csv",
    "path": "/home/ubuntu/CatDB/Experiments/data/Airline/L_AIRPORT_ID.csv",
    "table_name": "L_AIRPORT_ID.csv",
    "table_id": "Airline/L_AIRPORT_ID.csvL_AIRPORT_ID.csv",
    "column_name": "Code",
    "data_source": "Airline",
    "data_type": "int",
    "total_values_count": 6370,
    "distinct_values_count": 6370,
    "missing_values_count": 0,
    "true_ratio": null,
    "min_value": 10001.0,
    "max_value": 99999.0,
    "mean": 13346.487441130299,
    "median": 13320.5,
    "iqr": 3344.5,
    "category_values": null,
    "embedding": [
        -1.0,
        -1.0,
        -1.0,
        1.0,
        -1.0,
        1.0,
        -1.0,
        -1.0,
        -0.9999999403953552,
        -1.0,
        1.0,
        -1.0,
        -1.0,
        1.0,
        1.0,
        1.0,
        1.0,
        -1.0,
        1.0,
        -1.0,
        1.0,
        -1.0,
        1.0,
        -1.0,
        1.0,
        -1.0,
        -1.0,
        1.0,
        -1.0,
        -1.0,
        1.0,
        1.0,
        -1.0,
        -1.0,
        -1.0,
        1.0,
        -1.0,
        1.0,
        1.0,
        -1.0,
        -1.0,
        1.0,
        -1.0,
        -1.0,
        -1.0,
        -1.0,
        1.0,
        -1.0,
        -0.9999933242797852,
        -0.9940528273582458,
        -1.0,
        1.0,
        1.0,
        1.0,
        -1.0,
        1.0,
        1.0,
        1.0,
        -1.0,
        0.999466061592102,
        -1.0,
        -1.0,
        1.0,
        -1.0,
        1.0,
        -1.0,
        1.0,
        -1.0,
        1.0,
        1.0,
        1.0,
        -1.0,
        -1.0,
        -1.0,
        -1.0,
        1.0,
        1.0,
        1.0,
        1.0,
        1.0,
        1.0,
        1.0,
        1.0,
        -1.0,
        -1.0,
        1.0,
        -1.0,
        1.0,
        1.0,
        1.0,
        -1.0,
        1.0,
        1.0,
        -1.0,
        1.0,
        -1.0,
        1.0,
        -1.0,
        -1.0,
        -1.0,
        -0.9992916584014893,
        -1.0,
        1.0,
        -1.0,
        -1.0,
        1.0,
        1.0,
        1.0,
        -1.0,
        -1.0,
        1.0,
        -1.0,
        -1.0,
        1.0,
        1.0,
        1.0,
        1.0,
        1.0,
        1.0,
        -1.0,
        -1.0,
        1.0,
        -1.0,
        -1.0,
        1.0,
        -1.0,
        -1.0,
        -0.9999933242797852,
        -1.0,
        1.0,
        -1.0,
        1.0,
        -1.0,
        -1.0,
        1.0,
        -1.0,
        -1.0,
        1.0,
        1.0,
        -1.0,
        1.0,
        1.0,
        1.0,
        -1.0,
        1.0,
        -1.0,
        1.0,
        -1.0,
        -1.0,
        -1.0,
        0.9999991655349731,
        -1.0,
        1.0,
        -1.0,
        1.0,
        -1.0,
        1.0,
        -1.0,
        1.0,
        -1.0,
        -1.0,
        1.0,
        -1.0,
        -1.0,
        1.0,
        -1.0,
        1.0,
        -1.0,
        -1.0,
        -1.0,
        -1.0,
        -1.0,
        1.0,
        1.0,
        -1.0,
        -1.0,
        1.0,
        -1.0,
        -1.0,
        -1.0,
        1.0,
        -1.0,
        -1.0,
        -1.0,
        1.0,
        -1.0,
        1.0,
        -1.0,
        -1.0,
        -1.0,
        1.0,
        1.0,
        1.0,
        1.0,
        -1.0,
        -1.0,
        1.0,
        -1.0,
        -1.0,
        1.0,
        -1.0,
        1.0,
        -1.0,
        -1.0,
        -1.0,
        -1.0,
        1.0,
        1.0,
        -1.0,
        -1.0,
        -1.0,
        1.0,
        -1.0,
        -1.0,
        -1.0,
        1.0,
        -1.0,
        1.0,
        -1.0,
        -1.0,
        1.0,
        -1.0,
        -1.0,
        1.0,
        -0.9999997019767761,
        -0.9949642419815063,
        1.0,
        -1.0,
        -1.0,
        -1.0,
        1.0,
        -1.0,
        1.0,
        -1.0,
        -1.0,
        1.0,
        -1.0,
        1.0,
        1.0,
        -1.0,
        1.0,
        -0.9866769909858704,
        1.0,
        -1.0,
        1.0,
        1.0,
        -1.0,
        -1.0,
        -1.0,
        1.0,
        1.0,
        1.0,
        -1.0,
        -1.0,
        -1.0,
        1.0,
        1.0,
        -1.0,
        -1.0,
        -1.0,
        1.0,
        1.0,
        1.0,
        -1.0,
        1.0,
        -1.0,
        -1.0,
        -1.0,
        1.0,
        1.0,
        -0.9992616176605225,
        -1.0,
        -1.0,
        1.0,
        -1.0,
        1.0,
        1.0,
        1.0,
        1.0,
        1.0,
        1.0,
        -1.0,
        1.0,
        1.0,
        1.0,
        -1.0,
        -1.0,
        1.0,
        -1.0,
        -1.0,
        -1.0,
        1.0,
        -1.0,
        -1.0,
        -1.0,
        -1.0,
        -1.0,
        1.0,
        1.0,
        1.0
    ],
    "embedding_scaling_factor": 15.047191619873047,
    "samples": [
        12642,
        10384,
        10749,
        16321,
        10478,
        13251,
        12736,
        10054,
        11102,
        12794,
        16637,
        14904,
        10854,
        13201,
        11265,
        14725,
        14743,
        16139,
        14053,
        13379,
        11219,
        15031,
        10066,
        15566,
        12755,
        13508,
        10360,
        12687,
        10713,
        11414,
        10103,
        13159,
        10745,
        13591,
        10960,
        15687,
        11647,
        11516,
        14766,
        11432,
        14172,
        14005,
        11719,
        12174,
        15048,
        13812,
        11741,
        11562,
        11535,
        16249,
        11336,
        10583,
        11569,
        15999,
        13923,
        14771,
        10975,
        12925,
        15723,
        16117,
        11953,
        15424,
        16064,
        10175,
        11247,
        10233,
        13706,
        14209,
        13645,
        14124,
        11550,
        10593,
        13455,
        14251,
        10190,
        11331,
        15374,
        13703,
        15012,
        16067,
        10748,
        11532,
        13598,
        16202,
        16164,
        15198,
        12005,
        10934,
        12559,
        10772,
        12582,
        13393,
        13221,
        11375,
        11063,
        13218,
        16332,
        10503,
        12216,
        13209
    ],
    "category_values_ratio": null,
    "nrows": 6370
}