{
    "column_id": "Airline/L_YESNO_RESP.csvL_YESNO_RESP.csv/Code",
    "dataset_name": "L_YESNO_RESP.csv",
    "dataset_id": "Airline/L_YESNO_RESP.csv",
    "path": "/home/ubuntu/CatDB/Experiments/data/Airline/L_YESNO_RESP.csv",
    "table_name": "L_YESNO_RESP.csv",
    "table_id": "Airline/L_YESNO_RESP.csvL_YESNO_RESP.csv",
    "column_name": "Code",
    "data_source": "Airline",
    "data_type": "boolean",
    "total_values_count": 2,
    "distinct_values_count": 2,
    "missing_values_count": 0,
    "true_ratio": 0.5,
    "min_value": null,
    "max_value": null,
    "mean": null,
    "median": null,
    "iqr": null,
    "category_values": [
        0,
        1
    ],
    "embedding": null,
    "embedding_scaling_factor": null,
    "samples": [
        0,
        1
    ],
    "category_values_ratio": {
        "0": 1,
        "1": 1
    },
    "nrows": 2
}