{
    "column_id": "IMDB/runningtimes.csvrunningtimes.csv/time1",
    "dataset_name": "runningtimes.csv",
    "dataset_id": "IMDB/runningtimes.csv",
    "path": "/home/ubuntu/CatDB/Experiments/data/IMDB/runningtimes.csv",
    "table_name": "runningtimes.csv",
    "table_id": "IMDB/runningtimes.csvrunningtimes.csv",
    "column_name": "time1",
    "data_source": "IMDB",
    "data_type": "int",
    "total_values_count": 5086,
    "distinct_values_count": 204,
    "missing_values_count": 0,
    "true_ratio": null,
    "min_value": 1.0,
    "max_value": 330.0,
    "mean": 105.43885174990169,
    "median": 101.0,
    "iqr": 23.0,
    "category_values": [
        107,
        108,
        113,
        96,
        140,
        125,
        98,
        97,
        103,
        104,
        87,
        18,
        101,
        141,
        160,
        116,
        93,
        82,
        100,
        110,
        90,
        95,
        105,
        118,
        123,
        121,
        92,
        72,
        69,
        94,
        115,
        136,
        30,
        126,
        109,
        80,
        83,
        79,
        89,
        138,
        78,
        23,
        60,
        128,
        84,
        120,
        99,
        85,
        114,
        91,
        88,
        122,
        117,
        106,
        127,
        111,
        149,
        86,
        131,
        102,
        51,
        77,
        32,
        119,
        124,
        137,
        75,
        154,
        145,
        147,
        133,
        152,
        162,
        20,
        180,
        112,
        155,
        143,
        148,
        150,
        156,
        153,
        202,
        256,
        280,
        151,
        81,
        139,
        132,
        68,
        15,
        171,
        73,
        70,
        65,
        135,
        76,
        184,
        61,
        130,
        172,
        212,
        214,
        222,
        219,
        224,
        179,
        158,
        67,
        58,
        71,
        330,
        190,
        74,
        177,
        142,
        40,
        159,
        66,
        165,
        175,
        144,
        178,
        2,
        207,
        204,
        129,
        5,
        236,
        181,
        209,
        55,
        1,
        197,
        192,
        193,
        200,
        270,
        57,
        64,
        314,
        13,
        44,
        188,
        312,
        134,
        170,
        168,
        191,
        201,
        56,
        226,
        238,
        223,
        234,
        233,
        146,
        10,
        242,
        6,
        63,
        161,
        186,
        182,
        189,
        206,
        62,
        54,
        11,
        43,
        174,
        216,
        187,
        210,
        228,
        227,
        169,
        163,
        47,
        198,
        9,
        3,
        183,
        229,
        259,
        22,
        167,
        4,
        195,
        52,
        42,
        157,
        185,
        298,
        25,
        8,
        19,
        17,
        176,
        164,
        50,
        194,
        12,
        320
    ],
    "embedding": [
        -1.0,
        -1.0,
        -1.0,
        1.0,
        -1.0,
        1.0,
        -1.0,
        -1.0,
        -1.0,
        -1.0,
        1.0,
        -1.0,
        -1.0,
        1.0,
        1.0,
        1.0,
        1.0,
        -1.0,
        1.0,
        -1.0,
        1.0,
        -1.0,
        1.0,
        -1.0,
        1.0,
        -1.0,
        -1.0,
        1.0,
        -1.0,
        -1.0,
        1.0,
        1.0,
        -1.0,
        -1.0,
        -1.0,
        1.0,
        -1.0,
        1.0,
        1.0,
        -1.0,
        -1.0,
        1.0,
        -1.0,
        -1.0,
        -1.0,
        -1.0,
        1.0,
        -1.0,
        -1.0,
        -0.9997234344482422,
        -1.0,
        1.0,
        1.0,
        1.0,
        -1.0,
        1.0,
        1.0,
        1.0,
        -1.0,
        0.9997413754463196,
        -1.0,
        -1.0,
        1.0,
        -1.0,
        1.0,
        -1.0,
        1.0,
        -1.0,
        1.0,
        1.0,
        1.0,
        -1.0,
        -1.0,
        -1.0,
        -1.0,
        1.0,
        1.0,
        1.0,
        1.0,
        1.0,
        1.0,
        1.0,
        1.0,
        -1.0,
        -1.0,
        1.0,
        -1.0,
        1.0,
        1.0,
        1.0,
        -1.0,
        1.0,
        1.0,
        -1.0,
        1.0,
        -1.0,
        1.0,
        -1.0,
        -1.0,
        -1.0,
        -0.9998733997344971,
        -1.0,
        1.0,
        -1.0,
        -1.0,
        1.0,
        1.0,
        1.0,
        -1.0,
        -1.0,
        1.0,
        -1.0,
        -1.0,
        1.0,
        1.0,
        1.0,
        1.0,
        1.0,
        1.0,
        -1.0,
        -1.0,
        1.0,
        -1.0,
        -1.0,
        1.0,
        -1.0,
        -1.0,
        -0.9999998807907104,
        -1.0,
        1.0,
        -1.0,
        1.0,
        -1.0,
        -1.0,
        1.0,
        -1.0,
        -1.0,
        1.0,
        1.0,
        -1.0,
        1.0,
        1.0,
        1.0,
        -1.0,
        1.0,
        -1.0,
        1.0,
        -1.0,
        -1.0,
        -1.0,
        1.0,
        -1.0,
        1.0,
        -1.0,
        1.0,
        -1.0,
        1.0,
        -1.0,
        1.0,
        -1.0,
        -1.0,
        1.0,
        -1.0,
        -1.0,
        1.0,
        -1.0,
        1.0,
        -1.0,
        -1.0,
        -1.0,
        -1.0,
        -1.0,
        1.0,
        1.0,
        -1.0,
        -1.0,
        1.0,
        -1.0,
        -1.0,
        -1.0,
        1.0,
        -1.0,
        -1.0,
        -1.0,
        1.0,
        -1.0,
        1.0,
        -1.0,
        -1.0,
        -1.0,
        1.0,
        1.0,
        1.0,
        1.0,
        -1.0,
        -1.0,
        1.0,
        -1.0,
        -1.0,
        1.0,
        -1.0,
        1.0,
        -1.0,
        -1.0,
        -1.0,
        -1.0,
        1.0,
        1.0,
        -1.0,
        -1.0,
        -1.0,
        1.0,
        -1.0,
        -1.0,
        -1.0,
        1.0,
        -1.0,
        1.0,
        -1.0,
        -1.0,
        1.0,
        -1.0,
        -1.0,
        1.0,
        -1.0,
        -0.999883770942688,
        1.0,
        -1.0,
        -1.0,
        -1.0,
        1.0,
        -1.0,
        1.0,
        -1.0,
        -1.0,
        1.0,
        -1.0,
        1.0,
        1.0,
        -1.0,
        1.0,
        -0.9996712803840637,
        1.0,
        -1.0,
        1.0,
        1.0,
        -1.0,
        -1.0,
        -1.0,
        1.0,
        1.0,
        1.0,
        -1.0,
        -1.0,
        -1.0,
        1.0,
        1.0,
        -1.0,
        -1.0,
        -1.0,
        1.0,
        1.0,
        1.0,
        -1.0,
        1.0,
        -1.0,
        -1.0,
        -1.0,
        1.0,
        1.0,
        -0.9999076128005981,
        -1.0,
        -1.0,
        1.0,
        -1.0,
        1.0,
        1.0,
        1.0,
        1.0,
        1.0,
        1.0,
        -1.0,
        1.0,
        1.0,
        1.0,
        -1.0,
        -1.0,
        1.0,
        -1.0,
        -1.0,
        -1.0,
        1.0,
        -1.0,
        -1.0,
        -1.0,
        -1.0,
        -1.0,
        1.0,
        1.0,
        1.0
    ],
    "embedding_scaling_factor": 39.54153060913086,
    "samples": [
        101,
        107,
        92,
        115,
        105,
        80,
        90,
        84,
        75,
        105,
        109,
        138,
        98,
        99,
        112,
        132,
        101,
        88,
        120,
        94,
        102,
        116,
        90,
        102,
        84,
        108,
        124,
        95,
        103,
        115,
        107,
        96,
        99,
        200,
        115,
        96,
        123,
        103,
        92,
        104,
        202,
        118,
        96,
        223,
        122,
        92,
        100,
        130,
        103,
        105,
        114,
        141,
        113,
        110,
        114,
        90,
        80,
        102,
        110,
        113,
        204,
        100,
        105,
        121,
        102,
        92,
        113,
        95,
        105,
        98,
        85,
        103,
        99,
        170,
        117,
        138,
        102,
        86,
        96,
        96,
        96,
        109,
        112,
        95,
        106,
        100,
        112,
        94,
        96,
        85,
        90,
        116,
        124,
        106,
        90,
        90,
        121,
        115,
        109,
        188
    ],
    "category_values_ratio": {
        "100": 150,
        "90": 149,
        "96": 143,
        "94": 142,
        "93": 141,
        "105": 133,
        "92": 131,
        "98": 129,
        "95": 128,
        "91": 122,
        "101": 122,
        "97": 121,
        "108": 114,
        "102": 114,
        "88": 109,
        "103": 108,
        "110": 105,
        "104": 105,
        "99": 102,
        "89": 99,
        "107": 98,
        "115": 95,
        "106": 90,
        "112": 87,
        "113": 78,
        "85": 75,
        "118": 74,
        "87": 73,
        "86": 72,
        "114": 66,
        "111": 64,
        "116": 63,
        "119": 62,
        "117": 58,
        "80": 58,
        "109": 57,
        "120": 55,
        "83": 53,
        "84": 53,
        "82": 51,
        "121": 50,
        "124": 45,
        "128": 43,
        "130": 43,
        "125": 39,
        "127": 39,
        "126": 37,
        "81": 36,
        "123": 36,
        "122": 36,
        "75": 33,
        "129": 31,
        "132": 27,
        "78": 27,
        "134": 26,
        "77": 25,
        "135": 24,
        "140": 20,
        "137": 19,
        "136": 19,
        "133": 19,
        "139": 18,
        "79": 18,
        "138": 16,
        "74": 15,
        "131": 14,
        "76": 14,
        "73": 14,
        "144": 13,
        "72": 13,
        "162": 12,
        "141": 12,
        "147": 10,
        "71": 10,
        "142": 10,
        "150": 9,
        "70": 9,
        "145": 9,
        "143": 9,
        "158": 8,
        "152": 8,
        "68": 8,
        "155": 8,
        "160": 8,
        "67": 7,
        "159": 7,
        "170": 7,
        "154": 7,
        "153": 7,
        "175": 6,
        "69": 6,
        "148": 6,
        "146": 6,
        "57": 6,
        "65": 5,
        "61": 5,
        "149": 5,
        "165": 5,
        "180": 5,
        "171": 5,
        "161": 4,
        "30": 4,
        "172": 4,
        "62": 4,
        "182": 4,
        "190": 4,
        "151": 4,
        "179": 4,
        "157": 4,
        "63": 4,
        "224": 3,
        "184": 3,
        "60": 3,
        "23": 3,
        "187": 3,
        "169": 3,
        "50": 3,
        "15": 3,
        "168": 3,
        "222": 3,
        "163": 3,
        "58": 3,
        "177": 3,
        "212": 3,
        "25": 3,
        "51": 3,
        "55": 3,
        "178": 3,
        "9": 3,
        "10": 3,
        "200": 3,
        "167": 3,
        "40": 2,
        "8": 2,
        "236": 2,
        "219": 2,
        "280": 2,
        "185": 2,
        "176": 2,
        "156": 2,
        "197": 2,
        "192": 2,
        "164": 2,
        "13": 2,
        "193": 2,
        "181": 2,
        "189": 2,
        "202": 2,
        "66": 2,
        "191": 2,
        "56": 2,
        "18": 2,
        "188": 2,
        "54": 2,
        "174": 2,
        "195": 2,
        "210": 2,
        "312": 1,
        "207": 1,
        "204": 1,
        "5": 1,
        "209": 1,
        "1": 1,
        "270": 1,
        "64": 1,
        "44": 1,
        "43": 1,
        "233": 1,
        "201": 1,
        "226": 1,
        "238": 1,
        "223": 1,
        "234": 1,
        "330": 1,
        "242": 1,
        "6": 1,
        "186": 1,
        "206": 1,
        "11": 1,
        "2": 1,
        "214": 1,
        "256": 1,
        "183": 1,
        "227": 1,
        "228": 1,
        "47": 1,
        "194": 1,
        "52": 1,
        "3": 1,
        "198": 1,
        "17": 1,
        "19": 1,
        "229": 1,
        "20": 1,
        "259": 1,
        "22": 1,
        "298": 1,
        "4": 1,
        "42": 1,
        "12": 1,
        "216": 1,
        "314": 1,
        "32": 1,
        "320": 1
    },
    "nrows": 5086
}