{
    "column_id": "IMDB/runningtimes.csvrunningtimes.csv/movieid",
    "dataset_name": "runningtimes.csv",
    "dataset_id": "IMDB/runningtimes.csv",
    "path": "/home/ubuntu/CatDB/Experiments/data/IMDB/runningtimes.csv",
    "table_name": "runningtimes.csv",
    "table_id": "IMDB/runningtimes.csvrunningtimes.csv",
    "column_name": "movieid",
    "data_source": "IMDB",
    "data_type": "int",
    "total_values_count": 5086,
    "distinct_values_count": 3779,
    "missing_values_count": 0,
    "true_ratio": null,
    "min_value": 1672052.0,
    "max_value": 2593313.0,
    "mean": 2150575.89913488,
    "median": 2164943.5,
    "iqr": 481744.25,
    "category_values": null,
    "embedding": [
        -1.0,
        -1.0,
        -1.0,
        1.0,
        -1.0,
        1.0,
        -1.0,
        -1.0,
        -1.0,
        -1.0,
        1.0,
        -1.0,
        -1.0,
        1.0,
        1.0,
        1.0,
        1.0,
        -1.0,
        1.0,
        -1.0,
        1.0,
        -1.0,
        1.0,
        -1.0,
        1.0,
        -1.0,
        -1.0,
        1.0,
        -1.0,
        -1.0,
        1.0,
        1.0,
        -1.0,
        -1.0,
        -1.0,
        1.0,
        -1.0,
        1.0,
        1.0,
        -1.0,
        -1.0,
        1.0,
        -1.0,
        -1.0,
        -1.0,
        -1.0,
        1.0,
        -1.0,
        -1.0,
        -0.9382051229476929,
        -1.0,
        1.0,
        1.0,
        1.0,
        -1.0,
        1.0,
        1.0,
        1.0,
        -1.0,
        0.9979345798492432,
        -1.0,
        -1.0,
        1.0,
        -1.0,
        1.0,
        -1.0,
        1.0,
        -1.0,
        1.0,
        1.0,
        1.0,
        -1.0,
        -1.0,
        -1.0,
        -1.0,
        1.0,
        1.0,
        1.0,
        1.0,
        1.0,
        1.0,
        1.0,
        1.0,
        -1.0,
        -1.0,
        1.0,
        -1.0,
        1.0,
        1.0,
        1.0,
        -1.0,
        1.0,
        1.0,
        -1.0,
        1.0,
        -1.0,
        1.0,
        -1.0,
        -1.0,
        -1.0,
        -0.9984068870544434,
        -1.0,
        1.0,
        -1.0,
        -1.0,
        1.0,
        1.0,
        1.0,
        -1.0,
        -1.0,
        1.0,
        -1.0,
        -1.0,
        1.0,
        1.0,
        1.0,
        1.0,
        1.0,
        1.0,
        -1.0,
        -1.0,
        1.0,
        -1.0,
        -1.0,
        1.0,
        -1.0,
        -1.0,
        -1.0,
        -1.0,
        1.0,
        -1.0,
        1.0,
        -1.0,
        -1.0,
        1.0,
        -1.0,
        -1.0,
        1.0,
        1.0,
        -1.0,
        1.0,
        1.0,
        1.0,
        -1.0,
        1.0,
        -1.0,
        1.0,
        -1.0,
        -1.0,
        -1.0,
        1.0,
        -1.0,
        1.0,
        -1.0,
        1.0,
        -1.0,
        1.0,
        -1.0,
        1.0,
        -1.0,
        -1.0,
        1.0,
        -1.0,
        -1.0,
        1.0,
        -1.0,
        1.0,
        -1.0,
        -1.0,
        -1.0,
        -1.0,
        -1.0,
        1.0,
        1.0,
        -1.0,
        -1.0,
        1.0,
        -1.0,
        -1.0,
        -1.0,
        1.0,
        -1.0,
        -1.0,
        -1.0,
        1.0,
        -1.0,
        1.0,
        -1.0,
        -1.0,
        -1.0,
        1.0,
        1.0,
        1.0,
        1.0,
        -1.0,
        -1.0,
        1.0,
        -1.0,
        -1.0,
        1.0,
        -1.0,
        1.0,
        -1.0,
        -1.0,
        -1.0,
        -1.0,
        1.0,
        1.0,
        -1.0,
        -1.0,
        -1.0,
        1.0,
        -1.0,
        -1.0,
        -1.0,
        1.0,
        -1.0,
        1.0,
        -1.0,
        -1.0,
        1.0,
        -1.0,
        -1.0,
        1.0,
        -1.0,
        -0.9381762742996216,
        1.0,
        -1.0,
        -1.0,
        -1.0,
        1.0,
        -1.0,
        1.0,
        -1.0,
        -1.0,
        1.0,
        -1.0,
        1.0,
        1.0,
        -1.0,
        1.0,
        -0.9311174154281616,
        1.0,
        -1.0,
        1.0,
        1.0,
        -1.0,
        -1.0,
        -1.0,
        1.0,
        1.0,
        1.0,
        -1.0,
        -1.0,
        -1.0,
        1.0,
        1.0,
        -1.0,
        -1.0,
        -1.0,
        1.0,
        1.0,
        1.0,
        -1.0,
        1.0,
        -1.0,
        -1.0,
        -1.0,
        1.0,
        1.0,
        -0.9983943104743958,
        -1.0,
        -1.0,
        1.0,
        -1.0,
        1.0,
        1.0,
        1.0,
        1.0,
        1.0,
        1.0,
        -1.0,
        1.0,
        1.0,
        1.0,
        -1.0,
        -1.0,
        1.0,
        -1.0,
        -1.0,
        -1.0,
        1.0,
        -1.0,
        -1.0,
        -1.0,
        -1.0,
        -1.0,
        1.0,
        1.0,
        1.0
    ],
    "embedding_scaling_factor": 7.3039374351501465,
    "samples": [
        2341046,
        2466916,
        2010339,
        2231909,
        1787149,
        2274590,
        2446782,
        1894453,
        2176083,
        1825343,
        2559249,
        2405835,
        1716452,
        2157724,
        2088141,
        2355625,
        2069265,
        2165832,
        2264538,
        2250014,
        2567099,
        2151493,
        2181898,
        2287637,
        2280097,
        2216295,
        1816176,
        2122177,
        2109093,
        2429382,
        2422712,
        2318730,
        2271822,
        1831593,
        1984785,
        2057973,
        2177983,
        2188074,
        1969187,
        1781295,
        1678591,
        2095261,
        2119409,
        2131017,
        1744809,
        1790780,
        2438272,
        2309617,
        2422996,
        1911817,
        2299047,
        2446369,
        2119425,
        2496353,
        2316029,
        1977589,
        1871727,
        2364498,
        2079361,
        1779361,
        1976109,
        2220554,
        2466489,
        1747899,
        2148848,
        2421720,
        1769408,
        2261350,
        1906242,
        1838481,
        1691685,
        2266691,
        2095320,
        2341171,
        2206740,
        1995178,
        2431451,
        2566262,
        2231307,
        2408167,
        1790523,
        2183016,
        2040764,
        2040764,
        2010591,
        2504015,
        1978309,
        1839442,
        1788624,
        2236640,
        1790753,
        2421052,
        2164944,
        2265188,
        2437299,
        2335264,
        2361575,
        2136535,
        2265188,
        2516147
    ],
    "category_values_ratio": null,
    "nrows": 5086
}