dataset,col_index,data_type,missing_values_count,total_values_count,distinct_values_count,number_rows
oml_dataset_43_rnc,1,float,0,488565,220,488565
oml_dataset_43_rnc,2,float,0,488565,220,488565
oml_dataset_43_rnc,3,float,0,488565,1327,488565
oml_dataset_43_rnc,4,float,0,488565,43,488565
oml_dataset_43_rnc,5,float,0,488565,228,488565
oml_dataset_43_rnc,6,float,0,488565,228,488565
oml_dataset_43_rnc,7,float,0,488565,228,488565
oml_dataset_43_rnc,8,float,0,488565,228,488565
oml_dataset_43_rnc,9,bool,0,488565,2,488565
