{
    "column_id": "Lahman-2014/schoolsplayers.csvschoolsplayers.csv/yearMin",
    "dataset_name": "schoolsplayers.csv",
    "dataset_id": "Lahman-2014/schoolsplayers.csv",
    "path": "/home/ubuntu/CatDB/Experiments/data/Lahman-2014/schoolsplayers.csv",
    "table_name": "schoolsplayers.csv",
    "table_id": "Lahman-2014/schoolsplayers.csvschoolsplayers.csv",
    "column_name": "yearMin",
    "data_source": "Lahman-2014",
    "data_type": "int",
    "total_values_count": 5679,
    "distinct_values_count": 140,
    "missing_values_count": 0,
    "true_ratio": null,
    "min_value": 0.0,
    "max_value": 2006.0,
    "mean": 1945.994541292481,
    "median": 1964.0,
    "iqr": 59.0,
    "category_values": [
        2001,
        2002,
        1888,
        1970,
        1991,
        1986,
        1989,
        1987,
        1906,
        1939,
        1903,
        1978,
        1957,
        1924,
        1921,
        1971,
        1967,
        1947,
        1999,
        2000,
        1910,
        1935,
        1898,
        1893,
        1983,
        1961,
        1948,
        1981,
        1973,
        0,
        1998,
        1909,
        1969,
        1940,
        1980,
        1941,
        1966,
        1984,
        1959,
        1914,
        1994,
        1992,
        1908,
        1918,
        1875,
        1877,
        1977,
        1892,
        1962,
        1951,
        1954,
        1985,
        1949,
        1933,
        1952,
        1993,
        1958,
        1982,
        1975,
        1937,
        1907,
        1950,
        1995,
        1916,
        1881,
        1968,
        1925,
        1932,
        1869,
        1867,
        1929,
        1901,
        1965,
        1930,
        1936,
        1920,
        1943,
        1931,
        1990,
        1960,
        1997,
        1913,
        1915,
        1953,
        1912,
        1974,
        1926,
        1976,
        1955,
        1917,
        1882,
        1964,
        1988,
        1896,
        1904,
        1979,
        1919,
        1922,
        1963,
        1934,
        1928,
        1883,
        1911,
        1938,
        1927,
        1902,
        1897,
        1942,
        1899,
        1923,
        1884,
        1996,
        1872,
        1945,
        1956,
        1972,
        1889,
        1905,
        1946,
        1944,
        1900,
        2005,
        1895,
        1885,
        1890,
        1887,
        1894,
        1891,
        1878,
        2003,
        2006,
        1873,
        1886,
        1880,
        1876,
        1874,
        1868,
        1871,
        2004,
        1879
    ],
    "embedding": [
        -1.0,
        -1.0,
        -1.0,
        1.0,
        -1.0,
        1.0,
        -1.0,
        -1.0,
        -1.0,
        -1.0,
        1.0,
        -1.0,
        -1.0,
        1.0,
        1.0,
        1.0,
        1.0,
        -1.0,
        1.0,
        -1.0,
        1.0,
        -1.0,
        1.0,
        -1.0,
        1.0,
        -1.0,
        -1.0,
        1.0,
        -1.0,
        -1.0,
        1.0,
        1.0,
        -1.0,
        -1.0,
        -1.0,
        1.0,
        -1.0,
        1.0,
        1.0,
        -1.0,
        -1.0,
        1.0,
        -1.0,
        -1.0,
        -1.0,
        -1.0,
        1.0,
        -1.0,
        -1.0,
        -0.9811000823974609,
        -1.0,
        1.0,
        1.0,
        1.0,
        -1.0,
        1.0,
        1.0,
        1.0,
        -1.0,
        0.9977602362632751,
        -1.0,
        -1.0,
        1.0,
        -1.0,
        1.0,
        -1.0,
        1.0,
        -1.0,
        1.0,
        1.0,
        1.0,
        -1.0,
        -1.0,
        -1.0,
        -1.0,
        1.0,
        1.0,
        1.0,
        1.0,
        1.0,
        1.0,
        1.0,
        1.0,
        -1.0,
        -1.0,
        1.0,
        -1.0,
        1.0,
        1.0,
        1.0,
        -1.0,
        1.0,
        1.0,
        -1.0,
        1.0,
        -1.0,
        1.0,
        -1.0,
        -1.0,
        -1.0,
        -0.9978477954864502,
        -1.0,
        1.0,
        -1.0,
        -1.0,
        1.0,
        1.0,
        1.0,
        -1.0,
        -1.0,
        1.0,
        -1.0,
        -1.0,
        1.0,
        1.0,
        1.0,
        1.0,
        1.0,
        1.0,
        -1.0,
        -1.0,
        1.0,
        -1.0,
        -1.0,
        1.0,
        -1.0,
        -1.0,
        -1.0,
        -1.0,
        1.0,
        -1.0,
        1.0,
        -1.0,
        -1.0,
        1.0,
        -1.0,
        -1.0,
        1.0,
        1.0,
        -1.0,
        1.0,
        1.0,
        1.0,
        -1.0,
        1.0,
        -1.0,
        1.0,
        -1.0,
        -1.0,
        -1.0,
        1.0,
        -1.0,
        1.0,
        -1.0,
        1.0,
        -1.0,
        1.0,
        -1.0,
        1.0,
        -1.0,
        -1.0,
        1.0,
        -1.0,
        -1.0,
        1.0,
        -1.0,
        1.0,
        -1.0,
        -1.0,
        -1.0,
        -1.0,
        -1.0,
        1.0,
        1.0,
        -1.0,
        -1.0,
        1.0,
        -1.0,
        -1.0,
        -1.0,
        1.0,
        -1.0,
        -1.0,
        -1.0,
        1.0,
        -1.0,
        1.0,
        -1.0,
        -1.0,
        -1.0,
        1.0,
        1.0,
        1.0,
        1.0,
        -1.0,
        -1.0,
        1.0,
        -1.0,
        -1.0,
        1.0,
        -1.0,
        1.0,
        -1.0,
        -1.0,
        -1.0,
        -1.0,
        1.0,
        1.0,
        -1.0,
        -1.0,
        -1.0,
        1.0,
        -1.0,
        -1.0,
        -1.0,
        1.0,
        -1.0,
        1.0,
        -1.0,
        -1.0,
        1.0,
        -1.0,
        -1.0,
        1.0,
        -1.0,
        -0.9816991686820984,
        1.0,
        -1.0,
        -1.0,
        -1.0,
        1.0,
        -1.0,
        1.0,
        -1.0,
        -1.0,
        1.0,
        -1.0,
        1.0,
        1.0,
        -1.0,
        1.0,
        -0.9691497683525085,
        1.0,
        -1.0,
        1.0,
        1.0,
        -1.0,
        -1.0,
        -1.0,
        1.0,
        1.0,
        1.0,
        -1.0,
        -1.0,
        -1.0,
        1.0,
        1.0,
        -1.0,
        -1.0,
        -1.0,
        1.0,
        1.0,
        1.0,
        -1.0,
        1.0,
        -1.0,
        -1.0,
        -1.0,
        1.0,
        1.0,
        -0.9981574416160583,
        -1.0,
        -1.0,
        1.0,
        -1.0,
        1.0,
        1.0,
        1.0,
        1.0,
        1.0,
        1.0,
        -1.0,
        1.0,
        1.0,
        1.0,
        -1.0,
        -1.0,
        1.0,
        -1.0,
        -1.0,
        -1.0,
        1.0,
        -1.0,
        -1.0,
        -1.0,
        -1.0,
        -1.0,
        1.0,
        1.0,
        1.0
    ],
    "embedding_scaling_factor": 0.00036541870213113725,
    "samples": [
        1901,
        1932,
        1926,
        1993,
        1987,
        1947,
        1990,
        1909,
        1909,
        1989,
        1967,
        1951,
        1954,
        1974,
        1941,
        1917,
        1927,
        1997,
        1988,
        1918,
        1997,
        1975,
        1995,
        1980,
        1913,
        1917,
        1980,
        1966,
        1929,
        1957,
        1958,
        1922,
        1903,
        1908,
        1959,
        1940,
        1989,
        1980,
        1927,
        1986,
        1943,
        1924,
        1901,
        1951,
        1984,
        1893,
        1977,
        1913,
        1975,
        1947,
        1975,
        1961,
        1914,
        1910,
        1946,
        1953,
        1949,
        1923,
        1996,
        1973,
        1926,
        1916,
        1992,
        1976,
        1925,
        1913,
        1990,
        1973,
        1958,
        1998,
        1913,
        1987,
        1930,
        1935,
        1910,
        1944,
        1996,
        1911,
        1935,
        1964,
        1989,
        1977,
        1972,
        1991,
        1987,
        1948,
        1958,
        1958,
        1919,
        1996,
        1967,
        1915,
        1909,
        1989,
        1986,
        2001,
        1993,
        1935,
        1994,
        1949
    ],
    "category_values_ratio": {
        "1986": 122,
        "1990": 105,
        "1985": 102,
        "1987": 102,
        "1984": 102,
        "1977": 96,
        "1989": 96,
        "1988": 95,
        "1983": 94,
        "1979": 92,
        "1991": 92,
        "1997": 87,
        "1993": 86,
        "1975": 84,
        "1992": 84,
        "1995": 83,
        "1981": 81,
        "1980": 77,
        "1996": 77,
        "1978": 77,
        "1973": 76,
        "1982": 74,
        "1974": 72,
        "1994": 70,
        "1976": 66,
        "1967": 64,
        "1998": 62,
        "1961": 60,
        "1968": 59,
        "1971": 58,
        "1920": 58,
        "1947": 57,
        "1913": 56,
        "1999": 54,
        "1969": 54,
        "1910": 54,
        "1925": 54,
        "1909": 52,
        "1970": 51,
        "1919": 50,
        "1911": 50,
        "1908": 49,
        "1963": 49,
        "1966": 49,
        "1912": 48,
        "1965": 48,
        "1921": 47,
        "1917": 47,
        "1922": 47,
        "1933": 46,
        "1964": 45,
        "1962": 45,
        "2000": 45,
        "1958": 44,
        "1959": 44,
        "1924": 43,
        "1916": 42,
        "1929": 41,
        "1957": 41,
        "1954": 40,
        "1927": 39,
        "1960": 39,
        "1923": 39,
        "1938": 38,
        "1900": 38,
        "1939": 38,
        "1906": 38,
        "1928": 37,
        "1936": 37,
        "1946": 37,
        "1972": 37,
        "1937": 37,
        "1935": 37,
        "1915": 37,
        "1948": 36,
        "1950": 36,
        "1952": 36,
        "1914": 36,
        "1930": 35,
        "1956": 35,
        "1926": 35,
        "1903": 35,
        "1901": 34,
        "1907": 34,
        "1941": 34,
        "1931": 33,
        "1932": 33,
        "1934": 32,
        "1949": 32,
        "1904": 32,
        "1902": 32,
        "1943": 31,
        "1955": 30,
        "1918": 30,
        "1905": 29,
        "1898": 27,
        "0": 27,
        "1940": 27,
        "1899": 26,
        "2001": 24,
        "1953": 24,
        "1893": 24,
        "1897": 23,
        "1942": 22,
        "1895": 22,
        "1896": 22,
        "1951": 21,
        "1944": 20,
        "1894": 19,
        "1892": 18,
        "1891": 15,
        "2002": 14,
        "1882": 12,
        "1888": 12,
        "1945": 12,
        "1881": 11,
        "1883": 9,
        "1890": 8,
        "1885": 7,
        "1889": 6,
        "1886": 6,
        "1880": 5,
        "1877": 5,
        "1884": 5,
        "1878": 4,
        "2003": 4,
        "1873": 4,
        "1875": 4,
        "1887": 3,
        "1874": 2,
        "1867": 2,
        "1871": 2,
        "2004": 1,
        "1868": 1,
        "1872": 1,
        "1876": 1,
        "2006": 1,
        "1869": 1,
        "2005": 1,
        "1879": 1
    },
    "nrows": 5679
}