{
    "column_id": "Lahman-2014/schoolsplayers.csvschoolsplayers.csv/yearMax",
    "dataset_name": "schoolsplayers.csv",
    "dataset_id": "Lahman-2014/schoolsplayers.csv",
    "path": "/home/ubuntu/CatDB/Experiments/data/Lahman-2014/schoolsplayers.csv",
    "table_name": "schoolsplayers.csv",
    "table_id": "Lahman-2014/schoolsplayers.csvschoolsplayers.csv",
    "column_name": "yearMax",
    "data_source": "Lahman-2014",
    "data_type": "int",
    "total_values_count": 5679,
    "distinct_values_count": 137,
    "missing_values_count": 0,
    "true_ratio": null,
    "min_value": 0.0,
    "max_value": 2007.0,
    "mean": 1948.5650642718788,
    "median": 1965.0,
    "iqr": 59.0,
    "category_values": [
        2001,
        2003,
        1892,
        1970,
        1992,
        1988,
        1989,
        1910,
        1941,
        1904,
        1980,
        1991,
        1958,
        1927,
        1926,
        1973,
        1967,
        1947,
        2002,
        1912,
        1993,
        1938,
        1900,
        1895,
        1986,
        1961,
        1952,
        1983,
        1974,
        0,
        1999,
        1982,
        1972,
        1946,
        1942,
        1944,
        1925,
        1921,
        1968,
        1919,
        1996,
        1995,
        1911,
        1976,
        1878,
        1979,
        1975,
        1893,
        1964,
        1951,
        1954,
        1987,
        1935,
        1955,
        1978,
        1937,
        1985,
        1977,
        1960,
        1981,
        1906,
        1909,
        1953,
        1984,
        1997,
        1917,
        1881,
        1923,
        1939,
        1934,
        1969,
        1870,
        1868,
        1971,
        1930,
        1908,
        1966,
        1936,
        1924,
        1940,
        1998,
        1943,
        1932,
        1994,
        1913,
        1915,
        1965,
        1914,
        1948,
        1956,
        1916,
        1962,
        2000,
        1959,
        1882,
        1990,
        1920,
        1898,
        1905,
        1922,
        1933,
        1963,
        1907,
        1899,
        1918,
        1884,
        1957,
        1929,
        1903,
        1931,
        1902,
        1897,
        1949,
        1928,
        1886,
        1945,
        1872,
        1894,
        1950,
        1891,
        1901,
        2005,
        1875,
        1888,
        1890,
        1883,
        1889,
        1896,
        1879,
        1880,
        2007,
        1885,
        2004,
        1876,
        1887,
        1877,
        1871
    ],
    "embedding": [
        -1.0,
        -1.0,
        -1.0,
        1.0,
        -1.0,
        1.0,
        -1.0,
        -1.0,
        -1.0,
        -1.0,
        1.0,
        -1.0,
        -1.0,
        1.0,
        1.0,
        1.0,
        1.0,
        -1.0,
        1.0,
        -1.0,
        1.0,
        -1.0,
        1.0,
        -1.0,
        1.0,
        -1.0,
        -1.0,
        1.0,
        -1.0,
        -1.0,
        1.0,
        1.0,
        -1.0,
        -1.0,
        -1.0,
        1.0,
        -1.0,
        1.0,
        1.0,
        -1.0,
        -1.0,
        1.0,
        -1.0,
        -1.0,
        -1.0,
        -1.0,
        1.0,
        -1.0,
        -1.0,
        -0.9909211993217468,
        -1.0,
        1.0,
        1.0,
        1.0,
        -1.0,
        1.0,
        1.0,
        1.0,
        -1.0,
        0.9995748400688171,
        -1.0,
        -1.0,
        1.0,
        -1.0,
        1.0,
        -1.0,
        1.0,
        -1.0,
        1.0,
        1.0,
        1.0,
        -1.0,
        -1.0,
        -1.0,
        -1.0,
        1.0,
        1.0,
        1.0,
        1.0,
        1.0,
        1.0,
        1.0,
        1.0,
        -1.0,
        -1.0,
        1.0,
        -1.0,
        1.0,
        1.0,
        1.0,
        -1.0,
        1.0,
        1.0,
        -1.0,
        1.0,
        -1.0,
        1.0,
        -1.0,
        -1.0,
        -1.0,
        -0.998710036277771,
        -1.0,
        1.0,
        -1.0,
        -1.0,
        1.0,
        1.0,
        1.0,
        -1.0,
        -1.0,
        1.0,
        -1.0,
        -1.0,
        1.0,
        1.0,
        1.0,
        1.0,
        1.0,
        1.0,
        -1.0,
        -1.0,
        1.0,
        -1.0,
        -1.0,
        1.0,
        -1.0,
        -1.0,
        -1.0,
        -1.0,
        1.0,
        -1.0,
        1.0,
        -1.0,
        -1.0,
        1.0,
        -1.0,
        -1.0,
        1.0,
        1.0,
        -1.0,
        1.0,
        1.0,
        1.0,
        -1.0,
        1.0,
        -1.0,
        1.0,
        -1.0,
        -1.0,
        -1.0,
        1.0,
        -1.0,
        1.0,
        -1.0,
        1.0,
        -1.0,
        1.0,
        -1.0,
        1.0,
        -1.0,
        -1.0,
        1.0,
        -1.0,
        -1.0,
        1.0,
        -1.0,
        1.0,
        -1.0,
        -1.0,
        -1.0,
        -1.0,
        -1.0,
        1.0,
        1.0,
        -1.0,
        -1.0,
        1.0,
        -1.0,
        -1.0,
        -1.0,
        1.0,
        -1.0,
        -1.0,
        -1.0,
        1.0,
        -1.0,
        1.0,
        -1.0,
        -1.0,
        -1.0,
        1.0,
        1.0,
        1.0,
        1.0,
        -1.0,
        -1.0,
        1.0,
        -1.0,
        -1.0,
        1.0,
        -1.0,
        1.0,
        -1.0,
        -1.0,
        -1.0,
        -1.0,
        1.0,
        1.0,
        -1.0,
        -1.0,
        -1.0,
        1.0,
        -1.0,
        -1.0,
        -1.0,
        1.0,
        -1.0,
        1.0,
        -1.0,
        -1.0,
        1.0,
        -1.0,
        -1.0,
        1.0,
        -1.0,
        -0.991318941116333,
        1.0,
        -1.0,
        -1.0,
        -1.0,
        1.0,
        -1.0,
        1.0,
        -1.0,
        -1.0,
        1.0,
        -1.0,
        1.0,
        1.0,
        -1.0,
        1.0,
        -0.982589840888977,
        1.0,
        -1.0,
        1.0,
        1.0,
        -1.0,
        -1.0,
        -1.0,
        1.0,
        1.0,
        1.0,
        -1.0,
        -1.0,
        -1.0,
        1.0,
        1.0,
        -1.0,
        -1.0,
        -1.0,
        1.0,
        1.0,
        1.0,
        -1.0,
        1.0,
        -1.0,
        -1.0,
        -1.0,
        1.0,
        1.0,
        -0.9991359710693359,
        -1.0,
        -1.0,
        1.0,
        -1.0,
        1.0,
        1.0,
        1.0,
        1.0,
        1.0,
        1.0,
        -1.0,
        1.0,
        1.0,
        1.0,
        -1.0,
        -1.0,
        1.0,
        -1.0,
        -1.0,
        -1.0,
        1.0,
        -1.0,
        -1.0,
        -1.0,
        -1.0,
        -1.0,
        1.0,
        1.0,
        1.0
    ],
    "embedding_scaling_factor": 6.284130358835682e-05,
    "samples": [
        2000,
        1977,
        2001,
        1922,
        1985,
        2003,
        1949,
        2002,
        1879,
        1996,
        1910,
        1947,
        1987,
        1920,
        1985,
        1973,
        1949,
        1988,
        1954,
        1993,
        1980,
        1988,
        1916,
        1988,
        1904,
        1986,
        1926,
        1924,
        1993,
        1918,
        1935,
        1965,
        1994,
        1992,
        1947,
        1972,
        1978,
        1927,
        2002,
        1931,
        1928,
        1905,
        1961,
        1978,
        1920,
        1982,
        1951,
        1943,
        1986,
        1912,
        1997,
        1969,
        1916,
        1990,
        1917,
        1919,
        1995,
        1952,
        1956,
        1996,
        1981,
        1964,
        1987,
        1935,
        1945,
        1981,
        1931,
        1916,
        1981,
        1972,
        1922,
        1979,
        1910,
        1912,
        1901,
        1981,
        1967,
        1927,
        1995,
        1973,
        1907,
        1977,
        1902,
        1974,
        2002,
        1910,
        1994,
        1990,
        2002,
        1913,
        1923,
        1988,
        1950,
        1968,
        1980,
        1998,
        1984,
        1929,
        1934,
        1918
    ],
    "category_values_ratio": {
        "1985": 114,
        "1992": 109,
        "1987": 109,
        "1991": 106,
        "1988": 105,
        "1986": 105,
        "1990": 100,
        "1989": 94,
        "1993": 94,
        "1980": 92,
        "1977": 86,
        "1995": 84,
        "1982": 82,
        "1978": 82,
        "1996": 80,
        "1998": 79,
        "1976": 79,
        "1981": 76,
        "1983": 76,
        "1997": 76,
        "1979": 76,
        "1984": 74,
        "1999": 74,
        "1994": 71,
        "1975": 62,
        "1974": 62,
        "2000": 62,
        "1912": 62,
        "1961": 56,
        "1925": 55,
        "1966": 54,
        "1915": 54,
        "1923": 52,
        "2001": 52,
        "1969": 51,
        "1970": 51,
        "1922": 51,
        "1973": 50,
        "1909": 50,
        "1920": 50,
        "1968": 50,
        "1910": 49,
        "1971": 48,
        "1963": 48,
        "1926": 48,
        "1964": 47,
        "1928": 47,
        "1911": 47,
        "1914": 46,
        "1943": 46,
        "1972": 46,
        "1958": 46,
        "1965": 45,
        "1913": 45,
        "1917": 45,
        "1916": 44,
        "1967": 44,
        "1941": 44,
        "1950": 44,
        "1935": 44,
        "1936": 44,
        "1927": 44,
        "2002": 43,
        "1937": 43,
        "1962": 42,
        "1960": 41,
        "1903": 41,
        "1957": 41,
        "1921": 40,
        "1947": 39,
        "1934": 39,
        "1959": 39,
        "1924": 38,
        "1930": 38,
        "1939": 38,
        "1955": 38,
        "1919": 38,
        "1901": 37,
        "1904": 37,
        "1932": 37,
        "1908": 36,
        "1948": 36,
        "1929": 36,
        "1938": 36,
        "1907": 34,
        "1906": 33,
        "1949": 33,
        "1952": 32,
        "1954": 32,
        "1956": 32,
        "1931": 31,
        "1940": 31,
        "1942": 30,
        "1905": 30,
        "1933": 30,
        "1951": 29,
        "1902": 29,
        "1918": 28,
        "1953": 26,
        "0": 25,
        "1900": 23,
        "2003": 23,
        "1946": 22,
        "1944": 21,
        "1898": 20,
        "1897": 19,
        "1893": 15,
        "1945": 15,
        "1894": 14,
        "1895": 14,
        "1899": 13,
        "1896": 11,
        "1884": 11,
        "1889": 9,
        "1883": 9,
        "1892": 9,
        "1882": 8,
        "1890": 8,
        "1888": 7,
        "1891": 7,
        "2004": 6,
        "1879": 5,
        "1885": 5,
        "1887": 5,
        "1886": 4,
        "1881": 4,
        "2005": 4,
        "1877": 3,
        "1876": 3,
        "1870": 3,
        "1880": 3,
        "1878": 3,
        "1875": 3,
        "2007": 1,
        "1868": 1,
        "1872": 1,
        "1871": 1
    },
    "nrows": 5679
}