{
    "column_id": "IMDB/movies2producers.csvmovies2producers.csv/movieid",
    "dataset_name": "movies2producers.csv",
    "dataset_id": "IMDB/movies2producers.csv",
    "path": "/home/ubuntu/CatDB/Experiments/data/IMDB/movies2producers.csv",
    "table_name": "movies2producers.csv",
    "table_id": "IMDB/movies2producers.csvmovies2producers.csv",
    "column_name": "movieid",
    "data_source": "IMDB",
    "data_type": "int",
    "total_values_count": 16921,
    "distinct_values_count": 3766,
    "missing_values_count": 0,
    "true_ratio": null,
    "min_value": 1672052.0,
    "max_value": 2593313.0,
    "mean": 2150880.6233674134,
    "median": 2173027.0,
    "iqr": 496471.0,
    "category_values": null,
    "embedding": [
        -1.0,
        -1.0,
        -1.0,
        1.0,
        -1.0,
        1.0,
        -1.0,
        -1.0,
        -1.0,
        -1.0,
        1.0,
        -1.0,
        -1.0,
        1.0,
        1.0,
        1.0,
        1.0,
        -1.0,
        1.0,
        -1.0,
        1.0,
        -1.0,
        1.0,
        -1.0,
        1.0,
        -1.0,
        -1.0,
        1.0,
        -1.0,
        -1.0,
        1.0,
        1.0,
        -1.0,
        -1.0,
        -1.0,
        1.0,
        -1.0,
        1.0,
        1.0,
        -1.0,
        -1.0,
        1.0,
        -1.0,
        -1.0,
        -1.0,
        -1.0,
        1.0,
        -1.0,
        -1.0,
        -0.9351441860198975,
        -1.0,
        1.0,
        1.0,
        1.0,
        -1.0,
        1.0,
        1.0,
        1.0,
        -1.0,
        0.9973121285438538,
        -1.0,
        -1.0,
        1.0,
        -1.0,
        1.0,
        -1.0,
        1.0,
        -1.0,
        1.0,
        1.0,
        1.0,
        -1.0,
        -1.0,
        -1.0,
        -1.0,
        1.0,
        1.0,
        1.0,
        1.0,
        1.0,
        1.0,
        1.0,
        1.0,
        -1.0,
        -1.0,
        1.0,
        -1.0,
        1.0,
        1.0,
        1.0,
        -1.0,
        1.0,
        1.0,
        -1.0,
        1.0,
        -1.0,
        1.0,
        -1.0,
        -1.0,
        -1.0,
        -0.9978192448616028,
        -1.0,
        1.0,
        -1.0,
        -1.0,
        1.0,
        1.0,
        1.0,
        -1.0,
        -1.0,
        1.0,
        -1.0,
        -1.0,
        1.0,
        1.0,
        1.0,
        1.0,
        1.0,
        1.0,
        -1.0,
        -1.0,
        1.0,
        -1.0,
        -1.0,
        1.0,
        -1.0,
        -1.0,
        -0.9999998807907104,
        -1.0,
        1.0,
        -1.0,
        1.0,
        -1.0,
        -1.0,
        1.0,
        -1.0,
        -1.0,
        1.0,
        1.0,
        -1.0,
        1.0,
        1.0,
        1.0,
        -1.0,
        1.0,
        -1.0,
        1.0,
        -1.0,
        -1.0,
        -1.0,
        1.0,
        -1.0,
        1.0,
        -1.0,
        1.0,
        -1.0,
        1.0,
        -1.0,
        1.0,
        -1.0,
        -1.0,
        1.0,
        -1.0,
        -1.0,
        1.0,
        -1.0,
        1.0,
        -1.0,
        -1.0,
        -1.0,
        -1.0,
        -1.0,
        1.0,
        1.0,
        -1.0,
        -1.0,
        1.0,
        -1.0,
        -1.0,
        -1.0,
        1.0,
        -1.0,
        -1.0,
        -1.0,
        1.0,
        -1.0,
        1.0,
        -1.0,
        -1.0,
        -1.0,
        1.0,
        1.0,
        1.0,
        1.0,
        -1.0,
        -1.0,
        1.0,
        -1.0,
        -1.0,
        1.0,
        -1.0,
        1.0,
        -1.0,
        -1.0,
        -1.0,
        -1.0,
        1.0,
        1.0,
        -1.0,
        -1.0,
        -1.0,
        1.0,
        -1.0,
        -1.0,
        -1.0,
        1.0,
        -1.0,
        1.0,
        -1.0,
        -1.0,
        1.0,
        -1.0,
        -1.0,
        1.0,
        -1.0,
        -0.9343426823616028,
        1.0,
        -1.0,
        -1.0,
        -1.0,
        1.0,
        -1.0,
        1.0,
        -1.0,
        -1.0,
        1.0,
        -1.0,
        1.0,
        1.0,
        -1.0,
        1.0,
        -0.9250525832176208,
        1.0,
        -1.0,
        1.0,
        1.0,
        -1.0,
        -1.0,
        -1.0,
        1.0,
        1.0,
        1.0,
        -1.0,
        -1.0,
        -1.0,
        1.0,
        1.0,
        -1.0,
        -1.0,
        -1.0,
        1.0,
        1.0,
        1.0,
        -1.0,
        1.0,
        -1.0,
        -1.0,
        -1.0,
        1.0,
        1.0,
        -0.9974573850631714,
        -1.0,
        -1.0,
        1.0,
        -1.0,
        1.0,
        1.0,
        1.0,
        1.0,
        1.0,
        1.0,
        -1.0,
        1.0,
        1.0,
        1.0,
        -1.0,
        -1.0,
        1.0,
        -1.0,
        -1.0,
        -1.0,
        1.0,
        -1.0,
        -1.0,
        -1.0,
        -1.0,
        -1.0,
        1.0,
        1.0,
        1.0
    ],
    "embedding_scaling_factor": 7.68031644821167,
    "samples": [
        2518541,
        1744809,
        1796704,
        2425640,
        1858364,
        2266575,
        1695219,
        1928755,
        2435697,
        2192642,
        2154607,
        2073938,
        2540772,
        2182361,
        2308758,
        2311011,
        1886005,
        1811382,
        2373470,
        1766849,
        1783892,
        1838568,
        2361456,
        2172541,
        1766668,
        2418230,
        2554699,
        2512542,
        2084764,
        2465773,
        2559855,
        2328882,
        2483077,
        2349430,
        2415703,
        2371787,
        2571296,
        2148608,
        1932958,
        2401441,
        2466584,
        2018119,
        1951931,
        1786099,
        2254327,
        2416410,
        2386139,
        1750728,
        2438827,
        2183726,
        1692173,
        2018119,
        2417640,
        2522447,
        2496353,
        1721750,
        1730640,
        2423315,
        1898372,
        2339103,
        2461650,
        2451910,
        1911817,
        1755112,
        1753860,
        2269410,
        2425160,
        1832720,
        1757485,
        1999026,
        1695355,
        1795631,
        1672716,
        2570133,
        2476335,
        1859542,
        1983455,
        2491020,
        1859351,
        2218486,
        1718318,
        1864055,
        1840882,
        2520896,
        2197021,
        2452617,
        1785170,
        2300354,
        2019186,
        2564194,
        1939762,
        2545380,
        2003554,
        2449525,
        1707941,
        2585507,
        2006660,
        2477894,
        2393241,
        2095288
    ],
    "category_values_ratio": null,
    "nrows": 16921
}