{
    "column_id": "IMDB/movies2producers.csvmovies2producers.csv/producerid",
    "dataset_name": "movies2producers.csv",
    "dataset_id": "IMDB/movies2producers.csv",
    "path": "/home/ubuntu/CatDB/Experiments/data/IMDB/movies2producers.csv",
    "table_name": "movies2producers.csv",
    "table_id": "IMDB/movies2producers.csvmovies2producers.csv",
    "column_name": "producerid",
    "data_source": "IMDB",
    "data_type": "int",
    "total_values_count": 16921,
    "distinct_values_count": 8301,
    "missing_values_count": 0,
    "true_ratio": null,
    "min_value": 138.0,
    "max_value": 532347.0,
    "mean": 268743.7513149341,
    "median": 265935.0,
    "iqr": 272634.0,
    "category_values": null,
    "embedding": [
        -1.0,
        -1.0,
        -1.0,
        1.0,
        -1.0,
        1.0,
        -1.0,
        -1.0,
        -1.0,
        -1.0,
        1.0,
        -1.0,
        -1.0,
        1.0,
        1.0,
        1.0,
        1.0,
        -1.0,
        1.0,
        -1.0,
        1.0,
        -1.0,
        1.0,
        -1.0,
        1.0,
        -1.0,
        -1.0,
        1.0,
        -1.0,
        -1.0,
        1.0,
        1.0,
        -1.0,
        -1.0,
        -1.0,
        1.0,
        -1.0,
        1.0,
        1.0,
        -1.0,
        -1.0,
        1.0,
        -1.0,
        -1.0,
        -1.0,
        -1.0,
        1.0,
        -1.0,
        -1.0,
        -0.8665677905082703,
        -1.0,
        1.0,
        1.0,
        1.0,
        -1.0,
        1.0,
        1.0,
        1.0,
        -1.0,
        0.9950956106185913,
        -1.0,
        -1.0,
        1.0,
        -1.0,
        1.0,
        -1.0,
        1.0,
        -1.0,
        1.0,
        1.0,
        1.0,
        -1.0,
        -1.0,
        -1.0,
        -1.0,
        1.0,
        1.0,
        1.0,
        1.0,
        1.0,
        1.0,
        1.0,
        1.0,
        -1.0,
        -1.0,
        1.0,
        -1.0,
        1.0,
        1.0,
        1.0,
        -1.0,
        1.0,
        1.0,
        -1.0,
        1.0,
        -1.0,
        1.0,
        -1.0,
        -1.0,
        -1.0,
        -0.9955715537071228,
        -1.0,
        1.0,
        -1.0,
        -1.0,
        1.0,
        1.0,
        1.0,
        -1.0,
        -1.0,
        1.0,
        -1.0,
        -1.0,
        1.0,
        1.0,
        1.0,
        1.0,
        1.0,
        1.0,
        -1.0,
        -1.0,
        1.0,
        -1.0,
        -1.0,
        1.0,
        -1.0,
        -1.0,
        -1.0,
        -1.0,
        1.0,
        -1.0,
        1.0,
        -1.0,
        -1.0,
        1.0,
        -1.0,
        -1.0,
        1.0,
        1.0,
        -1.0,
        1.0,
        1.0,
        1.0,
        -1.0,
        1.0,
        -1.0,
        1.0,
        -1.0,
        -1.0,
        -1.0,
        1.0,
        -1.0,
        1.0,
        -1.0,
        1.0,
        -1.0,
        1.0,
        -1.0,
        1.0,
        -1.0,
        -1.0,
        1.0,
        -1.0,
        -1.0,
        1.0,
        -1.0,
        1.0,
        -1.0,
        -1.0,
        -1.0,
        -1.0,
        -1.0,
        1.0,
        1.0,
        -1.0,
        -1.0,
        1.0,
        -1.0,
        -1.0,
        -1.0,
        1.0,
        -1.0,
        -1.0,
        -1.0,
        1.0,
        -1.0,
        1.0,
        -1.0,
        -1.0,
        -1.0,
        1.0,
        1.0,
        1.0,
        1.0,
        -1.0,
        -1.0,
        1.0,
        -1.0,
        -1.0,
        1.0,
        -1.0,
        1.0,
        -1.0,
        -1.0,
        -1.0,
        -1.0,
        1.0,
        1.0,
        -1.0,
        -1.0,
        -1.0,
        1.0,
        -1.0,
        -1.0,
        -1.0,
        1.0,
        -1.0,
        1.0,
        -1.0,
        -1.0,
        1.0,
        -1.0,
        -1.0,
        1.0,
        -1.0,
        -0.8621194958686829,
        1.0,
        -1.0,
        -1.0,
        -1.0,
        1.0,
        -1.0,
        1.0,
        -1.0,
        -1.0,
        1.0,
        -1.0,
        1.0,
        1.0,
        -1.0,
        1.0,
        -0.8486472964286804,
        1.0,
        -1.0,
        1.0,
        1.0,
        -1.0,
        -1.0,
        -1.0,
        1.0,
        1.0,
        1.0,
        -1.0,
        -1.0,
        -1.0,
        1.0,
        1.0,
        -1.0,
        -1.0,
        -1.0,
        1.0,
        1.0,
        1.0,
        -1.0,
        1.0,
        -1.0,
        -1.0,
        -1.0,
        1.0,
        1.0,
        -0.9953351616859436,
        -1.0,
        -1.0,
        1.0,
        -1.0,
        1.0,
        1.0,
        1.0,
        1.0,
        1.0,
        1.0,
        -1.0,
        1.0,
        1.0,
        1.0,
        -1.0,
        -1.0,
        1.0,
        -1.0,
        -1.0,
        -1.0,
        1.0,
        -1.0,
        -1.0,
        -1.0,
        -1.0,
        -1.0,
        1.0,
        1.0,
        1.0
    ],
    "embedding_scaling_factor": 28.26603126525879,
    "samples": [
        203385,
        274698,
        466001,
        46695,
        407770,
        337349,
        286561,
        394970,
        282194,
        273012,
        362843,
        458238,
        143055,
        517093,
        502106,
        199152,
        527328,
        428142,
        204819,
        375300,
        529533,
        255018,
        395803,
        343615,
        390122,
        57633,
        205573,
        117915,
        112521,
        233209,
        352099,
        293860,
        232784,
        250933,
        209625,
        240631,
        142679,
        285895,
        341634,
        22988,
        31871,
        146688,
        81774,
        108833,
        139980,
        331051,
        441963,
        319542,
        418412,
        378608,
        223426,
        18808,
        224620,
        281891,
        217657,
        431433,
        122518,
        509496,
        290599,
        36166,
        511642,
        362897,
        325710,
        270569,
        297454,
        371609,
        469136,
        461803,
        46590,
        440919,
        176364,
        502254,
        523035,
        378020,
        421589,
        124044,
        507698,
        318285,
        99427,
        341153,
        433949,
        72290,
        407452,
        378021,
        53214,
        481793,
        155096,
        40566,
        332506,
        186057,
        172042,
        53669,
        518373,
        280183,
        190055,
        157978,
        84108,
        157279,
        409769,
        359529
    ],
    "category_values_ratio": null,
    "nrows": 16921
}