dataset,prompt_representation_type,prompt_example_type,prompt_number_example,number_tokens,number_bool,number_int,number_float,number_string
oml_dataset_91_rnc,S,Random,0,1141,0,43,0,0
oml_dataset_91_rnc,SDVC,Random,0,1376,0,43,0,0
oml_dataset_91_rnc,SMVF,Random,0,1544,0,43,0,0
oml_dataset_91_rnc,SSN,Random,0,2232,0,43,0,0
oml_dataset_91_rnc,SCV,Random,0,1501,0,43,0,0
oml_dataset_91_rnc,SDVCMVF,Random,0,1826,0,43,0,0
oml_dataset_91_rnc,SDVCSN,Random,0,2471,0,43,0,0
oml_dataset_91_rnc,SMVFSN,Random,0,2638,0,43,0,0
oml_dataset_91_rnc,SMVFCV,Random,0,1907,0,43,0,0
oml_dataset_91_rnc,SSNCV,Random,0,2596,0,43,0,0
oml_dataset_91_rnc,ALL,Random,0,2971,0,43,0,0
