{
    "column_id": "Airline/L_AIRLINE_ID.csvL_AIRLINE_ID.csv/Code",
    "dataset_name": "L_AIRLINE_ID.csv",
    "dataset_id": "Airline/L_AIRLINE_ID.csv",
    "path": "/home/ubuntu/CatDB/Experiments/data/Airline/L_AIRLINE_ID.csv",
    "table_name": "L_AIRLINE_ID.csv",
    "table_id": "Airline/L_AIRLINE_ID.csvL_AIRLINE_ID.csv",
    "column_name": "Code",
    "data_source": "Airline",
    "data_type": "int",
    "total_values_count": 1610,
    "distinct_values_count": 1610,
    "missing_values_count": 0,
    "true_ratio": null,
    "min_value": 19031.0,
    "max_value": 21712.0,
    "mean": 19934.568944099377,
    "median": 19836.5,
    "iqr": 806.5,
    "category_values": null,
    "embedding": [
        -1.0,
        -1.0,
        -1.0,
        1.0,
        -1.0,
        1.0,
        -1.0,
        -1.0,
        -1.0,
        -1.0,
        1.0,
        -1.0,
        -1.0,
        1.0,
        1.0,
        1.0,
        1.0,
        -1.0,
        1.0,
        -1.0,
        1.0,
        -1.0,
        1.0,
        -1.0,
        1.0,
        -1.0,
        -1.0,
        1.0,
        -1.0,
        -1.0,
        1.0,
        1.0,
        -1.0,
        -1.0,
        -1.0,
        1.0,
        -1.0,
        1.0,
        1.0,
        -1.0,
        -1.0,
        1.0,
        -1.0,
        -1.0,
        -1.0,
        -1.0,
        1.0,
        -1.0,
        -1.0,
        -0.9983043074607849,
        -1.0,
        1.0,
        1.0,
        1.0,
        -1.0,
        1.0,
        1.0,
        1.0,
        -1.0,
        0.9993669390678406,
        -1.0,
        -1.0,
        1.0,
        -1.0,
        1.0,
        -1.0,
        1.0,
        -1.0,
        1.0,
        1.0,
        1.0,
        -1.0,
        -1.0,
        -1.0,
        -1.0,
        1.0,
        1.0,
        1.0,
        1.0,
        1.0,
        1.0,
        1.0,
        1.0,
        -1.0,
        -1.0,
        1.0,
        -1.0,
        1.0,
        1.0,
        1.0,
        -1.0,
        1.0,
        1.0,
        -1.0,
        1.0,
        -1.0,
        1.0,
        -1.0,
        -1.0,
        -1.0,
        -0.9998175501823425,
        -1.0,
        1.0,
        -1.0,
        -1.0,
        1.0,
        1.0,
        1.0,
        -1.0,
        -1.0,
        1.0,
        -1.0,
        -1.0,
        1.0,
        1.0,
        1.0,
        1.0,
        1.0,
        1.0,
        -1.0,
        -1.0,
        1.0,
        -1.0,
        -1.0,
        1.0,
        -1.0,
        -1.0,
        -1.0,
        -1.0,
        1.0,
        -1.0,
        1.0,
        -1.0,
        -1.0,
        1.0,
        -1.0,
        -1.0,
        1.0,
        1.0,
        -1.0,
        1.0,
        1.0,
        1.0,
        -1.0,
        1.0,
        -1.0,
        1.0,
        -1.0,
        -1.0,
        -1.0,
        1.0,
        -1.0,
        1.0,
        -1.0,
        1.0,
        -1.0,
        1.0,
        -1.0,
        1.0,
        -1.0,
        -1.0,
        1.0,
        -1.0,
        -1.0,
        1.0,
        -1.0,
        1.0,
        -1.0,
        -1.0,
        -1.0,
        -1.0,
        -1.0,
        1.0,
        1.0,
        -1.0,
        -1.0,
        1.0,
        -1.0,
        -1.0,
        -1.0,
        1.0,
        -1.0,
        -1.0,
        -1.0,
        1.0,
        -1.0,
        1.0,
        -1.0,
        -1.0,
        -1.0,
        1.0,
        1.0,
        1.0,
        1.0,
        -1.0,
        -1.0,
        1.0,
        -1.0,
        -1.0,
        1.0,
        -1.0,
        1.0,
        -1.0,
        -1.0,
        -1.0,
        -1.0,
        1.0,
        1.0,
        -1.0,
        -1.0,
        -1.0,
        1.0,
        -1.0,
        -1.0,
        -1.0,
        1.0,
        -1.0,
        1.0,
        -1.0,
        -1.0,
        1.0,
        -1.0,
        -1.0,
        1.0,
        -1.0,
        -0.9984138011932373,
        1.0,
        -1.0,
        -1.0,
        -1.0,
        1.0,
        -1.0,
        1.0,
        -1.0,
        -1.0,
        1.0,
        -1.0,
        1.0,
        1.0,
        -1.0,
        1.0,
        -0.9984645843505859,
        1.0,
        -1.0,
        1.0,
        1.0,
        -1.0,
        -1.0,
        -1.0,
        1.0,
        1.0,
        1.0,
        -1.0,
        -1.0,
        -1.0,
        1.0,
        1.0,
        -1.0,
        -1.0,
        -1.0,
        1.0,
        1.0,
        1.0,
        -1.0,
        1.0,
        -1.0,
        -1.0,
        -1.0,
        1.0,
        1.0,
        -0.999838650226593,
        -1.0,
        -1.0,
        1.0,
        -1.0,
        1.0,
        1.0,
        1.0,
        1.0,
        1.0,
        1.0,
        -1.0,
        1.0,
        1.0,
        1.0,
        -1.0,
        -1.0,
        1.0,
        -1.0,
        -1.0,
        -1.0,
        1.0,
        -1.0,
        -1.0,
        -1.0,
        -1.0,
        -1.0,
        1.0,
        1.0,
        1.0
    ],
    "embedding_scaling_factor": 2.3258385226654354e-06,
    "samples": [
        19317,
        19402,
        19529,
        19797,
        19299,
        20095,
        19829,
        21447,
        20262,
        21589,
        19567,
        20431,
        19108,
        19750,
        19499,
        19075,
        19047,
        19329,
        20048,
        20406,
        21411,
        19808,
        20118,
        19324,
        19737,
        20106,
        21655,
        20036,
        20096,
        20444,
        20229,
        19466,
        21366,
        20132,
        19119,
        19685,
        20389,
        19458,
        20185,
        19449,
        19823,
        20439,
        19975,
        20346,
        19879,
        19180,
        21579,
        19341,
        21518,
        19549,
        19725,
        20335,
        19397,
        19876,
        20067,
        19542,
        19908,
        20202,
        20415,
        19933,
        19309,
        19352,
        19165,
        19814,
        19289,
        19676,
        20386,
        20076,
        19470,
        21528,
        21309,
        21142,
        19588,
        21626,
        19057,
        19151,
        19699,
        21437,
        20404,
        19919,
        21567,
        19034,
        20024,
        21467,
        19966,
        20160,
        19921,
        20354,
        19762,
        21692,
        19258,
        20098,
        21587,
        19705,
        19688,
        19043,
        19971,
        19323,
        19295,
        20311
    ],
    "category_values_ratio": null,
    "nrows": 1610
}