{
    "column_id": "Accidents/nesreca.csvnesreca.csv/id_nesreca",
    "dataset_name": "nesreca.csv",
    "dataset_id": "Accidents/nesreca.csv",
    "path": "/home/ubuntu/CatDB/Experiments/data/Accidents/nesreca.csv",
    "table_name": "nesreca.csv",
    "table_id": "Accidents/nesreca.csvnesreca.csv",
    "column_name": "id_nesreca",
    "data_source": "Accidents",
    "data_type": "int",
    "total_values_count": 508993,
    "distinct_values_count": 508993,
    "missing_values_count": 0,
    "true_ratio": null,
    "min_value": 36738.0,
    "max_value": 549805.0,
    "mean": 293322.58420842723,
    "median": 293313.0,
    "iqr": 255406.0,
    "category_values": null,
    "embedding": [
        -1.0,
        -1.0,
        -1.0,
        1.0,
        -1.0,
        1.0,
        -1.0,
        -1.0,
        -0.9999960660934448,
        -1.0,
        1.0,
        -1.0,
        -1.0,
        1.0,
        1.0,
        1.0,
        1.0,
        -1.0,
        1.0,
        -1.0,
        1.0,
        -1.0,
        1.0,
        -1.0,
        1.0,
        -1.0,
        -1.0,
        1.0,
        -1.0,
        -1.0,
        1.0,
        1.0,
        -1.0,
        -1.0,
        -1.0,
        1.0,
        -1.0,
        1.0,
        1.0,
        -1.0,
        -1.0,
        1.0,
        -1.0,
        -1.0,
        -1.0,
        -1.0,
        1.0,
        -1.0,
        -0.9999997019767761,
        -0.8498539924621582,
        -1.0,
        1.0,
        1.0,
        1.0,
        -1.0,
        1.0,
        1.0,
        1.0,
        -1.0,
        0.9943209290504456,
        -1.0,
        -1.0,
        1.0,
        -1.0,
        1.0,
        -1.0,
        1.0,
        -1.0,
        1.0,
        1.0,
        1.0,
        -1.0,
        -1.0,
        -1.0,
        -1.0,
        1.0,
        1.0,
        1.0,
        1.0,
        1.0,
        1.0,
        1.0,
        1.0,
        -1.0,
        -1.0,
        1.0,
        -1.0,
        1.0,
        1.0,
        1.0,
        -1.0,
        1.0,
        1.0,
        -1.0,
        1.0,
        -1.0,
        1.0,
        -1.0,
        -1.0,
        -1.0,
        -0.9934089183807373,
        -1.0,
        1.0,
        -1.0,
        -1.0,
        1.0,
        1.0,
        1.0,
        -1.0,
        -1.0,
        1.0,
        -1.0,
        -1.0,
        1.0,
        1.0,
        1.0,
        1.0,
        1.0,
        1.0,
        -1.0,
        -1.0,
        1.0,
        -1.0,
        -1.0,
        1.0,
        -1.0,
        -1.0,
        -0.9999603033065796,
        -1.0,
        1.0,
        -1.0,
        1.0,
        -1.0,
        -1.0,
        1.0,
        -1.0,
        -1.0,
        1.0,
        1.0,
        -1.0,
        1.0,
        1.0,
        1.0,
        -1.0,
        1.0,
        -1.0,
        1.0,
        -1.0,
        -1.0,
        -1.0,
        0.9999607801437378,
        -1.0,
        1.0,
        -1.0,
        1.0,
        -1.0,
        1.0,
        -1.0,
        1.0,
        -1.0,
        -1.0,
        1.0,
        -1.0,
        -1.0,
        1.0,
        -1.0,
        1.0,
        -1.0,
        -1.0,
        -1.0,
        -1.0,
        -1.0,
        1.0,
        1.0,
        -1.0,
        -1.0,
        1.0,
        -1.0,
        -1.0,
        -1.0,
        1.0,
        -1.0,
        -1.0,
        -1.0,
        1.0,
        -1.0,
        1.0,
        -1.0,
        -1.0,
        -1.0,
        1.0,
        1.0,
        1.0,
        1.0,
        -1.0,
        -1.0,
        1.0,
        -1.0,
        -1.0,
        1.0,
        -1.0,
        1.0,
        -1.0,
        -1.0,
        -1.0,
        -1.0,
        1.0,
        1.0,
        -1.0,
        -1.0,
        -1.0,
        1.0,
        -1.0,
        -1.0,
        -1.0,
        1.0,
        -1.0,
        1.0,
        -1.0,
        -1.0,
        1.0,
        -1.0,
        -1.0,
        1.0,
        -0.9999978542327881,
        -0.8480669260025024,
        1.0,
        -1.0,
        -1.0,
        -1.0,
        1.0,
        -1.0,
        1.0,
        -1.0,
        -1.0,
        1.0,
        -1.0,
        1.0,
        1.0,
        -0.9999997019767761,
        1.0,
        -0.8333852887153625,
        1.0,
        -1.0,
        1.0,
        1.0,
        -1.0,
        -1.0,
        -1.0,
        1.0,
        1.0,
        1.0,
        -1.0,
        -1.0,
        -1.0,
        1.0,
        1.0,
        -1.0,
        -1.0,
        -1.0,
        1.0,
        1.0,
        1.0,
        -1.0,
        1.0,
        -1.0,
        -1.0,
        -1.0,
        1.0,
        1.0,
        -0.9931883215904236,
        -1.0,
        -1.0,
        1.0,
        -1.0,
        1.0,
        1.0,
        1.0,
        1.0,
        1.0,
        1.0,
        -1.0,
        1.0,
        1.0,
        1.0,
        -1.0,
        -1.0,
        1.0,
        -1.0,
        -1.0,
        -1.0,
        1.0,
        -1.0,
        -1.0,
        -1.0,
        -1.0,
        -1.0,
        1.0,
        1.0,
        0.999999463558197
    ],
    "embedding_scaling_factor": 40.10236358642578,
    "samples": [
        502288,
        205874,
        59215,
        522935,
        131218,
        341490,
        523841,
        334145,
        124002,
        135194,
        379466,
        545303,
        419441,
        480030,
        514922,
        246422,
        134367,
        372566,
        485784,
        497433,
        429475,
        336941,
        301827,
        336837,
        286537,
        422758,
        459620,
        293259,
        285796,
        459457,
        201319,
        42885,
        286697,
        265314,
        337572,
        444010,
        195266,
        395773,
        248719,
        230843,
        73641,
        477415,
        467171,
        41027,
        185578,
        285275,
        377312,
        211117,
        472188,
        104403,
        502638,
        196006,
        200119,
        195910,
        501073,
        330527,
        148156,
        290984,
        526267,
        312267,
        504695,
        533158,
        524435,
        316400,
        153145,
        200913,
        116305,
        80428,
        232128,
        99755,
        410361,
        504375,
        427008,
        257978,
        199875,
        537207,
        515228,
        366934,
        544485,
        357023,
        482335,
        41929,
        412594,
        478425,
        515862,
        500571,
        150377,
        139169,
        219858,
        175886,
        252633,
        214688,
        84458,
        259114,
        167612,
        121300,
        308183,
        56530,
        144841,
        476854
    ],
    "category_values_ratio": null,
    "nrows": 508993
}