dataset,prompt_representation_type,prompt_example_type,prompt_number_example,number_tokens,number_bool,number_int,number_float,number_string
oml_dataset_115_rnc,S,Random,0,1009,0,11,10,0
oml_dataset_115_rnc,SDVC,Random,0,1144,0,11,10,0
oml_dataset_115_rnc,SMVF,Random,0,1214,0,11,10,0
oml_dataset_115_rnc,SSN,Random,0,1560,0,11,10,0
oml_dataset_115_rnc,SCV,Random,0,1113,0,11,10,0
oml_dataset_115_rnc,SDVCMVF,Random,0,1374,0,11,10,0
oml_dataset_115_rnc,SDVCSN,Random,0,1699,0,11,10,0
oml_dataset_115_rnc,SMVFSN,Random,0,1768,0,11,10,0
oml_dataset_115_rnc,SMVFCV,Random,0,1321,0,11,10,0
oml_dataset_115_rnc,SSNCV,Random,0,1668,0,11,10,0
oml_dataset_115_rnc,ALL,Random,0,1905,0,11,10,0
