{
    "column_id": "Financial/client.csvclient.csv/district_id",
    "dataset_name": "client.csv",
    "dataset_id": "Financial/client.csv",
    "path": "/home/ubuntu/CatDB/Experiments/data/Financial/client.csv",
    "table_name": "client.csv",
    "table_id": "Financial/client.csvclient.csv",
    "column_name": "district_id",
    "data_source": "Financial",
    "data_type": "int",
    "total_values_count": 5369,
    "distinct_values_count": 77,
    "missing_values_count": 0,
    "true_ratio": null,
    "min_value": 1.0,
    "max_value": 77.0,
    "mean": 37.31011361519836,
    "median": 38.0,
    "iqr": 46.0,
    "category_values": [
        18,
        1,
        5,
        12,
        15,
        51,
        60,
        57,
        40,
        54,
        76,
        21,
        47,
        46,
        43,
        74,
        30,
        68,
        52,
        73,
        7,
        36,
        22,
        75,
        38,
        20,
        19,
        16,
        72,
        39,
        32,
        64,
        45,
        67,
        77,
        4,
        50,
        29,
        70,
        37,
        8,
        63,
        3,
        26,
        33,
        44,
        31,
        17,
        2,
        55,
        41,
        35,
        11,
        53,
        6,
        27,
        65,
        13,
        34,
        24,
        10,
        58,
        28,
        59,
        66,
        71,
        48,
        69,
        61,
        56,
        25,
        49,
        14,
        62,
        42,
        23,
        9
    ],
    "embedding": [
        -1.0,
        -1.0,
        -1.0,
        1.0,
        -1.0,
        1.0,
        -1.0,
        -1.0,
        -1.0,
        -1.0,
        1.0,
        -1.0,
        -1.0,
        1.0,
        1.0,
        1.0,
        1.0,
        -1.0,
        1.0,
        -1.0,
        1.0,
        -1.0,
        1.0,
        -1.0,
        1.0,
        -1.0,
        -1.0,
        1.0,
        -1.0,
        -1.0,
        1.0,
        1.0,
        -1.0,
        -1.0,
        -1.0,
        1.0,
        -1.0,
        1.0,
        1.0,
        -1.0,
        -1.0,
        1.0,
        -1.0,
        -1.0,
        -1.0,
        -1.0,
        1.0,
        -1.0,
        -1.0,
        -0.9666147232055664,
        -1.0,
        1.0,
        1.0,
        1.0,
        -1.0,
        1.0,
        1.0,
        1.0,
        -1.0,
        0.9825212955474854,
        -1.0,
        -1.0,
        1.0,
        -1.0,
        1.0,
        -1.0,
        1.0,
        -1.0,
        1.0,
        1.0,
        1.0,
        -1.0,
        -1.0,
        -1.0,
        -1.0,
        1.0,
        1.0,
        1.0,
        1.0,
        1.0,
        1.0,
        1.0,
        1.0,
        -1.0,
        -1.0,
        1.0,
        -1.0,
        1.0,
        1.0,
        1.0,
        -1.0,
        1.0,
        1.0,
        -1.0,
        1.0,
        -1.0,
        1.0,
        -1.0,
        -1.0,
        -1.0,
        -0.9968297481536865,
        -1.0,
        1.0,
        -1.0,
        -1.0,
        1.0,
        1.0,
        1.0,
        -1.0,
        -1.0,
        1.0,
        -1.0,
        -1.0,
        1.0,
        1.0,
        1.0,
        1.0,
        1.0,
        1.0,
        -1.0,
        -1.0,
        1.0,
        -1.0,
        -1.0,
        1.0,
        -1.0,
        -1.0,
        -1.0,
        -1.0,
        1.0,
        -1.0,
        1.0,
        -1.0,
        -1.0,
        1.0,
        -1.0,
        -1.0,
        1.0,
        1.0,
        -1.0,
        1.0,
        1.0,
        1.0,
        -1.0,
        1.0,
        -1.0,
        1.0,
        -1.0,
        -1.0,
        -1.0,
        1.0,
        -1.0,
        1.0,
        -1.0,
        1.0,
        -1.0,
        1.0,
        -1.0,
        1.0,
        -1.0,
        -1.0,
        1.0,
        -1.0,
        -1.0,
        1.0,
        -1.0,
        1.0,
        -1.0,
        -1.0,
        -1.0,
        -1.0,
        -1.0,
        1.0,
        1.0,
        -1.0,
        -1.0,
        1.0,
        -1.0,
        -1.0,
        -1.0,
        1.0,
        -1.0,
        -1.0,
        -1.0,
        1.0,
        -1.0,
        1.0,
        -1.0,
        -1.0,
        -1.0,
        1.0,
        1.0,
        1.0,
        1.0,
        -1.0,
        -1.0,
        1.0,
        -1.0,
        -1.0,
        1.0,
        -1.0,
        1.0,
        -1.0,
        -1.0,
        -1.0,
        -1.0,
        1.0,
        1.0,
        -1.0,
        -1.0,
        -1.0,
        1.0,
        -1.0,
        -1.0,
        -1.0,
        1.0,
        -1.0,
        1.0,
        -1.0,
        -1.0,
        1.0,
        -1.0,
        -1.0,
        1.0,
        -1.0,
        -0.9650096893310547,
        1.0,
        -1.0,
        -1.0,
        -1.0,
        1.0,
        -1.0,
        1.0,
        -1.0,
        -1.0,
        1.0,
        -1.0,
        1.0,
        1.0,
        -1.0,
        1.0,
        -0.9615652561187744,
        1.0,
        -1.0,
        1.0,
        1.0,
        -1.0,
        -1.0,
        -1.0,
        1.0,
        1.0,
        1.0,
        -1.0,
        -1.0,
        -1.0,
        1.0,
        1.0,
        -1.0,
        -1.0,
        -1.0,
        1.0,
        1.0,
        1.0,
        -1.0,
        1.0,
        -1.0,
        -1.0,
        -1.0,
        1.0,
        1.0,
        -0.9953312277793884,
        -1.0,
        -1.0,
        1.0,
        -1.0,
        1.0,
        1.0,
        1.0,
        1.0,
        1.0,
        1.0,
        -1.0,
        1.0,
        1.0,
        1.0,
        -1.0,
        -1.0,
        1.0,
        -1.0,
        -1.0,
        -1.0,
        1.0,
        -1.0,
        -1.0,
        -1.0,
        -1.0,
        -1.0,
        1.0,
        1.0,
        1.0
    ],
    "embedding_scaling_factor": 103.65604400634766,
    "samples": [
        70,
        13,
        69,
        54,
        1,
        48,
        68,
        25,
        62,
        1,
        35,
        28,
        21,
        59,
        13,
        70,
        51,
        10,
        48,
        75,
        73,
        1,
        13,
        58,
        69,
        50,
        64,
        1,
        61,
        66,
        35,
        69,
        1,
        22,
        68,
        1,
        59,
        77,
        44,
        1,
        62,
        36,
        1,
        3,
        46,
        12,
        20,
        37,
        4,
        41,
        74,
        57,
        64,
        1,
        4,
        62,
        46,
        48,
        1,
        54,
        26,
        33,
        72,
        1,
        18,
        7,
        9,
        52,
        1,
        42,
        44,
        14,
        8,
        76,
        7,
        1,
        68,
        13,
        17,
        59,
        8,
        18,
        13,
        71,
        8,
        57,
        74,
        4,
        66,
        61,
        60,
        25,
        62,
        60,
        1,
        72,
        19,
        38,
        50,
        53
    ],
    "category_values_ratio": {
        "1": 663,
        "74": 180,
        "70": 169,
        "54": 155,
        "64": 109,
        "72": 104,
        "68": 86,
        "46": 76,
        "52": 73,
        "5": 71,
        "8": 69,
        "33": 69,
        "36": 67,
        "19": 66,
        "66": 66,
        "38": 65,
        "59": 64,
        "55": 63,
        "15": 63,
        "47": 63,
        "3": 63,
        "76": 61,
        "60": 61,
        "50": 61,
        "51": 61,
        "69": 61,
        "16": 61,
        "73": 60,
        "9": 60,
        "18": 60,
        "48": 60,
        "42": 59,
        "62": 59,
        "40": 59,
        "31": 59,
        "21": 57,
        "53": 57,
        "11": 56,
        "35": 56,
        "75": 56,
        "63": 56,
        "43": 55,
        "32": 55,
        "27": 55,
        "29": 54,
        "56": 54,
        "61": 54,
        "28": 54,
        "44": 54,
        "17": 54,
        "10": 54,
        "23": 53,
        "6": 53,
        "13": 53,
        "39": 52,
        "45": 52,
        "22": 51,
        "57": 51,
        "26": 50,
        "77": 50,
        "4": 50,
        "25": 48,
        "71": 48,
        "30": 48,
        "37": 48,
        "2": 46,
        "49": 46,
        "34": 45,
        "41": 45,
        "7": 45,
        "14": 45,
        "67": 45,
        "12": 44,
        "58": 44,
        "65": 44,
        "24": 43,
        "20": 43
    },
    "nrows": 5369
}