{
    "column_id": "Financial/client.csvclient.csv/client_id",
    "dataset_name": "client.csv",
    "dataset_id": "Financial/client.csv",
    "path": "/home/ubuntu/CatDB/Experiments/data/Financial/client.csv",
    "table_name": "client.csv",
    "table_id": "Financial/client.csvclient.csv",
    "column_name": "client_id",
    "data_source": "Financial",
    "data_type": "int",
    "total_values_count": 5369,
    "distinct_values_count": 5369,
    "missing_values_count": 0,
    "true_ratio": null,
    "min_value": 1.0,
    "max_value": 13998.0,
    "mean": 3359.0119202831065,
    "median": 2839.0,
    "iqr": 2839.0,
    "category_values": null,
    "embedding": [
        -1.0,
        -1.0,
        -1.0,
        1.0,
        -1.0,
        1.0,
        -1.0,
        -1.0,
        -0.9995616674423218,
        -1.0,
        1.0,
        -1.0,
        -1.0,
        1.0,
        1.0,
        1.0,
        1.0,
        -1.0,
        1.0,
        -1.0,
        1.0,
        -1.0,
        1.0,
        -1.0,
        1.0,
        -1.0,
        -1.0,
        1.0,
        -1.0,
        -1.0,
        1.0,
        1.0,
        -1.0,
        -1.0,
        -1.0,
        1.0,
        -1.0,
        1.0,
        1.0,
        -1.0,
        -1.0,
        1.0,
        -1.0,
        -1.0,
        -1.0,
        -1.0,
        1.0,
        -1.0,
        -0.9998076558113098,
        -0.9907397031784058,
        -1.0,
        1.0,
        1.0,
        1.0,
        -1.0,
        1.0,
        1.0,
        1.0,
        -1.0,
        0.9989241361618042,
        -1.0,
        -1.0,
        1.0,
        -1.0,
        1.0,
        -1.0,
        1.0,
        -1.0,
        1.0,
        1.0,
        1.0,
        -1.0,
        -1.0,
        -1.0,
        -1.0,
        1.0,
        1.0,
        1.0,
        1.0,
        1.0,
        1.0,
        1.0,
        1.0,
        -1.0,
        -1.0,
        1.0,
        -1.0,
        1.0,
        1.0,
        1.0,
        -1.0,
        1.0,
        1.0,
        -1.0,
        1.0,
        -1.0,
        1.0,
        -1.0,
        -1.0,
        -1.0,
        -0.9985069036483765,
        -1.0,
        1.0,
        -1.0,
        -1.0,
        1.0,
        1.0,
        1.0,
        -1.0,
        -1.0,
        1.0,
        -1.0,
        -1.0,
        1.0,
        1.0,
        1.0,
        1.0,
        1.0,
        1.0,
        -1.0,
        -1.0,
        1.0,
        -1.0,
        -1.0,
        1.0,
        -1.0,
        -1.0,
        -0.9981276988983154,
        -1.0,
        1.0,
        -1.0,
        1.0,
        -1.0,
        -1.0,
        1.0,
        -1.0,
        -1.0,
        1.0,
        1.0,
        -1.0,
        1.0,
        1.0,
        1.0,
        -1.0,
        1.0,
        -1.0,
        1.0,
        -1.0,
        -1.0,
        -1.0,
        0.9985300302505493,
        -1.0,
        1.0,
        -1.0,
        1.0,
        -1.0,
        1.0,
        -1.0,
        1.0,
        -1.0,
        -1.0,
        1.0,
        -1.0,
        -1.0,
        1.0,
        -1.0,
        1.0,
        -1.0,
        -1.0,
        -1.0,
        -1.0,
        -1.0,
        1.0,
        1.0,
        -1.0,
        -1.0,
        1.0,
        -1.0,
        -1.0,
        -1.0,
        1.0,
        -1.0,
        -1.0,
        -1.0,
        1.0,
        -1.0,
        1.0,
        -1.0,
        -1.0,
        -1.0,
        1.0,
        1.0,
        1.0,
        1.0,
        -1.0,
        -1.0,
        1.0,
        -1.0,
        -1.0,
        1.0,
        -1.0,
        1.0,
        -1.0,
        -1.0,
        -1.0,
        -1.0,
        1.0,
        1.0,
        -1.0,
        -1.0,
        -1.0,
        1.0,
        -1.0,
        -1.0,
        -1.0,
        1.0,
        -1.0,
        1.0,
        -1.0,
        -1.0,
        1.0,
        -1.0,
        -1.0,
        1.0,
        -0.9994975328445435,
        -0.9904409050941467,
        1.0,
        -1.0,
        -1.0,
        -1.0,
        1.0,
        -1.0,
        1.0,
        -1.0,
        -1.0,
        1.0,
        -1.0,
        1.0,
        1.0,
        -0.9998425245285034,
        1.0,
        -0.9847701787948608,
        1.0,
        -1.0,
        1.0,
        1.0,
        -1.0,
        -1.0,
        -1.0,
        1.0,
        1.0,
        1.0,
        -1.0,
        -1.0,
        -1.0,
        1.0,
        1.0,
        -1.0,
        -1.0,
        -1.0,
        1.0,
        1.0,
        1.0,
        -1.0,
        1.0,
        -1.0,
        -1.0,
        -1.0,
        1.0,
        1.0,
        -0.9987512826919556,
        -1.0,
        -1.0,
        1.0,
        -1.0,
        1.0,
        1.0,
        1.0,
        1.0,
        1.0,
        1.0,
        -1.0,
        1.0,
        1.0,
        1.0,
        -1.0,
        -1.0,
        1.0,
        -1.0,
        -1.0,
        -1.0,
        1.0,
        -1.0,
        -1.0,
        -1.0,
        -1.0,
        -1.0,
        1.0,
        1.0,
        0.9999995827674866
    ],
    "embedding_scaling_factor": 15.50003433227539,
    "samples": [
        4232,
        1511,
        596,
        712,
        3699,
        1487,
        1724,
        2889,
        665,
        553,
        846,
        13640,
        2112,
        11516,
        153,
        3312,
        1640,
        1110,
        4636,
        3644,
        33,
        328,
        9555,
        4431,
        293,
        3119,
        4577,
        2,
        3262,
        1764,
        4821,
        1480,
        3965,
        1507,
        1340,
        1033,
        6827,
        10275,
        471,
        2534,
        2520,
        1115,
        574,
        3796,
        2950,
        5530,
        2221,
        423,
        3395,
        3384,
        4480,
        10,
        1991,
        2277,
        4009,
        3085,
        2777,
        2752,
        467,
        1570,
        3154,
        584,
        1020,
        3204,
        2631,
        4823,
        5462,
        6936,
        2962,
        2562,
        2920,
        376,
        3945,
        2506,
        2557,
        826,
        3188,
        1036,
        1731,
        206,
        4722,
        420,
        2386,
        560,
        4647,
        1528,
        692,
        2353,
        210,
        398,
        10662,
        4036,
        5364,
        873,
        3144,
        3196,
        9569,
        44,
        2822,
        1983
    ],
    "category_values_ratio": null,
    "nrows": 5369
}