dataset,prompt_representation_type,prompt_example_type,prompt_number_example,number_tokens,number_bool,number_int,number_float,number_string
oml_dataset_13_rnc,S,Random,0,974,1,10,1,0
oml_dataset_13_rnc,SDVC,Random,0,1064,1,10,1,0
oml_dataset_13_rnc,SMVF,Random,0,1098,1,10,1,0
oml_dataset_13_rnc,SSN,Random,0,1323,1,10,1,0
oml_dataset_13_rnc,SCV,Random,0,1031,1,10,1,0
oml_dataset_13_rnc,SDVCMVF,Random,0,1204,1,10,1,0
oml_dataset_13_rnc,SDVCSN,Random,0,1417,1,10,1,0
oml_dataset_13_rnc,SMVFSN,Random,0,1450,1,10,1,0
oml_dataset_13_rnc,SMVFCV,Random,0,1158,1,10,1,0
oml_dataset_13_rnc,SSNCV,Random,0,1384,1,10,1,0
oml_dataset_13_rnc,ALL,Random,0,1524,1,10,1,0
